day,id,price,base
10,UP9000-PPSA03016_00-MARVELSPIDERMAN2,2939,6999
10,UP9000-PPSA30630_00-MLBTHESHOW26DGDL,4959,7999
10,UP9000-PPSA26344_00-GHOST2SHIP000000,4969,6999
10,UP9000-PPSA01467_00-MARVELSSPIDERMAN,2499,4999
10,UP1001-PPSA34299_00-WWE2K26000000000,3499,6999
10,UP0002-PPSA01649_00-CODBO7CROSSGEN01,3499,6999
10,HB2241-PPSA38175_00-0978079769625532,2499,2499
10,UP1018-PPSA16833_00-LEGOBATMAN000000,5599,6999
10,UP1004-PPSA03420_00-GTAVCROSSGENBUND,1999,3999
10,UP6312-PPSA22327_00-0629872585919347,2999,5999
10,UP3526-PPSA14001_00-0507384846053057,4899,6999
10,JP0101-PPSA15304_00-MGSDELTAMAINGAME,2799,6999
10,UP0006-PPSA19534_00-SANTIAGODELUXE00,6499,9999
10,UP9000-PPSA28180_00-DAYSGONEREMASTER,1999,4999
10,UP1003-PPSA20560_00-DOOMTDAPREMIUMED,3299,9999
10,UP0001-CUSA02902_00-GRWNCSANORMAL000,499,4999
10,UP1003-PPSA26786_00-PREMIUMEDITION00,4999,9999
10,UP9000-PPSA07632_00-SAROS00000000000,4969,6999
10,UP0002-CUSA05969_00-CODWWIIGOLDED001,1499,5999
10,UP1004-CUSA03041_00-RDR2ULTMEDTNBUND,1999,9999
10,UP6312-PPSA23943_00-FLIGHTSIM2024STA,5599,6999
10,UP9000-PPSA01411_00-MARVELSSMMORALES,1999,4999
10,UP2047-PPSA21705_00-KINGDOM2GOLDSIEA,3599,8999
10,UP1003-PPSA24884_00-PREMIUMBUNDLE000,5599,6999
10,UB2066-PPSA36797_00-0661353469002457,1299,1299
10,UP2154-CUSA04794_00-GANGBEASTSPS04NA,799,1999
10,EP7789-PPSA09030_00-5648706170853559,1399,1999
10,UP1001-PPSA17952_00-PGA2K25PRO000000,3959,5999
10,EP4389-PPSA23372_00-ANIMALGAMEGLOBAL,3199,3999
10,UP0002-CUSA11100_00-CODBO4OPEREDN004,1499,5999
10,UP1001-PPSA01494_00-DELUXEEDITION000,4999,9999
10,UP0082-PPSA08666_00-0783148264580163,1999,4999
10,EP4415-PPSA24616_00-RUSTCONSOLEBASE5,2499,4999
10,UP1001-PPSA28420_00-NBA2K26DELUXE000,1599,7999
10,UP0002-CUSA00018_00-B000000000000343,1499,5999
10,UP1018-PPSA07570_00-MK1DEFINED000000,2099,6999
10,UP4497-PPSA03974_00-EXPANSION1B00000,3549,7099
10,UP9000-PPSA03396_00-THELASTOFUSPART1,2939,6999
10,EP2377-PPSA25153_00-JWEVOLUTION30000,3899,5999
10,UP9000-PPSA10662_00-THELASTOFUSPART2,2999,4999
10,UP1001-PPSA14251_00-DELUXEEDITION000,3599,5999
10,UP4497-PPSA03972_00-00000000000GOTY7,999,4999
10,UP1003-PPSA21203_00-ALTAR00000000000,3499,4999
10,UP6312-PPSA17669_00-MINERVA000000000,1399,3999
10,UP4133-PPSA04452_00-SMARINESIIEDYEA2,5849,12999
10,UP2908-CUSA16490_00-TWDTDS0000000000,1249,4999
10,UP3050-PPSA24002_00-DLTBDELUXE000000,4619,6999
10,EP7579-PPSA17599_00-EXP33DX000000PS5,4799,5999
10,UP0001-CUSA14405_00-TGTULT2021000000,1199,11999
10,UP0002-CUSA03522_00-CODMWRTHEGAME001,1999,3999
10,UP8365-PPSA24545_00-NBATHERUNPBP0000,1979,2999
10,UP0102-PPSA02632_00-SF60000YEARS12FE,3899,5999
10,UP0700-PPSA15211_00-DBSZ0LGDEDITION0,11999,11999
10,UP0002-CUSA00803_00-CODAWPSNGOLDEDIT,1499,5999
10,UP6312-PPSA24588_00-0872768154966924,3499,6999
10,UP6312-PPSA26136_00-0827146390058176,2999,4999
10,UP9000-PPSA17905_00-HFWCE00000000000,3959,5999
10,UP4572-PPSA01768_00-WOADELUXEEDITION,4499,9999
10,UP1477-PPSA02571_00-ALANWAKE20000000,1799,5999
10,HP0177-PPSA25427_00-DELUXEEDITION001,3499,6999
10,UP2047-PPSA21915_00-UNDCHMPEDITIONNA,3999,7999
10,UP0700-PPSA05144_00-LITTLENIGHTS3000,1999,3999
10,JP0177-PPSA08804_00-SONICRACINGCW000,3499,6999
10,UP0002-CUSA04762_00-CODIWTHEGAME0001,1499,5999
10,UP0001-CUSA09311_00-EDITIONGOLD00000,1499,9999
10,UP1004-CUSA36842_00-REDDEADREDEMPBDL,3999,9999
10,UP0102-PPSA01442_00-DMC5SE0000000001,999,3999
10,UP0700-PPSA10595_00-TK8ADVEDITION000,2749,4999
10,UP0006-CUSA15081_00-NEEDFORSPEED2020,599,5999
10,UP0638-PPSA01797_00-FNAFSECUREBREACH,599,3999
10,UP1018-PPSA01593_00-HOGWARTSLGCYDELX,1199,7999
10,UP0002-CUSA07402_00-CRASHNSANETRLOGY,1599,3999
10,UP0082-CUSA12031_00-COLLECTION300000,3999,9999
10,UP1018-CUSA00078_00-DLCLASSICEDITION,249,2499
10,UP1018-CUSA00083_00-LEGOMARVEL000000,499,1999
10,UP0700-PPSA03639_00-BROS0ULTEDITION0,4999,9999
10,UP9000-PPSA13428_00-HORIZONREMASTER1,2099,4999
10,UP1980-PPSA06693_00-REM2ULTIMATE0000,4199,6999
10,UP3501-CUSA08661_00-THCOTWBASE000000,599,2999
10,UP1003-PPSA03746_00-TESVSKYRIM000000,999,3999
10,JP0082-PPSA21783_00-FFTACTICS0000000,2999,4999
10,UP0082-CUSA04551_00-GOTYORHADIGITAL0,1599,3999
10,UP6312-PPSA25258_00-0173149685884705,4199,6999
10,UP0700-CUSA02412_00-NARUTOUNS4000000,1499,1999
10,UP0006-CUSA05770_00-BATTLEFRONTII000,499,1999
10,UP0700-PPSA08084_00-DBZKTMASTEREDIT0,4999,9999
10,UP0638-PPSA25682_00-FNAFCARNIVAL0001,1599,3999
10,UP0002-CUSA13795_00-CRASHTEAMRACING1,1399,3999
10,UP0700-PPSA24702_00-DLTS0DLXEDITION0,5999,9999
10,UP4433-CUSA18779_00-ULTIMATEEDITION1,1999,3999
10,UP3526-PPSA06865_00-ORIGINALSIN2XPS5,1499,5999
10,JP0106-PPSA15972_00-DWORIGINSGAME000,4899,6999
10,UP0006-PPSA07783_00-DELUXEEDITION000,2249,8999
10,UP0001-PPSA01576_00-AVATAR2EXPED0000,2799,3999
10,EP2566-PPSA23770_00-REMATCHULTIMATE0,2499,4999
10,UP0177-PPSA05109_00-P5RGAME000000000,1799,5999
10,UP1018-PPSA01617_00-MK11ULTIMATEKOLL,599,5999
10,UP9000-PPSA28997_00-SONSOFSPARTAPS50,1979,2999
10,UP1001-PPSA04203_00-CIV7DELUXEGENPS5,4999,9999
10,UP0006-PPSA03845_00-DSBDLXEDITION000,1199,7999
10,UP1001-CUSA03652_00-MAFIA3DEFINITIVE,599,2999
10,UP3501-PPSA05725_00-TORTOISE00000000,749,2999
10,UP0082-PPSA10664_00-SEIA0000000000CE,2799,6999
10,UP2047-PPSA03098_00-DI2MAINSIEAPS500,749,4999
10,UP2047-PPSA02873_00-SRTTRPS5SIEA0000,449,2999
10,UP1685-PPSA10261_00-0042162288945083,5849,8999
10,UP8236-PPSA20447_00-0119011093070089,4199,6999
10,JP0106-PPSA26679_00-NG2B000000000000,2499,4999
10,UP0292-PPSA06516_00-RISKOFRAIN2SIEA0,624,2499
10,UP0177-PPSA20800_00-METAPHORANV00001,3999,9999
10,UP2006-PPSA05825_00-5943095808502838,2799,3999
10,JP0102-PPSA26873_00-FULLGAME00000001,5599,6999
10,UP0082-PPSA01903_00-5827003902180177,1399,3999
10,UP1003-CUSA13338_00-DOOMETERNALDELUX,1649,4999
10,UP9000-PPSA01289_00-DIGITALDELUXE001,2939,6999
10,UP0001-PPSA01374_00-MADSTANDARTED000,599,3999
10,EP0771-PPSA28769_00-CAIRNGAMESTNOV25,2249,2999
10,UP2660-PPSA29264_00-SIEESIEADUSK0000,2999,2999
10,UP0177-PPSA10872_00-ADDCONTENT200012,3149,8999
10,EP4361-PPSA15789_00-0000MOONLIGHTER2,2999,2999
10,UP0082-CUSA27687_00-4584232154698924,999,4999
10,UP1003-PPSA09016_00-FO4ANNIVERSARYED,3599,5999
10,EP9000-PPSA15421_00-FULLGAME00000001,2999,5999
10,UP3696-PPSA07934_00-MEDIEVALDYNPS5NA,1749,3499
10,UP0097-PPSA34959_00-THEKINGISWATCHIN,1499,1499
10,UP0082-CUSA01633_00-FFXVROYALEDITION,1399,3499
10,UP0082-CUSA05532_00-FFXIIGAMEPS400NA,1499,4999
10,UP8268-PPSA14410_00-PAYDAY3FULLGAME0,1499,2999
10,EP6311-PPSA25991_00-0714721000209651,2499,4999
10,UP4108-CUSA07478_00-SLAYERGAME000000,2399,5999
10,EP4108-PPSA32785_00-NIOH3DDX00000000,8469,10999
10,UP1018-PPSA02223_00-GOTHAMKNIGHTSDLX,899,8999
10,EP2377-PPSA19633_00-PLANETCOASTER200,1999,4999
10,UP4133-PPSA04930_00-SNOWRUNNERGAME01,1599,3999
10,UP0006-PPSA02424_00-HAZELIGHTBUNDLE5,1979,5999
10,UP0002-CUSA15010_00-CODCWSTANDARD001,1499,5999
10,JB2161-PPSA37001_00-0021644193995676,999,999
10,UP1001-PPSA01462_00-000000OAKSIEAUEB,1999,9999
10,UP1018-CUSA08469_00-LEGOMARVELSH2001,499,1999
10,UP0082-PPSA17730_00-DQ7RE00000000000,4199,5999
10,UP1477-PPSA01924_00-AWREMASTERED0001,449,2999
10,UP4737-CUSA18938_00-0000000000000000,719,2399
10,UP4133-PPSA10696_00-ATOMICHEARTGLDED,2499,9999
10,UP0002-CUSA00242_00-D3ETERNALCOLL000,1979,5999
10,UP4363-PPSA15493_00-ATOMFALLBASEGAME,2399,5999
10,UP0115-PPSA02183_00-3211965506283656,799,3999
10,UP1001-CUSA01401_00-BORDERLANDSHDCOL,999,3999
10,UP1001-PPSA01492_00-TTWSSTANDPS5SIEA,699,6999
10,UP0001-CUSA04459_00-WD2GOLDEDITION00,1199,7999
10,UP0700-CUSA05636_00-ACE7TOPGUNMEUE22,1999,9999
10,JP0082-PPSA28492_00-OCTOPATH000PS5JP,3249,4999
10,UP1018-PPSA01864_00-LSWTSSBNDLEDELUX,1399,6999
10,UP0002-PPSA02176_00-TH12RTHEGAME0001,1999,4999
10,EP4356-PPSA20435_00-SUPERCROSS25GAME,1499,5999
10,UP0082-CUSA18600_00-0000000000000000,1999,3999
10,EP6827-PPSA07867_00-9546863778110326,1924,3499
10,JP0177-PPSA30223_00-MAINGAME00000000,3899,5999
10,EP4176-PPSA24096_00-TITANBUNDLEDELUX,3849,6999
10,UP1001-CUSA16990_00-MAFIATWOREMASTER,599,2999
10,UP0700-PPSA26175_00-MHAAJDLXEDITION0,4799,7999
10,UP0002-PPSA02443_00-D2RBUNDLE0000000,2799,3999
10,UP7236-PPSA16109_00-DREADXPTMASIEA00,1874,2499
10,UP2703-PPSA05132_00-7522931300249907,1249,4999
10,UP5428-CUSA31548_00-3432195032953793,899,2999
10,UP0001-CUSA00021_00-WATCHDOGS0000000,399,1999
10,UP4133-PPSA02372_00-EVILWESTGAME0000,1199,5999
10,UP0082-CUSA18774_00-0000000000000000,2399,5999
10,UP0700-PPSA27501_00-OPPW4LGDEDITION0,4399,10999
10,UP3050-PPSA02261_00-DL2DIGITALEXTRAS,1399,6999
10,UP0700-PPSA04220_00-JASBRMAINGAME000,999,4999
10,EP4295-PPSA14455_00-EOAPS500000000EU,1399,3999
10,UP0700-PPSA08587_00-DBXV2DELUXE00000,799,3999
10,UP4389-CUSA08548_00-WRECKFESTUS00001,899,2999
10,UP0082-PPSA09797_00-OCTOPATH2PS5N000,2399,5999
10,UP0177-PPSA03831_00-SONICRANGERSDX00,1999,4999
10,UP0006-CUSA05999_00-NFS1800000000001,599,1999
10,UP0006-CUSA04027_00-TITANFALL2RSPWN1,499,1999
10,UP1003-CUSA02085_00-DOOMNORTHAMERICA,399,1999
10,UP0700-PPSA23909_00-CHRNSDLXEDITION0,5939,8999
10,UP1003-CUSA12057_00-PRJMTN0000000000,999,3999
10,UP1018-CUSA01939_00-SHADOWMORDORGOTY,499,1999
10,UP0082-PPSA20612_00-00000000000000NA,2999,5999
10,UP0001-CUSA00496_00-FC4GAMEPS4000001,299,1999
10,UP4108-CUSA24123_00-NINJAGAIDENMC000,1999,3999
10,UP1018-CUSA09878_00-SHOWTIME00000000,599,5999
10,JP4443-PPSA25414_00-0905368681809535,1499,2999
10,EP5987-PPSA31325_00-ULGCRIMESIM00001,1599,1999
10,UP2470-PPSA08101_00-OUTERWILDSSIEA00,2499,2499
10,EP4356-PPSA21725_00-RIDE6FULLGAME000,4199,5999
10,UP0002-PPSA18010_00-TH34RDLXBUNDL001,3499,6999
10,UP0177-PPSA17597_00-DDXEDITION000000,2099,5999
10,UP4064-PPSA02422_00-0922448443780064,1749,6999
10,UP3643-PPSA07022_00-3600510866394395,799,1999
10,UP0001-PPSA08261_00-GOLDEDITION00000,2749,10999
10,UP6312-PPSA25366_00-0809826663220128,4549,6999
10,UP2047-CUSA01164_00-DIGISAINTSROW4NG,299,1999
10,UP3643-PPSA06464_00-0069258593494389,1224,3499
10,UP0082-CUSA08749_00-FINALFANTASY80NA,799,1999
10,UP1001-PPSA02621_00-MMSDIGITALPLUS00,1599,7999
10,UP1018-CUSA10992_00-INJUSTICE2LE0000,599,5999
10,UP0001-PPSA01491_00-EDITIONYEAR20000,2499,9999
10,UP0082-CUSA09254_00-JC4RELOADED00000,599,3999
10,UP4139-PPSA15186_00-VTMB2BLOODMOONED,7199,8999
10,UP0082-CUSA33837_00-FFBUNDLEPS4ENA06,4499,7499
10,EP4389-PPSA26893_00-SPONGETOTTULTIMA,4499,8999
10,UP4040-PPSA09518_00-WUCHANGDELUXEEDN,4199,5999
10,UP0177-CUSA17416_00-PERSONA5RULTIMAT,1799,5999
10,UP3643-PPSA31872_00-0512776704708419,989,1499
10,UP2514-PPSA03287_00-JWEVOLUTION2AAAA,1199,5999
10,UB1036-PPSA30595_00-0757974460104531,1019,2999
10,UP4040-CUSA50541_00-CRIMEWAVENOUVEAU,599,1999
10,EP4062-PPSA28784_00-0262533748719750,799,3999
10,UP7666-PPSA17884_00-0193558750092408,1499,2499
10,UP0001-CUSA03352_00-PRIMALGAME000001,449,2999
10,UP0082-CUSA01875_00-FINALFANTASY7ZZZ,639,1599
10,UP0082-PPSA16096_00-VOMPS5NA00000001,2399,5999
10,UP1003-PPSA02017_00-ESOMORROWINDBUND,499,1999
10,UP0177-PPSA06888_00-ORIONDX000000000,2099,6999
10,EP4356-PPSA26092_00-SCREAMERFULLGAME,2999,5999
10,UP6312-PPSA27581_00-0368189183871703,2099,2999
10,UP0082-PPSA13715_00-000STAROCEAN2RUP,2499,4999
10,UP1018-CUSA11542_00-LEGODCVILLAINS00,599,5999
10,UP0006-PPSA01390_00-DRAGON4DLXBUNDLE,3599,8999
10,EP4356-PPSA32557_00-MOTOGP26FULLGAME,4199,5999
10,UB1029-PPSA27066_00-0603988493438531,1199,1499
10,UP3763-PPSA05593_00-ROAD96GEN9GAME00,499,1999
10,UP4133-PPSA08267_00-TOXICCOMMANBLOOD,3499,4999
10,UP0082-CUSA08283_00-PROM0000COMPLETE,638,3194
10,UB0403-PPSA20779_00-MUTANTFOOTBALL02,2399,2999
10,UP4064-PPSA08207_00-1718605728771034,749,2999
10,UP2514-PPSA18027_00-PLANTZOODELUXEED,1799,5999
10,UP4064-CUSA16275_00-BLASPHEMOUS00000,624,2499
10,UP0001-PPSA07230_00-EDITIONDELUXE000,2399,5999
10,UP2985-PPSA13628_00-0558420118704168,874,3499
10,UP0001-PPSA01876_00-FC6EDITIONDELUXE,1999,7999
10,UP0177-PPSA15716_00-DDXEDITION000000,2099,6999
10,UP4133-CUSA02737_00-DIVINITYORIGINAL,999,3999
10,UP0001-CUSA04768_00-SOUTHPARKTSOT001,599,2999
10,UP4064-CUSA05724_00-OVERCOOKED000000,339,1699
10,UP6312-PPSA18653_00-0600728796128379,1949,2999
10,UP4064-PPSA15350_00-TREPANG200000000,749,2999
10,EP6665-PPSA21601_00-DKB00DELUXE00001,3999,4999
10,UP0700-PPSA18189_00-PACMANWORLD2RPAC,2099,2999
10,UP1018-CUSA04408_00-SOWDEFEDITBUNDLE,599,5999
10,UP0700-PPSA06646_00-SMGDARKPICTURESB,999,1999
10,UP8721-PPSA28482_00-0165217208413793,5599,7999
10,UP2139-CUSA01229_00-JBGPARTYPACKPS41,1374,2499
10,UP0082-CUSA01493_00-JUSTCAUSE3NA0000,499,1999
10,UP1018-PPSA02182_00-SSKTJLDELUXE0000,999,9999
10,UP0700-PPSA09790_00-DBFFIGHTERZED001,1439,8999
10,UP1981-PPSA16160_00-MONSTERJAMGAME00,999,4999
10,UP2047-PPSA02813_00-SRGOLD000000SIEA,999,3999
10,UP4389-PPSA15573_00-SPSDDELUXEDITION,1999,4999
10,UP6665-PPSA14176_00-TLCDS00000000000,1399,3999
10,UP1023-PPSA26677_00-RYUNOKUNI0000001,3899,5999
10,UP0006-CUSA08724_00-BFVDEFINIEDITION,999,4999
10,EP0177-PPSA19769_00-MUSEUMDELUXEEU00,1999,3999
10,UP0177-CUSA00363_00-AIGOTYBUNDLE4PS4,1199,3999
10,JP0106-PPSA32802_00-CRIBATTFFFDDXEDT,4899,6999
10,UP4389-PPSA05391_00-WOTHELITEEDITION,1349,4499
10,UP0006-CUSA00640_00-SWBULTIMATEPREOR,499,1999
10,EP4108-PPSA24062_00-FAIRYTAIL2DDXSP0,5749,11499
10,UP0001-CUSA05218_00-FHGOLD0000000000,899,5999
10,UP0700-PPSA22828_00-TALESOFBERSERIAR,2999,3999
10,UP2104-PPSA01502_00-BSNAX92769600533,1249,2499
10,UP0006-PPSA02198_00-JEDIFO1DELUXEEDN,999,4999
10,UP4393-PPSA08526_00-7929562390099858,2399,2999
10,UP0006-CUSA10863_00-PVZGW3BASEGAME00,799,1999
10,UP1003-PPSA01302_00-DEATHLOOP0000000,1199,5999
10,UP0406-PPSA03054_00-3390974934506823,1799,2999
10,UP4108-PPSA08772_00-WOLONGCE00000000,2999,5999
10,UP1850-CUSA10608_00-CONANEXILES00001,1999,4999
10,UP3535-PPSA17012_00-0223307323988320,1479,3999
10,EP2866-PPSA29953_00-TSW6STANDARDEDIT,999,4999
10,EP3550-PPSA26057_00-SENGOKUDYNPS5GP0,1799,2999
10,HP9000-PPSA26358_00-LOSTSOULASIDEDDE,3989,6999
10,HP7254-PPSA28640_00-0367265685514349,2249,2999
10,UP0006-PPSA02227_00-PSTDELUXEEDITION,849,8499
10,EP6665-PPSA21840_00-GF20000000000000,4199,5999
10,UP5608-PPSA17745_00-0574495068229115,3599,5999
10,UP1063-PPSA26391_00-EDKAINOKISEKI001,4799,5999
10,UP7818-PPSA18528_00-0444976593126924,1749,3499
10,UP1003-CUSA02218_00-DISHONOREDGAMENA,499,1999
10,UP1564-PPSA37538_00-0749982941176206,1499,1499
10,UP1003-CUSA13084_00-WOLFALTHISTORYNA,1199,5999
10,UP4064-CUSA10940_00-OVERCOOKEDDCBN00,874,3499
10,UP0700-PPSA08065_00-GB4ULTEDITION000,3999,9999
10,UP1003-PPSA01880_00-PROJECTSILVER000,399,999
10,UP0002-CUSA24041_00-CODVSTANDARD0001,1499,5999
10,UP0700-PPSA28323_00-SPWYULTEDITION00,7199,11999
10,UP0638-PPSA18886_00-FNAFHELPWANTEDP2,1599,3999
10,UP5025-PPSA01771_00-TSCUA00000000003,749,4999
10,UP2047-PPSA03798_00-OUTWARDDEFUS0000,799,3999
10,UP4016-PPSA15552_00-0346178818197913,2399,3999
10,UP4389-CUSA08880_00-DS3ULTIMATEED000,799,7999
10,UP6469-PPSA21628_00-0233386470989011,624,2499
10,JP6928-PPSA34745_00-0318408349215998,1406,2099
10,UP4664-PPSA02967_00-DRGDELUXEPS5US00,1169,3899
10,UP1023-PPSA25068_00-BAZAAR0000000000,3999,4999
10,UP0006-CUSA00453_00-PVZGWPS400000000,599,1999
10,UP6856-PPSA15246_00-TRDNUEPS500000US,2499,4999
10,UP1063-PPSA17672_00-EDSEN3AND4BUNDLE,4899,6999
10,EP4064-PPSA22788_00-0730433160080781,1189,3499
10,UP2047-PPSA02395_00-821MEEGOLDEDGEN9,599,3999
10,UP0006-PPSA06141_00-SMB4PS5GAME00000,499,4999
10,UP0700-CUSA08789_00-NTBSSULTEDITION0,1999,7999
10,UP4139-PPSA07434_00-AOW4BG00000001NA,2499,4999
10,UP1003-CUSA03642_00-DISHONORED2NAMER,599,2999
10,UP0082-CUSA26376_00-NEOTWEWY20072021,1799,5999
10,UP0177-CUSA19610_00-BSTUBCUSA1961000,1499,5999
10,UP1023-PPSA29154_00-DXMTSDELUXE00000,4499,8999
10,UP0700-CUSA10410_00-CODEVEIN00000000,899,5999
10,UP0082-PPSA03982_00-ATHIADD000000001,2849,9499
10,UP0177-PPSA09770_00-UOMONARCHEDITION,2099,6999
10,UP1003-CUSA00203_00-THEEVILWITHINENG,499,1999
10,UP2139-PPSA21821_00-0118158273073332,1199,1999
10,UP0082-PPSA26352_00-0066466457920105,4199,5999
10,UP0082-PPSA03232_00-SOPFFORIGINDDE00,2399,5999
10,UP3004-PPSA03093_00-BASSMASTERFPS5US,399,1999
10,UP4363-PPSA01685_00-SNIPERELITE500DE,2699,8999
10,UP5541-CUSA15915_00-SAMURAISPIRITSEA,899,5999
10,UP0779-PPSA16263_00-CASTLEVANIABUNDL,3849,5499
10,UP0177-PPSA19461_00-SHINOBIAOVDX0001,1999,3999
10,HB1365-PPSA28242_00-0252377860068999,1049,1499
10,UP0006-PPSA01716_00-DELUXEEDITION000,799,7999
10,UP0177-PPSA06454_00-ISHIN00000000000,1199,5999
10,UP0006-CUSA10483_00-UNRAVELYARNYBNDL,599,2999
10,UP5180-PPSA10249_00-VIEWFINDER0005US,874,2499
10,UB2030-PPSA37997_00-0637918884194509,1299,1999
10,UP0177-PPSA01668_00-FLASH20000000005,999,3999
10,UP4133-PPSA09742_00-SANDSTORMDELUXED,1249,4999
10,JP0530-PPSA27752_00-NBD0000000000000,4999,4999
10,EP0001-PPSA33016_00-RAYMANNIVERSARY0,1399,1999
10,UP0006-CUSA02429_00-BATTLEFIELD01REV,799,3999
10,UP3824-PPSA17245_00-TMNTMU0000000001,1599,3999
10,UP0001-PPSA10067_00-MEMORYCOMPLETEDI,1199,3999
10,UP1023-CUSA12365_00-EDSENNOKISEKI1ST,1999,3999
10,EP6665-PPSA22981_00-MXGP100000000000,1199,5999
10,UP5259-CUSA12260_00-GENZEROBASE00000,599,2999
10,UP4133-PPSA09845_00-ROADCRAFT00YEAR1,4199,5999
10,UP1981-PPSA15191_00-HWU2TURBOCHARGED,749,4999
10,UP4040-CUSA07953_00-BLOODSTAINED0000,999,3999
10,EP0114-PPSA08427_00-KF3DLX0000000000,2999,5999
10,UP4001-CUSA12819_00-DIRTRALLY2US0001,1499,2999
10,UP1018-CUSA07739_00-LEGONINJAGOMOVIE,499,4999
10,JP0106-PPSA30250_00-RYZADX0000MASTER,2599,3999
10,UP2514-PPSA01736_00-PLANETCOASTER000,1249,4999
10,UP0001-CUSA08600_00-TC2GOLD200000000,999,4999
10,UP2047-CUSA00623_00-M33REDUXDIGITAL1,299,1999
10,UP1023-CUSA12566_00-EDSENNOKISEKI2ND,1999,3999
10,EP5987-PPSA26991_00-UBOATPS500000001,2399,2999
10,UP1003-PPSA01337_00-GHOSTWIRETOKYOFG,1499,5999
10,UP3177-PPSA19238_00-EDF6MASTERPKG000,2459,5999
10,UP1063-PPSA14427_00-CRYDIGITALDELUXE,2399,7999
10,UP2026-CUSA05336_00-4507189864048395,1499,2999
10,UP0082-CUSA09565_00-SECRETOFMANAPS40,1599,3999
10,UP4004-CUSA24795_00-1829771202982795,499,999
10,UP2047-CUSA00997_00-DIGISAINTSROWGAT,224,1499
10,UP4713-PPSA28709_00-0776105799526115,1199,1499
10,UP1181-PPSA37401_00-0287232329819489,899,899
10,UP0700-CUSA11205_00-OPWSK00APPLI0000,599,5999
10,UP0700-CUSA09903_00-SC6DELUXEEDITION,1439,8999
10,UP4064-CUSA17670_00-MOVINGOUT0000000,499,2499
10,UP2470-PPSA06207_00-EFINCHPS5SIEA000,1999,1999
10,UP1063-PPSA06812_00-0000000000000000,1999,3999
10,UP1850-PPSA01953_00-MHCOMPLETEEDTN01,2499,4999
10,UP0700-CUSA05469_00-DIGIMONWORLDNE0A,959,5999
10,UP1003-CUSA00314_00-WOLFENSTEIN00001,499,1999
10,UP0700-PPSA19991_00-TALESOFGRACESF00,1999,3999
10,UP0969-CUSA28368_00-9136974618081156,799,1999
10,UP2292-PPSA09772_00-0658079773527717,1749,4999
10,UP0177-CUSA05083_00-ODINSPHERELE0000,1499,5999
10,UP0082-CUSA00994_00-00000000SUZAKUNA,599,1999
10,EP6665-PPSA05965_00-TDUSCDELUXE00002,1599,7999
10,UP1003-PPSA09477_00-QUAKE20000000000,399,999
10,UP4108-PPSA04334_00-APPFOCUS00000000,2799,3999
10,EP6665-PPSA15528_00-ALAPSDELUXE00001,2199,5499
10,UP2985-PPSA25045_00-0865705303155937,2399,3999
10,UP2292-PPSA30390_00-ARIEVOLVEDDELUXE,2799,3999
10,UP2047-CUSA00624_00-MLLREDUXDIGITAL1,299,1999
10,UP0977-PPSA03677_00-3500064843801358,899,2999
10,UP4108-CUSA12653_00-MO3DDX0000000000,3499,6999
10,UP4133-PPSA05366_00-APLAGUEINREQBDLE,2799,7999
10,UP0700-CUSA07138_00-NARUTOUNS3000000,999,1999
10,UP4108-CUSA00397_00-DW8WXLGAMEUS0000,1199,1999
10,UP0006-PPSA03865_00-GRIDLEGPS5GAME00,1199,5999
10,UP0406-PPSA05488_00-1992015946390275,1199,1999
10,UP0700-CUSA15929_00-HEROGAME00000000,999,3999
10,UP2514-CUSA10205_00-JWEVOLUTION00000,749,4999
10,UP4040-PPSA10021_00-JTTSPEMPLOYEEPS5,599,2999
10,UP8006-PPSA04246_00-8686193781203235,499,1999
10,UP0774-PPSA01561_00-0153114161082772,999,2499
10,UP4108-PPSA10279_00-APPZEROMOL000000,2999,4999
10,HP7254-PPSA24111_00-0714242922183498,629,899
10,HP4226-PPSA27366_00-0181774315592582,3149,4499
10,UP1003-PPSA21444_00-OSIRIS2000000000,399,999
10,UP1001-PPSA06898_00-TS2K25DELUXEEDIT,2249,2999
10,EP6665-PPSA14453_00-TEN23DELUXE00001,2399,5999
10,UP4108-CUSA17584_00-APP0000000000000,1979,5999
10,UP0700-PPSA08954_00-WELOVEKINGJR0000,749,2999
10,UP0102-CUSA43546_00-COLLECTION000001,1979,5999
10,UP4008-PPSA01900_00-HS20SIEA00000000,799,3999
10,UP8315-PPSA29912_00-0595309704131428,1444,1699
10,UP2104-CUSA00196_00-OCTODADDADLIESTC,374,1499
10,JP0122-PPSA23276_00-0712963327800940,319,399
10,UP0082-PPSA06235_00-STAROCEAN6DDX501,2624,7499
10,UP0700-CUSA07136_00-NARUTOUNS1000000,999,1999
10,UP1018-CUSA00084_00-LEGOMOVIE0000000,499,1999
10,UP0006-PPSA07837_00-DELUXEEDITION000,899,8999
10,EP6665-PPSA09253_00-RW000DELUXE00001,1599,3999
10,UP4433-PPSA05509_00-8852642893808980,1599,3999
10,UP0177-PPSA02383_00-YLADL00000000000,1199,2999
10,EP6665-PPSA28835_00-STYX3DELUXE00001,4499,5999
10,UP4040-CUSA01830_00-ASSETTOCORSAXXXX,749,2999
10,UP1980-CUSA10507_00-REMNANT000000001,999,3999
10,UP0700-CUSA18223_00-DIGIMONSURVIVE01,959,5999
10,HP7254-PPSA31663_00-0054993326817343,1699,1999
10,UP6665-PPSA05060_00-0867851520032065,1799,4499
10,EP4108-PPSA26792_00-RESLERIDDXSSP000,6499,9999
10,UP3824-PPSA17464_00-0539552433700888,1399,3999
10,UP0177-PPSA16268_00-LIKEADRGNGAIDEN1,1649,5499
10,UP3003-PPSA12397_00-4870570726401771,1799,2999
10,UP4064-PPSA09077_00-0743408170242900,1079,2699
10,UP0082-CUSA24495_00-LOMPS4NA00000001,1199,2999
10,HB1034-PPSA27121_00-0602044320444798,1124,1499
10,UP0177-CUSA16147_00-VANQUISHPS4GAME0,624,2499
10,UP0177-PPSA03774_00-DELUXEPASS000001,1399,6999
10,UP1023-PPSA24038_00-YSMEMOIRFELGHANA,899,2999
10,UP0006-CUSA01925_00-B000000000001705,749,2499
10,UP0006-CUSA00110_00-B000000000000972,799,3999
10,UP0006-CUSA00113_00-B000000000000934,809,2999
10,JP0005-PPSA15366_00-DDXEDITION000000,3899,6499
10,UP5805-PPSA21998_00-0601561958036511,1199,1999
10,UP2514-PPSA12578_00-WARHAMMERBUNDLE0,1499,7499
10,HB1900-PPSA35562_00-0700341064285620,1999,2499
10,EP4108-PPSA25468_00-YUMIA10000DDX000,4559,7999
10,UP1090-CUSA09188_00-0000000000000000,449,1499
10,UP4744-PPSA23122_00-0563899439262251,1999,2499
10,UP3643-PPSA03751_00-SERIOUSSAM4PS5US,999,3999
10,UP1003-CUSA04493_00-MNCRSHFULLBUNDLE,799,3999
10,UP1063-PPSA18986_00-KURONOKISEKINA00,4799,5999
10,EB2535-PPSA36388_00-0378845982603751,1749,2499
10,UP1003-CUSA07384_00-W2NCDELUXEBUNDLE,899,5999
10,UP0115-PPSA01861_00-MANTRUTHBUNDLE00,1249,4999
10,UP4389-CUSA17271_00-KOAFATEEDITIONUS,1374,5499
10,UP4040-PPSA03682_00-GHOSTRUNNERPS500,749,2999
10,UP4491-CUSA01037_00-SURGEONSIM000001,194,1299
10,JP0122-PPSA24944_00-0678752PLATFORM8,319,399
10,UP4363-CUSA12583_00-ZOMBIEARMY400000,499,4999
10,UP0006-CUSA00220_00-B000000000000438,499,1999
10,UP1003-PPSA26525_00-MEDUSA0000000000,1004,1499
10,JP0177-PPSA30247_00-VF5REVO30THANNIV,1999,4999
10,UP0006-CUSA02684_00-ME4RECRUITDELUXE,799,3999
10,EP3550-PPSA29228_00-WWLEGACYPS5GP000,1499,2999
10,UP3252-PPSA37852_00-JANDUSOFT0000001,1049,1049
10,UP0700-CUSA10093_00-SWORDARTONLINE05,499,1999
10,UP4108-PPSA07421_00-DDX0000000000000,3899,5999
10,UP0283-PPSA02279_00-5063066328046533,499,4999
10,UP6535-PPSA03594_00-4337367104000844,719,1799
10,UP2139-CUSA02433_00-QUIPLASHJBGPS410,349,999
10,UP0700-CUSA16186_00-ONEPUNCHMAN000NA,599,5999
10,UP3004-PPSA07227_00-PSCATANBOARDGAME,599,2999
10,UP7236-PPSA28966_00-0027446772030123,799,999
10,UP4389-PPSA04734_00-MXL2026ULTBUNDLE,11899,16999
10,UP4108-CUSA10448_00-GAMEADDSEASONPAS,2719,6799
10,EP4064-PPSA23605_00-0916712229105753,1249,2499
10,UP0082-CUSA03246_00-STAROCEAN5PS4000,899,2999
10,UP2514-PPSA06927_00-AOSRORULTEDITION,1499,7499
10,UP0700-CUSA07137_00-NARUTOUNS2000000,999,1999
10,UP0082-CUSA09485_00-STAROCEAN4201711,629,2099
10,HP7254-PPSA36061_00-0884867920079607,849,999
10,UP0283-PPSA16744_00-ALLSTARBRAWL2DLX,1399,6999
10,UP1063-CUSA16120_00-LANGRISSERONETWO,1499,4999
10,UP0969-PPSA06624_00-BMI0000000000000,1399,1999
10,UP4040-CUSA03349_00-ABZUGAME00000000,699,1999
10,UP0177-CUSA33873_00-DAYLIGHTMIDNIGHT,1974,3949
10,UP1003-CUSA16286_00-DOOM030000000000,399,999
10,UP1063-PPSA24326_00-EDKURONOKISEKI02,4799,5999
10,UP0700-PPSA08575_00-SANDLMAINGAME000,2999,5999
10,UP0700-PPSA16411_00-TAIKORHYTHMFES00,2499,4999
10,UP0177-CUSA04518_00-PJDX393MAJITENSI,1499,2999
10,UP4108-CUSA03858_00-HGEXEC0000000000,1999,4999
10,UP3177-CUSA20271_00-ANEZ3GAME0000000,1979,5999
10,UP6972-PPSA34498_00-EATFIGHTLOVE2025,1499,1999
10,JP6400-PPSA24938_00-0605130831842075,2099,2999
10,JP0101-PPSA25348_00-EDENSZERODXPS500,4199,6999
10,UP0177-CUSA12279_00-SHENMUE1AND2GAME,449,2999
10,UP4040-PPSA06222_00-MIASMACHRONPS500,1049,3499
10,UP1023-CUSA02159_00-ONECHANBARAZ2CHA,899,2999
10,UP1063-PPSA15174_00-MMTOKINOTAIKA000,2399,5999
10,UP5025-CUSA18574_00-TSCSH789BUNDLE00,1199,11999
10,UP5844-PPSA06227_00-EXPDELUXEPS5SIEA,1199,2999
10,UP2047-CUSA01012_00-HOMEFRONT2000000,199,1999
10,HP1597-PPSA25717_00-ENDOFABYSS000000,2999,2999
10,EP6665-PPSA22273_00-ARCHI00000000000,1599,3999
10,UP6850-PPSA10965_00-PDWITWEDITION000,1799,4499
10,UP1023-CUSA11712_00-BURSTHDREVIVAL12,899,2999
10,UP0082-PPSA07274_00-VEPS5UP000000001,2399,5999
10,UP6665-PPSA08811_00-TT30000000000000,1249,4999
10,UP0576-PPSA02213_00-PS5KOF15USUE0000,1499,5999
10,UP7084-PPSA09115_00-GREENHELLVR00000,799,1999
10,EP4173-PPSA36965_00-0227053181028660,1359,1699
10,UP0082-PPSA16105_00-0640252769579027,2399,5999
10,UP6163-PPSA12488_00-5233101333812786,374,1499
10,UP0082-CUSA09512_00-NTPKG00000000000,749,2999
10,UP2772-CUSA27480_00-MBTL000000000000,1499,4999
10,UP4108-CUSA00919_00-HGEXEC0000000000,2999,5999
10,UP8489-PPSA22453_00-0217126708396262,799,1999
10,JP0747-PPSA19053_00-0384862173779549,2999,5999
10,UP5784-CUSA30835_00-0225316917588223,2249,4499
10,UP2292-PPSA06449_00-0059718315167970,1249,4999
10,JP8394-PPSA31878_00-LOKDRDELUXE00000,1949,2999
10,UP4389-CUSA05233_00-SLUS214390000001,499,1999
10,UP0006-PPSA08236_00-ARTEMISGAME00000,699,6999
10,UP0406-PPSA03039_00-2395110143285364,1199,1999
10,UP1023-CUSA12154_00-FATEEXTELLALINKS,1499,4999
10,JP0700-PPSA23221_00-FWHDRCONEDITION0,1999,4999
10,HB1312-PPSA37308_00-0559372605998255,1399,1999
10,UP2047-PPSA02394_00-USDSIRONHARVEST0,749,4999
10,UP6492-CUSA26115_00-5192797089817796,999,2499
10,UP6665-PPSA09258_00-PZP0000000000000,1399,3999
10,UP1477-PPSA12771_00-HORIZONCHASE2000,999,2499
10,UP3864-CUSA16252_00-0000000000000000,899,2999
10,EP6444-PPSA21827_00-0321842137080830,1199,1999
10,UP0031-PPSA33315_00-MLARIANANSGAM000,1499,2999
10,UP1001-CUSA03817_00-TFTBL0000000GAME,1499,1999
10,UP3535-PPSA22705_00-0681875739937887,1999,3999
10,UP3643-CUSA08218_00-0000000000000SSC,749,2999
10,UP4389-CUSA08539_00-TITANQUEST000000,599,2999
10,UP1050-PPSA11263_00-0109851004267575,1124,2499
10,JP0106-PPSA31214_00-RYZA2DX000MASTER,2799,3999
10,JP0101-PPSA19724_00-GRADIUSORIGINCOL,1999,3999
10,UP4040-CUSA06266_00-PORTALKNIGHTS000,599,1999
10,UP6665-PPSA06511_00-SSSG000000000000,799,3999
10,EP4295-PPSA27765_00-ACDONPS5000000WW,1999,3999
10,EP5360-PPSA23677_00-PLANETOFLANA02EU,1399,1999
10,UP2320-CUSA13597_00-KINGDOMTWOCROWNS,799,1999
10,UP0700-PPSA06959_00-SAOLRDLXEDITION0,1954,8499
10,UP1440-PPSA16245_00-CAPES000000NAPS5,1599,3999
10,UP1023-PPSA10513_00-0000000000000000,899,2999
10,UP2047-PPSA01591_00-CHORUSGAMESHARED,499,2499
10,UP4108-CUSA01902_00-BLADE0NIGHT00000,1499,5999
10,EP4295-PPSA30140_00-SYBREMASTERPS5WW,1499,2999
10,UP3824-PPSA21173_00-BRATZ2GAME000000,1599,3999
10,UP2833-CUSA59673_00-0591793861186005,1199,1199
10,UP1181-PPSA37571_00-0147520663963280,1599,1599
10,EP2649-PPSA28662_00-0594453084732332,1189,3399
10,UP2777-PPSA29381_00-DDXEDITION000000,6999,6999
10,UP3003-PPSA17450_00-0604166182553820,2679,3999
10,UP4040-PPSA26312_00-0000BLADESOFFIRE,2999,3999
10,UP0913-CUSA25661_00-5881778140490854,399,1999
10,UP3824-PPSA07655_00-3277117236728745,999,1999
10,UP1090-CUSA23338_00-CARNIVORESGAME00,749,1499
10,UP1003-CUSA10339_00-RAGE02DIGIDELUXE,1199,5999
10,UP4064-PPSA05214_00-0984199900323554,749,2999
10,UP4108-CUSA00588_00-WORO3ULTHDDBOOT0,2999,5999
10,UP0283-PPSA05174_00-0736812380778368,899,5999
10,UP0006-PPSA01464_00-2042YEAR2EDITION,1999,9999
10,UP4389-PPSA04198_00-SPELLFORCE3PS5US,1199,3999
10,UP3643-CUSA18145_00-0000000000000000,699,1999
10,UP0283-PPSA19563_00-0461732787446079,1799,5999
10,UP3824-PPSA16494_00-MLP2BASEGAME0001,1599,3999
10,UP1496-PPSA31127_00-RETRACETHELIGHTU,1999,1999
10,JP0106-PPSA31216_00-RYZA3DX000MASTER,2999,3999
10,EP6665-PPSA16349_00-R250000000000000,1999,4999
10,UP4389-PPSA08240_00-AITDDIGITALDELUX,2499,4999
10,UP4108-PPSA25843_00-WARRIORSABYSS000,999,2499
10,UP5155-PPSA27124_00-ISLETS0000000000,1499,1999
10,UP4293-PPSA31519_00-0221580747014581,2499,2499
10,UP0283-PPSA28795_00-0719145468925678,2499,4999
10,EP4062-PPSA16211_00-METALEDENPS5SIEE,799,1999
10,UP6301-CUSA31828_00-GASSTATIONSIM0US,999,1999
10,UP4108-CUSA02860_00-HGEXEC0000000000,1999,4999
10,UP1003-CUSA01540_00-WOLFENSTEINBLOOD,499,1999
10,UP4040-PPSA04721_00-HUNDREDHEROESDLX,1999,7999
10,UP2514-PPSA21790_00-F1MANAGER2400000,874,3499
10,UP4108-CUSA08090_00-STARGAMEUS000000,1199,5999
10,UP4108-PPSA14260_00-SAN8RGAME0000000,3599,5999
10,UP5155-PPSA32706_00-ELEMENTALLIS0000,1439,1799
10,UP4001-PPSA01552_00-DIRT5YEARONEEDIT,1599,7999
10,UP6714-PPSA08596_00-4886581446111662,599,2999
10,UP3763-PPSA07585_00-ROAD96MILE0USPS5,324,1299
10,UP3528-PPSA22369_00-0515759171126284,3999,4999
10,UP5805-PPSA22000_00-0016064972222521,1649,2999
10,UP4108-PPSA10908_00-APPA01REMAKEDDX0,2799,6999
10,EP5609-CUSA48965_00-0693089106793084,1199,3999
10,UP0700-PPSA06569_00-SAOFDDLXEDITION0,2549,8499
10,UP4040-PPSA09441_00-DRIFT21PS5000000,1499,2999
10,JP0367-PPSA26581_00-MACHINEGIRLDX000,3379,6499
10,UP4108-CUSA01632_00-DW8EMPBOOT000001,1499,4999
10,UP5025-PPSA08070_00-SH3THEAWAKENEDUA,399,3999
10,UP0115-CUSA13038_00-ROADREDEMPTION00,499,1999
10,UP0700-CUSA08325_00-OPUWR00APPLI0000,399,3999
10,UP4008-PPSA02114_00-WTASIEA000000000,299,2999
10,UP8490-PPSA27664_00-0241577075525214,989,1499
10,UP2777-PPSA28190_00-DDXEDITION000000,3199,7999
10,UP6665-PPSA12362_00-TRFE2DELUXE00001,1499,5999
10,UP4774-PPSA20765_00-0000000000000000,399,1999
10,UP0082-CUSA04778_00-SLUS204880000001,629,2099
10,UP6718-PPSA36918_00-0038186100283177,1439,1799
10,UP4176-PPSA08681_00-0070258853771476,1399,3499
10,UP1023-CUSA27918_00-RUNEFACTORY4SP00,899,2999
10,UP0082-PPSA08752_00-STRASHSEUPS50001,2399,5999
10,UP0576-CUSA33146_00-KOF13PS4USDX0000,1049,2999
10,UB0876-PPSA24033_00-0357412205143914,1499,1499
10,UP0700-CUSA14889_00-TSUBASADELUXE000,959,5999
10,UP4744-PPSA18207_00-0395130479595738,1249,2499
10,EP2649-PPSA36581_00-0258959709525610,495,1599
10,UP5969-CUSA18142_00-5787727856000049,699,3499
10,UP0102-CUSA43543_00-FULLGAME00000001,989,2999
10,EP5050-PPSA20313_00-0749601018471028,699,1999
10,UP0082-CUSA01799_00-DXMDPREORDDEL001,674,4499
10,UP0082-PPSA17023_00-0372067956921441,1799,2999
10,UP0700-CUSA03956_00-GALAGA0000000000,199,399
10,UP0462-CUSA05252_00-JAZZPUNK00000001,374,1499
10,UP1023-PPSA21484_00-FARMAGIA00000001,999,4999
10,UP0700-CUSA18374_00-SWORDARTAL0000NA,999,1999
10,UP1003-CUSA16287_00-DOOM64X199700000,199,499
10,UB0714-CUSA48926_00-0019759591241073,909,1299
10,JP0122-PPSA25804_00-000000MOMODORAMF,1359,1699
10,UP5223-PPSA26076_00-0354006355653106,1624,2499
10,UP0913-PPSA24075_00-0592964266082330,999,2499
10,UP0283-CUSA18380_00-NICKKARTRACERS02,399,3999
10,UP0082-CUSA11230_00-DQB2DIGITALDLX00,2499,4999
10,UP6665-PPSA09850_00-OP20000000000000,599,2999
10,EP8208-PPSA31885_00-WINXCLUB00000001,2249,2999
10,UP6261-PPSA03364_00-0791298347671021,799,1999
10,UP1063-PPSA08394_00-0000000000000001,2499,4999
10,UP2960-PPSA14654_00-0861216938906002,979,3499
10,JP0013-PPSA37704_00-JP0AKNOT000SEPS5,3799,3799
10,UP1023-PPSA11540_00-WONDERFULLIFE000,1999,3999
10,UP3535-PPSA19384_00-0451087894151595,1799,3999
10,UB0714-CUSA49557_00-0564484695029743,1049,1499
10,UP1676-PPSA03555_00-4837774990774890,1199,5999
10,UP1850-PPSA22617_00-MHELLSINGERVRCED,1999,3999
10,UP0700-CUSA03305_00-PS4GE2RAGEBURST0,599,5999
10,UP1023-CUSA26005_00-0000000000000000,999,3999
10,UP5428-CUSA44600_00-0160872199129342,449,1499
10,UP1023-PPSA07576_00-NOMOREHEROES3002,1399,3999
10,UP4108-CUSA08011_00-RIVERGAME0000000,1999,4999
10,UP4040-PPSA06381_00-UPSIEACAREXBEARX,499,1999
10,UP6964-PPSA09733_00-SIEAWILDMENDERPS,724,2499
10,UP0700-PPSA04215_00-GUNDAMBOCFSTPS50,999,4999
10,JB1432-PPSA34456_00-0237244236150762,574,1149
10,UP4133-PPSA17423_00-EXPEDITIONSED0Y1,2799,6999
10,UP3696-PPSA13892_00-GARDENSIMPS5NA00,809,2699
10,UP0082-CUSA00343_00-MURDEREDSOULSCEA,599,1999
10,UP5428-CUSA45177_00-0987355994859006,2999,5999
10,UP0700-CUSA02560_00-SWORDARTREHF000E,499,1999
10,JP8394-PPSA35117_00-0989343144090817,1299,1999
10,UP2158-PPSA22302_00-GLOVERGAME0PS5NA,1499,1999
10,UP0082-CUSA14219_00-CMDEB0STANDEDBUN,1599,3999
10,UP5180-PPSA19451_00-PLANETOFLANA05US,499,1999
10,UB1264-CUSA51951_00-0750535626778439,749,1499
10,UP3177-CUSA12535_00-EDF5MASTERPKG000,2459,5999
10,UP1063-CUSA13239_00-SNK40ANNIVERSARY,1399,3999
10,UP1057-PPSA17454_00-0784781726538735,1199,1999
10,EP7579-PPSA23767_00-BBAY000000000PS5,499,1999
10,UP0002-PPSA06659_00-CTR23CB4BUNDLE01,3599,7999
10,UP2060-CUSA07103_00-SUDDENSTRIKE4444,799,1999
10,EP3185-PPSA26394_00-0379431818643473,1199,1999
10,EP7579-CUSA42062_00-CATQUESTTRILOGY0,1399,3999
10,UP4389-CUSA36164_00-DAH2REPRODBEDPS4,899,2999
10,EP3643-PPSA24328_00-0598840476333367,499,999
10,UP1018-CUSA03372_00-LSWDELUXEEDITION,599,2999
10,UP1001-PPSA03499_00-CYPRESPS5SIEADLX,2499,4999
10,JP5134-PPSA24262_00-0049071297725794,2199,2749
10,EB2107-CUSA56447_00-0876656149282510,974,1499
10,UB1486-CUSA53449_00-0079115779227998,824,1499
10,UP1023-CUSA17290_00-YSCELCETA0000000,1799,2999
10,EP4295-PPSA16078_00-AMERZONEPS5000EU,1599,3999
10,UP1850-CUSA12680_00-NAMUTANTYEARZERO,1399,3499
10,UP4108-CUSA42979_00-HDDBOOT000000004,3899,5999
10,UP4389-CUSA05232_00-SLUS209450000001,499,1999
10,UP4389-CUSA15174_00-CHRONOSUS0000000,599,2999
10,UP7581-PPSA07382_00-FLOCKDX0000PS5US,1124,4499
10,UP0283-PPSA25614_00-0088832068485636,1499,4999
10,UP3535-PPSA14169_00-0325990934687311,699,1999
10,UP4389-PPSA09351_00-AEWULTIMATEELITE,2999,9999
10,UP8489-PPSA24268_00-0200966777747783,749,1499
10,UP2060-CUSA08217_00-TROPICO600000001,1599,3999
10,UP1063-CUSA10570_00-SNKHEROINESPS400,2499,4999
10,UP4008-PPSA02716_00-RIMSSIEA00000000,449,2999
10,UP1023-CUSA05633_00-FATEEXTELLA00000,899,2999
10,UP3643-CUSA09857_00-OBSERVATION00000,499,2499
10,UP3643-CUSA05617_00-SWBUNDLE00000000,999,4999
10,UP0700-CUSA05125_00-SAO4DELUXE000000,1999,3999
10,UP1023-CUSA03235_00-0000000000000000,899,2999
10,UP4040-CUSA07000_00-INDIVISIBLEGAME0,299,1999
10,UP4108-CUSA28451_00-MYSTERIOUSDDXSP0,5749,11499
10,UP4064-CUSA06267_00-ESCAPISTS2GOTY00,539,2699
10,UP1063-PPSA21466_00-0839124461635542,3249,4999
10,UP4040-PPSA03847_00-ACC2024PACKBUNDL,3199,3999
10,UP0115-CUSA02134_00-ULTIED0000000000,1499,5999
10,UP3643-PPSA24643_00-THEMESSENGERSIEA,499,1999
10,UP4008-PPSA01446_00-WHCBSIEA00000000,299,2999
10,UP1562-CUSA10433_00-EVERSPACE0000000,299,1999
10,UP1063-PPSA04103_00-MRKDIGITALDELUXE,1949,6499
10,UP1023-CUSA03812_00-NP10PS4HGBENG001,499,1999
10,UP6665-PPSA03590_00-6312583906406453,999,4999
10,UP1014-CUSA06584_00-SLUS211710000001,749,1499
10,UP4108-CUSA14544_00-BDLDDX0000000000,1874,7499
10,UP1715-PPSA06456_00-8726752287742667,974,1299
10,UP0700-PPSA17841_00-UNKNOWN900000DLX,1249,2499
10,UP6665-PPSA07391_00-ARB00DELUXE00001,999,4999
10,EP7868-PPSA19345_00-FFDEUPGRADEBUNDL,1599,3999
10,UP1845-CUSA13800_00-BSTUBCUSA1380000,749,1499
10,UP1063-PPSA17675_00-EDSENNOKISEKI4TH,2799,3999
10,UP0700-PPSA20298_00-SHADOWLABYRINTH0,1979,2999
10,UP0406-PPSA08518_00-4000367384034589,1499,2499
10,UP0700-PPSA18708_00-DEATHNOTE0000000,399,999
10,UP4008-PPSA02020_00-TWT2SIEA00000000,999,3999
10,UP6665-PPSA09252_00-CW00000000000000,999,4999
10,UP2719-CUSA56071_00-TALISMANDIGITAL5,1999,2499
10,EP4064-PPSA26923_00-0212072951814481,815,2399
10,UB0383-PPSA29189_00-0504266529563382,199,1999
10,EP3024-PPSA31772_00-MADGAMESTYCO2PS5,1599,1999
10,UP6088-PPSA35656_00-0211746532534497,1049,2999
10,UP6990-PPSA04354_00-0801952478920400,199,1999
10,UP1063-CUSA16017_00-0000000000000000,1799,5999
10,UP0774-PPSA06147_00-FURIREMPS5SIEA00,599,1999
10,UP1063-PPSA20722_00-DIGITALDELUXEEDI,4199,6999
10,UP2344-CUSA13637_00-0151186080381928,2099,2999
10,UP0969-PPSA16090_00-0000000000GNOSIA,1874,2499
10,EP5987-PPSA31808_00-ULGOAGUILD000001,974,1499
10,UP0060-CUSA10349_00-JSBULTIMATEBUNDL,1499,2499
10,UP8160-PPSA10720_00-THEBEASTINSIDE00,499,2499
10,UP4108-CUSA24099_00-ORIGINGAME000000,2999,5999
10,UP3696-CUSA32419_00-LUMBERJACKSDYNNA,899,2999
10,UP3824-PPSA08358_00-6955715158927034,1199,2999
10,UP3824-CUSA19253_00-0000000000000000,749,2999
10,UP4040-CUSA07006_00-HOWTOSUR2PS4SCEA,299,1499
10,UP0082-CUSA00252_00-0322517110444958,374,2499
10,UP1109-CUSA20229_00-NSLT000000000100,449,2999
10,EP4295-PPSA27029_00-KINGOFTOKYOPS5WW,2099,2999
10,UP1376-CUSA06583_00-PAVRTHELOSTSOUL1,749,2999
10,UP6665-PPSA05064_00-STR00DELUXE00001,749,4999
10,EB1737-PPSA37088_00-0361230927179686,1014,1449
10,UP4108-CUSA24464_00-SM8EMPDDX0000000,5499,10999
10,UP1023-CUSA08373_00-PEACHBEACHSPLASH,899,2999
10,UP4108-CUSA14023_00-APPA11RORONA0000,999,3999
10,UP2767-PPSA19415_00-0026837043251690,1124,2249
10,JB1261-PPSA37629_00-PATLABOR00000001,3499,3499
10,UP0576-CUSA03751_00-SLUS218160000001,224,1499
10,UP2045-CUSA00151_00-GUACSTCE00000000,374,1499
10,UP2844-PPSA14191_00-HAZEROEPISODEUS2,2399,3999
10,UP3003-PPSA21809_00-0534722968620497,1339,1999
10,UP2985-PPSA18627_00-LITTLECITIESVRUS,874,2499
10,EP3643-PPSA26283_00-0077857727180425,2099,5999
10,UP3548-PPSA16509_00-0694888007716238,2799,3999
10,UP5820-CUSA27609_00-MBLAZE5US0UP5820,799,1999
10,JP0122-PPSA25844_00-0000METALBRINGER,1399,1999
10,UP6665-PPSA07303_00-6690491999107357,524,3499
10,UP6535-PPSA28776_00-0541058603359702,99,199
10,EB0235-PPSA28892_00-TSMDELUXE0000000,2999,2999
10,UP1001-CUSA30035_00-000PAWPAWSIEAPS4,499,999
10,UP4008-CUSA15612_00-WRC8SIEA00000000,199,1999
10,UP4064-CUSA16148_00-YOOKALAYLEEIL000,899,2999
10,UP4176-PPSA03717_00-0942738937440950,1649,5499
10,HP5249-PPSA27100_00-0743603662012908,1499,2999
10,UP4064-CUSA18917_00-NEONABYSS0000000,499,1999
10,UP2680-CUSA20207_00-PHOGS000000000US,499,2499
10,UP0700-CUSA04924_00-PACMANCE2BUNDLE0,454,1299
10,UP3824-PPSA04038_00-2121734462208482,999,3999
10,UP1495-PPSA03243_00-7342236139216396,499,1999
10,UP1440-PPSA30364_00-SHADOWTACTICSNA5,399,3999
10,UP4389-PPSA17230_00-SFCOEOSTANDARD00,899,2999
10,UP1023-CUSA03131_00-EARTHDEFFORCE4P1,999,1999
10,UP1063-CUSA16014_00-UTAWARERUMONO000,1799,5999
10,UP5290-CUSA16424_00-LEISURESUITLARRY,399,3999
10,UP0031-PPSA07660_00-NEPTUNIASISTERS1,999,4999
10,EP8923-PPSA25180_00-OCCULTIST0DLXPS5,2999,3999
10,EP5095-CUSA55990_00-0872509746675532,999,1999
10,UP5946-CUSA30305_00-DGEXFULLGAME0000,599,5999
10,UP6946-CUSA44624_00-0059795613280096,1124,2499
10,UP2005-PPSA25378_00-STARLIGHTLEGACY0,779,1299
10,UP6535-PPSA31081_00-0946143006355926,249,999
10,UP1023-CUSA31885_00-ZERO000000000000,1399,3999
10,UP0177-CUSA10633_00-VC4VCRBUNDLE0000,999,3999
10,UP1440-CUSA20431_00-DAENAUNRAILED001,299,1999
10,HB1334-CUSA56653_00-0281876458218489,599,999
10,UP6360-PPSA27214_00-0491578894232718,1559,1949
10,UP4008-CUSA13337_00-THESINKINGCITYUA,499,4999
10,UP0292-PPSA01410_00-TRIBESOFMIDGARD0,499,1999
10,UP4389-PPSA18070_00-AITDNEWNIGHTMARE,599,999
10,UP2047-CUSA02039_00-RISEN3ENHANCED01,499,1999
10,UP4363-CUSA11506_00-SNIPERELITEPVR01,599,2999
10,UP3177-PPSA15927_00-EDFWB2DXEDITION0,2624,7499
10,UP0082-PPSA05880_00-DFCDD0000000005N,2999,7499
10,UP4108-CUSA07942_00-SAN13WPKGAMENA00,2799,6999
10,UP1023-CUSA15506_00-TSANMHUS00000000,499,1999
10,UP4654-PPSA15792_00-0294189142232583,899,1499
10,UB1486-CUSA54340_00-0010859984137076,824,1499
10,UP6665-PPSA07580_00-WRCG000000000000,1199,3999
10,UP1440-PPSA17539_00-0647844356245450,799,1999
10,UP1063-PPSA09384_00-CALIGULAEFFODPS5,2749,4999
10,UP4108-CUSA26646_00-APPA19DX00000000,1999,3999
10,UP0913-CUSA32336_00-2571996660185023,199,999
10,UP4108-CUSA16922_00-APPA15DX00000000,1599,3999
10,UP0031-CUSA26177_00-BUNDLE0000000002,899,5999
10,UP2611-CUSA05533_00-KOF14UE0000000NA,799,3999
10,UB0313-PPSA25220_00-0246167815129548,1499,2999
10,UP1192-CUSA03333_00-0783755187747042,6439,9199
10,UB0445-PPSA30249_00-0506702253029710,2274,3499
10,UP6301-CUSA29723_00-5210559248669930,699,1999
10,UP4108-CUSA16921_00-APPA14DX00000000,1599,3999
10,UP4179-CUSA09428_00-SKYFORCERELOADED,799,999
10,UP0177-CUSA16081_00-8982731268567377,2009,2999
10,UP2680-CUSA20537_00-0000000000000000,399,1999
10,UP4008-CUSA10157_00-VR40000000000000,299,2999
10,EP5987-PPSA28034_00-ULGPRESIDENT0001,799,1999
10,UP3824-PPSA03705_00-8652666117318371,1199,3999
10,UP0177-PPSA03645_00-CAMPUSNA00000000,449,2999
10,UP1063-PPSA17527_00-LLHDFULLGAME0000,2999,4999
10,UP3864-CUSA28245_00-5QRZFI14VTWAHA00,749,2499
10,UP0082-PPSA16122_00-SAGAEMERALDBYDUS,2499,4999
10,UP1023-PPSA16461_00-0000000000000000,999,2499
10,UB0675-PPSA35471_00-0821068578334461,1199,1499
10,UP4004-CUSA23887_00-60PARSECS0000000,499,999
10,UP1440-PPSA21257_00-TNOTRPS5NA000000,999,1999
10,UP1063-CUSA14388_00-RPGMAKERMV000000,1499,4999
10,UP3864-CUSA29757_00-UNSIGHTED000000A,799,1999
10,EP6878-PPSA30444_00-TUNTUNGTUNGSAHUR,649,999
10,UP1003-CUSA23402_00-DOOM3VR000000000,659,1999
10,UP6665-PPSA09256_00-GOS0000000000000,599,2999
10,UP4491-CUSA06054_00-SURGEONSIMVR0001,399,1999
10,UP5820-CUSA30454_00-2203375958585005,799,1999
10,UP6779-PPSA16280_00-ULTROS00000PS5US,624,2499
10,UP2139-PPSA23743_00-0608544703617942,499,999
10,UP1004-CUSA15405_00-LANVRCASEFILES01,1499,2999
10,UP7408-PPSA24677_00-0370859932508379,2583,3799
10,UP1440-PPSA23094_00-DAENATSORF0PS5NA,499,1999
10,UP4108-CUSA06586_00-PIECEGAMENA00000,1799,5999
10,UP3696-PPSA08908_00-STARSANDPS5NA000,599,1999
10,EP5519-PPSA28609_00-0483708856339717,2599,3999
10,UP4108-CUSA13085_00-ATELIER20TH00000,1379,5999
10,UP6312-PPSA34512_00-KILN000000000003,1499,2999
10,UP6665-PPSA10601_00-AIF00DELUXE00001,699,3499
10,UP0737-CUSA32715_00-3787041984153372,2699,4499
10,UP4108-CUSA14025_00-APPA13MERURU0000,999,3999
10,UP0002-CUSA26285_00-BLIZZ30A00000000,999,1999
10,UP3177-PPSA08899_00-0000000000000000,2699,5999
10,UP5155-PPSA31581_00-WINDSWEPT0000000,1499,1999
10,EB2018-PPSA31602_00-0076221943588590,1249,2499
10,UP0969-CUSA05694_00-MOMODORA0000US00,599,999
10,UB0797-CUSA50242_00-0629692492231080,449,1499
10,UP4040-PPSA04717_00-EIYUDENRISINGPS5,374,1499
10,UP7962-CUSA36461_00-0250095035045543,3149,4499
10,UP0001-PPSA02202_00-SBDELUXE000000Y2,599,3999
10,UP7800-PPSA10640_00-6686956259647905,749,2499
10,UP0182-CUSA06100_00-FLASHBACK000VOL1,599,1999
10,EP3583-PPSA31155_00-0602125704981712,1749,2499
10,UP3824-PPSA03945_00-1963885871236657,999,4999
10,UP0913-CUSA33926_00-2213124071231913,499,1999
10,UP3643-PPSA15319_00-0262243401895881,1224,3499
10,UP4108-CUSA16923_00-APPA16DX00000000,1599,3999
10,UP0177-CUSA06810_00-ARVALKYRIE000100,599,2999
10,UP1440-PPSA18380_00-AIKOSCHOICEPS5NA,799,1999
10,UP8489-PPSA24270_00-0499283180274839,499,999
10,UP3535-PPSA14005_00-0297859396070977,499,1999
10,UP0913-CUSA30926_00-2026842961700403,499,1999
10,UP4321-CUSA00369_00-COMPLETEBUNDLE01,449,2999
10,EP4133-PPSA37805_00-BIOEDENGAME00000,2199,2199
10,UP6169-PPSA20094_00-0298455041398675,1499,2499
10,UP2060-CUSA05041_00-VIKINGSWOLVESOFM,749,2999
10,UP4133-CUSA12564_00-0000000THESURGE2,749,2999
10,UP0082-CUSA12651_00-0000000000000001,1199,2999
10,UP0283-PPSA29010_00-0567463786328978,1979,5999
10,UP3535-PPSA12449_00-0534519505817661,599,2499
10,UP0112-PPSA31747_00-0159661423353178,1749,2499
10,UB0990-PPSA26015_00-0113683755550605,299,999
10,EP5987-PPSA35185_00-ULGRALLYMECHA001,1699,1999
10,UP7515-PPSA21951_00-0993430629021125,2099,5999
10,UP3573-PPSA16835_00-0172035220680073,944,3149
10,UP4223-CUSA09510_00-COCONUTDETENTION,324,1299
10,UB1012-CUSA51160_00-0186450617537875,519,1299
10,EP3024-PPSA29610_00-KNIFFELYAT2PS5WW,1499,1999
10,UP8233-PPSA34420_00-CTS26EXPERTEDITN,4799,5999
10,UP6665-PPSA14172_00-GRD00DELUXE00001,1349,4499
10,UP1023-CUSA18410_00-KANDAGAWAJET0000,899,2999
10,UP2500-PPSA05607_00-US0BOTSANDK00PS5,999,1999
10,UP3177-CUSA13283_00-EDFIRONRAIN00000,1499,5999
10,UP1063-PPSA13356_00-RAIDENXMIKADOPS5,1499,2999
10,UP0700-PPSA15214_00-SPYFAMILYODDX000,2939,6999
10,UP0177-CUSA10998_00-1023491012341432,1499,4999
10,UP3643-PPSA09682_00-0207957797879829,699,1999
10,UP0283-PPSA04644_00-6743758488953717,599,5999
10,UP5290-CUSA25518_00-9989571494511192,399,3999
10,UP5805-CUSA47233_00-0050709204508097,599,1999
10,UP4389-CUSA18980_00-NFH2020US0000000,599,1499
10,UP0913-PPSA22307_00-0180316664507147,699,1999
10,UP7610-PPSA21720_00-0319726599762543,699,1999
10,UP2005-PPSA26114_00-MOVINGHOUSES0000,779,1299
10,UP2985-CUSA27482_00-7128389828211774,399,1999
10,EP5987-PPSA27717_00-BARTENDERULG0001,1079,1799
10,UP8536-PPSA18403_00-LEGIONVRDELUXEED,1799,2999
10,HB1129-PPSA28088_00-0703447221421669,799,999
10,EP4295-PPSA14419_00-FLINTAPSPS5000EU,1199,3999
10,UP2060-CUSA10217_00-RAILWAYEMPIREGMS,899,1999
10,UP0177-PPSA03743_00-6614635768394992,1399,6999
10,UP2060-CUSA26394_00-COMMANDOS3HD0001,1799,2999
10,UP3864-PPSA14425_00-MINEKOPS5NA00000,999,1999
10,UP4108-CUSA14024_00-APPA12TOTORI0000,999,3999
10,UP2139-CUSA04949_00-JBGDRAWFULTWOPS4,399,999
10,EP8923-PPSA27248_00-ONCEUPONAPUPPET5,1199,2999
10,UP4108-CUSA02033_00-SOUZOUWPK0000000,2699,5999
10,UP6169-PPSA21766_00-0591630581737936,1499,2499
10,UP8686-PPSA37455_00-0870833704230906,1399,1399
10,UP4293-CUSA09626_00-0000000000000000,324,1299
10,UP0177-PPSA12373_00-0786632763620202,2499,4999
10,UP2139-CUSA00946_00-FIBBAGEGAMEPS401,244,699
10,UP0115-PPSA05408_00-7962076650946286,199,1999
10,UP4729-PPSA22654_00-0099539752515450,749,1499
10,JP0013-PPSA31330_00-JP0ALPHA30000PS5,999,1999
10,UP2060-CUSA10425_00-SHADOWSAWAKENING,749,2999
10,EP5291-PPSA25944_00-0460553555531695,1949,2999
10,UB0836-PPSA25808_00-GRITANDVALOR1949,1299,1999
10,UP1063-PPSA08832_00-RAIDENXMIKADOPS5,1499,2999
10,HP6961-PPSA25715_00-0070927794042303,1199,1999
10,UP2680-PPSA09887_00-4772599059785254,499,2499
10,HP3768-PPSA25034_00-0334503685041370,1949,2999
10,UP2045-PPSA03332_00-9678125217852924,839,2799
10,UP2060-CUSA01216_00-00000000TROPICO5,799,1999
10,UP8703-CUSA49138_00-0111794671079526,389,1299
10,UP5180-PPSA24580_00-0198890100100232,1449,2899
10,UP4389-CUSA11318_00-DES3DELUXEUS0000,999,4999
10,UP0082-CUSA27320_00-VOCTRILOGYSET001,3249,6499
10,UP7590-PPSA13961_00-0449753965066842,1649,2999
10,UP0031-CUSA03133_00-GAME000000000000,799,1999
10,EP5987-PPSA32035_00-ULGFARMWORLD0001,1999,2499
10,UP6963-PPSA14729_00-0357386266921700,749,2499
10,UP8665-PPSA15969_00-0716537119731847,1234,1899
10,UP2047-CUSA17782_00-WINDBOUNDGAMEUS0,299,1999
10,UP0576-CUSA08768_00-SSVS000000000PS4,224,1499
10,UP1850-CUSA15373_00-MOONSOFMADNESS01,1199,2999
10,UP1063-PPSA11039_00-0CALIGULAEFFECT2,2749,4999
10,EP5987-PPSA26564_00-0550032374932637,649,999
10,UP5552-PPSA02688_00-8136906011826439,399,1999
10,EP4295-PPSA17337_00-COBRAPS5000000EU,1999,3999
10,UP4389-CUSA19156_00-MONSTERJAM2POED0,1499,5999
10,UP4108-CUSA05973_00-HDDBOOT000000001,2699,5999
10,UP4489-CUSA56857_00-0681450693375918,749,999
10,EB1784-PPSA30631_00-0172864945735769,1759,2199
10,HB1334-CUSA52852_00-0958353969404413,674,1499
10,UP5526-CUSA23663_00-KAIRO00000008000,279,1399
10,UP2467-CUSA16473_00-0183890481483058,999,3999
10,UP0700-CUSA10771_00-BCQKDELUXE000000,899,7499
10,UP8619-PPSA24933_00-0379752640750758,999,1999
10,UP2047-CUSA11668_00-BGMNDAKAR18000AM,374,2499
10,UP0082-CUSA09057_00-SKIMG00000000000,1249,4999
10,UP0182-CUSA09458_00-FLASHBACK000VOL3,599,1999
10,UP4034-CUSA11276_00-RICO000000000000,399,1999
10,UP5807-CUSA26985_00-0101776665121890,399,799
10,UP6714-PPSA04867_00-LASTORICRU0000US,199,1999
10,UP4008-CUSA13551_00-FDSIEA0000000000,599,1999
10,UP0031-PPSA27558_00-SCARLEADSAGAM000,749,2999
10,UP2680-PPSA16665_00-0370904842766021,699,1999
10,UP6261-PPSA06843_00-8352724509169192,799,1999
10,UP0082-CUSA32852_00-TFBLDDE000000000,3999,7999
10,UP0700-PPSA25938_00-TOWA0DLXEDITION0,2399,3999
10,UP3177-PPSA13736_00-0615717178798545,749,2999
10,UP0406-PPSA05490_00-6433308712926826,1199,1999
10,UP0700-CUSA03958_00-DIGDUG0000000000,199,399
10,UP2060-PPSA03721_00-MATCHPOINT000000,1999,4999
10,UP3177-CUSA24376_00-EDFWORLDBROTHER0,1199,3999
10,UP6946-PPSA23489_00-0910021951978746,974,1499
10,UP3643-CUSA05616_00-0000000000000000,299,1499
10,UP5290-PPSA03665_00-8043453697727105,749,4999
10,UP3643-PPSA06416_00-0583583713309145,1049,3499
10,UP3177-PPSA15488_00-0721454533959365,749,1499
10,UP2047-CUSA04460_00-DEADLIGHTPS40100,224,1499
10,JP0122-PPSA27709_00-0819535728056332,719,1199
10,UP1063-CUSA10995_00-25THWARDPS400000,749,2999
10,EP2865-PPSA25347_00-0324545088411246,1799,2999
10,UP1109-CUSA30917_00-8068569680702189,399,1999
10,UP1440-PPSA19582_00-INKULINATINAPS50,749,2499
10,UP4389-PPSA08512_00-RITTERTHEVALIANT,624,2499
10,UP3177-CUSA25697_00-0000000000000000,439,1099
10,UP6714-PPSA05386_00-KONA2KOCHPS5US00,599,2999
10,UP1713-PPSA11199_00-KATTB00000000000,1749,3499
10,UP1713-CUSA20572_00-COGEN00000000000,999,2499
10,UP4744-PPSA08115_00-GLOOMHAVENMERC01,1799,3999
10,UP1023-CUSA09130_00-SAKUNADELUXE0000,1999,3999
10,UP4735-CUSA16370_00-ROCKOFAGES3SIEA0,899,2999
10,UP0406-CUSA25302_00-8397299735300170,899,1499
10,UP2719-CUSA06152_00-TALISMANDIGIEDIT,799,999
10,UP0283-PPSA13790_00-NASCARARCRUSHDLX,1199,5999
10,UP0700-PPSA06764_00-DRFM2SPEDITION00,1799,5999
10,UP5807-CUSA30142_00-1112594402351305,499,999
10,UP2077-CUSA01316_00-RETROCITYRAMPAGE,499,999
10,UP0005-CUSA04624_00-ROCKOFAGESIIXPS4,449,1499
10,UP0151-CUSA07076_00-BATTLECHEFBRIGAD,399,1999
10,UP2715-CUSA20290_00-BUSDRIVERPS4NA00,399,1999
10,UP2848-PPSA08244_00-TCHIADX0000PS5NA,874,3499
10,UP4064-PPSA01527_00-6386505284144437,299,1499
10,UP0700-CUSA07993_00-AWVSSAOMT0000000,999,1999
10,UP1440-PPSA15091_00-0308235903040097,899,1999
10,UP1850-CUSA04566_00-0000000000000002,519,1299
10,UP3177-PPSA14367_00-0000000000000000,999,4999
10,UP4040-PPSA12645_00-RS2ULTEDITIONPS5,2099,2999
10,UP0737-CUSA32714_00-2622775243738349,2399,3999
10,UP4040-CUSA06148_00-OVOSONICO505GCAR,499,1999
10,UP0182-CUSA06099_00-FLASHBACK000VOL2,599,1999
10,UP0969-PPSA03464_00-MIGHTYGOOSE000US,799,1999
10,UP2628-CUSA13253_00-XENOCRISIS000000,999,1999
10,UP1440-PPSA18204_00-MAGINDELUXEPS5NA,2399,2999
10,UP8784-PPSA26465_00-0989773833868963,999,1999
10,UB0797-CUSA48488_00-0222400625431993,524,1499
10,UP2077-PPSA02514_00-SHAKEDOWNHAWAII0,499,1999
10,UP8727-PPSA20188_00-0333740456812142,1449,2899
10,JP6388-CUSA56735_00-0401957504796310,1599,1999
10,UP1063-CUSA07036_00-HAPPYBIRTHDAY000,1599,3999
10,UP2535-CUSA10750_00-AREZ0001TSAMCPS4,1499,2999
10,UP0283-PPSA18191_00-0792695179616735,1499,4999
10,EP4539-PPSA19035_00-0929460866492392,1979,2999
10,UP7818-PPSA15524_00-0614420363295200,599,1999
10,UP3202-PPSA34895_00-0121985794720991,809,899
10,EP4539-PPSA15285_00-0804658770440128,1999,2499
10,UP1063-CUSA07269_00-THESILVERCASEPS4,399,1999
10,UP1023-PPSA29594_00-0000000000000000,974,1499
10,UP7168-PPSA37247_00-0790416802463630,399,499
10,UP7669-CUSA49834_00-0634560499808387,1399,1999
10,UP8599-PPSA17170_00-0395164079175805,1019,1199
10,HB1689-CUSA55366_00-0194722846554807,824,1499
10,UP2158-PPSA28312_00-BEATEMUPCOLPS5NA,1499,1999
10,UP1778-PPSA10974_00-BROKPS5000000000,799,1999
10,UP2500-CUSA24514_00-US0CITIZENSU0PS4,1199,2999
10,UP0969-CUSA29499_00-THEGOODLIFE00000,1599,3999
10,UP0118-CUSA47545_00-0717629543138029,999,1999
10,UP1063-CUSA04646_00-0000000000000000,1499,2999
10,UP6502-CUSA30204_00-2163103184533696,499,999
10,UP4133-CUSA12508_00-NECROMUNDAUHWARS,399,1999
10,UP7962-PPSA12237_00-2795221360616187,139,199
10,UP5180-PPSA06443_00-WAVETALESIEA0000,599,2999
10,UP2047-PPSA05384_00-KONA1MAINGAMEPS5,224,1499
10,UP0969-PPSA05840_00-2994433267166452,1499,2499
10,UP0031-CUSA20294_00-NEPVIRTUALSTARS0,799,3999
10,JP0122-PPSA26962_00-0000000SNEZHINKA,839,1199
10,UP8703-CUSA48213_00-0308928132820832,1049,1499
10,UP7315-PPSA19800_00-GERARRANGERARRAN,799,1999
10,UP6301-CUSA25566_00-2791104902411940,499,999
10,UP1470-CUSA13469_00-XENONRACER2030XR,99,999
10,UP0031-CUSA10444_00-GAME000000000000,749,2999
10,UP4179-CUSA04445_00-SKYFORCEANNIVERS,799,999
10,UP3177-CUSA40684_00-0000000000000000,374,1499
10,JP0122-PPSA33813_00-0263302735966416,799,999
10,EP3185-PPSA26367_00-BASEGAME00000000,699,1999
10,UP5155-PPSA27356_00-KINGDOMSHELL0000,1169,1799
10,UP3535-PPSA16750_00-0194917150594610,659,1999
10,UP2005-PPSA28623_00-KEEPERSTOLL00000,524,699
10,UP6665-PPSA20115_00-TDF2400000000000,749,2999
10,JP6388-CUSA52637_00-0670101124392632,1599,1999
10,UP5223-PPSA27127_00-MYTHWRECKEDPS5WW,1624,2499
10,UB0595-PPSA25047_00-0045036645941995,1259,1799
10,UP7818-PPSA15258_00-0729324666947219,699,1999
10,UP1195-CUSA14243_00-WTFIGHTERSPS4000,399,1999
10,UB1486-CUSA55861_00-0127425819934379,824,1499
10,UP2060-CUSA07824_00-0000000DUNGEONS3,989,2999
10,UP4139-CUSA13583_00-AOWPREMIUM000000,1949,6499
10,UP4133-CUSA10781_00-THECOUNCILALLEPS,449,1499
10,UP4713-PPSA24128_00-0178589152073139,1799,2999
10,UP3003-PPSA05211_00-4328145990381413,1799,2999
10,UP8536-PPSA15584_00-TWILIGHTZONE0000,1199,1999
10,EP5987-PPSA34481_00-ULGPRIESTSIM0001,1699,1999
10,UP1713-CUSA25361_00-LBCB000000000000,1259,2099
10,UP0969-CUSA02226_00-APP0000000000001,359,1199
10,UP1063-PPSA06018_00-YURUKILLGAMESPS5,1199,3999
10,UP3250-CUSA15037_00-DOORKICKERS0SIEA,449,1499
10,UP0182-CUSA09856_00-TEMPEST400000001,399,1999
10,UB0797-CUSA50064_00-0253035046628911,419,599
10,UP8281-PPSA35480_00-0129888705347668,1959,2449
10,UP1023-PPSA16840_00-0000000000000000,999,1999
10,UP0031-PPSA22676_00-NEPBIKEMAINGAME0,799,3999
10,UP6088-PPSA25994_00-0570459330518610,874,2499
10,UP0700-CUSA18489_00-DORABOKUUS000000,1499,4999
10,JP5361-CUSA53717_00-KAIRO00000177000,979,1399
10,UP5465-CUSA18767_00-DRAUGENRTG000001,599,1999
10,UP5946-PPSA09794_00-ONI0000000000001,1199,2999
10,UP1063-CUSA16035_00-UTAWARERUMONOZAN,1799,5999
10,EP5519-PPSA27616_00-0088410006075295,2099,2999
10,EP4389-PPSA24515_00-EMUPS1ALONEDARK2,599,999
10,UP4040-CUSA17845_00-OUTDOORADV000001,599,1499
10,UP4133-CUSA04733_00-00000000THESURGE,299,1499
10,UP0825-PPSA05048_00-WHITESHADOWS00US,399,1999
10,UP5180-PPSA08411_00-CURSEDTOGOLFP5US,399,1999
10,UP0118-CUSA44637_00-0983511086118423,1749,2499
10,UP0676-CUSA54726_00-0494202243268811,1319,1999
10,JP0118-CUSA55166_00-0413372185319286,1749,2499
10,UP0969-PPSA09593_00-00000000MARFUSHA,599,1199
10,UP5946-CUSA24369_00-00WINGOFDARKNESS,299,2999
10,EP6941-PPSA23595_00-0893233998288381,1099,1999
10,EB2488-PPSA35892_00-0128404873527324,849,999
10,UP0182-PPSA25423_00-IROBOTTHEGAMEPS5,824,1499
10,UP4008-CUSA18665_00-MTC0SIEA00000000,449,2999
10,UP8519-PPSA30102_00-0981998017171386,1234,1899
10,UP5875-CUSA25365_00-1819942754157859,499,999
10,EP0896-PPSA35541_00-MANAFINDERRATGAM,839,1199
10,UP4108-CUSA24464_00-SM8EMPMASTER0000,2999,5999
10,UP2500-PPSA19431_00-US0GENSOC0000PS5,749,1499
10,UP2127-CUSA00708_00-RACETHESUNPS4001,299,999
10,UP3864-PPSA17278_00-WTIRONHOT00PS5NA,1199,1999
10,UP2764-CUSA19361_00-PROJECTWARLOCKUS,449,1499
10,UP6088-PPSA19256_00-0323865325962370,3149,8999
10,EP8073-PPSA26167_00-ELEMENTALWARCLAS,999,1999
10,UP5290-CUSA34061_00-4487972178261579,199,1999
10,JP0118-CUSA54179_00-0638597734210642,999,1999
10,UP5766-CUSA42415_00-0194314303677396,877,1949
10,EP2127-PPSA26904_00-WHISKERSQUADRONS,999,1999
10,UP3696-CUSA15274_00-FTGPS4NA00000000,1199,3999
10,UP6088-PPSA02554_00-1474235929159519,699,1999
10,UP5180-PPSA06485_00-0149003179682129,699,3499
10,UB1706-CUSA54611_00-0521250230179390,774,1549
10,UP0895-CUSA12536_00-000000000WARTILE,499,1999
10,UP3824-PPSA05851_00-RYANSWORLDGAME01,599,3999
10,UP0969-CUSA02225_00-ASTEBREED0000000,499,1999
10,UP2047-CUSA07307_00-DREAMFALLCHAPTER,199,1999
10,UP1063-CUSA05257_00-PS4GAME000000001,599,1999
10,UP1057-PPSA23116_00-0176190403782828,1499,2499
10,UP2329-CUSA08141_00-1234201622223333,599,1999
10,EP0896-PPSA29294_00-SCURGEHIVERATGAM,824,1499
10,UP0115-CUSA15234_00-NAESPIRE10000000,499,1999
10,UP2777-PPSA13948_00-0469292323799730,749,1499
10,EP5987-PPSA27760_00-GOREDOCTORULG001,999,1999
10,UP3515-CUSA46429_00-CONTRAPTIONSCUSA,599,1999
10,EP5519-PPSA27624_00-0775905744723603,2099,2999
10,UB0714-CUSA48929_00-0604786185634773,449,1499
10,UP1778-PPSA06876_00-DEMONPS500000000,199,999
10,UP3643-CUSA09747_00-0000000MINITGAME,249,999
10,UP4713-CUSA34616_00-0194572918853616,1999,4999
10,UP2833-CUSA56654_00-0566329929310165,599,999
10,UP5526-CUSA44231_00-KAIRO00000147000,839,1199
10,UP3177-PPSA19152_00-0956465362695730,699,999
10,HB1069-PPSA32965_00-0701704600161672,399,499
10,UP1063-PPSA06606_00-FALLENLEGNREVPS5,799,3999
10,UP2777-PPSA18167_00-0519882242053204,1499,2999
10,UP1063-CUSA11862_00-APP0000000000001,1499,4999
10,JP0118-CUSA56365_00-0282353354247091,999,1999
10,UP0969-CUSA16023_00-BREAKARTS2US0000,999,1999
10,UP0118-CUSA47549_00-0784653251261889,999,1999
10,UP4042-CUSA18429_00-CASTLESTORMII001,799,1999
10,UP2005-CUSA16060_00-THELETTER0000000,799,1999
10,EP5987-PPSA24936_00-0684038803973497,799,1999
10,UP7555-PPSA19770_00-0002283774102108,299,999
10,UP0700-CUSA04731_00-NECROPOLISBUNDLE,299,2999
10,UP1713-CUSA20645_00-SAW2000000000000,999,2499
10,UP6665-PPSA04070_00-R220000000000000,199,1999
10,UP5155-PPSA04357_00-7301804723821054,384,1099
10,UP4744-CUSA23392_00-9846835843874284,499,1999
10,UP7680-PPSA16677_00-HAUNTIISIEAPS500,999,1999
10,UP4713-CUSA33611_00-8108456421692545,499,1999
10,EP3024-CUSA48986_00-MOORHUKART4PS4WW,1499,2499
10,UP4729-PPSA12337_00-9608901067909596,599,1499
10,UP0891-PPSA04059_00-RGWITHINTHEBLADE,329,1099
10,UP2158-PPSA16424_00-QUBYTEADOREPS5NA,1399,1999
10,UP0700-PPSA07141_00-SYNEADLXEDITION0,2449,6999
10,UP2158-CUSA30869_00-DEVILINSIDEUS0NA,974,1499
10,UP2100-PPSA28387_00-0220033860943275,999,1999
10,UP0969-CUSA31501_00-TASOMACHI0000000,999,1999
10,UP5946-CUSA24371_00-CLMARCHENFOREST0,349,3499
10,UP2985-CUSA09588_00-BANANA0000000000,499,1999
10,UP5807-CUSA18507_00-WRI001FFSCEA0001,399,799
10,UP0118-CUSA45654_00-0655324702440952,999,1999
10,UP4459-CUSA10997_00-DOCTORDEKKERGAME,389,1299
10,UP6927-PPSA19240_00-0100548298937628,999,2499
10,UP4042-CUSA30207_00-CELECTRIQE000000,799,1999
10,UB0640-PPSA25236_00-0000000000000001,199,999
10,EP8733-PPSA22450_00-0375647599448716,799,999
10,UP6714-CUSA26097_00-KB2LORDS000000US,674,4499
10,UP0182-PPSA09089_00-0566977311990122,899,2999
10,UP3696-PPSA09819_00-BEHOLDER3PS5NA00,599,1999
10,UP0118-CUSA45643_00-0533286414187199,999,1999
10,UP4713-PPSA16236_00-0773142665973507,1249,2499
10,UP4729-PPSA14246_00-0721901976985489,599,1499
10,UP7962-PPSA10206_00-8910302024007339,139,199
10,EP6019-PPSA25615_00-0421035980794074,1199,1999
10,UP3177-PPSA22107_00-0653331621147838,699,999
10,EP5506-PPSA37304_00-UNI3DHOTVACAYPS5,174,249
10,EP5470-PPSA25222_00-0495375352291321,449,999
10,JP0118-CUSA55167_00-0058011131283821,1749,2499
10,UP5526-CUSA24052_00-KAIRO00000107000,139,1399
10,UB0797-CUSA50008_00-0592074135919666,1049,1499
10,UP4489-CUSA00748_00-ANOTHERWORLD0000,279,799
10,UB1503-PPSA28147_00-0058969546125964,1049,1499
10,UB1220-CUSA54237_00-0691198329757750,1124,1499
10,EP5360-PPSA21954_00-0782872315760662,1499,5999
10,UP3789-CUSA31096_00-8599022951151127,199,499
10,UP6261-PPSA13898_00-0343523473032623,1499,2999
10,UP0031-CUSA06963_00-GAMEDARKROSEUSA0,599,1999
10,UP5155-PPSA14745_00-TOODEEANDTOPDEE0,699,1999
10,UB0836-PPSA32110_00-CLAWPUNKSTANDARD,399,999
10,UP6472-PPSA29041_00-SAKURABUNNYGIRLS,499,999
10,UP2833-CUSA57112_00-0264357174173818,539,899
10,UP3535-PPSA16469_00-0384275468741037,299,999
10,UP7610-CUSA32934_00-0135259370639273,524,1499
10,UP3202-PPSA34899_00-0034540061405510,899,999
10,UP1063-CUSA17444_00-LAMULANA20000000,874,2499
10,UP1063-CUSA32576_00-KAMIWAZAWOTT0000,799,3999
10,UP0737-CUSA27439_00-0265103651506215,1399,1999
10,UP5290-PPSA06458_00-2313102725172726,399,1999
10,UP1713-CUSA25360_00-LBCA000000000000,1259,2099
10,UP4459-PPSA15900_00-FIVEDATESPS5SIEA,599,1499
10,UP6718-PPSA38313_00-0855697510378562,1499,1499
10,EP7919-CUSA34884_00-9978783722478576,1039,1299
10,UP1063-CUSA17443_00-LAMULANA1AND2BUN,1224,3499
10,UP4735-CUSA13809_00-LOSTWORDSGAME000,674,1499
10,UP0969-CUSA32805_00-SAMURAIBRINGER00,499,999
10,UP2715-CUSA29672_00-AIRPORTDAYPS4NA0,699,3499
10,UP5290-CUSA29932_00-7465873015639856,199,1999
10,UP4363-CUSA05174_00-BATTLEZONE000000,1049,3499
10,UP3226-CUSA13638_00-INDEATHVRREL1000,1799,2999
10,UP2005-PPSA32744_00-ATOMICOWL0000000,1039,1299
10,UP3824-CUSA15718_00-RWRBASEGAME00001,499,2499
10,UB0714-CUSA49761_00-0890725537468195,599,1499
10,UP5552-PPSA07663_00-3094599612976205,399,1999
10,UP4008-CUSA15509_00-HB21SIEA00000000,399,1999
10,UP6963-PPSA20720_00-0214232037608686,599,1499
10,UP6927-PPSA27857_00-0607465913958176,1249,2499
10,UP0737-CUSA16619_00-TOKYOCHRONOSPATY,1499,2999
10,UP2187-CUSA15811_00-SBHPS4SIEADIGI00,449,1499
10,UP1681-PPSA23491_00-THEATPS52024SIEA,539,1799
10,UB0714-CUSA49542_00-0935220129514080,599,1499
10,EP0782-PPSA31748_00-0547561754154973,1061,1249
10,UP2005-CUSA03444_00-RAINBOWSKIES0001,899,2999
10,UP1241-CUSA11698_00-FLIPPINGDEATH001,499,1999
10,UP3003-CUSA27248_00-3820002823485249,989,2999
10,UP5526-CUSA43866_00-KAIRO00000169000,599,1199
10,UP4382-CUSA15487_00-CTTSDIGIDDELUXE0,299,2999
10,UP5155-PPSA25557_00-HTR0000000000000,1299,1999
10,UP7680-PPSA11504_00-2371589996210337,1199,1999
10,EP0782-PPSA31661_00-0299604825142456,1274,1499
10,UP0031-CUSA01915_00-GAMEOMEGAQUINTET,799,1999
10,UP3178-PPSA04767_00-4414413724107890,269,1799
10,UP1715-PPSA05540_00-7330515555784427,1199,1599
10,UB0797-CUSA49087_00-0108246090547964,1049,1499
10,UP1003-CUSA09125_00-DOOMVFR000000000,374,1499
10,UP0115-CUSA11283_00-USKILLINGFLRPSVR,499,1999
10,UP7680-PPSA15984_00-BBBSIEAPS5000000,799,1999
10,UP2844-CUSA10592_00-HAZEROEPISODE001,779,1299
10,UP4618-CUSA14991_00-NEXTGENSANDBOX01,199,999
10,UP7543-PPSA10697_00-1897462400202867,649,1299
10,HB1050-CUSA59368_00-0315049368075731,1499,2999
10,UP2985-CUSA04253_00-THEASSEMBLY00000,599,2999
10,UP0891-PPSA08783_00-RATALAIKAGVOYAGE,749,1499
10,UP6410-PPSA29102_00-0896471929400473,999,1999
10,UP2500-PPSA04344_00-US0ALPHAG0200PS5,749,1499
10,EP5987-PPSA26563_00-0264115005618219,659,1199
10,UP6479-CUSA26912_00-2566556070177226,599,1999
10,UP5526-CUSA23782_00-KAIRO00000046000,699,1399
10,UP2005-CUSA17582_00-GUNLORDX00000000,399,999
10,UP7680-PPSA08510_00-8411269739407439,494,1499
10,UP2680-CUSA28407_00-7578647884382044,399,1999
10,EP4382-PPSA20309_00-0757271136808767,749,2499
10,UP6410-PPSA36158_00-0785893156944000,499,999
10,UP7316-CUSA33275_00-FUELEDUP00000000,999,1999
10,UP1023-CUSA05785_00-TOUHOUSCARLET000,749,1499
10,UP1681-PPSA11322_00-CRIMSEC22PS5SIEA,449,1499
10,UP4064-CUSA01880_00-ESCSUPER00000000,499,2499
10,UP2500-CUSA48914_00-US0IHANASHI00PS4,1199,2999
10,UP3696-CUSA15022_00-AIRPORTSIMPS4US0,899,2999
10,UP2535-CUSA43883_00-THSHOUJOTALE0000,2099,2999
10,UP1850-CUSA16361_00-CONANCHOPCHOP001,799,1999
10,UP0969-CUSA02380_00-0000000000000000,599,1499
10,UP3604-PPSA16597_00-0892384547785559,799,1999
10,UP6472-PPSA20812_00-SAKURASUCCUBUS70,499,999
10,UB0108-CUSA59013_00-0250130501384785,799,999
10,UP6261-PPSA25191_00-REALHEROESFFHD00,599,1499
10,UP0283-PPSA15836_00-0658692497408213,399,3999
10,UP4384-CUSA36991_00-TM0BUNDLE7IN1PS4,1199,3999
10,UP0005-CUSA01937_00-DEADLYTOWEROFMON,449,1499
10,UP1023-PPSA06929_00-DEADCRAFTPS50002,449,1499
10,UP2514-CUSA26079_00-STRUGGLING000000,449,1499
10,UP5155-PPSA18372_00-ATHENIANRHAPSODY,974,1499
10,UP3252-PPSA37286_00-JANDUSOFT0000001,1049,1049
10,UP3004-CUSA12494_00-FSWCOLLECTORSDIG,999,4999
10,UP2194-CUSA16029_00-PSRDEERHUNTINPRO,299,999
10,UP4489-CUSA08214_00-0257157051745164,1874,2499
10,UP6088-CUSA24069_00-1451679214687622,874,2499
10,UP0969-CUSA29163_00-THESEALEDAMPOULE,1199,1999
10,UP0082-CUSA11229_00-LEFTALIVEDAYONE0,599,5999
10,UP4338-CUSA14668_00-LEGRANDLEGACY000,399,1999
10,UP0182-PPSA07606_00-0000000000000001,499,1999
10,EP1762-PPSA32853_00-BROKTBRAWLBARPS5,699,999
10,UP1063-CUSA08566_00-KBT4GAME00000001,599,1999
10,UP4040-CUSA17384_00-BOOKOFDEMONS0USA,249,2499
10,UP6261-PPSA27019_00-0679710665118767,499,999
10,UP0118-CUSA45659_00-0694850283593923,999,1999
10,EP5987-PPSA28916_00-ULGMACHINES00001,1099,2199
10,UP8703-CUSA49135_00-0094866556872118,699,999
10,UP0082-CUSA00794_00-B000000000001094,434,2899
10,UB2030-CUSA57136_00-0650201472380641,1049,1499
10,UP3165-PPSA12484_00-LUDOXXLAMERIKPS5,999,1999
10,UP0969-CUSA07546_00-AOS0000000000000,359,1199
10,UP7962-CUSA36757_00-3288924276109988,139,199
10,UP8703-CUSA48112_00-0354340108826419,1049,1499
10,UP1713-CUSA16705_00-SAWVR00000000000,999,2499
10,UP2535-CUSA47680_00-AVARIS3US0000000,2029,2899
10,UP4459-CUSA10536_00-TIMECARNAGEPS4VR,799,1999
10,UP4713-CUSA28128_00-1779802325004971,749,2999
10,UP4384-CUSA04651_00-BUNDLEASPS40000U,299,999
10,UP3061-PPSA02591_00-0000000000000016,1999,3999
10,UP0118-CUSA47553_00-0531144390901322,999,1999
10,UP4064-PPSA05368_00-3840975834188389,499,1999
10,UP4382-PPSA07393_00-GORINEONUSBUNDLE,719,2399
10,UP4008-CUSA07476_00-OUTCAST000000000,599,1499
10,UP4618-PPSA30344_00-0139868628242848,749,1499
10,UP4384-CUSA04650_00-DGDDDKPS4000000U,449,1499
10,UP2047-CUSA17538_00-ARELICTA00000000,199,1999
10,UP4139-PPSA21461_00-ATOSTARTERSET001,2811,3749
10,UP2005-PPSA25699_00-MONTEZUMAREVENGE,749,1499
10,UB1220-CUSA55294_00-0097739234050744,1124,1499
10,UP5526-CUSA33519_00-KAIRO00000153000,599,1199
10,JP0013-PPSA27994_00-JP0SOLITUDE00PS5,1199,1999
10,UB0429-PPSA22422_00-0282531436178026,1049,1399
10,UP4713-CUSA29033_00-0335823790362543,1574,3499
10,UP4040-CUSA03768_00-LONEWOLF00000000,149,1499
10,UP2715-CUSA06771_00-FIREFIGHT17PS4US,599,2999
10,UP4136-CUSA06228_00-STARHAMMER000001,499,1999
10,UP0737-CUSA19573_00-SP00000000202002,1499,2999
10,UP4729-PPSA16831_00-0218478258043884,799,1999
10,UP4064-PPSA13723_00-CLASSIFIEDDX0000,799,3999
10,UP3177-CUSA16431_00-0000000000000000,899,4999
10,EP5506-PPSA34410_00-ELSDMT2000000000,489,699
10,UP2339-CUSA29701_00-6535406124709330,599,1999
10,UP4654-CUSA12796_00-0000000000000002,699,999
10,UP1063-CUSA06521_00-0000000000000001,899,2999
10,UP1681-CUSA07571_00-GRIMLEGENDS1SIEA,449,1499
10,UP6472-PPSA20810_00-SAKURAMELODY0000,499,999
10,UP1063-CUSA15673_00-NINELIVES0000000,1249,4999
10,UB0342-PPSA27043_00-0721389548337788,1874,2499
10,UP2715-CUSA13778_00-SPACEBLAZEPS4US0,399,1999
10,UP0182-PPSA13515_00-0005489104440000,749,2499
10,UP0737-CUSA27405_00-5690487023106667,749,1499
10,UB0429-PPSA23299_00-0450280834770729,974,1299
10,UP4729-CUSA24861_00-9983888761386208,719,1799
10,UP2715-CUSA15231_00-NIGHTFALLPS4NA00,599,2999
10,UP7962-PPSA10243_00-9414223979648060,139,199
10,EP5506-PPSA36337_00-DAMSELSINDISTPS5,299,499
10,UP2047-CUSA19065_00-GODSWILLFALL00US,224,1499
10,UP4729-CUSA32763_00-4208522065999277,599,1499
10,UP6927-PPSA06122_00-1423229766602457,319,799
10,UP2005-PPSA29729_00-SUPERMININGMECHS,699,999
10,UP3515-PPSA03203_00-CLASSICRACERSUS5,1049,3499
10,EP5987-PPSA25246_00-0790207443574046,749,2499
10,JP0122-PPSA35453_00-0517806557557195,959,1199
10,UP4713-PPSA16442_00-0787186237514938,1349,2999
10,UP4040-CUSA02572_00-ADR1FTGAME000001,499,1999
10,UP2715-CUSA05490_00-FORE17PS4US00000,399,1999
10,UP1681-PPSA06379_00-DEMONHUPS522SIEA,449,1499
10,UP5223-CUSA25789_00-USAAGROUNDFULL00,449,1499
10,UP3178-CUSA17717_00-MINUTEOFISLANDS1,199,1999
10,UP2194-CUSA20143_00-PSRPRODEERHUNT02,299,999
10,UP4008-CUSA13661_00-MLRCSIEA00000000,599,1999
10,UP7631-PPSA28254_00-0836895081499552,139,699
10,UP5526-CUSA23811_00-KAIRO00000040000,699,1399
10,UP0943-CUSA02503_00-ETHERONEGAMEPS4E,1099,1999
10,UP4384-CUSA04648_00-DOODLEGODPS4000U,179,599
10,UP4382-PPSA03481_00-0367330430016407,749,2499
10,UP7962-PPSA10240_00-8445289976839185,139,199
10,UP7962-PPSA10298_00-8267825774217854,139,199
10,UP0814-CUSA25087_00-CLIDTHESNAIL2021,199,1999
10,EP0896-PPSA31542_00-SF3RARATALAGAMES,499,999
10,UP3165-PPSA23819_00-IRONWINGSPS5USOA,499,1999
10,JP6175-CUSA51395_00-0459608970590612,749,1499
10,UP0891-PPSA09968_00-HOWTOFOOLALIARRG,599,1499
10,EP0782-PPSA30545_00-0595134452254379,999,1249
10,UP5521-PPSA04684_00-5906325538775753,844,1299
10,EB1457-PPSA26155_00-0149953471195518,909,1299
10,EP7256-PPSA33996_00-0393030144564394,599,999
10,UP2005-PPSA21529_00-MININGMECHS00000,399,499
10,UP6714-PPSA05096_00-MATOANOMALIES5US,224,1499
10,UP6472-PPSA15846_00-WOULDYOULIKETOR3,399,799
10,UP5223-PPSA06289_00-CALICOPS5USAFULL,419,1199
10,EP0896-PPSA28188_00-THEFAIRYSSECRERG,599,1199
10,UP3177-CUSA19182_00-GLEAMLIGHT000000,399,1999
10,UP5290-CUSA30567_00-6641950785871863,199,1999
10,UP2715-CUSA12003_00-STARTRAILNA00001,599,2999
10,UP7962-PPSA12233_00-4703086886391288,139,199
10,UP3824-CUSA10446_00-HT3MONSOVERBOARD,624,2499
10,UP0969-CUSA02130_00-PRISMATICSOLID01,599,999
10,UP3643-CUSA02996_00-NOTAHEROUS000001,324,1299
10,UP2715-CUSA03808_00-ROABODPS4US00000,599,2999
10,UP6665-PPSA14199_00-TDF2300000000000,499,1999
10,EP2649-PPSA33620_00-0532307713327691,1499,2999
10,UP7962-PPSA11111_00-3963477570952585,139,199
10,UP7962-PPSA10244_00-0299648543059243,139,199
10,UP1790-CUSA27483_00-7033736696769748,749,2499
10,UP1842-CUSA06215_00-SPACERIFT0000000,499,1999
10,UP1681-CUSA09191_00-GRIMLEGENDS2SIEA,449,1499
10,UP1681-PPSA04572_00-EFSHADOW0PS5SIEA,449,1499
10,UP1014-CUSA16636_00-HMMADDASH0000000,999,1999
10,UP2077-CUSA08009_00-SHAKEDOWNHAWAII0,499,1999
10,UP2158-PPSA33074_00-SHROOMTOPIAQBPS5,749,999
10,UP2005-PPSA35904_00-MAGICEXPOSURE2VN,349,499
10,UP2158-CUSA30476_00-6367413835818672,559,799
10,UP6963-CUSA45298_00-0187200806708356,739,3699
10,EP5987-PPSA30705_00-ULGSNAKE00000001,779,1299
10,UP1057-CUSA29946_00-9592841663725804,1249,2499
10,HB2024-PPSA37789_00-0292037808657430,299,499
10,UB1264-CUSA53189_00-0205638562009364,674,1499
10,UP2535-CUSA13437_00-0000000000000000,749,2499
10,UP5192-CUSA25815_00-0597171403187555,479,599
10,UP2005-PPSA20430_00-ANOTHERWORLDMAHJ,499,999
10,UP1440-PPSA13621_00-0005384136268525,299,1999
10,UP2158-CUSA44375_00-CHIPMONK000PS4NA,699,999
10,UP3004-CUSA29806_00-FURYOFDRACULASIA,1599,1999
10,UP0969-CUSA16245_00-0000000000000000,899,1999
10,UP1440-PPSA16247_00-RJ840000000NAPS5,199,1999
10,EP4358-CUSA55605_00-WILDWESTSHOOTER4,899,2999
10,UP0891-PPSA10608_00-RATALAGASAVEROOM,199,499
10,UP2500-PPSA08952_00-US0FAIRYE0000PS5,749,1499
10,UP2005-PPSA07211_00-SUPERWODENGP0000,599,1199
10,UP1681-CUSA28199_00-AIWCC0000000SIEA,2999,5999
10,UP2158-PPSA27767_00-DEEPNIGHTMARE5NA,699,999
10,UB1011-PPSA24323_00-0970094572187472,239,799
10,UP4293-CUSA12186_00-ALLSTARFRUITRACE,99,999
10,UP6665-PPSA07389_00-HLRS00DELUXE0001,599,2999
10,UP6714-PPSA03417_00-DOLMENGAMEPS5US0,599,1999
10,EP4902-PPSA26570_00-0196823586533255,399,999
10,UP5155-PPSA21411_00-FROGUNENCORE0000,584,1299
10,UP4713-CUSA28126_00-0131180449950518,599,2999
10,UB0383-PPSA34517_00-0973463093496857,644,2149
10,UP0842-CUSA15479_00-BATTLEPLANETUS00,499,999
10,UP5526-CUSA43788_00-KAIRO00000100000,599,1199
10,UP1790-PPSA14721_00-0451462013594164,749,2499
10,EP6922-PPSA26445_00-0595046176602941,399,999
10,UP2500-PPSA30741_00-US0AMENACE000PS5,749,1499
10,UP2715-CUSA17875_00-AIRPORTHEROPS4US,599,2999
10,UP2500-PPSA04985_00-US0AEMETH0000PS5,749,1499
10,UP1063-CUSA19309_00-0000000000000000,899,2999
10,UP2985-CUSA08547_00-BLOODYZOMBIES000,674,1499
10,UP1440-PPSA19584_00-EOSDELUXEPS5SIEA,998,2699
10,UP4008-CUSA15508_00-RUGBY20SIEA00000,199,999
10,UP2005-PPSA26579_00-MAKISADVENTURE00,499,999
10,UP2005-PPSA28786_00-HALLOWEEN1985000,249,499
10,UP2535-CUSA17878_00-XXXXXXXXXXXXXXXX,649,1299
10,UP3643-CUSA07722_00-STRAFEBASEGAME00,299,1499
10,UP1643-PPSA03147_00-DARKMYBUNJDPS5US,3199,3999
10,UP4729-CUSA40293_00-0249525012859239,719,1799
10,UP0773-CUSA20289_00-0000000000000000,644,1499
10,UP0969-CUSA06015_00-KEROBLASTERUS000,399,999
10,UP3515-CUSA42648_00-MARTIANPANICSIEA,749,2499
10,UP7680-PPSA11502_00-7262139651354993,494,1499
10,UP1440-CUSA08281_00-DAESTOMNA0000001,149,1499
10,EP0896-PPSA35394_00-ADVENTUROUSSLIRG,389,599
10,UP7543-PPSA21208_00-0605121123900610,424,849
10,UP2715-CUSA05451_00-FARM17PS4US00000,399,1999
10,UP0700-PPSA05236_00-LEGENDCOMPLETE00,1499,7499
10,UP3165-CUSA45405_00-MHSCHATZJA2PS4US,628,1849
10,UP2005-PPSA07741_00-COTSL4KEDITION00,149,299
10,UP4382-CUSA26325_00-TTGODELUXE000000,249,2499
10,UP3696-CUSA26927_00-ANIMALDOCPS4NA00,599,1999
10,UP1715-PPSA06688_00-4128751069253513,674,899
10,UP3515-CUSA08769_00-000000VEGASPARTY,389,1299
10,UP2833-PPSA35795_00-0501926528361314,1599,1999
10,UP2833-CUSA50597_00-0123363041734255,499,999
10,UP7962-PPSA09112_00-2285993795028294,139,199
10,UP1918-CUSA08151_00-0004334033028820,299,999
10,UP3696-PPSA14677_00-HARVESTDAYSPS5NA,599,1999
10,UP4064-PPSA11545_00-GORDDELUXE000000,739,3699
10,UP1023-CUSA16152_00-HEROLAND00000000,449,1499
10,UP2005-PPSA07646_00-BOTGAIDEN0000000,599,1499
10,EP5470-PPSA08031_00-2536471118846637,239,1599
10,UP4713-PPSA16281_00-0519655859227818,999,2499
10,EP5987-PPSA31082_00-ULGBUSWORLD00001,1399,1999
10,UP8703-CUSA48803_00-0831668180832115,699,999
10,UP2715-CUSA03809_00-PINEVIEWPS4US000,599,2999
10,UP1440-CUSA06656_00-DAEDASILENCE0001,149,1499
10,UP6261-CUSA27420_00-5403833208860034,519,1299
10,UP4382-PPSA16847_00-BULWAUSLECTORBUN,524,2099
10,UB1503-PPSA35833_00-0293007956713820,909,1299
10,UP5642-CUSA16400_00-EFFIEUSA00000000,499,1999
10,EP0896-PPSA28255_00-1989AFTERTHEWARG,299,599
10,UP4628-CUSA15272_00-0000111122223335,169,1699
10,UP2194-PPSA06970_00-PRODEEROUTWEST01,299,999
10,UP4312-PPSA08250_00-8066863544136440,349,699
10,UP2715-CUSA09459_00-FARMAMERICAPS4US,499,2499
10,UP3643-CUSA23839_00-OLIJAPS4SIEA0000,299,1499
10,UB0382-PPSA21051_00-0299405374228306,399,1999
10,UP8446-PPSA27702_00-0210909367107307,224,499
10,EP4539-CUSA51756_00-0563353095656017,3999,4999
10,UP3004-CUSA08113_00-FISHINGULTIMATE1,899,4499
10,UP2715-CUSA15232_00-MOUNTAINRESPS4NA,599,2999
10,UP0891-PPSA15470_00-SEPHONIERATAGAME,999,1999
10,UP2005-PPSA04129_00-VENUSIMPROBDREAM,299,999
10,UB1503-PPSA36478_00-0634312235762345,1049,1499
10,UP7962-PPSA11117_00-8080940396460659,139,199
10,UP0704-CUSA09877_00-FALLENLEGIONFOR4,299,1999
10,UP7962-CUSA36753_00-1931966591181937,139,199
10,UP4362-CUSA10972_00-SWORDSNSOLDIERS2,224,1499
10,UP5631-CUSA24970_00-0123012301230123,699,999
10,JP5593-PPSA31366_00-0109554914688688,319,1599
10,UP2158-CUSA29387_00-REDRONINQUBYTENA,559,799
10,EP0896-PPSA28241_00-ZOOPARASITERATGA,479,1199
10,EP0896-PPSA28320_00-KARMACITYPOLICRG,599,1199
10,EP5987-PPSA28175_00-ULGZOMBIEDEF0001,639,799
10,UP2158-CUSA33972_00-RADICALREX1PS4NA,559,799
10,UB0337-PPSA29943_00-0163000140982756,179,299
10,UP2500-PPSA06451_00-US0LDRAGON000PS5,749,1499
10,UP0891-CUSA12094_00-RGDEVIOUSDUNGEON,79,799
10,UP2005-PPSA14213_00-MAGICEXPOSURE000,199,499
10,UP4489-CUSA16122_00-TRUEFEAR20000000,349,999
10,UP2194-CUSA12078_00-PSRELKSIMULATOR1,299,999
10,UP2715-CUSA10366_00-FIREPLANTPS4US00,499,2499
10,UP3696-CUSA15382_00-HIGHWAYCOPSPS4US,899,2999
10,UP3515-CUSA30200_00-WORLDQUIZUSA0000,299,999
10,UP4312-PPSA29426_00-0220900315916698,349,699
10,UP1778-PPSA06874_00-RIDDLEDPS5000000,199,999
10,UP1440-CUSA12932_00-DEANATLJH0000001,149,1499
10,UP0785-PPSA15359_00-0339487516783861,199,499
10,UP5290-CUSA27962_00-0771134362286867,299,2999
10,UP6927-PPSA20134_00-0287317083721528,479,1199
10,UB0528-CUSA55884_00-0385775224487898,549,1099
10,UP6472-PPSA06756_00-WOULDYOULIKETOR2,399,799
10,UP2005-PPSA05910_00-AYOTHECLOWN00000,799,1999
10,UP5552-CUSA24253_00-0754001943513003,399,1999
10,UP5526-CUSA24046_00-KAIRO00000125000,699,1399
10,EP4897-PPSA23741_00-0198815293731721,399,999
10,UP5223-PPSA07677_00-BEASTSPS5SIEA000,299,999
10,UP3050-CUSA09194_00-DIGITALDELUXEEDI,599,3999
10,UP5552-PPSA03407_00-2320403211075816,299,1499
10,UP0891-PPSA15089_00-EMBRACEDBYAUTURG,759,1899
10,UP3177-CUSA11335_00-0000000000000000,199,1999
10,UP5290-PPSA16174_00-0297206343634422,149,1499
10,UP5290-CUSA32395_00-8087357034257696,149,1499
10,UP2005-PPSA23768_00-CATTIEGAME000000,174,499
10,UP1643-PPSA02800_00-3885561952369190,1499,2499
10,UP5325-CUSA56674_00-0210280643450992,769,1099
10,UP5552-CUSA44251_00-0755648523790993,299,1499
10,EP0896-PPSA29839_00-CORALINARATGAMES,249,499
10,UP0891-PPSA15468_00-CYBERCITIZENSHRG,329,599
10,UP6472-PPSA28923_00-WARRIORSWAIFUS00,249,499
10,UP2005-PPSA27073_00-OWLPROJEKTTWO000,249,499
10,UP0969-CUSA28176_00-0000000000000000,499,999
10,UP1440-CUSA10305_00-DAENASKYHILL0001,99,999
10,UP4713-CUSA40545_00-0285893214066816,299,1499
10,UP5880-PPSA11009_00-CYBERTD000000000,999,1999
10,EP0896-PPSA28339_00-DEEPUNDERRATAGAM,249,499
10,UB1116-CUSA55111_00-0546562692799671,679,1699
10,UB0337-PPSA36357_00-0600940568765759,179,299
10,UP5155-CUSA41192_00-VELOCITYNOODLE00,324,1299
10,UP2005-PPSA31453_00-HOTSTAKESCASIN01,299,499
10,UP2005-PPSA31211_00-ELECTRONICPLCOLL,599,799
10,UP0891-CUSA17405_00-RATALAIKAGREDBOW,99,499
10,UP2715-CUSA03807_00-JOESDINERPS4US00,399,1999
10,UB0797-CUSA48503_00-0088906509369029,299,999
10,UP7962-PPSA11121_00-4913446690722851,139,199
10,UP2500-PPSA22776_00-US0HXANA00000PS5,399,799
10,UP4729-PPSA14216_00-0879446173441866,499,1249
10,UP7962-CUSA36754_00-0020017104337026,139,199
10,UP1440-CUSA17671_00-EDNABUNDLEPS4NA0,299,2999
10,UP4389-CUSA07389_00-LOCKSQUESTUS0001,499,1999
10,UP1643-PPSA07455_00-SPTGMECOLJDPS5US,3199,3999
10,UP1778-PPSA06872_00-XENONPS500000000,199,999
10,UP2005-PPSA36517_00-NITROCITYRACING0,399,499
10,EB1697-PPSA37452_00-0724666385514983,839,1199
10,UP2005-PPSA22390_00-MYINCH0000000000,199,499
10,UP4312-PPSA07998_00-0146050116645219,349,699
10,UP6927-PPSA19071_00-0945260135694120,599,1499
10,UP4384-CUSA06159_00-TDBUNDLEPS400000,1199,3999
10,UP3165-PPSA02823_00-7961807975067510,299,1499
10,UP4312-PPSA07826_00-8546328342889320,349,699
10,UP2715-CUSA08040_00-PROCONSTPS4US000,499,2499
10,EP6922-PPSA27847_00-0904335450945106,749,1499
10,UP2005-PPSA36437_00-SPRINGBOTLASTSPA,349,499
10,UP0005-CUSA01515_00-ABYSSODYSSEYXPS4,449,1499
10,UP4370-CUSA17468_00-CUBERSARENA00000,374,1499
10,UP5155-PPSA05179_00-6874941407445025,524,1499
10,UP2194-CUSA07266_00-PSRDEERSIMULATOR,299,999
10,UP5155-PPSA04755_00-4503127171747560,349,999
10,UP8381-PPSA27759_00-ARENAFARMER00000,2699,3599
10,UP6695-CUSA36407_00-PORTALDUNGEONSNA,329,1099
10,UP6927-PPSA19008_00-0610492438883991,599,1499
10,UP4312-PPSA03802_00-0945734019688944,349,699
10,UB1503-PPSA35832_00-0990100488339647,769,1099
10,UP5155-PPSA08453_00-3796156147062627,349,999
10,UP1681-CUSA18504_00-UNCHARTIDES0SIEA,449,1499
10,EB0719-CUSA53266_00-0833370351831037,559,799
10,UP2005-PPSA05292_00-WINDOFSHURIKEN00,199,799
10,UP0891-PPSA10104_00-INTREPIDIZZYRATG,439,1099
10,UB0528-CUSA51720_00-0977690817225783,769,1099
10,UP4370-CUSA05103_00-WORLDSOFMAGICUSA,724,2899
10,UP2005-CUSA24125_00-PROJECTSTARSHIPX,249,999
10,UP1440-PPSA12358_00-IRONDANGERNA0000,199,1999
10,UB0249-CUSA57879_00-0527993882579585,239,299
10,UP2715-CUSA08044_00-TRANSPORTGPS4US0,399,1999
10,UP0891-PPSA20590_00-FROGGYBOUNCINGRG,199,499
10,UP4312-PPSA06692_00-8689271015493387,349,699
10,UP2005-PPSA28755_00-MWHPUSHBOX000000,174,499
10,EP5506-CUSA58270_00-0084664958957797,419,599
10,UP4312-PPSA17829_00-0624865035376651,399,799
10,UP2187-CUSA09675_00-SCPS4DIGISIEA000,849,1699
10,UP0891-PPSA07494_00-RGTALESOFARAVORN,799,1999
10,UP1681-CUSA24204_00-MASTERMIND00SIEA,1799,3599
10,UP5155-PPSA14740_00-TALEFORANNA00000,439,1099
10,UP4312-CUSA52666_00-0266074489948816,349,699
10,EP0896-PPSA35803_00-NINJORAECHOESRAG,419,599
10,UB0337-PPSA30207_00-0306809486350235,179,299
10,UP1023-PPSA13232_00-MELONJOURNEYPS50,299,999
10,UP3165-CUSA33855_00-KINGLEOAMERICADR,399,1999
10,UP3876-CUSA15820_00-TSAVRIORSBUNDLE1,314,699
10,UP4064-CUSA10993_00-2629839344255251,494,3299
10,UP2005-PPSA23608_00-WALKINGSIMULATO2,599,1999
10,UP6088-PPSA02548_00-5597322268813951,524,1499
10,UP0891-PPSA10727_00-RAGAMLOOTBOXLYFE,399,999
10,UP5155-CUSA20291_00-KAWAIIDDS0000000,99,399
10,UP1195-CUSA03140_00-FULLGAMESCEA0001,399,1999
10,UP0406-CUSA05448_00-0000000000000000,499,999
10,UP4312-PPSA18662_00-0141406624802137,349,699
10,UP2005-PPSA28552_00-STARLIGHTRIDERS0,299,499
10,UP4713-CUSA34746_00-4974626833060072,374,2499
10,UP8101-PPSA14637_00-ROLLERDRAPS5SIEA,299,999
10,EP6470-PPSA27749_00-FOTOBOYANEWJOB00,299,599
10,UP3643-CUSA12259_00-000000000000IHRB,299,1499
10,UP0891-CUSA16359_00-RATAGAMETHYSWORD,199,999
10,UB0706-PPSA37256_00-0218037714389316,69,99
10,UP2005-PPSA18736_00-NEPHENTHESYS0000,239,599
10,UP2005-PPSA27602_00-MECHANITA0000000,199,499
10,UP3165-CUSA45491_00-SHERLHOLMESPS4US,412,1649
10,UP0891-PPSA09577_00-RGTHEDARKPROPHEC,399,999
10,UP5155-PPSA05893_00-GOL0000000000000,349,1399
10,UP4108-CUSA12058_00-HDDBOOT000000001,2699,5999
10,UP4312-PPSA07468_00-5328269143438344,349,699
10,UP0891-PPSA04078_00-RGBAIQUHUNDREDSO,399,999
10,UP0891-PPSA04414_00-RGONEEYEDLEEDINN,199,499
10,UP4415-CUSA00657_00-SHOOTERULTIMATE0,1499,1499
10,UB1052-PPSA33053_00-0380769164884039,439,799
10,EP0114-PPSA23604_00-0136646192071513,1154,3499
10,UP2005-CUSA25938_00-VOIDGORE00000000,149,499
10,UB0985-PPSA28798_00-0224385292822507,249,999
10,UP7347-PPSA34987_00-0643331404056136,99,199
10,UP6472-PPSA19623_00-SAVETHEWORLD0000,299,599
10,UP5707-CUSA18807_00-33636DEPTHEXTINC,374,1499
10,UP0773-CUSA45132_00-0984694661150908,1074,2499
10,EP5506-PPSA36328_00-0897873289053803,419,599
10,UP5155-PPSA07111_00-7115654380933880,349,999
10,UP0891-CUSA14441_00-RATALAIKAGIANDME,199,999
10,UP4713-CUSA17332_00-BIGPHARMA0000000,389,2999
10,UP6927-PPSA19749_00-0479508125598281,479,1199
10,UP5230-CUSA20604_00-2ZDELUXEEDITIONB,1199,3999
10,UP2005-PPSA05296_00-MEMORIESOFEASTCO,124,499
10,UP1415-PPSA06932_00-7915273023838392,349,699
10,UP4040-CUSA03127_00-VIRGINIA00000001,499,999
10,EB0723-PPSA21124_00-0234642189563428,2484,3549
10,EP7345-PPSA37759_00-0130835624263635,186,249
10,UP2005-PPSA35905_00-DOLLDEFENDERS000,349,499
10,EP0896-PPSA27090_00-FEUDALBROSTONORG,359,599
10,UP2005-PPSA19353_00-BURNINGSECRETS00,199,499
10,UP4312-PPSA05970_00-5264964941690915,499,1999
10,UP7543-CUSA53608_00-0509655357688826,449,899
10,UP3789-CUSA40341_00-0000000000000000,199,499
10,UB0706-CUSA58577_00-0565871360056467,69,99
10,UP4040-CUSA00660_00-HOWTOSURVIVE0001,499,1999
10,UP2158-CUSA34624_00-LEGENDHEROEPS4NA,349,499
10,UP2715-CUSA27910_00-METROSIMPS4NA000,399,1999
10,UP1063-CUSA05128_00-PSYCHOPASSPS4000,599,2999
10,UP5290-PPSA04154_00-7098565929173122,219,2199
10,EP5506-CUSA58682_00-0191928889504445,419,599
10,UP5552-CUSA18408_00-NINEWITCHESPS400,399,1999
10,UP7962-PPSA12390_00-6782100983800978,139,199
10,UB0706-CUSA59303_00-0341607697023637,69,99
10,UP2005-PPSA07011_00-RULENO1000000000,197,599
10,UP2005-PPSA25725_00-MOEWAIFUHBLOCKBL,174,499
10,UP4384-CUSA08924_00-MCBUNDLEPS400000,389,1299
10,UP1063-CUSA07034_00-TDFFPSPS4EDITION,299,999
10,UB0438-PPSA26262_00-0253722997230074,139,199
10,UB0706-PPSA36939_00-0476238990691125,69,99
10,UP1440-PPSA13958_00-0915694740631830,199,1999
10,JP7359-PPSA34689_00-0993881333363509,399,799
10,UP6927-PPSA19204_00-0297457593409579,479,1199
10,UP5290-CUSA43166_00-0906463143336451,324,1299
10,UP6665-PPSA03852_00-TLRS000000000000,399,1999
10,UB0990-PPSA30535_00-MICHELANGELOSIMU,179,599
10,UB0337-PPSA30180_00-0105479038581138,179,299
10,UP5290-CUSA27535_00-3957729481318159,149,1499
10,UP0785-PPSA15355_00-0046567086713599,479,1199
10,UP2005-PPSA04587_00-CRAZYGRAVITY0000,149,499
10,UP7347-PPSA31917_00-0250346059527024,89,199
10,UB0706-CUSA58987_00-0081728942012879,69,99
10,UP7347-PPSA35985_00-0989186111814593,119,199
10,UP4459-CUSA10996_00-MOONFALLULTIMATE,389,1299
10,UP5290-CUSA32145_00-3227570963928992,199,1999
10,UP4312-CUSA42184_00-0575726905744313,349,699
10,UP2158-CUSA48573_00-FROGUEGAME0PS4NA,349,499
10,UP8787-PPSA34332_00-0356921942954806,89,149
10,UP4312-CUSA45294_00-0056625425800207,349,699
10,UP4312-CUSA31309_00-7380194316238513,349,699
10,UP4312-CUSA32534_00-3606446385055897,349,699
10,UP4382-CUSA26216_00-LUMOTEDIGITALDUX,499,2499
10,UP5155-CUSA27290_00-1646979601136582,349,1399
10,UP5290-CUSA28363_00-9974666274002046,199,1999
10,EP4897-PPSA33094_00-0059554476238882,299,999
10,UB0438-PPSA31538_00-0984554247864851,139,199
10,UP2005-PPSA04294_00-ENTERDIGITON0000,199,799
10,UP6088-PPSA02550_00-4978519639364531,524,1499
10,UP2158-CUSA26003_00-SPOOKYCHQUBYTENA,324,499
10,EP0896-PPSA30726_00-ASHPINESMOTELRAG,199,499
10,UP6927-PPSA20995_00-0633113509977314,499,1249
10,UP4312-PPSA08684_00-2697762048056795,209,299
10,EP0896-PPSA29750_00-SQUAREBROTHERSRG,249,499
10,UP4713-CUSA29020_00-1565558748156814,224,1499
10,UP4312-CUSA49502_00-0505224940219111,349,699
10,EB0759-PPSA20537_00-0713525622545318,299,1199
10,UB0706-PPSA36927_00-0018752927180270,69,99
10,UP4312-CUSA54709_00-0961537726477933,349,499
10,UP0891-PPSA19538_00-DRFRANKSBUILDARG,249,499
10,UP0891-PPSA19862_00-SKELERBOYRATAGAM,319,799
10,UP2005-PPSA13874_00-STICKMANSARENA00,174,499
10,UP4312-CUSA31110_00-7714035619826609,349,699
10,UP0891-CUSA12587_00-RGSUPERDESTRONAU,49,499
10,EP3024-PPSA23295_00-0189974110710471,2099,2999
10,UP0082-CUSA30488_00-VOCTFMSET0000001,1519,3799
10,UB0706-PPSA31987_00-0118580636705716,69,99
10,UB0429-PPSA19683_00-0161537068283545,1499,1999
10,UB0337-PPSA29358_00-0255309356446386,179,299
10,EP5987-CUSA53220_00-ULGCARGO00000001,389,1299
10,UP7543-CUSA34738_00-2635386857652118,324,649
10,UP0785-CUSA42364_00-0627813230593626,599,1499
10,UP0785-PPSA15357_00-0951198571942351,599,1499
10,EP5506-PPSA34510_00-0625780355468080,244,349
10,UP5155-PPSA14737_00-VSR0000000000000,349,999
10,UP7347-PPSA34712_00-0798852595047665,109,199
10,UP6927-PPSA08285_00-2462280622686068,239,599
10,UP2060-CUSA07381_00-DARKEYEBUNDLENA0,454,3499
10,UP0891-PPSA08434_00-RGAVENGINGSPIRIT,299,599
10,UP7962-PPSA10302_00-7744873584080125,139,199
10,UP3515-CUSA23557_00-TERRABOMBERUS000,299,999
10,UP7347-PPSA30843_00-0788240133446359,79,199
10,UP2005-PPSA14371_00-NEKOHOMECOMING00,299,999
10,UP0891-PPSA08627_00-RAGARENASOFTANKS,199,499
10,UP0891-PPSA10169_00-GOGOPOGOGIRLRATG,199,499
10,UP4312-PPSA05982_00-9761636322919546,349,699
10,UP2005-PPSA06818_00-ZWARP00000000000,195,699
10,UP0891-PPSA07775_00-RATALAIKAGAMETEN,199,499
10,UP3515-CUSA41214_00-CELEBRITYSLOTUSA,239,799
10,UP0182-PPSA06551_00-7023787086503841,299,1499
10,UP2005-PPSA23607_00-NINPOBLAST000000,199,499
10,UP6927-CUSA36084_00-0877143144314995,599,1499
10,UP4312-PPSA07530_00-2737856894469654,349,699
10,UB0249-CUSA59488_00-0935037880437399,239,299
10,UP0891-PPSA08497_00-RATAGAROLLTHECAT,199,499
10,UB0706-CUSA56627_00-0541297266537731,69,99
10,UP2005-PPSA17290_00-MASTERMAKER3DULT,199,499
10,UB0706-PPSA32259_00-0983260054527415,69,99
10,UP2005-PPSA05444_00-PGMAHJONGSOLBLUE,239,599
10,UP2833-CUSA58765_00-0517984088999515,479,799
10,UP3165-CUSA12881_00-BBHBR03USDIGITAL,299,1499
10,UP4312-CUSA55432_00-0052419034492376,349,699
10,UP0969-CUSA28155_00-0000000000000000,249,499
10,UP2005-PPSA22886_00-GLYPHSOFGITZAN00,174,499
10,UP4312-CUSA26982_00-7873380206111089,349,699
10,EP4539-CUSA51768_00-0729437041935801,1979,2999
10,UP3004-CUSA19187_00-CATCHCOLLECTORSB,699,3499
10,UP2005-PPSA24546_00-DAMIKIRA00000000,279,799
10,UP3515-CUSA45235_00-UNBLOCKNOWUSA000,269,899
10,EB0107-PPSA20682_00-0689024586664775,499,999
10,UP4312-PPSA23269_00-0743377088294630,349,699
10,UP4312-PPSA09893_00-9988925075265546,209,299
10,EP4358-PPSA16496_00-BATTLEREBELSP5EU,1049,3499
10,UP4384-CUSA08922_00-MAHJONGCARN0PS4U,209,699
10,UP3515-CUSA40802_00-LUCKYSLOTS000USA,239,799
10,UP2005-PPSA07597_00-BACKAGAIN0000000,119,299
10,UP0891-PPSA10589_00-RATAGAPETSATWORK,199,499
10,UP7617-CUSA43226_00-0871852361637267,179,599
10,EP6878-CUSA54632_00-WHATISOLDER11111,200,299
10,UP4312-CUSA54288_00-0952055510210313,359,899
10,UP0891-PPSA14683_00-WORKINGHARDCOLRG,199,499
10,UP3735-CUSA09788_00-EPICDUMPSTERBEAR,249,499
10,UP4384-CUSA40805_00-AABUNDLEVOL01PS4,299,999
10,HB1367-PPSA29018_00-0459066838610450,199,399
10,EP0896-PPSA27280_00-LULUSTEMPLERATGA,199,499
10,UP8255-PPSA37763_00-PROJECTSNAQEPS50,179,299
10,UB0337-PPSA29904_00-0909609925378361,139,199
10,UP2158-CUSA31222_00-6293013585316676,259,399
10,UP0891-CUSA20327_00-RAGJETSETKNIGHTS,199,999
10,UP7962-PPSA08958_00-1366343041023214,139,199
10,UP2715-CUSA09237_00-FIREAIRPORTPS4US,499,2499
10,UP4312-CUSA30173_00-4543131837338268,349,699
10,UP3789-CUSA19055_00-0000000000000002,199,499
10,UP8787-PPSA27906_00-0409252050386120,74,149
10,UP2005-PPSA24307_00-MOEWAIFUHGENIUS0,174,499
10,UB0383-PPSA28905_00-0054491843851385,219,2199
10,UP5552-CUSA16598_00-WHIPSEEY00000000,119,599
10,UP2158-CUSA26001_00-SAVAGEHAQUBYTENA,349,499
10,UB0108-PPSA34147_00-0884688315392240,261,349
10,UP0082-CUSA31158_00-VOCTBOBSET000001,1519,3799
10,UP0891-PPSA06119_00-RAGAMOTOROADERMC,349,699
10,UP2005-PPSA17285_00-THETRAVELERSPATH,174,499
10,UP2005-PPSA05289_00-DIORAMADUNGEONCR,249,999
10,UP2005-PPSA23064_00-TRUECOLOURS00000,419,1399
10,UP2005-PPSA28526_00-CRIMEOPERAFANDIS,200,299
10,UB0337-PPSA36315_00-0928610344392045,179,299
10,UP4947-CUSA17893_00-MAZEGAMEFULL1234,349,999
10,UP2158-CUSA44383_00-GOURMETWARRIORNA,749,999
10,UP4312-PPSA09869_00-9217757672899186,209,299
10,UP6088-CUSA24068_00-6301202985058785,454,1299
10,UB0985-PPSA23976_00-0833884858420168,249,999
10,UP5155-PPSA14747_00-LOSTANDTHEWICKED,249,999
10,UP8523-PPSA16794_00-0258769722580135,849,1699
10,UP2715-CUSA06522_00-IG2BUNDLEPS4US00,399,1999
10,UP4384-CUSA14446_00-LAFROZENQUEENPS4,749,2499
10,UP2833-CUSA58756_00-0173913159373402,359,599
10,UP7958-CUSA40379_00-MIDNIGHTISLOSTNA,259,399
10,UP4947-PPSA23047_00-BOUNCECHALLENGE1,139,399
10,UP3515-CUSA41232_00-JIGSAWPUZZLEFEUS,239,799
10,UP6072-CUSA40698_00-0318277341351245,649,1299
10,UP2005-PPSA25809_00-OWLPROJEKT000000,249,499
10,UP1681-PPSA22048_00-KNIGBUND2024SIEA,1799,3599
10,UP7617-CUSA37184_00-9875632321792654,149,499
10,UP5155-PPSA04745_00-1523959318404439,124,499
10,UP7617-CUSA47664_00-0934176150580368,209,699
10,UP2005-PPSA13868_00-PGTILEMATCH00000,239,599
10,UP7347-PPSA29822_00-0275000236996089,69,199
10,UP2005-PPSA16528_00-ALIVEPAINT000000,149,499
10,UP4947-CUSA48201_00-12WORDSEARCHBUND,239,399
10,UP4312-PPSA10637_00-8867069087767685,209,299
10,UP2005-PPSA19490_00-FROGGIE000000000,199,499
10,UP0891-PPSA05785_00-RATALAIKAGKANSEI,239,799
10,UP3789-CUSA14288_00-0000000000000000,199,499
10,UP3515-CUSA26688_00-ROADFURYUS000000,269,899
10,JB1432-PPSA32493_00-0109126156520489,99,199
10,UP4713-PPSA19135_00-0946057626312196,299,1499
10,UP6927-PPSA27955_00-0479421900961655,279,699
10,EP5987-PPSA30926_00-ULGHOOKCEPS50001,249,499
10,UB0337-PPSA30496_00-0717677406194016,139,199
10,UP0891-PPSA05781_00-RATALAIKAG6SOULS,239,799
10,UP4384-CUSA06157_00-RDPS40000000000U,209,699
10,UP2005-PPSA07243_00-BOOKQUEST0000000,174,699
10,UP0891-CUSA15803_00-RGATTACKTOYTANKS,49,499
10,UP4384-CUSA07851_00-PORTALOFEVIL000U,299,999
10,UP2005-PPSA03254_00-HELLGAME00000000,149,499
10,UP4384-CUSA40729_00-ROYALROADS300PS4,269,899
10,UB0438-PPSA30469_00-0331784686086988,139,199
10,UP2005-PPSA05282_00-ESCAPEFROMTERROR,299,999
10,UP3431-CUSA42223_00-0429350034573782,199,1999
10,UP2005-PPSA06370_00-IMMORTUSTEMPORUS,149,499
10,UP2005-PPSA13398_00-POCKETWITCH00000,149,499
10,UP4384-CUSA41460_00-AABUNDLEVOL02PS4,299,999
10,UB0438-PPSA22854_00-0627382987381344,139,199
10,UB0706-CUSA47860_00-0000SORAJATOWERS,209,299
10,UP8787-PPSA27203_00-0737757616985777,59,149
10,UP3696-PPSA22110_00-DISASTERBANDNA00,299,999
10,UP6927-PPSA18713_00-0513857992815496,599,1499
10,UP3515-CUSA27656_00-DARKTHRONESUS000,269,899
10,UP3515-CUSA15416_00-HORIZONSHIFT81US,269,899
10,UB0438-PPSA30181_00-0372533088199073,139,199
10,UP2060-CUSA05680_00-VALHALLAHILLS100,99,999
10,UB0706-PPSA31912_00-0280630820935684,69,99
10,UP4384-CUSA42484_00-NEWLANDSBUNDLEPS,299,999
10,UP3735-CUSA18599_00-EDUMPSTERBEARTWO,249,499
10,UP4384-CUSA06162_00-MDPS40000000000U,209,699
10,UP0891-PPSA06193_00-RATALAIGAMKINDUO,149,499
10,UP5707-CUSA36750_00-0410748007032295,199,799
10,UP2005-CUSA26690_00-DUNGEONESCAPE000,149,499
10,UP0891-CUSA14154_00-RATARANDOMHEROES,49,499
10,UP3643-PPSA12382_00-KARMAZOOPASTDDNA,249,999
10,UP7962-PPSA12245_00-5841734162802741,139,199
10,UP4947-CUSA39413_00-TILTINGTILESBUND,479,799
10,HP3379-PPSA27575_00-0684830837221441,224,1499
10,UB0438-PPSA20414_00-0172461368966976,209,299
10,UP2005-PPSA06031_00-TKTN000000000000,209,699
10,EP0896-PPSA29838_00-PREHISTORICGALRG,249,499
10,UP2833-CUSA42710_00-0767604184246995,1749,3499
10,UP2005-PPSA30653_00-SECRETPAWS000000,249,499
10,UB0706-CUSA50213_00-0485676749248603,139,199
10,UP0891-CUSA17533_00-RATALAIFOXYLAND2,59,599
10,UP0891-CUSA17532_00-RATALAIKFOXYLAND,49,499
10,UP4947-CUSA30441_00-TILTINGTILESFULL,249,499
10,UP0891-PPSA04899_00-RATALAIKADOJORAN,199,499
10,UP2979-CUSA07748_00-SKYFREERANGEFOUR,249,499
10,UB0706-PPSA36366_00-0474572816851670,69,99
10,UB0706-CUSA57414_00-0185099895383705,69,99
10,UP4384-CUSA14445_00-LAGOLDNISLDPS40U,149,499
10,UP4312-CUSA24507_00-3155992929659872,349,699
10,UP0891-PPSA09220_00-RATALAIKAGRUNOUT,199,499
10,UP0891-PPSA20708_00-POGOSTICKCHAMPRG,199,499
10,UP0825-CUSA04423_00-INBETWEENSIEA000,119,1199
10,UP6695-PPSA18523_00-ROBBYADVENTPS5NA,19,199
10,UP0891-PPSA09416_00-RATAGAMAFROGSJOB,199,499
10,UP0891-PPSA05315_00-RATAGNIGHTLIGHTS,199,499
10,UP2005-CUSA51870_00-LEARNTOPLAYCOLL2,199,399
10,UP4384-CUSA37612_00-GNOMESGARDENBNDL,599,1999
10,UP2005-PPSA22829_00-GHOSTTEENESCAPE0,199,499
10,UB0337-PPSA30530_00-0237544954333529,179,299
10,UP7962-CUSA48979_00-0752903309740751,139,199
10,UB0706-PPSA32010_00-0101403451037836,69,99
10,UP6963-PPSA22324_00-0472591620474515,194,299
10,UP4384-CUSA40239_00-8FLOORBUNDLE3IN1,299,999
10,UP0891-PPSA13761_00-BUMBALLONRATAGAM,199,499
10,UP0891-PPSA13729_00-RGCYBERHEROESARE,199,499
10,UP0891-PPSA03728_00-RATAGAMEGUTWHALE,199,499
10,UB0438-CUSA54865_00-0936599680589397,139,199
10,UP6472-PPSA05582_00-DOUBLESHOTGALS00,249,499
10,UP2005-CUSA28660_00-GLOGAME000000000,124,499
10,UP5155-CUSA28654_00-3960377716194123,124,499
10,HB1408-PPSA32915_00-0128752644038477,244,349
10,EP0896-PPSA27196_00-CHIBININJASHINRG,279,699
10,UP7543-PPSA10679_00-5773653492029363,349,699
10,UP0891-PPSA03575_00-RAGACROSSTHEMOON,99,499
10,UP5180-CUSA31415_00-00000FIREGIRLUS4,359,1799
10,UP6927-PPSA06531_00-1880383154468894,319,799
10,UB0438-CUSA54748_00-0145526199383449,139,199
10,UP2005-PPSA13234_00-NEKOJOURNEY00000,349,999
10,UP2005-CUSA19060_00-TASKFORCEKAMPAS0,179,599
10,UP5155-CUSA20445_00-BDTHS00000000001,124,499
10,UP6927-PPSA09562_00-0345885876608731,119,299
10,UP2005-PPSA07473_00-PGSPEED000000000,239,599
10,UP2060-CUSA16225_00-PYRODOUBLEPACKUS,1199,2999
10,UP7617-CUSA40696_00-0699053035324113,149,499
10,UP6927-PPSA06919_00-6441404348316314,119,299
10,UB0438-PPSA22780_00-0552486464146313,139,199
10,UP0891-PPSA15461_00-ULTRAPIXELSURVRG,149,499
10,UB0438-PPSA23994_00-0612059485755569,139,199
10,UP6927-PPSA08113_00-8315259645666516,119,299
10,UP2005-PPSA16522_00-FEEBLELIGHT00000,174,499
10,UB0706-PPSA36511_00-0663453163372047,69,99
10,UB0706-PPSA33337_00-0068675113471554,69,99
10,UP2005-PPSA13944_00-MWHGAME000000000,174,499
10,UP0891-CUSA19613_00-RGSTRAWBERRYVINE,99,999
10,UB0706-PPSA32134_00-0582575180463770,69,99
10,UB0337-PPSA30371_00-0930529272668562,179,299
10,UP3515-CUSA39374_00-TASTYSLOT0000USA,239,799
10,UB0337-PPSA29721_00-0858148506554348,179,299
10,UB0383-PPSA32320_00-0348830146740933,119,1199
10,UP4384-CUSA08923_00-MAHJONGGOLD0PS4U,209,699
10,UP2005-PPSA15345_00-PG2048STRIKEGAME,279,699
10,UB0528-CUSA52995_00-0345972419005314,559,799
10,UB0528-CUSA51883_00-0551986827992026,559,799
10,UB0383-PPSA21175_00-0659515383924201,129,1299
10,UP0891-CUSA15804_00-RAGANEONJUNCTION,99,499
10,UP0891-PPSA02925_00-RATATHUNDERFLASH,49,499
10,UP4713-CUSA27044_00-8070363471455027,124,499
10,UB0337-PPSA30434_00-0710413934950241,179,299
10,UB0706-PPSA31624_00-0000344563001841,69,99
10,UP4947-PPSA25711_00-FIRESOFINDUSTRY1,149,299
10,UP6695-CUSA29536_00-24BLINDPOSTMANNA,39,399
10,UP2005-PPSA09594_00-SJJBGAME00000000,149,499
10,UP4384-CUSA06160_00-FDPS40000000000U,209,699
10,UP7631-PPSA26906_00-0488813803534574,109,549
10,UP0891-CUSA19576_00-RGSUMMERSHIBAINU,299,999
10,UP6472-PPSA15850_00-SABLESGRIMOIREME,299,599
10,UP2005-PPSA05219_00-TWENTYBUNNIES000,149,499
10,UP5155-PPSA05811_00-KARGAST000000000,249,999
10,UP2005-PPSA21391_00-RATYRINTH0000000,199,499
10,UP3789-CUSA45402_00-0000000000000000,199,499
10,UB0438-PPSA22978_00-0628756197742997,139,199
10,UP8787-PPSA24418_00-0703343312171315,44,149
10,UB0438-PPSA24402_00-0528149373601681,139,199
10,UP0891-CUSA20253_00-RATAGACLASHFORCE,149,499
10,EP2696-CUSA56477_00-0297345510450475,359,899
10,UP6883-CUSA40198_00-0184027766381789,199,999
10,UP0891-PPSA05776_00-RGGARDENERPATH00,149,499
10,UP4713-PPSA16661_00-0812256293732379,999,2499
10,UP4133-CUSA23553_00-FE000SPOMAMDCODG,999,3999
10,UP0891-PPSA06102_00-RGSUPERONIONBOY2,149,499
10,UP2005-PPSA05417_00-ARSONISTHEAVEN00,149,499
10,UB0706-PPSA31220_00-0624955009451642,69,99
10,UP4312-CUSA28955_00-8223402380749631,349,699
10,UP4312-PPSA19636_00-0929643594609889,349,699
10,UP6695-PPSA18803_00-BROKENPIPE0PS5NA,39,399
10,UB0573-CUSA57267_00-0676615163957118,99,199
10,UP3643-PPSA09719_00-7506702877332712,249,999
10,UP4312-CUSA23333_00-0994136515145597,349,699
10,UP0891-PPSA08994_00-WONDERLANDNIGHRG,279,699
10,UP0785-CUSA27202_00-7330843699041645,279,699
10,UP4370-CUSA05268_00-UNHOLYHEIGHTS000,174,699
10,UP0177-CUSA11286_00-EMPYREANPS4US000,449,1499
10,UP3515-CUSA15417_00-CONTRAPTIONSVER1,299,999
10,UP4384-CUSA08925_00-MAHJONGRLTW0PS4U,279,699
10,UP2005-PPSA03289_00-MINAANDMICHI0000,174,499
10,UP4384-CUSA04649_00-DOODLESGGSBUNDLE,749,2499
10,UB0573-CUSA54361_00-0613758292527461,99,199
10,UB0438-CUSA55499_00-0730247545722800,139,199
10,UP6927-PPSA27958_00-0203860282237168,279,699
10,EP0896-PPSA28338_00-NICOSAVESTHESARG,199,499
10,UP0891-PPSA02655_00-RGFREDDYSPAGHETT,99,499
10,UP4459-CUSA13734_00-FMVMURDERMBUNDLE,1149,2299
10,UP3515-CUSA25445_00-SANTASXMASADVUSA,119,399
10,UP1643-CUSA13543_00-SEASONMATCH20000,99,999
10,UP4384-CUSA14444_00-LATIMEMACHINE00U,149,499
10,UB0337-PPSA34389_00-0026775265014589,139,199
10,UP6927-PPSA08889_00-9651393086138966,119,299
10,UP0891-PPSA06395_00-MEKABOLTPLUS0000,49,499
10,UP4384-CUSA42486_00-NEWLANDS20000PS4,149,499
10,UB0108-PPSA28149_00-0943583078488780,199,499
10,UP4384-CUSA42488_00-NEWLANDS30000PS4,149,499
10,UP4384-CUSA10699_00-STRATEGICBUNDLEU,599,1999
10,UP7617-CUSA36333_00-3860354405742074,299,999
10,UP4947-PPSA21409_00-ANNIHILATIONFULL,174,499
10,UP0891-CUSA18862_00-RATAGATHUNDERPAW,49,499
10,UP0891-CUSA15809_00-RATAGAMDEEPSPACE,99,499
10,UP1778-CUSA08499_00-DEMETRIOS0000000,99,499
10,UP4384-CUSA28283_00-GGHALLOWEEN0PS4U,149,499
10,UP3515-CUSA42659_00-ZOMBIETOWNSIEA00,239,799
10,UP2158-PPSA25389_00-DEATHELEVTRPS5NA,699,999
10,UP4384-CUSA37610_00-ROADSOFTIME00PS4,149,499
10,UP6695-PPSA18807_00-CUBEDECIDERPS5NA,39,399
10,UP0891-CUSA06485_00-RATAG0TWINROBOTS,49,499
10,UP0891-CUSA15807_00-RATGAPARADOXSOUL,99,499
10,UP4384-CUSA40614_00-EMERGENCYCREWPS4,149,499
10,UP3515-CUSA07572_00-000GEMSMASHERS3D,179,599
10,EP2919-PPSA34026_00-0263105694841978,24,49
10,UB0706-CUSA48897_00-0716738202822441,139,199
10,UP0891-PPSA06998_00-RATAGAHELLGUNNER,199,499
10,UP6927-PPSA08748_00-9423686890466194,119,299
10,UP4384-CUSA13717_00-LOSTARTFSPS4000U,149,499
10,UP6927-PPSA16186_00-0049827235963687,279,699
10,EP2919-PPSA31798_00-0216226206728428,24,49
10,UP4947-CUSA28775_00-GEMCOLLECTORBUND,239,399
10,UB0383-PPSA31227_00-0504141157415833,124,1249
10,UP4384-CUSA28285_00-FQBUNDLE3IN10000,299,999
10,JB1853-PPSA32004_00-0319738371279835,161,249
10,EP1762-PPSA33333_00-BROKNATALTAILPS5,224,299
10,UP4384-CUSA40342_00-LAMYSTERIOUSBOOK,149,499
10,UP6927-PPSA08505_00-8760107343038792,159,399
10,UP0891-PPSA04142_00-RATAGAAPPLESLASH,149,499
10,UP0891-CUSA10782_00-RATAGWARLOCKSTOW,49,499
10,UP4384-CUSA06158_00-RDITPS400000000U,209,699
10,UP5155-PPSA04305_00-2442738277743180,174,699
10,UP0891-CUSA16358_00-RGSUPERWILOODEMK,49,499
10,UP2005-PPSA03299_00-RAGEAMONGTHESTAR,149,499
10,UB0706-CUSA53568_00-0364717063782692,69,99
10,UP4384-CUSA28282_00-GGCHRISTMASSTORY,149,499
10,UP6927-PPSA07322_00-4836756125450350,119,299
10,UB0438-PPSA22682_00-0145044686593469,139,199
10,HB1367-PPSA27838_00-0469943919241501,119,199
10,UP4384-CUSA06161_00-FDNMPS400000000U,209,699
10,UP0891-CUSA18493_00-RATAGAMEBLINDMEN,49,499
10,UB0573-CUSA57945_00-0515419483123888,99,199
10,UB0573-CUSA58198_00-0176797373949141,99,199
10,UB0706-CUSA49459_00-0348297451491070,69,99
10,UP4384-CUSA14447_00-GGLOSTKING00000U,149,499
10,UP4384-CUSA10413_00-GG3IN1BUNDLE0000,299,999
10,UP0891-CUSA26227_00-RGVERABLANCGHOST,99,499
10,UP6695-CUSA26064_00-BKICKINGBUNDLENA,199,999
10,UP0891-CUSA25231_00-RGVERABLANCFULLM,99,499
10,UP0891-CUSA20254_00-RGULTRAHATDIMENS,99,499
10,UP6927-PPSA09419_00-4411350305910609,119,299
10,UP4384-CUSA06156_00-ISFDBUNDLE000000,299,999
10,UP4947-CUSA26263_00-MAZEPEDESTAL1234,239,399
10,UP4384-CUSA39526_00-ROYALROADS200PS4,149,499
10,UP2005-PPSA27201_00-RUNNYBUNNY000000,199,499
10,UP4312-PPSA19198_00-0099070286799882,319,799
10,UP7631-PPSA28146_00-0091199597395740,109,549
10,UP3058-CUSA32487_00-3700417513160614,24,49
10,UP3058-CUSA27203_00-5353724801198050,24,49
10,UP4384-CUSA13759_00-ROYALROADSPS400U,149,499
10,UP4384-CUSA10415_00-GG3PS4000000000U,149,499
10,UP3058-CUSA32811_00-4213876709007287,24,49
10,UP3058-CUSA27786_00-5203762448011817,24,49
10,UP3058-CUSA32002_00-6534020540534267,24,49
10,UP3058-CUSA28549_00-0529334661581581,24,49
10,JP0013-PPSA29603_00-JP01YAGCMH000PS5,779,1299
10,UP1643-PPSA02609_00-31RACICOLJDPS5US,2399,2999
10,EP3024-CUSA49027_00-0427643590216628,2099,2999
10,EP0896-PPSA23754_00-ADVENTURESINTIRG,519,1299
10,UP4384-CUSA41321_00-AAPANDORASBOXPS4,269,899
10,UP4312-CUSA25907_00-7818000769327471,349,699
10,UP4312-CUSA27240_00-4957888718283912,349,699
10,UP4312-CUSA27525_00-4204303332913026,349,699
10,UP5325-CUSA15500_00-0588235476808339,1249,2499
10,EP4539-CUSA51765_00-0256439029800069,2999,3999
10,UP4312-CUSA35747_00-8942135460373937,349,699
10,UP2158-PPSA18424_00-BEMFEITOREGPS5NA,699,999
10,UP4713-PPSA19855_00-0912360206082840,1649,3299
10,UP0723-CUSA04498_00-BLUCOLLARGAMEPS4,374,499
10,UP0891-PPSA07491_00-RGSCASTLEFORMERS,149,499
10,UP3515-CUSA11934_00-CHICKENRANGE0000,299,999
10,UP3515-CUSA13812_00-CRASHDUMMYSIEA00,299,999
10,UP4713-PPSA17664_00-0132957788772362,499,1999
10,UB1784-PPSA34362_00-0397196722973185,2099,2099
10,UP4480-CUSA17285_00-ETERNUMEX0000001,599,999
10,UP1643-CUSA44076_00-FALLOFTHEJDPS4US,1004,1499
10,UP2158-CUSA24410_00-FLATV2PS4QUBYTNA,259,399
10,UP0891-PPSA07085_00-RATGAFLOWERSHOP1,399,999
10,UP2158-CUSA31749_00-FLUFFYCUBEDPS4NA,259,399
10,EP4459-PPSA28063_00-09726FMVSCIFIPS5,2449,3499
10,UP2158-CUSA34498_00-GEOMEFEELBEATSNA,324,499
10,UP4384-CUSA10414_00-GG2PS4000000000U,149,499
10,UP5805-CUSA39292_00-GMS1SGS1BUNDLE01,2379,3399
10,UP6927-PPSA06911_00-5027243788932058,319,799
10,UP4293-CUSA25327_00-0000000000000000,1499,1499
10,UP1643-CUSA46998_00-GREED1TMSJDPS4US,1004,1499
10,UP4713-CUSA26661_00-0840934490665102,1499,5999
10,UP2158-CUSA34420_00-HSSKULLWESTPS4NA,259,399
10,UP2158-CUSA43875_00-HIDDENSHAP3PS4NA,349,499
10,UP3876-CUSA11584_00-HIVEULTIMATEDIT0,629,1399
10,JP1970-CUSA53122_00-0000000000000000,1999,2499
10,UP4034-CUSA12072_00-HPBUNDLEAWSWIS00,499,2499
10,UP4384-CUSA50207_00-IRONHEART000PS4U,299,999
10,UP8381-PPSA30927_00-JUNKYARDARENAREN,2361,3149
10,UP7788-PPSA23217_00-MSLPS50000000000,1499,1999
10,UP2158-CUSA46402_00-MUSTACHEINHELLNA,324,499
10,UP3058-CUSA27408_00-9339819715845782,24,49
10,UP0969-CUSA20498_00-0000000000000000,999,1999
10,UP1715-PPSA15181_00-0666230690091105,749,999
10,UP6927-PPSA06850_00-8978640013106703,239,599
10,UP2158-CUSA30550_00-6251718958726160,519,799
10,UP2158-CUSA43836_00-RISKYWOODS0PS4NA,699,999
10,UP6927-PPSA17553_00-0679631195161865,599,1499
10,UP2158-CUSA35420_00-SHAPESHOOTEPS4NA,259,399
10,UB0429-CUSA48352_00-0960629343759475,1049,1399
10,UB0429-PPSA22426_00-0371521508436143,1049,1399
10,UP2060-CUSA14461_00-SKIJUMPINGPROVR1,999,1999
10,UP2979-CUSA04416_00-SKYF2GACHDUINEP4,639,799
10,UP2158-CUSA45910_00-SOKOWINTER0PS4NA,324,499
10,EB0432-CUSA56063_00-0014127299790962,559,699
10,UP4312-CUSA26802_00-4216599499046547,349,699
10,UP3876-CUSA23815_00-9584021902306448,539,1199
10,UP1309-CUSA05108_00-STEREDENN0000PXN,649,1299
10,UP3876-CUSA17311_00-AVATARSKOROTAMA0,449,999
10,UP6881-PPSA18558_00-0090649501788198,669,999
10,UP3515-CUSA18898_00-TERRALANDERUSA00,299,999
10,UP3515-CUSA18899_00-ROCKSLIDERESCUUS,299,999
10,UP6472-PPSA24617_00-THEBEASTMASTERPR,649,1299
10,UP4459-PPSA02963_00-5FMVHORCOLUSAPS5,2399,3999
10,UP0773-CUSA09014_00-8934527962679968,859,1999
10,EP2696-CUSA59205_00-0912293850997933,1999,1999
10,UP0773-CUSA40345_00-0644432087722586,1289,2999
10,UP2158-CUSA35454_00-SAMURAIPIKOPS4NA,749,999
10,UP2005-PPSA05279_00-THUNDERKIDTWO000,239,799
10,UP4713-PPSA15215_00-0338406692467091,899,2249
10,UP7543-CUSA44975_00-0564838131345978,599,1199
10,UP4312-CUSA29632_00-1281244896811701,349,699
10,UP4312-CUSA29632_00-4108000709241695,349,699
10,UP4312-CUSA27417_00-3868904271116520,349,699
10,UP2158-CUSA13316_00-VASARAHDCOLLEPS4,749,999
10,UP4432-CUSA00224_00-UU02680000000000,0,0
10,UP8754-CUSA48538_00-0274281353265896,1749,2499
10,UP1715-PPSA07650_00-3521365639063785,749,999
10,UP1477-PPSA01922_00-FNBNDL0000000000,0,0
10,UP1821-CUSA06122_00-0000040810600000,0,0
10,UP0006-CUSA12540_00-APEXLEGENDRSPWN1,0,0
10,UB0335-PPSA21669_00-0320312678245089,0,0
10,UP0001-PPSA01396_00-RB6SIEGEELITEY10,0,0
10,UP7713-PPSA20549_00-OSSIEAZENLESS000,0,0
10,UP2097-PPSA01737_00-WARFRAMEPS500000,0,0
10,EB1238-PPSA24686_00-0625573803756286,0,0
10,UP0680-CUSA13664_00-0004000000000000,0,0
10,UP2002-CUSA01163_00-ROCKETLEAGUENA01,0,0
10,UP3993-PPSA20676_00-VALORANT00000000,0,0
10,UP6262-PPSA02562_00-OSRELSIEAGENSHIN,0,0
10,UP0002-CUSA01842_00-OWORIGINS0000000,0,0
10,UP7478-PPSA08459_00-OSSIEASTARRAIL00,0,0
10,UP0101-PPSA03074_00-EFOOTBALL0000000,0,0
10,UP0006-CUSA09209_00-THESIMS400000000,0,0
10,UP0101-PPSA02503_00-0822451393319254,0,0
10,UP0002-PPSA02409_00-DESTINYTHEGAME02,0,0
10,HP6414-PPSA29348_00-0409277567208729,0,0
10,UB1244-PPSA26558_00-PWRDNTEGB0000000,0,0
10,UB0018-PPSA18538_00-ENDFIELD0000SIEA,0,0
10,HP7588-PPSA23355_00-0871010185341048,0,0
10,UP0017-CUSA00012_00-DCUOSTPACKFGPAID,0,0
10,UP3685-PPSA13465_00-0404969663258693,0,0
10,UP0949-CUSA04195_00-BRAWLHALLA111315,0,0
10,UP6851-PPSA17310_00-0794424403631281,0,0
10,UP0680-CUSA02724_00-ACCURATEALLY0001,0,0
10,EP2025-CUSA49075_00-0457971820286855,0,0
10,UP1449-CUSA06941_00-FPAPA10000000000,0,0
10,HB0901-PPSA26357_00-PRODUCTIONGLOBAL,0,0
10,UP0700-CUSA27946_00-HEROVSGAME000000,0,0
10,UP0006-PPSA10793_00-SKATEPS5GAME0000,0,0
10,UP5267-PPSA15517_00-TLGAME0000000000,0,0
10,UP2006-PPSA09297_00-1890663337895584,0,0
10,EP2006-PPSA17296_00-0012294286473526,0,0
10,UP1980-CUSA05752_00-CAPTAINBUNDLE000,0,0
10,UP5082-PPSA27363_00-PUBGPS5000000000,0,0
10,UP1450-PPSA20914_00-3ON3FREESTYLE001,0,0
10,UP5104-PPSA28881_00-0555800169353087,0,0
10,UP0700-PPSA02396_00-GUNDAMBO2PS50000,0,0
10,UP1980-CUSA04314_00-NWSEB00000000000,0,0
10,UP8389-PPSA20622_00-0302941233140928,0,0
10,JP0700-PPSA14393_00-MAINGAME00000000,0,0
10,UP4432-CUSA06848_00-EF00070000000000,0,0
10,UP6929-PPSA14667_00-0447308389153305,0,0
10,UP0334-PPSA18619_00-S2FOUNDERSEDITIB,0,0
10,JP0106-PPSA34363_00-APPDOA6LR0000001,0,0
10,UP2282-PPSA18513_00-0487012293423705,0,0
10,UB1974-CUSA57743_00-0004125328290918,0,0
10,UP0177-CUSA29813_00-PHANTASYSTARONL2,0,0
10,UP7564-PPSA15226_00-0384294780456823,0,0
10,UP0001-CUSA17119_00-RS300000000000NA,0,0
10,UP1477-PPSA04476_00-FALLGUYS00000000,0,0
10,UP4781-PPSA21416_00-SP00710000000001,0,0
10,UP6477-PPSA24519_00-0385257068982834,0,0
10,UP5337-PPSA08346_00-7760470781083404,0,0
10,UP7377-PPSA15178_00-STUMBLE0GUYSXXXX,0,0
10,UP5501-PPSA09743_00-0624751739548719,0,0
10,UP4432-CUSA29341_00-UNB0420000000000,0,0
10,UP2043-CUSA01026_00-FOURKINGS0000000,0,0
10,UP4042-PPSA08755_00-PINBALLFXPS50000,0,0
10,UP7529-CUSA31531_00-1928488316481260,0,0
10,UP7157-PPSA18090_00-0367859888521751,0,0
10,UP2025-CUSA04598_00-TRIONTROVE000000,0,0
10,UP4108-CUSA01627_00-DOA5LR0000000000,0,0
10,UP6455-CUSA26679_00-1196507384143037,0,0
10,HP7588-PPSA26492_00-FRAGPUNKBGNE0000,0,0
10,UP4040-CUSA02829_00-GEMSOFWARPS40001,0,0
10,HB1511-PPSA35127_00-0744163930590757,0,0
10,UP0082-CUSA03598_00-LIFEISSTRANGE001,0,0
10,UP3993-PPSA09528_00-0211633994336246,0,0
10,UP0118-CUSA01458_00-CYBERSTEP0000001,0,0
10,UP4040-CUSA02830_00-PROMINENCEPOKER0,0,0
10,EP7449-PPSA21422_00-0178621419327299,0,0
10,UP4068-CUSA45923_00-0370563271167529,0,0
10,UB0928-PPSA30060_00-0361379565954779,0,0
10,UP2739-CUSA18291_00-VIGORLEADSKU0001,0,0
10,UP1003-CUSA11772_00-FALLOUTSHELTER00,0,0
10,UP7619-CUSA54978_00-0108177300101648,0,0
10,UP2492-CUSA06412_00-APP0000000314287,0,0
10,UB2094-PPSA35173_00-0887941374354454,0,0
10,UP5979-CUSA35050_00-9499307071795678,0,0
10,UP0334-PPSA02091_00-ROCOYEAR1PASSBUN,0,0
10,UP6344-PPSA05351_00-4900041844419474,0,0
10,UB0156-PPSA26339_00-0609583986504058,0,0
10,UP2050-CUSA01340_00-DUNDEF2000000PS4,0,0
10,UP6733-PPSA15495_00-0499405891244150,0,0
10,UP0177-CUSA06093_00-PROJECTDIVA00000,0,0
10,UP0017-CUSA02219_00-BPROMOJUNE160000,0,0
10,UP0680-PPSA23912_00-0332379222131216,0,0
10,UP3812-CUSA11326_00-0000000000000000,0,0
10,UP4040-CUSA34760_00-MATCHTHREEPQ3PS4,0,0
10,UP0334-CUSA04414_00-GOLDEDITIONXXXXX,0,0
10,UP0102-CUSA00924_00-BHR2DELUXE000000,0,0
10,UP7594-PPSA06653_00-HMUSPS5000000001,0,0
10,UP0082-CUSA24619_00-LLSIFACHM0000001,0,0
10,UP0001-PPSA02194_00-GAME000000000000,0,0
10,UP2627-CUSA07192_00-RAIDERS000000000,0,0
10,EP2402-PPSA37943_00-DATINGSTORIES002,0,0
10,UP5207-PPSA09660_00-EPICROLLCOASTERS,0,0
10,UP2026-CUSA09313_00-BAT20000000000SP,0,0
10,UP1655-CUSA05209_00-CHPROMOBUNDLE000,0,0
10,UP0006-PPSA34132_00-BATTLEFIELDMULTI,0,0
10,UP1099-CUSA03234_00-ADVENTURECAPITAL,0,0
10,UP4735-PPSA05119_00-MFBLEGENDBUNDLE0,0,0
10,UP2833-CUSA57232_00-0381389495408421,0,0
10,UP0334-CUSA02328_00-SMITEXXXXXXXXXXX,0,0
10,UP7566-PPSA25556_00-0909324948930724,0,0
10,UP4040-CUSA01059_00-BATTLEISLANDSCEA,0,0
10,UP4432-CUSA15097_00-CUB0060000000000,0,0
10,JP2953-PPSA20382_00-0358988007360021,0,0
10,UP4735-PPSA02828_00-SUPERANIMALROYAL,0,0
10,UP4042-PPSA16918_00-PINBALLM00000000,0,0
10,UP1082-CUSA02227_00-FFFSNOWBALLFIGHT,0,0
10,UP2538-PPSA22996_00-AAADYNAMICSUSPS5,0,0
10,JP0177-PPSA26230_00-0148889773747734,0,0
10,UP5988-CUSA46892_00-SPLITGATE2PS4000,0,0
10,UB0981-CUSA57326_00-0026286352867732,0,0
10,UP4040-CUSA04335_00-BATTLEAGESSCEA00,0,0
10,UP2043-PPSA03484_00-SPELLFARERS00000,0,0
10,UP0102-CUSA26271_00-CASPACK123BUNDLE,0,0
10,UP2058-CUSA00081_00-HDDBOOTPBA000001,0,0
10,UP0778-CUSA10115_00-STARLITGAME00001,0,0
10,UP0006-PPSA10508_00-MADDENNFL24GAME1,0,0
10,UP8371-PPSA18009_00-0778186169129717,0,0
10,UP0778-CUSA32968_00-1880219882982754,0,0
10,UP4068-CUSA49300_00-0476405986192017,0,0
10,UB0190-PPSA38481_00-0742236560724495,0,0
10,UP0102-CUSA30639_00-CAS2BUNDLE000001,0,0
10,UB0715-PPSA28352_00-0493968518428911,0,0
10,EP2402-PPSA29462_00-DATINGAPPPREMIUM,0,0
10,UB0190-PPSA38202_00-0745949255570373,0,0
10,UP7594-PPSA20241_00-0753094590812807,0,0
10,UB0190-PPSA34108_00-0456092241358789,0,0
10,UP2058-CUSA06839_00-HDDBOOTPBS000001,0,0
10,UB0190-PPSA38172_00-0203119244984899,0,0
10,UP0177-CUSA04771_00-PDJVRLIVE3939393,0,0
10,UP5662-CUSA18557_00-0000000000000999,0,0
10,UB0190-PPSA36449_00-0994751832995143,0,0
10,UP9000-CUSA01332_00-UHUSTLEKIN000001,0,0
10,UB0190-PPSA38843_00-0009775551703193,0,0
10,EP2696-CUSA58743_00-0392303206652914,0,0
10,UB0190-PPSA38471_00-0529816704225866,0,0
10,UB0190-PPSA35025_00-0256268996222204,0,0
10,UP3095-PPSA04020_00-9652118471396124,0,0
10,UP2538-PPSA23879_00-FANTASYPREMUSPS5,0,0
10,EP2402-PPSA29764_00-20THCENTFREEMIUM,0,0
10,UP7605-PPSA24850_00-0952180304824583,0,0
10,UP7889-PPSA12453_00-6219010685767361,0,0
10,UP2538-PPSA18505_00-CUTIESHGAMEPS5US,0,0
10,UP4040-CUSA04234_00-HAWKENMAINGAME01,0,0
10,UB0190-PPSA38315_00-0992704049065720,0,0
10,EP2696-CUSA55930_00-0953925426092026,0,0
10,UB0190-PPSA37063_00-0538859316104865,0,0
10,UB0190-PPSA34417_00-0913640984183370,0,0
10,UP0017-CUSA07507_00-H1Z1CONSOLE00001,0,0
10,UP4040-CUSA05411_00-COMMANDERSSCEA00,0,0
10,EP2696-CUSA58742_00-0263156329115378,0,0
10,UP0082-PPSA18730_00-FOAMSTARS0000000,0,0
10,HB1050-CUSA59394_00-0655929237011802,0,0
10,HB1050-CUSA58744_00-0965019014167913,0,0
10,UB0190-PPSA36113_00-0556818965842043,0,0
10,UB0190-PPSA28978_00-0443767622865334,0,0
10,UP2833-CUSA57250_00-2000000000000000,0,0
10,UP1594-CUSA08921_00-DONTBITEMEBROADI,0,0
10,UP0001-CUSA27368_00-ROLLERCHAMPIONS0,0,0
10,UP2538-PPSA18447_00-CELEBRITIH5PS5US,0,0
10,UP5975-CUSA18861_00-NWIS000000000001,0,0
10,UP7611-PPSA19404_00-1000000000000000,0,0
10,UB0190-PPSA34055_00-0168564952889542,0,0
10,UP2158-CUSA32656_00-OPUSCASTLECAP1NA,0,0
10,UB0190-PPSA34552_00-0627638835545491,0,0
10,UP1229-CUSA05750_00-POXNORA000000000,0,0
10,UP5641-CUSA45019_00-PUZZLEJOURNEYERK,0,0
10,UP0951-CUSA02432_00-ATOMUNIVERSE0002,0,0
10,UP5641-CUSA49012_00-PUZZLEDROPUSSSSS,0,0
10,UP5825-PPSA09408_00-5177623505461821,0,0
10,UB0190-PPSA35622_00-0558778602790212,0,0
10,UP1594-CUSA14028_00-YEARONEBUNDLEPAS,0,0
10,UP4396-CUSA20111_00-HIQACE2GAMEUS001,0,0
10,UB0928-PPSA36466_00-0558946549381115,0,0
10,UP0118-CUSA37429_00-5537792776381418,0,0
10,UP2538-CUSA31959_00-XRUSBUNDLEAV0001,0,0
10,UP1594-PPSA02765_00-PLAGUEHUNTERS000,0,0
10,UP1037-CUSA03195_00-NTDKSQUA40000100,0,0
10,UP5988-CUSA26225_00-PREMIUMEDITION03,0,0
10,UP5641-CUSA45990_00-0064555546530661,0,0
10,UP0747-CUSA03769_00-APPLETITDIEUS000,0,0
10,UP4905-CUSA28958_00-0498376523871402,0,0
10,UP4343-CUSA18184_00-0000000000000000,0,0
10,UP9000-CUSA07936_00-NIGHTFALL0000000,0,0
10,UP0082-CUSA05932_00-AKINGSTALEFFXV00,0,0
10,IP9100-PPSA01325_00-PREINMASTER00000,0,0
10,EP4415-PPSA25539_00-D11BLINDFIRE0001,0,0
10,UP8017-CUSA30148_00-1114688482591677,0,0
10,UP8437-PPSA13885_00-0913940063599855,0,0
10,EP8062-PPSA30582_00-0335416925322269,0,0
10,EP9000-PPSA09132_00-CLIMATESTATEUPS5,0,0
10,UP3901-CUSA17027_00-THEDARWINPROJECT,0,0
10,UP4034-CUSA11022_00-DECAYOFLOGOSUS00,0,0
10,JP0101-PPSA34472_00-EBBPROSPIRIT0000,0,0
10,UP2716-PPSA06421_00-7166149935560866,0,0
10,UP1997-CUSA05443_00-FANTASYSTRIKEPS4,0,0
10,UP8509-PPSA16013_00-0140190485541073,0,0
10,EP8062-PPSA33780_00-0482786461585695,0,0
10,UP1477-PPSA36636_00-FNSTWBNDL0000000,0,0
10,UP6259-CUSA45888_00-0199601264012877,0,0
10,UP5491-CUSA18737_00-FUZZBALLMASTER01,0,0
10,UP4983-CUSA31566_00-4291077703089396,0,0
10,UP1176-CUSA06780_00-NPXXNPXXNPXXNPXX,0,0
10,UP3602-CUSA09148_00-0000000000000000,0,0
10,UP5623-PPSA07109_00-HWHEELSRIFTRALLY,0,0
10,UP6018-PPSA18993_00-0607119634905875,0,0
10,UP1477-PPSA05786_00-KIDAMNESIA000000,0,0
10,UP0082-CUSA15095_00-KINGDOMHEARTSVRX,0,0
10,UB0079-PPSA27758_00-0713484378310578,0,0
10,UP0700-CUSA10829_00-GAMELWAMGC000000,0,0
10,UB1301-PPSA33863_00-0191705653804057,0,0
10,UP1639-CUSA15531_00-SKOMORTALBLITZCA,0,0
10,UP9000-PPSA27342_00-MY1STGRANTURISMO,0,0
10,UP5267-PPSA07398_00-NWSTANDARDBUNDLE,0,0
10,UP3543-PPSA02978_00-9893544631723856,0,0
10,UP4520-CUSA11261_00-0000000000000000,0,0
10,HB2135-PPSA36691_00-0410028463796436,0,0
10,UP1063-CUSA14395_00-RPGMAKERMV000001,0,0
10,UB2177-PPSA34935_00-0281509946981070,0,0
10,UP1400-CUSA17172_00-0509200522071969,0,0
10,EP6879-PPSA37618_00-SHUJINKOUPSMANGA,0,0
10,UP0101-PPSA04877_00-2010396308939304,0,0
10,UP4471-CUSA00700_00-SPORTSFRIENDS000,0,0
10,UP1525-CUSA13114_00-SWITCHBLADE00000,0,0
10,UP1594-PPSA03085_00-2246034328277599,0,0
10,IP9100-CUSA04318_00-US00000000000000,0,0
10,UB0747-PPSA38191_00-0582813835042343,0,0
10,JP0211-PPSA24473_00-0495311637987330,0,0
10,UP0976-CUSA06167_00-VIRZOOMPS4000000,0,0
10,UP2282-CUSA12495_00-WARFACEGAME00000,0,0
10,UP1594-PPSA02915_00-7920699639311750,0,0
10,UP5654-CUSA23499_00-4018718446832574,0,0
10,UP4339-CUSA29268_00-YABFABERTAY00000,0,0
10,IP9100-PPSA01280_00-SFSRELE000000100,0,0
10,UP9000-CUSA10479_00-LASTGUARDIANVRUS,0,0
10,EB1123-PPSA27733_00-0441990218617821,199,199
10,UB2239-PPSA35508_00-67THEGAME000SIEA,49,49
10,UP5641-CUSA16631_00-EGBRAINBREAKER01,99,99
10,UB0599-PPSA30453_00-TUNGSAHURSIEA000,49,49
10,UP5641-CUSA51755_00-WORLDEXPLORERRUS,99,99
10,UB0928-PPSA26488_00-0227362955046900,199,199
10,UB0928-PPSA25752_00-0437669264020005,99,99
10,UP5641-CUSA50197_00-OLYMPICGAMESUSSS,99,99
10,UP5641-CUSA51419_00-HALLOWEENMEMORUS,99,99
10,UP0307-CUSA06397_00-MYNAMEISMAYO0000,99,99
10,EP0305-PPSA26545_00-0018614177030467,199,199
10,UP5641-CUSA47126_00-0698719244081882,99,99
10,UB0928-PPSA31647_00-0990167535349251,99,99
10,UP5641-CUSA50583_00-TWINSOFLEGACYUSS,99,99
10,UB0599-PPSA22527_00-ESCAPETHEGLITCH2,199,199
10,UP0307-CUSA31515_00-1073664758417165,199,199
10,UP5641-CUSA48614_00-0038193537575413,99,99
10,UP5641-CUSA51619_00-SUIKAANIMALKINUS,99,99
10,UB0599-PPSA30672_00-TRALALERO000SIEA,49,49
10,UB0599-PPSA31992_00-BRAINROT0000SIEA,49,49
10,JB2357-PPSA37750_00-AMERICAS00000000,199,199
10,UP2136-CUSA53328_00-0944951068461484,99,99
10,UB0928-PPSA31132_00-0149107999919285,199,199
10,UP0307-CUSA25115_00-7703547908325796,99,99
10,UP1675-PPSA36039_00-SYPS5VILLAGEOFTH,199,199
10,UB0599-PPSA31403_00-BRBRPATAPIM0SIEA,49,49
10,HB1069-PPSA35516_00-0806568326778420,149,149
10,UP5641-CUSA51385_00-MEDIEVALMATCHUSS,99,99
10,UB0928-PPSA38409_00-0945057566601840,199,199
10,UB0599-PPSA30869_00-BOMBARDIRO00SIEA,49,49
10,UP5641-CUSA47985_00-0242415513375357,99,99
10,UB0599-PPSA31180_00-CHIMPANZINI0SIEA,49,49
10,UB0599-PPSA31257_00-CAPPUCCINO00SIEA,49,49
10,UP5641-CUSA49137_00-0780167088658362,99,99
10,UP2136-PPSA31854_00-0577412398750720,149,149
10,UP5641-CUSA45500_00-ERIKGAMESBUNDLE1,199,199
10,UP8787-PPSA32416_00-0201562092492461,199,199
10,UB0438-PPSA28391_00-0549917026211704,199,199
10,UP2136-CUSA47085_00-0366765011449513,99,99
10,UP7977-PPSA35307_00-0692771872022399,199,199
10,UP7977-PPSA21328_00-0663171844760454,199,199
10,UB0599-PPSA31502_00-LIRILIGAME00SIEA,49,49
10,UP4947-PPSA25816_00-THELETTERCLASSIC,199,199
10,UP2136-PPSA29635_00-0216452153304497,149,149
10,UB0438-PPSA24315_00-0839275386309386,199,199
10,UP5641-CUSA45837_00-AVATARBUNDLEERIK,149,149
10,UB0438-PPSA23377_00-0108229657576020,199,199
10,UB0438-CUSA55518_00-0060053871708695,199,199
10,UP2136-PPSA34663_00-0593332186307722,149,149
10,UB0487-PPSA35162_00-0797440296985927,199,199
10,UB0438-PPSA23373_00-0917059604040979,199,199
10,UP3700-PPSA30176_00-PS5BOOPERGAME001,149,149
10,UP5641-CUSA46707_00-0781306875724030,99,99
10,UP5641-CUSA44360_00-0710576395419990,99,99
10,UB2057-PPSA36659_00-0409552935758882,199,199
10,UP7977-PPSA18103_00-0964473423426164,149,149
10,UP7884-CUSA39606_00-0066391410405307,99,99
10,UB0337-PPSA32632_00-0262002801552552,199,199
10,UP7977-PPSA22595_00-0094774926020864,199,199
10,UP2136-CUSA50607_00-0309540644408520,99,99
10,UP8787-PPSA37550_00-0560520518676034,199,199
10,UB0752-PPSA28848_00-0397367873579433,199,199
10,UP2136-CUSA46818_00-DRIFTRACINGMDNSS,99,99
10,UP7977-CUSA43591_00-0568485663004904,149,149
10,UP6408-PPSA35648_00-0153169562046211,199,199
10,UP8787-CUSA55386_00-0329681715170812,199,199
10,UP8553-PPSA36774_00-00SUPERJUMPNINJA,199,199
10,UB0438-CUSA54357_00-0863092262324100,199,199
10,HB1069-PPSA29706_00-0826546055921521,199,199
10,UB0438-PPSA22150_00-0689133095164740,199,199
10,HB1069-PPSA34341_00-0750503767207523,149,149
10,UB0438-PPSA23056_00-0017286063855784,199,199
10,UB0438-CUSA54164_00-0521177419670923,199,199
10,UB0438-CUSA54353_00-0996483737748171,199,199
10,UB0438-CUSA54542_00-0867646702359867,199,199
10,UP2136-PPSA32657_00-0500078203302527,149,149
10,UP5641-CUSA49191_00-0797475955989070,99,99
10,UP7977-PPSA17937_00-0704824848211715,149,149
10,UP5641-CUSA46842_00-0665891880547583,99,99
10,UP8787-PPSA35461_00-0901940421403137,149,149
10,UP2136-CUSA13309_00-KODOSCEADPS40801,99,99
10,HB1069-PPSA35831_00-0874244084855219,199,199
10,UP7347-PPSA33164_00-0095302102187465,199,199
10,EB2034-PPSA34817_00-AMERICAS00000000,199,199
10,UB0438-CUSA52379_00-0883476505054519,199,199
10,EP1612-CUSA58121_00-TANKBITGAME00000,99,99
10,UB0438-CUSA55373_00-0999789749874871,199,199
10,UP8787-PPSA25630_00-0164292532712706,149,149
10,UP6695-PPSA20400_00-BIGFOOTGAMEPS5NA,99,99
10,UB0438-CUSA55301_00-0443454396170724,199,199
10,UP2136-CUSA49196_00-0304367853103017,199,199
10,UB0438-CUSA54156_00-0355890803330094,199,199
10,HB1069-PPSA30668_00-0853824571340329,99,99
10,UP5641-CUSA45148_00-0040386982561331,199,199
10,UB0337-PPSA31467_00-0676740626290981,199,199
10,UP7977-PPSA33227_00-0081314019123953,149,149
10,UB0438-PPSA34453_00-0683821021908425,199,199
10,UB0438-PPSA21992_00-0340342431439872,199,199
10,UP7977-CUSA47494_00-0253796770771047,199,199
10,UB0438-CUSA54633_00-0039550301776329,199,199
10,HB1069-PPSA31621_00-0048942723518808,199,199
10,UP8787-PPSA31084_00-0758698190026555,149,149
10,UB0752-PPSA29452_00-0491589162031353,199,199
10,HB1620-CUSA56878_00-0937350536793191,199,199
10,UP8787-CUSA50518_00-0449722912837254,149,149
10,HB1069-PPSA30013_00-0826921644858745,199,199
10,UP7126-PPSA37776_00-0474759040349911,199,199
10,UP5792-CUSA45060_00-0824361658785579,199,199
10,UP7347-PPSA32171_00-0892491801075489,199,199
10,UB0438-PPSA22555_00-0776574748692135,199,199
10,UP8787-PPSA26200_00-0218575443319194,149,149
10,UP5641-CUSA48396_00-AVATARBUNDLEERIK,99,99
10,UP8787-PPSA32408_00-0573902356770097,149,149
10,UP2136-PPSA30456_00-0068070962673494,149,149
10,UP8787-PPSA36851_00-0076630608180615,149,149
10,UB0438-CUSA51295_00-0192278862969985,199,199
10,UP7977-PPSA35222_00-0070749953224182,149,149
10,UP8787-CUSA54280_00-0124275057396877,149,149
10,UP7126-CUSA57165_00-0911592617491883,99,99
10,HB2024-CUSA58911_00-0582444355833975,199,199
10,EP1612-PPSA35415_00-CLUCKBITGAME0000,99,99
10,JP0281-CUSA53325_00-0519196094680160,199,199
10,UP6695-CUSA42387_00-SISTER0000GAMENA,99,99
10,UB0738-PPSA37940_00-0903362763805617,199,199
10,HB1069-PPSA37442_00-0329064611650633,149,149
10,HB1069-PPSA35228_00-0785521853140638,99,99
10,JB2357-PPSA37240_00-AMERICAS00000000,199,199
10,HB1069-PPSA35119_00-0578075309047319,199,199
10,UB0438-PPSA28573_00-0597351089067405,199,199
10,UB0438-PPSA22027_00-0573901890145580,199,199
10,UP2136-CUSA51993_00-0376675790038979,99,99
10,UP7977-CUSA56644_00-0217941207777731,149,149
10,UB0599-PPSA20815_00-0332689002614937,199,199
10,UB2239-PPSA36812_00-ETG300000000SIEA,199,199
10,UP7347-PPSA35512_00-0972442090664138,199,199
10,HB1069-PPSA37412_00-0766098940662163,99,99
10,UP2136-CUSA51510_00-0621836654349522,99,99
10,UP8787-PPSA30349_00-0455796164428551,149,149
10,UP3058-CUSA29130_00-0054374475726005,199,199
10,HB1069-PPSA35484_00-0120089013317758,149,149
10,EB2034-PPSA35839_00-AMERICAS00000000,149,149
10,EP1612-PPSA35393_00-BITPEWGAME000000,99,99
10,HB1069-PPSA29330_00-0705864385895968,99,99
10,EP1612-CUSA51347_00-ARADIASJOURNEY00,149,149
10,UB0337-PPSA32112_00-0712260999662995,199,199
10,UB0487-PPSA35107_00-0508329662763778,199,199
10,UB0350-PPSA18787_00-TOMMYHEROPS5SIEA,199,199
10,UB0337-PPSA32064_00-0593972742902036,199,199
10,UP7347-PPSA29529_00-0119361058606824,199,199
10,UB0796-PPSA25604_00-0454595303358429,199,199
10,UB0738-PPSA36250_00-0974171283631932,199,199
10,UP1279-CUSA10943_00-0000000000000000,199,199
10,UB0337-PPSA31436_00-0259166028028957,199,199
10,UB0337-PPSA32169_00-0194362829267865,199,199
10,UP7347-PPSA27417_00-0973909808690625,199,199
10,UP6695-PPSA21190_00-BUNNYREVERSPS5NA,199,199
10,UB0337-PPSA34375_00-0885248449709902,199,199
10,UB0752-PPSA26198_00-0058857765711634,199,199
10,UP5792-CUSA43587_00-0394113536288829,199,199
10,UB0337-PPSA33161_00-0281860313826492,199,199
10,UB2057-CUSA58132_00-0524510409100143,199,199
10,UB0738-PPSA37357_00-0044341662101375,199,199
10,EP1612-CUSA57060_00-CELESTIBUNGAME00,99,99
10,UB0337-PPSA32871_00-0159639244337292,199,199
10,EP0305-PPSA23287_00-0474545226533712,99,99
10,JB2357-PPSA36945_00-AMERICAS00000000,199,199
10,EP1612-CUSA57016_00-HALLOWKINZGAME00,99,99
10,UB0438-PPSA32916_00-0744075817243093,199,199
10,JB2357-PPSA37034_00-AMERICAS00000000,199,199
10,EP1612-CUSA56911_00-VESPRAXGAME00000,99,99
10,UP3825-CUSA11333_00-LITTLEADVENTURE0,199,199
10,UB0337-PPSA34896_00-0494292236671411,199,199
10,UB0796-PPSA26491_00-0312257319643778,199,199
10,UB0337-PPSA33162_00-0919816572935157,199,199
10,UP7347-PPSA33508_00-0728435940313257,199,199
10,HB1069-PPSA31193_00-0439080892801081,199,199
10,EB0792-PPSA23746_00-BADBIRDS00000000,199,199
10,UB0337-PPSA31574_00-0378777896777772,199,199
10,HB1069-PPSA29078_00-0737830367034713,199,199
10,UP5792-CUSA28124_00-7286863099557204,199,199
10,UP7347-PPSA29256_00-0826178201058396,199,199
10,HB1069-PPSA33962_00-0553102636870281,149,149
10,UP2187-CUSA12924_00-BLPSVRSIEADIGI00,199,199
10,HB1069-PPSA25613_00-0103758522627803,149,149
10,UB0928-PPSA35826_00-0674918546128555,99,99
10,UP2136-PPSA22136_00-0500801857684193,99,99
10,EP1612-PPSA35367_00-ZIPPYRONGAME0000,99,99
10,EP1612-PPSA31179_00-FLICKFLAPANDFANG,99,99
10,UB0438-PPSA27918_00-0192805707711318,199,199
10,UB0438-PPSA23570_00-0966013948254129,199,199
10,HB1069-PPSA28941_00-0395165031791154,199,199
10,UB0599-PPSA28538_00-GUNSHIPZOMBIE000,199,199
10,UB0337-PPSA33200_00-0009381923383255,199,199
10,HB1069-PPSA28105_00-0576812569714387,199,199
10,UP7656-PPSA25871_00-0255632779533781,199,199
10,UP7347-PPSA26550_00-0012666167654724,199,199
10,UP7347-PPSA27914_00-0194087954493838,199,199
10,UP7347-PPSA30516_00-0282098276621759,199,199
10,UP7347-PPSA31594_00-0375308752216145,199,199
10,UP7347-PPSA32829_00-0904339631638618,199,199
10,UP6695-CUSA43991_00-METADUDE000PS4NA,199,199
10,UP7126-PPSA36856_00-0097037035519850,199,199
10,UP8623-PPSA38060_00-0542726287583697,199,199
10,UP7656-PPSA26461_00-0681977898695930,199,199
10,UP7347-PPSA28911_00-0842187094120357,199,199
10,EP1612-PPSA31189_00-TUTTIRUNGAME0000,99,99
10,UP8623-PPSA34555_00-0932121557530534,99,99
10,UP2136-PPSA25328_00-0220591862895463,149,149
10,HB1069-PPSA35431_00-0078785012122899,149,149
10,HB1069-PPSA29430_00-0249818234858649,149,149
10,HB1069-PPSA34457_00-0652466010074903,149,149
10,UP8761-PPSA20031_00-0362464359567073,99,99
10,HB1069-PPSA34241_00-0359403702439918,149,149
10,UP4729-CUSA40300_00-0402326759428583,149,149
10,UP5641-CUSA51221_00-SAFARIPUZZLEUSSS,99,99
10,UB2239-PPSA37918_00-MMERGE000000SIEA,49,49
10,HB1620-CUSA58564_00-0126129355803017,99,99
10,UP5792-CUSA46085_00-0197273296560623,49,49
10,UB0337-PPSA33515_00-0129031669940928,199,199
10,UP6881-CUSA47639_00-0371365108612885,99,99
10,UP4892-PPSA05342_00-6359478548119214,99,99
10,UP8787-CUSA53529_00-0596395148552762,99,99
10,UB0599-PPSA30324_00-DAEMONFALL00SIEA,149,149
10,UB0337-PPSA34390_00-0694326710548642,199,199
10,EP1612-CUSA53450_00-STARRYBLASTGAME0,99,99
10,HB1069-PPSA32001_00-0945148528329214,149,149
10,UB1423-CUSA55191_00-0302838935093654,149,149
10,HB1069-PPSA31568_00-0112601755352147,149,149
10,UB0796-PPSA26242_00-0831106760302453,99,99
10,UP6695-PPSA16550_00-HIDDENBUNNYPS5NA,99,99
10,UB1423-CUSA57745_00-0709659448886928,199,199
10,UP8787-CUSA51554_00-0221788157659555,149,149
10,UB1423-CUSA58669_00-0938031794371241,149,149
10,UB0337-PPSA34343_00-0657679540591401,199,199
10,EP1612-PPSA25202_00-FITFROGSFEAST000,99,99
10,HB1069-PPSA30849_00-0360205438817775,149,149
10,HB1069-PPSA34724_00-0223007948143004,99,99
10,UP7347-PPSA30296_00-0605268103293020,199,199
10,UP8787-CUSA57651_00-0968490611079697,149,149
10,UP7884-CUSA36041_00-8252367874660689,149,149
10,UP8787-CUSA52029_00-0237189053633748,149,149
10,UP8787-CUSA57894_00-0961341146233327,149,149
10,EP1612-PPSA24368_00-TINYSPEEDSTER000,99,99
10,UP6695-PPSA21635_00-GOODGUYSGAMPS5NA,49,49
10,UB0337-PPSA34251_00-0430437190272035,199,199
10,UB0337-PPSA32515_00-0658513866967690,199,199
10,EP5974-CUSA54977_00-0359784762342947,99,99
10,UB0337-PPSA29266_00-0016867575471285,199,199
10,EP1612-PPSA32486_00-POLAROUTTAPLACE0,99,99
10,UP5792-CUSA45575_00-0470243879880007,199,199
10,UP6782-PPSA15558_00-0789609209452037,199,199
10,EP1612-PPSA33850_00-PIXICHARMORUNEX0,99,99
10,HB1069-PPSA30141_00-0183545819782734,99,99
10,UP7884-CUSA43695_00-0352453667820533,99,99
10,EP1612-PPSA32518_00-GOOPATROLGAME000,99,99
10,UB0438-PPSA23366_00-0278497272509877,199,199
10,UP7347-PPSA31378_00-0491927291347985,199,199
10,UP7347-PPSA32548_00-0985023359931099,199,199
10,EP5974-CUSA59419_00-0752016574146778,49,49
10,UP4382-CUSA11457_00-FRACTUREDMINDS00,149,149
10,UP4389-CUSA32947_00-DAHMPUS000000000,2,2
10,EP1612-PPSA26063_00-TINYSTARFIGHTERS,99,99
10,HB1069-PPSA34834_00-0629016660180219,149,149
10,UB0796-PPSA35148_00-0645771585699517,99,99
10,UP3058-PPSA10308_00-0334830026743409,49,49
10,UB1423-CUSA55723_00-0017853319685760,149,149
10,EP5974-CUSA56479_00-0738526550663334,49,49
10,EP5974-CUSA55567_00-0416152569026212,49,49
10,EB0301-PPSA30500_00-0692247757671979,99,99
10,UB0738-PPSA36656_00-0175611509184721,199,199
10,UB0337-PPSA31095_00-0110158508613295,199,199
10,UP7347-PPSA28521_00-0723317290700562,199,199
10,EP1612-PPSA32350_00-BLASTERORBITGAME,99,99
10,UP5641-CUSA52993_00-DESERTANKCHAOSUS,99,99
10,HB1620-CUSA58873_00-0751474324579207,99,99
10,UP8812-CUSA14596_00-0000000000000000,199,199
10,EB1123-PPSA26018_00-0017060805443947,99,99
10,EP1612-PPSA31173_00-GRAVENGUARDGAME0,99,99
10,EP1612-PPSA32007_00-SPIKOINGAME00000,99,99
10,HB1069-PPSA30489_00-0100658927223609,99,99
10,EP1612-PPSA25638_00-PIXICHARMFRUBOOM,99,99
10,UP8761-PPSA20969_00-0660965081783594,99,99
10,EP1612-PPSA25387_00-DINOLUSHIPGAME00,99,99
10,UB0796-PPSA28424_00-0139489255720030,99,99
10,EP5974-CUSA48928_00-0641118306905006,99,99
10,EP1612-PPSA31886_00-KUNAIZONEGAME000,99,99
10,EP1612-PPSA29118_00-MEOWBOLTGAME0000,99,99
10,EP1612-PPSA32168_00-SPARTUNEXGAME000,99,99
10,UP5270-CUSA29905_00-5119509993060285,99,99
10,EP1612-PPSA35445_00-TIMBERSHOTGAME00,99,99
10,UP8787-PPSA34198_00-0161188904248688,149,149
10,UP7884-CUSA46580_00-0004998995654302,99,99
10,UP7126-PPSA29337_00-0689339891312575,99,99
10,EP5974-CUSA59259_00-0212130553576234,99,99
10,UP5270-CUSA25189_00-7636465087034177,99,99
10,EP1612-PPSA28985_00-PORKOCALYPSEGAME,99,99
10,EP1612-PPSA28922_00-SPEEDYSQUIREGAME,99,99
10,UP7884-CUSA44649_00-0652380762253923,99,99
10,UB0796-PPSA28778_00-0467533596356618,99,99
10,EP1612-PPSA29130_00-FROSTASCENTGAME0,99,99
10,EP1612-PPSA31263_00-SPARKRINATHEGAME,99,99
10,UB0438-PPSA23071_00-0008500721574383,199,199
10,UP7347-PPSA31027_00-0100839042144538,199,199
10,UP7347-PPSA28265_00-0232514206773936,199,199
10,UP5641-CUSA53564_00-BEATHEAVENSYMPUS,99,99
10,UP8623-PPSA20813_00-0559930859677349,99,99
10,HB1069-PPSA30314_00-0107831040726698,99,99
10,UB0337-PPSA25010_00-0553159113651351,99,99
10,EP1612-PPSA24176_00-BETTYSBRAWLGAME0,99,99
10,EP1612-PPSA32245_00-BROTILLERYGAME00,99,99
10,EP1612-PPSA32402_00-CHROMASTRONAUT00,99,99
10,EP1612-PPSA31345_00-FLINDLEHOPGAME00,99,99
10,EP1612-PPSA29245_00-JACKOFALLGAME000,99,99
10,EP1612-PPSA31430_00-MAJESTREATSGAME0,99,99
10,EP5974-CUSA53684_00-0833664211792911,49,49
10,EP5974-CUSA58316_00-0871026304195784,49,49
10,UB0752-PPSA23989_00-0259457036866444,149,149
10,UP4199-CUSA19188_00-TIMBERMANVS00001,199,199
10,EP5974-CUSA53792_00-0796113556675400,49,49
10,EP5974-CUSA56446_00-0121582311639539,49,49
10,EP1612-PPSA35180_00-ACORNFLAREGAME00,99,99
10,EB2034-PPSA32156_00-0617300459852278,199,199
10,UP2136-PPSA25619_00-0751492049267590,99,99
10,EP1612-PPSA32541_00-CAVRIELLEGAME000,99,99
10,EP1612-PPSA37569_00-HIDDENNINJADOJO0,99,99
10,UB0796-PPSA29207_00-0163318595925595,99,99
10,UP0893-CUSA05039_00-APP0785202000085,199,199
10,UB0337-PPSA32635_00-0537414107405511,199,199
10,UP8553-CUSA43353_00-0421936964430299,199,199
10,UP4199-CUSA20307_00-NOTHING000000001,199,199
10,EP5974-CUSA53961_00-0398117645791721,49,49
10,UP7347-PPSA08787_00-3558895338537517,199,199
10,UB0796-PPSA23457_00-0622585395521965,99,99
10,UP3058-CUSA33742_00-1229821403699740,49,49
10,EP2919-CUSA59236_00-0651705216212643,49,49
10,UP6695-PPSA16760_00-2CUBFIGURESPS5NA,99,99
10,EP1612-PPSA32282_00-HUEBREAKTHELAW00,99,99
10,EP1612-PPSA32607_00-RIBBIVERSEGAME00,99,99
10,UP7347-PPSA34398_00-0447759555985758,199,199
10,UP7347-PPSA35390_00-0060628603018860,199,199
10,EP5974-CUSA51933_00-0155727472181495,49,49
10,UP3058-PPSA22139_00-0625742366245349,49,49
10,EP5974-CUSA58919_00-0700194154913800,49,49
10,UP8408-PPSA18810_00-0045524365078586,149,149
10,UP2833-CUSA25839_00-NOTNOTPS4V100000,199,199
10,UB0796-PPSA22717_00-0816005983445540,99,99
10,UP1924-CUSA09803_00-SPARTANSCGS00001,99,99
10,UP7126-CUSA54468_00-0456990730082955,99,99
10,UP2764-CUSA11895_00-TIMBERTENNISVERS,199,199
10,UP6408-PPSA12427_00-1521484493728089,99,99
10,EP2919-CUSA57884_00-0465326694099222,49,49
10,EP5974-CUSA57537_00-0099592782899533,49,49
10,EP2919-CUSA57520_00-0353630007921745,49,49
10,EP5974-CUSA53793_00-0142206765736641,49,49
10,EP1612-PPSA25876_00-MOOANDMOVEGAME00,149,149
10,EP1612-PPSA24508_00-ASTRALESCAPEGAME,99,99
10,EP1612-PPSA28363_00-BUSCOINVENTURE00,99,99
10,EP1612-PPSA28846_00-MARIANAGOLDGAME0,99,99
10,UP5792-CUSA44000_00-0085927985657093,49,49
10,UP7347-PPSA05668_00-5254534302035199,199,199
10,UP6472-PPSA12439_00-FURRYTANGRAMLITE,199,199
10,UP5270-CUSA33652_00-1924272850022876,49,49
10,UP4199-CUSA33166_00-5380745006648385,199,199
10,EP1612-PPSA28240_00-DARKWOODDASHGAME,99,99
10,EP1612-PPSA26247_00-KICKABITGAME0000,99,99
10,EP1612-PPSA32714_00-KNIGHTRITIOUS000,99,99
10,EP1612-PPSA24839_00-SHURIKOOSPRINT00,99,99
10,EP2919-CUSA54837_00-0149344847939816,49,49
10,UP1594-PPSA13854_00-MECHOTALES000000,99,99
10,UP4824-CUSA16308_00-AFTERLIFE0000000,199,199
10,UP2136-CUSA24719_00-5367167620879625,149,149
10,UP8787-CUSA56548_00-0480500280344208,149,149
10,UP2158-CUSA36268_00-BOXALIGN000PS4NA,199,199
10,UP2136-CUSA48211_00-CAPSULEFIGHTSGCG,149,149
10,UP0665-CUSA16760_00-COLORSLAYERPS4AM,199,199
10,UB0337-PPSA32516_00-0989162811487009,199,199
10,UP3257-CUSA12886_00-CUBEZONEBLAZEDCF,199,199
10,UP7347-PPSA33821_00-0506204931611065,199,199
10,UP3295-CUSA07687_00-DELIRIANTPS4FULL,99,99
10,UP2232-CUSA11863_00-5147236598541236,199,199
10,UP2158-CUSA25877_00-FLATPROLQUBYTENA,199,199
10,UP4892-CUSA56634_00-0827741658999625,149,149
10,UP7126-CUSA53407_00-0957397672496193,99,99
10,UB0752-PPSA25934_00-0856993565321990,149,149
10,UP4384-CUSA10414_00-GG2PS4000000000U,149,499
10,UP5641-CUSA49583_00-HELICHAPTERCITYX,199,199
10,JP6732-PPSA28909_00-0734431401700587,199,199
10,UP8787-CUSA51212_00-0489348113614534,199,199
10,UP4947-CUSA34665_00-NIGHTDETECTIVE12,199,199
10,UP7126-PPSA23901_00-0827552549119226,199,199
10,UP8761-PPSA18865_00-0043013565910966,99,99
10,UB0337-PPSA35504_00-0797207914524697,199,199
10,UB0752-PPSA29637_00-0471350975914673,199,199
10,UB0337-PPSA29230_00-0030927895956310,199,199
10,UP7656-CUSA50941_00-0927574083957993,199,199
10,UB0738-PPSA35537_00-0549849907457558,199,199
10,UB0738-PPSA27657_00-0231814546667860,199,199
10,UB0738-PPSA25627_00-0173997594148317,199,199
10,UB0738-PPSA27114_00-0716477085780060,199,199
10,UB0738-PPSA24989_00-0737953412434172,199,199
10,UB0738-CUSA54512_00-0958467884315569,199,199
10,UP8644-CUSA44166_00-RUSPINOCPS4EA000,99,99
10,UP8787-PPSA36116_00-0989269768862690,199,199
10,UP2136-CUSA18289_00-KODOSCEADPS40453,149,149
10,UP7347-PPSA08216_00-9821095131154416,199,199
10,UP2913-CUSA46493_00-0694454586091505,199,199
10,UP8787-PPSA29232_00-0254830278368322,149,149
10,EB0432-CUSA51851_00-0085960699899196,199,199
10,UP8761-CUSA43595_00-0422539157932351,199,199
10,UP5270-CUSA29061_00-5976676772546947,99,99
10,UP2136-CUSA19349_00-KODOSCEADPS40455,149,149
10,HP7683-PPSA23803_00-0939036321668145,199,199
10,UB1052-PPSA35515_00-0268802904361681,199,199
10,UB0928-PPSA33077_00-0223570569458073,199,199
10,UP2173-CUSA01508_00-0000000000000001,199,199
10,UP7032-PPSA03595_00-AMONGUS5SIEA0001,499,499
10,EB0324-PPSA21703_00-0027916840515656,499,499
10,UP8103-PPSA18454_00-0936750542714392,499,499
10,UP4425-PPSA18472_00-0566161477848897,499,499
10,UP3528-PPSA22373_00-0239819909009554,499,499
10,UP3528-PPSA22377_00-0281418294393973,499,499
10,UP0700-CUSA03955_00-PACMAN0000000000,399,399
10,UP1943-CUSA17293_00-PACI0USEN0V10000,499,499
10,UP3528-PPSA28917_00-0364736550581924,499,499
10,UP0299-PPSA23007_00-0722825233336818,499,499
10,UB0696-PPSA38010_00-0713315963147488,299,299
10,UP1655-PPSA19546_00-WEHAVETHECOOKIES,499,499
10,UP3493-CUSA07861_00-PUZZLECHAMPHD000,499,499
10,EP5049-PPSA30552_00-0832128428447079,499,499
10,UP0700-CUSA03957_00-MSPACMAN00000000,399,399
10,UP6535-PPSA14315_00-0617172676292630,399,399
10,UP4249-CUSA01232_00-JETPACKJOYRIDE00,299,299
10,UP2833-CUSA45697_00-0076171447195676,499,499
10,HP1756-PPSA33007_00-WHOSATTHEDOOR001,499,499
10,UB0928-PPSA26217_00-0801584322547060,499,499
10,EP6880-PPSA38040_00-0985874501196571,499,499
10,UP2833-CUSA45865_00-0161119383923969,499,499
10,UP3528-PPSA30836_00-0182091314394670,299,299
10,UB0837-PPSA35432_00-0504455111109548,499,499
10,UB0337-PPSA37688_00-0790478181620128,299,299
10,UP2833-CUSA46352_00-0413290604932510,499,499
10,UP3528-PPSA31128_00-0115137973619866,499,499
10,UP2026-CUSA04173_00-TWDM000000000EP1,499,499
10,UP2005-PPSA35823_00-THEFISSURE000000,499,499
10,UP2005-PPSA36518_00-GRANDVEGASCASINO,499,499
10,UP1082-PPSA21985_00-0384550355606536,499,499
10,UP3528-PPSA33017_00-0100676396985133,399,399
10,HB1607-PPSA29298_00-0756444843813602,349,349
10,UP3458-CUSA07843_00-FLATOUT400000000,449,449
10,UP5096-CUSA20072_00-0000000000000000,499,499
10,UP2833-CUSA59425_00-2000000000000000,499,499
10,UB0696-PPSA38140_00-0832061400581370,299,299
10,UB0337-PPSA37642_00-0203736883017334,299,299
10,UP2005-PPSA37148_00-MATEMORPHOSIS000,499,499
10,HB1607-PPSA34101_00-0849562224596029,499,499
10,UP4134-PPSA07919_00-1473768658870460,499,499
10,UB0837-PPSA29715_00-0615869690332319,499,499
10,UP1082-PPSA07336_00-6684300313937060,499,499
10,UP1055-CUSA16602_00-SUPERMEATBOYFORE,499,499
10,UP2136-PPSA26419_00-0759154408255483,399,399
10,UP1943-CUSA04723_00-EWTP0USEN0V10000,499,499
10,EP6985-CUSA57625_00-0613443265474999,499,499
10,HB1069-PPSA38582_00-0481745029625397,399,399
10,UP6718-CUSA35110_00-4913841091722733,399,399
10,EP2696-CUSA55931_00-0644541252632323,499,499
10,UP4947-PPSA35733_00-DYNAMICWORDSEARC,299,299
10,UP5641-CUSA52081_00-0031408181835433,299,299
10,EP6985-PPSA35530_00-0188386473231875,399,399
10,UP2833-CUSA46686_00-0464951188663807,499,499
10,UP7552-PPSA38888_00-0131395802004585,499,499
10,EP6985-PPSA36602_00-0530043931735526,399,399
10,UP0700-CUSA04983_00-PACMAN2560000000,499,499
10,UP2833-CUSA54938_00-0103343403886509,499,499
10,UP4947-PPSA36515_00-VOIDMINERROGUE12,499,499
10,UP2387-CUSA18354_00-YAZDHD0000000000,499,499
10,UP1951-PPSA06810_00-4987633682785702,499,499
10,UP7552-PPSA26976_00-0451690343426693,499,499
10,UP7552-PPSA34094_00-0643640651583351,499,499
10,UP2136-PPSA30646_00-0301121071758143,299,299
10,UP4312-PPSA30542_00-0781557249520893,499,499
10,UP6718-PPSA32946_00-0433102350013034,399,399
10,UP7552-PPSA30486_00-0844894177133992,499,499
10,HB1626-PPSA38423_00-0884481010873406,299,299
10,UP7605-CUSA43176_00-0078502360034097,499,499
10,JP6954-PPSA23335_00-0376633564001599,399,399
10,EP6878-PPSA37053_00-0721600829369848,249,249
10,EP1612-PPSA37823_00-HAMSTORYGAME0000,499,499
10,UP5085-PPSA31255_00-0478481811355501,499,499
10,UP2833-CUSA45422_00-0427968579720095,499,499
10,UP2833-CUSA47574_00-0761164738779186,499,499
10,UB0108-PPSA38814_00-0027082378802440,499,499
10,UP0891-PPSA19455_00-ZOMBORGRATALAIKA,499,499
10,HB2024-PPSA37669_00-0976761175329017,499,499
10,UP4312-CUSA42914_00-0405709921226751,499,499
10,UB0284-PPSA22203_00-0149902250498815,499,499
10,UP7552-PPSA27583_00-0084384434179713,499,499
10,UP0891-PPSA19307_00-RUNNYKRATALGAMES,499,499
10,UP2833-CUSA55325_00-0211361764109756,499,499
10,UP7552-CUSA35664_00-2050887165371004,499,499
10,UP7543-CUSA48843_00-0660907075222879,499,499
10,UP2005-CUSA27424_00-ZERODEGREES00000,499,499
10,UB0827-PPSA31652_00-0420600556962384,499,499
10,UP2833-CUSA48341_00-5000000000000000,499,499
10,EP0896-PPSA35973_00-AFROGSJOB2RATGAM,499,499
10,EP0896-PPSA37436_00-BEEWITHGUNRATAGA,499,499
10,UP1082-PPSA07366_00-5997104624035590,499,499
10,UP0036-PPSA35315_00-GTAROSTERGAME001,499,499
10,UP3252-CUSA17646_00-JANDUSOFT0000001,499,499
10,EP2696-CUSA55667_00-0768286397730269,499,499
10,EP7303-PPSA35359_00-0144263678655744,499,499
10,UP2833-CUSA48738_00-5000000000000000,499,499
10,UP2833-CUSA46762_00-0347223681237219,499,499
10,UP4352-CUSA00056_00-NOBEBSMEGABUNDLE,499,499
10,UP7126-CUSA59319_00-0679666267074878,499,499
10,UB0837-PPSA36331_00-0014306253012444,499,499
10,EP6985-PPSA32677_00-0498327342284746,399,399
10,UP6989-PPSA05575_00-8600564418727223,399,399
10,UP7552-CUSA45117_00-0885705356499936,499,499
10,UP2136-PPSA30197_00-0882710063019402,299,299
10,UP2136-PPSA27967_00-DEADLANDVR2KODOB,499,499
10,UB2239-PPSA37819_00-OILCLICKER00SIEA,399,399
10,UP2833-CUSA54908_00-5000000000000000,499,499
10,EP6985-PPSA34913_00-0424416783978005,399,399
10,UP8906-CUSA04072_00-0000000000000001,499,499
10,UP6883-PPSA27422_00-0156382093196416,499,499
10,UP6291-PPSA13531_00-0404501670143935,499,499
10,UB2202-PPSA39115_00-SPOTCATVSMAFIAV1,499,499
10,EP6985-PPSA35532_00-0590380884897903,299,299
10,UP5010-CUSA06653_00-USA0000000000000,299,299
10,UP2833-CUSA40739_00-0995507452679789,499,499
10,UB0337-PPSA37570_00-0864748880428319,299,299
10,UP6989-PPSA15706_00-0153718069506482,299,299
10,UB1029-PPSA26745_00-0835650557189789,399,399
10,EB1338-PPSA25576_00-0660380747073259,349,349
10,UP3643-CUSA04550_00-DOWNWELLUSP40001,499,499
10,UP2833-CUSA36533_00-5076203624264686,499,499
10,UP0891-CUSA08157_00-RATAG0ZEROZEROPL,499,499
10,UB0701-PPSA22925_00-0867121292750021,299,299
10,UP7605-PPSA35468_00-0022206422484710,499,499
10,UP7862-PPSA34754_00-0249221600653103,499,499
10,UP2005-PPSA34478_00-WAKEUPLIA0000000,499,499
10,EB2067-PPSA35732_00-0990795929596541,499,499
10,UP6718-CUSA43374_00-0094035961946758,399,399
10,UP5099-PPSA17117_00-VRPIGEONSAREGO11,499,499
10,UP7552-PPSA38263_00-0799382302738830,399,399
10,UB1464-CUSA53440_00-0202816555410481,499,499
10,UP7126-PPSA36424_00-0137793175252424,499,499
10,UP4312-CUSA55162_00-0729869445720513,499,499
10,UP2005-PPSA34211_00-HEXTREMEVOID0000,499,499
10,UP7136-CUSA28351_00-1235859010398579,499,499
10,UP2005-PPSA37127_00-RATPROTOCOL00000,499,499
10,UP2833-CUSA54391_00-5000000000000000,499,499
10,UP7552-CUSA37327_00-3540956127690902,499,499
10,UP7552-CUSA33469_00-2775084941370951,499,499
10,UP5325-PPSA29084_00-ANIMEUNIPS5UP000,249,249
10,UP2833-CUSA43233_00-0804505785566271,499,499
10,EP4425-CUSA54702_00-0155410665195191,499,499
10,UP6989-PPSA15723_00-0126362427465181,299,299
10,UP2833-CUSA58755_00-0236427048830629,499,499
10,UP7552-CUSA57912_00-0673391679769545,499,499
10,UP8603-CUSA55049_00-0477170738489866,399,399
10,EP7107-PPSA36482_00-0348530940404370,499,499
10,UP2833-CUSA55574_00-0401336744647763,499,499
10,UP0456-CUSA09099_00-GUNSOFICARUSALNC,499,499
10,UP7605-PPSA17890_00-0768750179768252,499,499
10,EP6985-CUSA57028_00-0526429702828322,399,399
10,UP1082-PPSA07364_00-6500186936636096,499,499
10,UB0487-PPSA33209_00-0867196482443099,249,249
10,UB0111-PPSA33282_00-0483763440876914,399,399
10,UB1029-PPSA34170_00-0257868602595900,499,499
10,EP6985-CUSA51386_00-0355736591229520,399,399
10,UP4064-CUSA07127_00-LETHALVR00000000,499,499
10,UP2005-PPSA37826_00-BLASTNBOUNTY0000,499,499
10,UB0487-PPSA30421_00-0129690419580018,249,249
10,UP8553-PPSA38947_00-0132662433799353,499,499
10,UP0134-CUSA09928_00-SUNDOWN000000000,499,499
10,UP1675-PPSA27961_00-SYPS5CURSEDNEWYE,299,299
10,UP2833-CUSA48345_00-5000000000000000,499,499
10,UB0701-CUSA50534_00-0654382807141164,299,299
10,EB0432-CUSA51412_00-0098022224389435,299,299
10,UB0701-CUSA51441_00-0426617751548908,299,299
10,UB2239-PPSA37511_00-BLACKHOLE000SIEA,399,399
10,UB0337-PPSA28540_00-0658323012502681,299,299
10,UB0337-PPSA30130_00-0276635652538294,499,499
10,UP2833-CUSA46629_00-0278425924581868,499,499
10,UB0487-PPSA30623_00-0252888652381343,249,249
10,UP2005-PPSA35254_00-OP2CRUXOFFATE000,299,299
10,UB0752-PPSA26024_00-0705508105700291,399,399
10,EB0310-PPSA27950_00-GOLFINGOVERIT000,499,499
10,UP2181-PPSA13786_00-0754260327662353,499,499
10,UP5096-CUSA25703_00-0000000000000000,499,499
10,UP8553-PPSA35450_00-0509001253741108,499,499
10,UB2202-PPSA38617_00-00000AMAZINGMAZE,499,499
10,UP6695-PPSA26829_00-BUNNYMAZES0PS5NA,299,299
10,UB0487-PPSA35606_00-0916661191509716,249,249
10,EP6985-CUSA50718_00-0542079323061608,399,399
10,UP5641-CUSA47103_00-0922197517479526,249,249
10,UP6989-CUSA42851_00-0384741594629294,299,299
10,UP5641-CUSA49307_00-0899143804999988,499,499
10,UP2833-CUSA43299_00-0459788638133461,499,499
10,UP2833-CUSA55020_00-0058632673973653,499,499
10,UP6989-CUSA47467_00-0999580317615158,299,299
10,UP6989-PPSA13485_00-0062043454703231,299,299
10,UP7552-CUSA43808_00-0952907851841282,399,399
10,UP0302-CUSA17270_00-0000000000000000,499,499
10,UP8026-CUSA20616_00-BOBBYCARGAME01US,499,499
10,UP0403-CUSA02930_00-0000000000000000,499,499
10,UP5325-CUSA39339_00-COLLABBALL000000,499,499
10,UP0891-PPSA04421_00-RATALAIKAORBIBOT,499,499
10,UP6872-CUSA28895_00-TRTCNEPPS4PRSIEA,499,499
10,UP5429-CUSA38144_00-9178558865582666,299,299
10,UP4312-CUSA43386_00-0629418004645628,499,499
10,UP0891-PPSA05041_00-RATAGLOVEKUESUTO,499,499
10,EP1612-CUSA57711_00-PIXICHARMCOLLE77,399,399
10,UP1675-CUSA28476_00-SYPS4ALVEOLE0000,499,499
10,UP3252-PPSA13706_00-JANDUSOFT0000001,499,499
10,UP7552-PPSA37530_00-0759807370884312,499,499
10,UP8623-PPSA35921_00-0359773952409328,499,499
10,UP8623-PPSA36432_00-0528417140405074,499,499
10,UP2005-PPSA15534_00-RAYLAND200000000,499,499
10,UP1470-PPSA06602_00-SEVENDOORS000000,499,499
10,EP5974-CUSA57720_00-0398133821601285,499,499
10,UP2005-PPSA32484_00-WINTERLIGHTWSSIA,499,499
10,UP8822-CUSA16231_00-BONFIREPSVR00001,499,499
10,UP2833-CUSA57319_00-2000000000000000,499,499
10,JB1686-PPSA33675_00-0631410845850205,499,499
10,UB1511-PPSA28307_00-0736819809704156,499,499
10,UP7126-CUSA57398_00-0586400876103986,499,499
10,EP1612-PPSA33512_00-DELIVERYDRIVERMA,499,499
10,UB0837-CUSA56814_00-0321621389063109,499,499
10,EP2696-CUSA54859_00-2000000000000000,499,499
10,UP5792-CUSA24448_00-4118325695440366,499,499
10,UP2158-PPSA28305_00-ONESTEPAFQBPS5NA,499,499
10,EB2067-PPSA35735_00-0031826358712720,499,499
10,UP2005-PPSA30804_00-BATTLEMYTHICMAAR,499,499
10,UB1528-CUSA54274_00-0930578073145117,499,499
10,UP7862-PPSA30337_00-0403755121285451,499,499
10,UP6537-CUSA29762_00-1435188605972819,499,499
10,UP7552-CUSA32138_00-4451086327668976,499,499
10,UP7444-CUSA40734_00-0898186292075754,499,499
10,UP6537-PPSA21493_00-0481280132490648,499,499
10,EP1730-PPSA34084_00-0613923789441244,499,499
10,EP5974-CUSA59468_00-0824019472155659,499,499
10,UP7552-CUSA33131_00-5862410804240352,499,499
10,UP7552-CUSA41632_00-0596734980849158,499,499
10,EP0896-PPSA28097_00-THRILLPENGUINRAG,499,499
10,UP7862-PPSA20343_00-0909420223217704,499,499
10,UP7862-PPSA20346_00-0680014290520276,499,499
10,UP3362-CUSA41958_00-0066329096135650,499,499
10,UP7126-PPSA31957_00-0223333152924307,499,499
10,EP6985-CUSA50172_00-0660276550379646,299,299
10,UP2005-PPSA27763_00-MWHFANTASY000000,499,499
10,UB0487-CUSA53929_00-0683484578501498,249,249
10,UP4802-CUSA28340_00-6598704101353263,499,499
10,EP0896-PPSA24300_00-ITCOULDHAPPENTRG,499,499
10,EP0896-PPSA31536_00-SAVEROOMMERCHARG,499,499
10,UP4947-PPSA34931_00-ORBBOUNCEMANIA12,499,499
10,UP6537-CUSA30768_00-0216922794500213,499,499
10,UP1594-CUSA08008_00-PLAGUEROADARCADE,499,499
10,EP0896-PPSA28094_00-AIRBORNEJUSTICRG,499,499
10,UP2005-PPSA30702_00-ALIENBREAKOUT000,499,499
10,UP7552-CUSA36500_00-2533690881530981,499,499
10,UP7552-PPSA30053_00-0293384568913877,499,499
10,EP0896-PPSA35705_00-QUESTARRESTRATGA,499,499
10,UB0796-PPSA35899_00-0805065427702667,499,499
10,UP0891-PPSA03030_00-RGAONENIGHTSTAND,499,499
10,UP8553-PPSA20508_00-0097809752726192,499,499
10,UP7126-PPSA30679_00-0598776641265495,499,499
10,UP5325-CUSA46184_00-ISEKAIJOURNEYUS0,499,499
10,UP7126-CUSA55078_00-0713727153480453,499,499
10,EP0896-PPSA30173_00-BLASTERFORCE30RG,499,499
10,UP2158-CUSA46916_00-MUSASHIXCTHULHUU,499,499
10,UP7552-CUSA45099_00-0215293715933096,499,499
10,UP7552-PPSA38523_00-0648551735743273,499,499
10,UP6472-PPSA30425_00-APHRODITESBATHHO,499,499
10,UP5413-CUSA15649_00-0000000000000000,499,499
10,UP7126-PPSA32565_00-0292122554581183,499,499
10,EP5077-PPSA28174_00-0356998192881191,499,499
10,UB0622-PPSA21754_00-0362910920626023,499,499
10,UB1029-PPSA32551_00-0745122114407899,299,299
10,UP2158-PPSA28379_00-CENTIPEDEQBPS5NA,499,499
10,EP0896-PPSA35976_00-CHICKENCLIMBERRG,499,499
10,UP5085-CUSA24935_00-7632494335552580,499,499
10,UP1675-PPSA17797_00-SYPS5EARTHSHINE0,499,499
10,UP1432-CUSA16401_00-INVISIGUN0000001,499,499
10,UP7862-PPSA25449_00-0315339320676603,499,499
10,UP6472-PPSA04624_00-THEMARAUDERCHRON,499,499
10,UP1735-CUSA12274_00-LMDGAMEUSTOONWAR,499,499
10,UP8446-PPSA28368_00-0956940702762072,499,499
10,UP0964-CUSA04642_00-VEV0000000000001,499,499
10,EP1612-CUSA51399_00-PIXICHARMCOLLEC1,399,399
10,UB0837-PPSA35019_00-0725448932906034,499,499
10,UP6031-CUSA24517_00-US0HIDEDANCE0PS4,499,499
10,UB0487-CUSA54148_00-0576905256756713,249,249
10,UB1511-PPSA30128_00-0337339938240558,499,499
10,UP5085-PPSA31483_00-0675949062573823,499,499
10,UP3995-CUSA12756_00-POOPSLINGER18PS4,499,499
10,UB2057-PPSA36402_00-0388094049900208,499,499
10,EB2210-PPSA33306_00-0098615720377113,499,499
10,UB0108-PPSA37740_00-0901802138833225,499,499
10,UP0891-PPSA05311_00-RGAYEAROFSPRINGS,499,499
10,UB0796-PPSA34042_00-0574820591841108,499,499
10,UP7862-PPSA24930_00-0671560328075175,499,499
10,EP0896-PPSA33083_00-STILLBORNSLAYERG,499,499
10,UP2005-PPSA34546_00-POGUI00000000000,499,499
10,UP7552-CUSA40867_00-0196348385102515,499,499
10,EP1935-PPSA24223_00-0703228520459340,499,499
10,UP4403-CUSA03688_00-BASEBALLRIOT0000,499,499
10,UP4892-PPSA22011_00-0142195691221373,499,499
10,EP0896-PPSA35540_00-PLANTERA2RATGAMS,499,499
10,UP4199-CUSA44758_00-0155979304863925,499,499
10,UP7552-CUSA33775_00-7125568315366833,499,499
10,UP2158-PPSA30897_00-CURSEROUNDSPS5NA,499,499
10,UP4432-CUSA29458_00-4120089833557294,499,499
10,UB0487-PPSA34440_00-0965832379393984,249,249
10,UP5641-CUSA45344_00-ERIKGAMESAVATAR1,499,499
10,UP2005-PPSA04165_00-BALLLAB000000000,499,499
10,UP0761-CUSA04618_00-2016BROKENBOTSUS,499,499
10,UP7276-PPSA07001_00-4344574952902389,499,499
10,UP2005-PPSA13872_00-COLORPALS0000000,499,499
10,UP2005-PPSA30929_00-CORESYSGAME00000,499,499
10,UP1675-CUSA10838_00-SYPS4DEEPONES000,499,499
10,UP7552-CUSA45437_00-0761463302950259,499,499
10,UP1675-CUSA44506_00-SYPS4EDGEOFREALI,499,499
10,UP2043-CUSA27104_00-VIDEOPOKER000000,499,499
10,JB1686-PPSA32258_00-0775020888898151,499,499
10,UP7552-PPSA35979_00-0460929640712512,499,499
10,UP5641-CUSA44056_00-HYPERAVATARSPACK,299,299
10,UP2005-PPSA31732_00-KOTENOK000000000,499,499
10,UP1675-CUSA40272_00-SYPS4MANGAVANIA0,499,499
10,UP7552-PPSA25559_00-0181058713817627,499,499
10,UP8026-CUSA29640_00-5956096416000369,499,499
10,UP0891-PPSA10384_00-RGPETITEADVENTUR,499,499
10,EP0896-PPSA35971_00-PITSTOPINPURGARG,499,499
10,EP0896-PPSA33082_00-REDPIPPYRATGAMES,499,499
10,UB0675-PPSA35335_00-0431985084808391,499,499
10,UP7126-CUSA55763_00-0300076996045573,499,499
10,UP4434-CUSA10844_00-WRAITH0601AESTAA,499,499
10,UB0738-PPSA33204_00-0425947361707665,249,249
10,UB0738-CUSA57526_00-0445782412914340,249,249
10,UB0738-CUSA57154_00-0859039814238681,249,249
10,UB0337-PPSA36380_00-0617369103765086,299,299
10,UP6881-CUSA47026_00-0267248109818261,449,449
10,UP4624-CUSA40605_00-0660106977109517,449,449
10,EP5506-PPSA35794_00-ANIMEUNI7PS50000,249,249
10,UP8603-CUSA47570_00-000EVILGODKORONE,449,449
10,UB0337-PPSA27333_00-0617275524622066,299,299
10,UP1082-PPSA14390_00-0215165814942140,499,499
10,UP4947-PPSA28397_00-INTERIMODYSSEY12,299,299
10,EP5974-CUSA56908_00-0328461617684886,399,399
10,UP4403-PPSA02147_00-KINGODDBALL00000,499,499
10,UP2136-CUSA08172_00-KODOSCEAGPS40001,299,299
10,UB0337-PPSA28481_00-0730658642502352,299,299
10,UP4064-PPSA07311_00-SLUS014480000000,499,499
10,EP6337-PPSA25930_00-0509513320261391,499,499
10,UP6989-PPSA19087_00-0928645741077345,399,399
10,UB0111-PPSA37871_00-0922260373579833,399,399
10,UP6989-CUSA36918_00-6336460126845889,399,399
10,UP6695-PPSA16101_00-ILLKILLHER0PS5NA,399,399
10,UP7958-CUSA40886_00-MYLITTLEPRINCENA,399,399
10,UP3357-CUSA09968_00-0000000000000000,399,399
10,UP2637-CUSA07242_00-VACCINE000000019,399,399
10,UP7552-CUSA41163_00-0297485747346213,399,399
10,UP6718-PPSA34942_00-0287157408011601,499,499
10,EB1338-PPSA25993_00-0072863349910457,349,349
10,UP7552-CUSA34342_00-7555815864052158,399,399
10,UP5253-CUSA14037_00-001SVREOTSREL001,399,399
10,UP7552-CUSA38302_00-6391114839326248,399,399
10,UP0977-CUSA03081_00-DFWG201506101200,499,499
10,UP7552-CUSA53107_00-0802455814147233,399,399
10,EP7349-PPSA23204_00-0897609990698008,399,399
10,UB0837-PPSA34131_00-0866216402916056,499,499
10,UP7552-PPSA31178_00-0173005904556107,399,399
10,UP7552-CUSA46131_00-0006723072106421,399,399
10,UP0789-CUSA28531_00-MOUSEBOT00000000,499,499
10,UP0910-CUSA44640_00-0744126933113929,299,299
10,UP0825-PPSA02710_00-ANEVERYIELDSIEA5,499,499
10,UP8603-CUSA53631_00-0378322611745756,399,399
10,UP7862-PPSA28993_00-0638458945222720,499,499
10,UP8446-PPSA27747_00-0282152216465683,499,499
10,UP2833-CUSA40737_00-0720226517112417,499,499
10,UB0487-CUSA53600_00-0439889662063919,499,499
10,EP6985-PPSA29166_00-0185232811785648,299,299
10,UP0891-CUSA08048_00-RATAGAME0METAGAL,499,499
10,UP0891-PPSA11246_00-DORAKONERATALAIK,499,499
10,UP6472-PPSA16203_00-WAIFUSPACECONQUE,499,499
10,UP4480-CUSA16341_00-0000000000000000,399,399
10,UB1423-CUSA56268_00-0743829894354984,399,399
10,UB1423-CUSA54769_00-0222183772850537,399,399
10,UP8603-CUSA48893_00-00000TSUGUNOHISN,399,399
10,UP6718-PPSA19887_00-0275273432800011,399,399
10,UP5427-CUSA19486_00-1412123445828542,499,499
10,UP2158-CUSA35033_00-WATERMARGINPS4NA,499,499
10,UP4802-CUSA31038_00-9258761337080794,499,499
10,UP1675-PPSA03591_00-SYPS5DROWNING000,299,299
10,UP4068-CUSA09880_00-FNVR1US000000001,499,499
10,UP1564-PPSA29455_00-CLABS0GM20250320,499,499
10,EB1338-PPSA26401_00-0597118842243625,349,349
10,UP7552-CUSA33901_00-6164805279024210,249,249
10,UP4396-CUSA33200_00-HIQACEDELUXEUS01,299,299
10,UP3538-CUSA08348_00-OHSIRTHEINSULT00,299,299
10,UP4947-PPSA29700_00-FANTASTICSEARCH1,299,299
10,UP4235-CUSA06154_00-K4EPS4000000000U,399,399
10,UP0891-PPSA05791_00-RGFORGOTTENHILLD,499,499
10,UB0837-PPSA34204_00-0830727494922332,499,499
10,UP6031-CUSA32953_00-US0PUDDING000PS4,499,499
10,UP4983-CUSA16937_00-7777770000000003,499,499
10,UP4199-CUSA26816_00-0382712721694782,499,499
10,UP0891-PPSA10107_00-BOUNTYHUNTRESSRG,499,499
10,EP0896-PPSA28289_00-THELASTHEROJOURG,499,499
10,UP6537-CUSA33009_00-8951350964049765,499,499
10,UP1675-PPSA24331_00-SYPS5PRISONLOOP0,499,499
10,UB0337-PPSA36406_00-0131388074470737,299,299
10,UP6695-PPSA17390_00-CUBICLIGHT0PS5NA,299,299
10,UP6695-PPSA17481_00-CUBICPARKINPS5NA,299,299
10,UP5325-CUSA47218_00-ELSANIMEPUZZLE00,249,249
10,UB0108-PPSA27498_00-0441744126204538,349,349
10,UP0891-CUSA11633_00-RATAGINKSPLOSION,499,499
10,UP0244-CUSA07267_00-MAHJONGDELUX3PS4,499,499
10,UP0891-CUSA17059_00-RATALAIKAGAHIMNO,499,499
10,UP8799-PPSA16888_00-0268028815044196,499,499
10,UP0891-PPSA19441_00-SCHEMINGTHROU2RG,499,499
10,UP2136-CUSA11225_00-0161896859947311,299,299
10,UP5258-CUSA14290_00-0000000000000002,499,499
10,UP5325-PPSA27667_00-ANIMEUNI3PS5UP00,249,249
10,EP5506-PPSA36955_00-APRILFOOLSPUZZLE,249,249
10,EP0896-PPSA23980_00-MASSIRATALAIKGAM,499,499
10,UP6989-PPSA21357_00-0691808527103658,299,299
10,UP7552-PPSA23759_00-0958493482647496,499,499
10,UP8255-PPSA37058_00-MONSTERRUSHSURSB,499,499
10,UP7862-PPSA33555_00-0862428648833622,499,499
10,EP5506-PPSA34192_00-ANIMEUNI50000000,249,249
10,UP1675-CUSA08963_00-SYPS4ENERGYBALAN,299,299
10,UP6927-PPSA06267_00-4722229420389344,299,299
10,EP6985-PPSA28364_00-0724554134174653,299,299
10,EB0432-CUSA59008_00-0924057509394900,299,299
10,EP7654-PPSA23726_00-0549730535641331,299,299
10,UB0487-CUSA54624_00-0323719510836404,249,249
10,UP5085-PPSA31389_00-0285850284523362,499,499
10,UP5792-CUSA45123_00-0573499060874682,299,299
10,UP5085-CUSA37633_00-8762596376047185,399,399
10,UP6699-PPSA31880_00-0654794855318379,299,299
10,EP6985-PPSA32517_00-0169021574737541,299,299
10,UP2833-CUSA46684_00-0441365734658372,499,499
10,UP5096-CUSA29077_00-2876950914582467,499,499
10,UB0337-PPSA19410_00-0039762144086918,299,299
10,EP1612-PPSA36464_00-NOCTURNEROUTES00,299,299
10,UB0928-PPSA25345_00-MATCHQUESTPS5000,299,299
10,UP8553-PPSA36770_00-0ALCHEWIZARDGAME,299,299
10,UP7249-CUSA34397_00-7550698100197999,299,299
10,UP6881-CUSA47198_00-0651694849995295,249,249
10,UP8553-PPSA36150_00-00PAPERPLANEGAME,299,299
10,UB0701-CUSA47992_00-0881136492895037,299,299
10,UP2005-PPSA22291_00-ANIGHTONTHEFARM0,499,499
10,UP4947-PPSA33005_00-12EXQUISITEWORDS,299,299
10,UB0337-PPSA36183_00-0264723542602790,299,299
10,UP7552-CUSA46451_00-0904029041049801,299,299
10,EP6985-PPSA23641_00-0420240954388914,399,399
10,UP5085-CUSA34028_00-4093005436022487,299,299
10,HB1050-CUSA55557_00-0105483462947347,499,499
10,UP5641-CUSA18890_00-ALPHAINVASIONEG3,299,299
10,UB0337-PPSA30539_00-0924368263980935,299,299
10,UB0701-PPSA29382_00-0987558356862552,299,299
10,UP4312-PPSA10042_00-2905786499848139,299,299
10,UB0796-PPSA29408_00-0612631747713046,299,299
10,UP8553-PPSA35340_00-0281981600355012,299,299
10,UB0701-PPSA22381_00-0650370818970463,299,299
10,UP5792-CUSA45296_00-0291188116296755,299,299
10,UP4312-PPSA10137_00-5151091035540172,299,299
10,UP8553-PPSA35958_00-SPECTERSMASHGAME,299,299
10,EP6958-PPSA22691_00-0810499658082860,299,299
10,UP2158-CUSA24414_00-KNIGRTPS4QUBYTNA,399,399
10,EP1612-PPSA31344_00-PIXICHAR0COLLEC3,399,399
10,EP5506-PPSA35337_00-FANTASYUNI2PS500,249,249
10,UP3658-CUSA25176_00-9171675620017760,399,399
10,UP5459-PPSA20522_00-0249636723801216,499,499
10,UP6291-PPSA19160_00-0859332877238651,499,499
10,UP2298-CUSA05240_00-NEIGHBORHORDE000,499,499
10,UB0487-PPSA36359_00-0476282648049083,249,249
10,UP4540-CUSA02390_00-COSMOPHONYGAME00,499,499
10,UP2005-PPSA28027_00-SUPERENGINEGTSPE,499,499
10,UP0891-PPSA04505_00-RGABARRYTHEBUNNY,499,499
10,UP0891-PPSA10722_00-RGBONESOFHALLOWE,499,499
10,UP0891-CUSA14147_00-RATAGADAGGERHOOD,499,499
10,UP0891-PPSA08990_00-RAGROAROFREVENGE,499,499
10,UP0891-CUSA15321_00-RATAGAMRUSHROVER,499,499
10,UP2005-PPSA18734_00-STTRGAME00000000,499,499
10,UP2005-PPSA28261_00-DAGGERFROGGY0000,499,499
10,UP1675-PPSA18861_00-SYPS5LIFEOFSLIME,499,499
10,UP0891-CUSA14333_00-RATAACCESSDENIED,499,499
10,UP2005-PPSA03921_00-112THSEED0000000,499,499
10,UP1675-PPSA19752_00-SYPS5KNOWLEDGEKE,499,499
10,UP6881-PPSA22861_00-0976898273101281,249,249
10,UP5817-CUSA17747_00-PIXELDEVIL0000US,499,499
10,EB2067-PPSA34471_00-0851063230146395,499,499
10,UP8623-PPSA26166_00-0614602391560233,499,499
10,UP2005-PPSA25810_00-SPELLAGIS0000000,499,499
10,UP7136-CUSA31060_00-2885271605091575,499,499
10,UP0458-CUSA12884_00-VIKINGDAYS000000,499,499
10,UP6537-CUSA29824_00-7745340138048029,499,499
10,UP0891-CUSA25313_00-RGAUTUMNSJOURNEY,499,499
10,EP6780-PPSA24395_00-0136551853318987,499,499
10,UP4947-PPSA25278_00-WHOPPINGWORDSEAR,299,299
10,UP5792-CUSA30401_00-0545639111554523,499,499
10,UP0891-PPSA09009_00-RGGODDAMNTHEGARD,499,499
10,UP3266-CUSA07452_00-THEBELLOWS123456,499,499
10,UP8623-PPSA28258_00-0274093515320558,499,499
10,UP7013-PPSA25840_00-0848559404585606,499,499
10,UP3686-CUSA25676_00-SONARBEATGAPS4NA,249,249
10,UP7552-PPSA20280_00-0973241078115633,499,499
10,UB0487-CUSA50341_00-0251520324557029,249,249
10,EP5974-CUSA53341_00-0244397172946007,499,499
10,EP8062-PPSA32743_00-0344490310268683,499,499
10,EP0896-PPSA35667_00-SOULSHARDRATAGAM,499,499
10,UP2005-CUSA18016_00-WITHOUTESCAPE000,499,499
10,UP4478-CUSA02686_00-MASTERCUBESCEA00,249,249
10,UB0487-CUSA54476_00-0608275562417360,249,249
10,UP3362-CUSA14515_00-GLADIATORBOFSA99,499,499
10,EP5077-PPSA37355_00-0032941078154943,499,499
10,UP3310-CUSA19205_00-2019200819881985,499,499
10,UP5325-CUSA48060_00-ANIMEUNI20000000,249,249
10,UB0487-CUSA53191_00-0841889925232092,299,299
10,UP1521-CUSA03405_00-PIECEFALLUSAGAME,249,249
10,EP0896-PPSA23702_00-STEELRACERRATALA,499,499
10,JB0701-PPSA23277_00-0932308793377736,499,499
10,EP6880-PPSA31218_00-0997624613711380,499,499
10,UB0487-PPSA34328_00-0179831582151288,249,249
10,EP7345-PPSA38082_00-0253077923198166,249,249
10,HB1069-PPSA35645_00-0707464902873372,249,249
10,UP8553-PPSA34686_00-0472606726132204,499,499
10,UP2005-PPSA15532_00-BETOMIS000000000,499,499
10,UP0891-CUSA14151_00-RAGBOUNCYBULLETS,499,499
10,UP8553-PPSA28225_00-0741655550981400,499,499
10,UP2833-CUSA45691_00-0301447243625783,499,499
10,UP0891-PPSA21934_00-FOXYRUSHRATALAIK,499,499
10,UP7552-PPSA28390_00-0944052696285321,499,499
10,UP7552-CUSA45078_00-0776978271208653,499,499
10,UP2158-PPSA24644_00-METROLANDPS5NA00,499,499
10,UP6031-CUSA27583_00-US0MOMHMG0200PS4,499,499
10,UP2833-CUSA41136_00-0971733964623785,499,499
10,UP1675-CUSA20148_00-SYPS4NORMANSGREA,499,499
10,UP7185-PPSA07025_00-1876164334372938,499,499
10,EP2696-CUSA55768_00-2000000000000000,499,499
10,UP7347-PPSA36799_00-0779317489377322,249,249
10,UP7347-PPSA36247_00-0163031091426384,249,249
10,UB1423-CUSA57158_00-0267428656167114,249,249
10,UB1423-CUSA58174_00-0898947438291669,249,249
10,UB0487-PPSA35701_00-0845059372732733,249,249
10,UP2136-PPSA25869_00-REBELOIDVRFULLGM,299,299
10,EP6985-PPSA31370_00-0762492349171715,299,299
10,UP6718-CUSA43472_00-0966687487806398,449,449
10,UP3650-CUSA15098_00-REFUNCTPS4FULL00,299,299
10,UP4235-CUSA02906_00-TOM4PS410000000U,499,499
10,UP5325-CUSA47288_00-JAPANESEGOBLINS0,249,249
10,EP5506-PPSA34193_00-ANIMEFANTASYUNI0,249,249
10,UP6072-CUSA23513_00-6220580331409558,299,299
10,UP6989-CUSA37234_00-6074101853012586,399,399
10,EP6878-CUSA52374_00-CROSSWORDGAME000,399,399
10,UP2005-PPSA29186_00-WITHOUTAVOICE000,499,499
10,UP1564-PPSA28109_00-CLAB2GBT20250113,499,499
10,UP0287-CUSA16337_00-MACHISBLOODBAGOS,299,299
10,HB1381-PPSA27337_00-0722383978609858,399,399
10,UP0097-PPSA21810_00-SLIME3K000000000,499,499
10,UP7126-PPSA19297_00-0546306920076591,499,499
10,UB0438-PPSA19763_00-0371625004422075,299,299
10,UP2595-CUSA05564_00-INKFGFULLGAMEPS4,299,299
10,UP2440-PPSA37439_00-0323750003599658,299,299
10,UP6162-CUSA30457_00-3159536633266910,299,299
10,UP4297-CUSA11373_00-0000000000000000,499,499
10,UP4312-PPSA09692_00-9057981035270482,299,299
10,UB0337-PPSA36379_00-0828078246753615,299,299
10,UP0891-CUSA12937_00-RATAGJACKNJILLDX,499,499
10,EP6985-PPSA29900_00-0288567162902057,399,399
10,UP6989-PPSA18094_00-0255970466949935,399,399
10,UP4312-PPSA09855_00-1331471703891447,299,299
10,UB0337-PPSA36114_00-0597388550951044,249,249
10,EP6985-PPSA27578_00-0371728111653450,299,299
10,UB0928-PPSA26512_00-0687581321764864,249,249
10,UP1626-CUSA05012_00-000BARDSGOLDGAME,499,499
10,EB0432-CUSA53521_00-0922233949671800,499,499
10,UP5257-CUSA14152_00-SSJSILVERCHESSEN,499,499
10,UP1675-CUSA10044_00-SYPS4ALTERIC0000,499,499
10,UP0891-PPSA05001_00-RGBOUNCYBULLETS2,499,499
10,UP7605-CUSA39451_00-0858007729182295,499,499
10,UP7552-CUSA38306_00-2000653248828199,499,499
10,UP5464-PPSA03520_00-8798260576970585,499,499
10,UP0891-CUSA16357_00-RAGMOCHIMOCHIBOY,499,499
10,UP2005-PPSA04907_00-PGMAHJONGSOLITAI,499,499
10,UP7605-CUSA47366_00-0201346869158441,499,499
10,UP7552-CUSA37876_00-9838432390190184,499,499
10,UP2005-PPSA08461_00-KIDBALLADVENTURE,499,499
10,UP4477-CUSA01426_00-MINUTESUS0000001,499,499
10,UP6537-CUSA31224_00-3265524735226632,499,499
10,UP2833-CUSA42695_00-0829580317162325,499,499
10,UP5325-CUSA54953_00-ELSKINGOFDESIRES,249,249
10,UP0891-PPSA03761_00-RGDONUTSNJUSTICE,499,499
10,UP7552-CUSA45496_00-0015598061543511,499,499
10,UP2136-CUSA12402_00-CARETAKERBUNDLE1,399,399
10,UP5869-PPSA21092_00-0397420605785526,499,499
10,UP0891-CUSA26301_00-RATAGALOOTHERODX,499,499
10,EP4459-PPSA26231_00-SLASHERSGAMEPS50,499,499
10,UP2005-PPSA28074_00-SUBMARINESURVIVR,499,499
10,UP7552-CUSA37173_00-1655592169464494,499,499
10,UP2833-CUSA47360_00-5000000000000000,499,499
10,UP0891-CUSA19113_00-RATACONCEPTDESTR,499,499
10,UP0891-PPSA05018_00-RGDONTTOUCHTHISB,499,499
10,UP6989-PPSA16751_00-0731950739441726,399,399
10,UP2158-CUSA24173_00-WARDOGSPS4QUBYNA,399,399
10,UB2239-PPSA37694_00-COZYBASKET00SIEA,399,399
10,UB0108-PPSA25823_00-0649283665163132,499,499
10,UP0891-CUSA20455_00-RATAGAMMICETOPIA,499,499
10,UB2202-PPSA38546_00-SPOTSTORIESVOL01,499,499
10,UP7958-PPSA16967_00-WILLYWONDERPS5NA,499,499
10,UP4312-PPSA09210_00-5872103112680600,299,299
10,UP4312-PPSA08371_00-7504775039847698,299,299
10,UB1029-PPSA26814_00-0546696686413934,299,299
10,UP4312-CUSA36585_00-1187713179734579,299,299
10,UP6162-CUSA30501_00-2903435933185552,299,299
10,UP1291-CUSA02923_00-0000000000000002,299,299
10,UP3409-CUSA07856_00-0000000000000000,499,499
10,UP5325-CUSA46109_00-ANIMEDREAMSIEA00,249,249
10,UP6695-PPSA17876_00-CUBICLINES0PS5NA,299,299
10,UP6162-CUSA25860_00-6594310225251234,299,299
10,UB0337-PPSA31382_00-0449155416481875,299,299
10,UP4312-PPSA09490_00-8835554590465520,299,299
10,UP0891-CUSA06555_00-RGBLASTINGAGENTU,299,299
10,UB0438-PPSA20861_00-0944650858695462,299,299
10,UP8553-PPSA27083_00-0782437935421361,299,299
10,UB0701-CUSA48118_00-0736587582714900,299,299
10,UP8008-PPSA07260_00-ULTRAMISSIONP5NA,299,299
10,UP8255-PPSA21387_00-07606800133901NA,399,399
10,UP0853-CUSA04781_00-0000000000000000,399,399
10,UP0891-CUSA15806_00-RATAGAMECYBARIAN,499,499
10,UP6881-CUSA46180_00-0687578241552882,249,249
10,UP0891-CUSA15317_00-RATGAGRAVITYDUCK,499,499
10,UP0891-CUSA10923_00-RATAG0SQUAREBOYV,499,499
10,UP1415-CUSA05114_00-KNOTSCEA00000000,399,399
10,UP2005-PPSA10282_00-THEREDEXILE00000,499,499
10,UP2641-CUSA06277_00-ABTA666666666666,499,499
10,UP4770-CUSA12760_00-AXISFOOTBALL2018,499,499
10,UB0837-PPSA29719_00-0915095507230590,499,499
10,UP2005-PPSA29261_00-KNIGHTSNIGHT0000,499,499
10,EP5506-CUSA49218_00-LOVEISLANDSIEA00,499,499
10,UP6989-PPSA13549_00-0486592006484940,299,299
10,EP6985-PPSA33753_00-0800766249998951,299,299
10,UP6486-PPSA17591_00-GRIMORIOOFGAMES0,299,299
10,UP1675-CUSA10045_00-SYPS4NORTH000000,299,299
10,UP6472-PPSA02973_00-LEGENDSOFTALIAAR,299,299
10,UP2833-CUSA25858_00-ONESTRIKEPS4V100,499,499
10,EP1612-PPSA28500_00-PIXICHARMCOLLECT,499,499
10,UP2188-CUSA02403_00-NTDPGVSD40000100,499,499
10,UP3252-PPSA05955_00-JANDUSOFT0000001,499,499
10,UP6695-PPSA19776_00-BUNNYMEMORYPS5NA,299,299
10,UP1675-PPSA05121_00-SYPS5ENERGYCYCLE,299,299
10,UP6472-PPSA12478_00-ELVESJIGSAWPUZZL,299,299
10,UP0891-PPSA10120_00-7DAYSOFROSERAGAM,499,499
10,UP2005-PPSA20931_00-ELECTRONICSPUZZL,499,499
10,UP6031-CUSA24392_00-US0MOMHMG0000PS4,499,499
10,UP6989-PPSA21619_00-0716029523856869,499,499
10,UP2148-CUSA01274_00-WOAHDAVE20000000,499,499
10,UP6989-PPSA09503_00-2196369224635608,299,299
10,UP6472-PPSA09093_00-HOTTENTACLESSHOO,299,299
10,UP4312-PPSA09988_00-5639026429223386,299,299
10,UB0337-PPSA31088_00-0086831671661515,299,299
10,UP0891-CUSA14958_00-RAGAMESIRONSNOUT,499,499
10,UP3362-CUSA41732_00-0157739351684808,499,499
10,UP2150-CUSA01218_00-000000000HOMEPS4,499,499
10,EP1612-PPSA34807_00-PIXICHARMCOLLEC8,399,399
10,UP4403-CUSA01238_00-TENNISINTHEFACEE,499,499
10,UP5325-CUSA46166_00-MAKELOVENOTWAR00,249,249
10,UP4514-CUSA03000_00-DONTDIEMRROBOT01,399,399
10,UP6989-PPSA08438_00-8769124506242907,299,299
10,UP0307-CUSA06982_00-MRMASSAGY0000000,399,399
10,UP4235-CUSA06155_00-BATTALIONCOMPS4U,399,399
10,UP1675-PPSA30445_00-SYPS5HILLBILLYDO,499,499
10,UP5325-CUSA46728_00-MAKELOVENOTWAR20,249,249
10,UP2005-PPSA19488_00-10SECONDSTOWIN00,499,499
10,UP2005-PPSA35249_00-1CATLINEGAME0000,499,499
10,UP0891-CUSA10921_00-RATAG036FRAGMENT,299,299
10,JP0013-PPSA25005_00-JP0SAND000000PS5,499,499
10,UP7552-CUSA42855_00-0400613990368686,499,499
10,UP4196-PPSA06316_00-3274651335510925,499,499
10,UP7552-CUSA42557_00-0922991360507282,499,499
10,UP2005-CUSA26511_00-890B000000000000,499,499
10,UP5817-CUSA27335_00-3569624935841871,499,499
10,EP0896-PPSA24537_00-ACCESSDENIEDESRG,499,499
10,UP0977-CUSA02456_00-AOTL201407280941,499,499
10,UB0249-CUSA45487_00-0963662473751319,299,299
10,UP1675-CUSA18127_00-SYPS4ACTIVENEURO,499,499
10,UP1675-CUSA20150_00-SYPS4ACTIVENEUR2,499,499
10,UP1675-CUSA26385_00-SYPS4ACTIVENEUR3,499,499
10,UP2005-PPSA15400_00-AGRICULTURE00000,499,499
10,UP0891-PPSA13368_00-RGHEROANDAGARDEN,499,499
10,UP1626-CUSA28925_00-AKINOFAGAME00000,499,499
10,UP6537-CUSA31478_00-7667347010097496,499,499
10,UP2158-CUSA36614_00-ALICEINWONDPS4NA,499,499
10,EP0896-PPSA35912_00-ALIENCAT2RATAGAM,499,499
10,UP6695-PPSA20570_00-ALPACAWHY00PS5NA,249,249
10,UP0891-PPSA19280_00-AMABILLYRATAGAME,499,499
10,UP6695-CUSA39496_00-MATTERPRINCIPLNA,399,399
10,UB0701-CUSA51445_00-0083728283867243,299,299
10,UP8623-CUSA53292_00-0395348727588822,499,499
10,UP4713-CUSA16587_00-APOCALIPSISTKGE0,499,499
10,UP0458-CUSA12679_00-APOCALYPSERIDER0,499,499
10,UP1249-PPSA03013_00-8281055267108799,499,499
10,UP4384-CUSA41458_00-AAHEPHAESTUS0PS4,499,499
10,UP4384-CUSA42257_00-AA5CIRCE0000PS4U,499,499
10,UP4384-CUSA42259_00-AA6DAUGHTERPS40U,499,499
10,UP1675-CUSA27391_00-SYPS4ARKANTHEDOG,499,499
10,UP4802-PPSA06718_00-6983340659885127,499,499
10,UP2833-CUSA46531_00-0985916035377985,499,499
10,UP1675-PPSA18857_00-SYPS5ATIMETRAVEL,499,499
10,UP2146-CUSA01235_00-APP0000000000001,249,249
10,UP2146-CUSA05110_00-APP0000000000001,499,499
10,UP2005-PPSA35250_00-AVENUEESCAPE0000,499,499
10,UP1675-CUSA19185_00-SYPS4AWESOMEPEA2,499,499
10,UP1675-CUSA47049_00-SYPS4AWESOMEPEA3,499,499
10,UP5817-CUSA20447_00-9888453782792334,499,499
10,UP2005-PPSA16222_00-BALLLABTWO000000,499,499
10,UB0111-PPSA35822_00-0507322311109849,399,399
10,UP7862-PPSA29199_00-0428223796337403,499,499
10,UP1249-CUSA20121_00-0000000000000000,499,499
10,EP0896-PPSA33079_00-BEAKEDBUCCANEERG,499,499
10,UP4735-CUSA15692_00-COMPLETECOLLECTN,499,499
10,UP1675-PPSA05933_00-SYPS5BEHINDCLOSE,499,499
10,UP0910-CUSA14631_00-BETTYBATTREASURE,399,399
10,EP0896-PPSA33084_00-BIGTROUBLELITTRG,499,499
10,UP0891-PPSA10591_00-RATALAGABILLY101,499,499
10,UP4199-CUSA26999_00-6756312551131788,499,499
10,UP0307-CUSA07950_00-TASTESLIKECHIKUN,499,499
10,UP0891-CUSA12688_00-RATAGAMEBIRDGAME,499,499
10,UP0891-CUSA23426_00-RGBIRTHDAYOFMIDN,499,499
10,UP2005-PPSA07469_00-BLACKWOLF0000000,299,299
10,UP2005-PPSA03965_00-BLITZBREAKER0000,499,499
10,UP7552-CUSA35968_00-0407245999763823,499,499
10,UP2005-PPSA07207_00-BLOWANDFLY000000,499,499
10,UP0891-PPSA19025_00-BOBELEMENTALISRG,499,499
10,UP2005-PPSA32400_00-BOMBKITTENGAME00,499,499
10,UB0701-CUSA50547_00-0004933849035136,299,299
10,EP5077-PPSA31829_00-0482287271608915,499,499
10,UP0891-PPSA04146_00-RATAGABONEMARROW,499,499
10,UP6537-CUSA26595_00-6730670063771604,499,499
10,UP2005-PPSA23445_00-BOUNCYCHICKEN000,499,499
10,UB0701-CUSA52713_00-0921842993883668,299,299
10,UP2005-PPSA15222_00-BRAVESOLDIER0000,499,499
10,UP1675-CUSA17138_00-SYPS4BREEDERHOME,499,499
10,UP2158-CUSA33656_00-BRICKYTOME1PS4NA,399,399
10,UP7552-CUSA36883_00-3462373888197392,499,499
10,UP5792-CUSA43444_00-0886982835363948,499,499
10,UP1675-CUSA17710_00-SYPS4BUCKETKNIGH,499,499
10,UP8553-PPSA27087_00-0218220609328763,299,299
10,UP2005-PPSA29105_00-BUNNYCUBED000000,499,499
10,UP6695-CUSA33129_00-BUNNYMAHJONAGAME,299,299
10,UP8112-CUSA52805_00-0000000BUTTERFLY,499,499
10,UP2166-CUSA08964_00-BUTTERNFRIENDS01,299,299
10,UP7552-CUSA41960_00-0619216945035060,249,249
10,UP4372-CUSA02161_00-CAPSULEFORCEGAME,499,499
10,UP3658-CUSA16718_00-CAPTAINCAT111111,499,499
10,UP7862-PPSA24371_00-0409007446605444,499,499
10,UP7862-PPSA29655_00-0982542582826751,499,499
10,UP7847-CUSA46156_00-0464812342124196,499,499
10,EP4897-PPSA31686_00-0489192085870577,499,499
10,UP1389-CUSA05895_00-COMCATTRAPCASTLE,499,499
10,UP1249-PPSA03799_00-2505596857610757,499,499
10,UP0891-CUSA19387_00-RATAGACASTLEPALS,499,499
10,UP2005-PPSA06165_00-CCPLAYERSCLUB000,499,499
10,UP7126-CUSA56312_00-0140195439543092,499,499
10,UP2758-CUSA08088_00-CATINTERSTELLAR1,499,499
10,EP0896-PPSA30779_00-CATNEEDSRATGAMES,499,499
10,UP7958-CUSA39444_00-CATSLIDETILPS4NA,399,399
10,UP0891-PPSA15455_00-CATSOULSRATGAMES,499,499
10,EP6878-CUSA55832_00-CATSRITUALBUNDLE,349,349
10,UP1675-PPSA03660_00-SYPS5CATTYNBATTY,499,499
10,UP2005-CUSA26494_00-CAVEBAD000000000,499,499
10,UP0891-PPSA20639_00-CAVEMANRANSOMRAG,499,499
10,UP6537-CUSA26242_00-9639911999480732,499,499
10,UP2158-CUSA33658_00-CHAMENEON00PS4NA,399,399
10,UP7664-PPSA31826_00-0070338268599423,499,499
10,UP0891-PPSA07201_00-RATAGAMCHEFYCHEF,499,499
10,UP2158-CUSA33968_00-CHESSBRDTROOPTNA,399,399
10,UP2158-CUSA26175_00-CHESSHINOQUBYTNA,399,399
10,UP2158-CUSA25875_00-CHESSKPS4QUBYTNA,399,399
10,UP6139-CUSA32067_00-TCOLMIDDLEAGESEA,499,499
10,UP5817-CUSA19018_00-CHOPID00000000US,499,499
10,UP4312-CUSA36578_00-1909172113573707,299,299
10,UP0891-PPSA15833_00-CHRONOBREACHULRG,499,499
10,UP3658-CUSA12097_00-0000111100001111,499,499
10,UP6537-CUSA31788_00-6261342777939809,499,499
10,UP3252-PPSA16139_00-JANDUSOFT0000001,499,499
10,UP7126-CUSA56529_00-0213819993865291,499,499
10,UP0665-CUSA33159_00-CSLAYERSPS4AM000,249,249
10,UP0891-PPSA06270_00-RATAGAMCOSMOSBIT,499,499
10,EB2067-CUSA56848_00-0687117318832305,499,499
10,UP3252-PPSA16981_00-JANDUSOFT0000001,499,499
10,EP6170-PPSA23645_00-CROSSBOWBLOODPS5,499,499
10,UP6537-CUSA28377_00-7736435899725049,499,499
10,UP0891-PPSA02718_00-RATAGACROSSKRUSH,499,499
10,UP4384-CUSA36989_00-CRNOFEMPIRE0PS4U,499,499
10,UP4384-CUSA37550_00-CRNOFEMPIRE2PS4U,499,499
10,UP7931-PPSA22184_00-0852388303107733,499,499
10,UP7931-PPSA21149_00-0508030736104107,499,499
10,UP7931-PPSA25802_00-0472956274486563,499,499
10,UP6695-PPSA17659_00-CUBICBAN00PS50NA,299,299
10,UP6695-CUSA36515_00-CUBICFIGURESGANA,399,399
10,UP6537-CUSA34620_00-3742626969217388,499,499
10,JB1941-PPSA37147_00-0023420102023136,499,499
10,UP7958-CUSA41387_00-CYBERNEONBUNDLNA,499,499
10,UP5464-CUSA25701_00-7021035546725753,499,499
10,UP5817-CUSA25198_00-5677395306306205,499,499
10,UP3252-PPSA14156_00-JANDUSOFT0000001,399,399
10,UP4384-CUSA13716_00-DAYDTTPS4000000U,499,499
10,UP4724-CUSA20237_00-DEADDUNGEON00001,499,499
10,UP6537-CUSA27682_00-2531481999027656,499,499
10,UP2047-CUSA01752_00-DEADISLANDRRGAME,499,499
10,UP6537-CUSA37603_00-3626578164846312,499,499
10,UP7862-PPSA22891_00-0080898284314529,499,499
10,EP0896-PPSA23592_00-DEATHCHRONRATGAM,499,499
10,UP7862-PPSA20339_00-0142884637719996,499,499
10,EP1935-CUSA49133_00-0880823175504334,499,499
10,UP5325-PPSA15714_00-DEATHSOULNROBOTS,499,499
10,UP8644-CUSA42525_00-DEGROIDPS4EA0000,499,499
10,UP6537-CUSA35414_00-7046144284165539,499,499
10,UP2005-PPSA34210_00-DIRECTIONQUAD000,499,499
10,JB0701-CUSA49286_00-0255247588650619,499,499
10,UP4372-CUSA00204_00-DIVEKICKPS400001,499,499
10,UP2005-PPSA05237_00-DIVINATION000000,499,499
10,UP1701-CUSA12793_00-0000111122223333,499,499
10,UP2158-CUSA32982_00-GAMEDOGSDONUTSNA,399,399
10,UP2158-CUSA18249_00-DOGURAIPS4191025,499,499
10,UP7884-CUSA42822_00-0982591570490501,349,349
10,UP4312-CUSA53665_00-0272144499862960,399,399
10,UB0928-PPSA27902_00-0842995615763017,499,499
10,UP2158-CUSA33924_00-DOOMEDTOHELLPSNA,499,499
10,UP2215-CUSA28848_00-DOWNSLOPE0000000,499,499
10,UP4312-CUSA36350_00-8146426911888029,299,299
10,UP2979-CUSA10626_00-DRAGOONEDPS4FOUR,499,499
10,UP4724-CUSA24623_00-9699914385499274,499,499
10,UP0904-CUSA03821_00-XGAMES01XG020100,499,499
10,UP0891-PPSA02929_00-RAGDREAMINGSARAH,499,499
10,UP4802-PPSA17184_00-0207240641548203,299,299
10,UP0891-CUSA17534_00-RATALAIDUCKSOULS,499,499
10,UP1675-CUSA26808_00-SYPS4DULLGREY000,499,499
10,EP6985-PPSA32386_00-0959221083739492,499,499
10,UP1675-CUSA25392_00-SYPS4DUGEONSBOMB,499,499
10,UP0891-PPSA08553_00-RATADUNGEONSLIME,499,499
10,EP0896-PPSA30715_00-DUNGEONSOFPAINRG,499,499
10,UP5958-CUSA31818_00-9306631097721998,499,499
10,UP0892-CUSA06500_00-1108201611082016,499,499
10,UP7552-CUSA41202_00-0562553019260938,249,249
10,UP0770-CUSA04403_00-EMERALDSHORES001,499,499
10,EP5506-CUSA54674_00-ELSHTWB000000000,499,499
10,UP1675-CUSA13455_00-SYPS4ENCYCLEEDGE,499,499
10,UP1675-CUSA08961_00-SYPS4ENERGYINVAS,299,299
10,UP3735-CUSA42661_00-0526391947410186,499,499
10,UP3362-CUSA08586_00-EPICWORLD2017002,399,399
10,UP0891-PPSA19020_00-EVILDIARYRATAGAM,499,499
10,UP2005-PPSA17900_00-EXCESSIVETRIM000,499,499
10,UP4467-CUSA31462_00-EXITMANPS4NA0000,499,499
10,UP2005-PPSA05712_00-EXPLOSIVECANDYWO,499,499
10,UP1675-CUSA18452_00-SYPS4EXPLOSIVEJA,499,499
10,UP7552-PPSA36653_00-0720982573613244,499,499
10,UP8110-PPSA13741_00-0729080772692850,499,499
10,UP5413-CUSA31493_00-FINDMEGAME000001,499,499
10,UP5270-CUSA19305_00-0000000000000000,299,299
10,UP8112-CUSA44510_00-01FLASKOMAN00000,499,499
10,UP2158-CUSA18729_00-FLATLANDV01PS4NA,499,499
10,UP2158-CUSA24410_00-FLATV2PS4QUBYTNA,259,399
10,JB1941-PPSA32855_00-0191848429536434,499,499
10,UP2158-CUSA31749_00-FLUFFYCUBEDPS4NA,259,399
10,UP2005-PPSA15396_00-FLUFFYMILO000000,499,499
10,UP0891-CUSA17966_00-RATAFOOTBALLGAME,499,499
10,EP0896-PPSA24536_00-FORESTSFIELDSFRG,499,499
10,UP1249-PPSA07103_00-2461219817555822,499,499
10,UP0891-PPSA19739_00-FORRADERHERORAGA,499,499
10,UP8553-PPSA30696_00-00000000FRAMECAT,499,499
10,UP0891-PPSA04439_00-RGFREDDYSPAGHET2,499,499
10,UP5325-CUSA39283_00-FRIDO00000000000,499,499
10,UP6547-CUSA28174_00-2069171444562765,499,499
10,UP0891-PPSA20557_00-FROGURAIRATALIGA,499,499
10,JB1941-PPSA35666_00-0650418916367453,499,499
10,UP1715-PPSA08294_00-6341661432443888,399,399
10,EP0896-PPSA24543_00-FURIOUSBIKERSRGS,499,499
10,UP8553-CUSA42509_00-0443591605199149,249,249
10,UP6718-CUSA55631_00-0881613970417272,499,499
10,UP6537-CUSA32258_00-5654257834415450,499,499
10,UP2158-CUSA34498_00-GEOMEFEELBEATSNA,324,499
10,UP5958-CUSA31033_00-1785171286791189,499,499
10,EP1612-PPSA27352_00-GHOULIESGARDEN00,299,299
10,UP1675-PPSA25274_00-SYPS5GIRLFRIENDF,499,499
10,UP4912-CUSA32087_00-2771103518574866,499,499
10,EP6470-PPSA26423_00-GLITCHBLASTERSWA,499,499
10,UP6537-CUSA26244_00-8444220691372937,499,499
10,UP7552-CUSA43726_00-0185926354672529,499,499
10,UP2005-PPSA35589_00-GLUMEGAME0000000,499,499
10,UP0454-CUSA27056_00-2197817946453053,449,449
10,UP0891-CUSA20454_00-RATAGAMEGOLFZERO,499,499
10,UP1675-CUSA11497_00-SYPS4GRABTHEBOTT,499,499
10,UP1675-PPSA02898_00-SYPS5GRAVIFIRE00,499,499
10,UP2005-PPSA33604_00-GRIDZKEEPER00000,499,499
10,UP2005-CUSA18104_00-GRIZZLANDGAME000,499,499
10,UP4724-CUSA23907_00-1530346559766422,499,499
10,UP0891-PPSA15742_00-GRUTARATALAIKAGA,499,499
10,UP4724-CUSA25540_00-8944180625381679,499,499
10,EP7738-CUSA50334_00-0667377562430745,399,399
10,UP0891-CUSA19111_00-RATALAIKGUNCRAZY,499,499
10,UP0881-CUSA18266_00-00000000GUNMANUS,499,499
10,UB0108-CUSA57940_00-0969744341806940,349,349
10,UB0108-CUSA58843_00-0391499834471617,349,349
10,UP8121-PPSA19175_00-0961125378915448,499,499
10,UP8553-CUSA41478_00-0096081468789816,499,499
10,UP2005-PPSA09586_00-HATUPGAME0000000,499,499
10,UP2005-PPSA27349_00-HEGZISGAME000000,499,499
10,UP8553-PPSA29863_00-0417125664122775,299,299
10,UP2005-PPSA17868_00-HELLWELL00000000,499,499
10,UP7958-CUSA41385_00-HERODESGAMEPS4NA,499,499
10,UP2005-PPSA34306_00-HEROESBATTLEAWAK,499,499
10,UP4802-CUSA16769_00-HEROEXPRESSPS4US,499,499
10,UP1675-PPSA15979_00-SYPS5HEROSURVIVA,499,499
10,EB1391-PPSA25955_00-0809902671693682,499,499
10,EB1391-PPSA31067_00-0790650268092008,499,499
10,UP3790-CUSA08996_00-HEXTUNNELUNREAL4,499,499
10,UP3790-CUSA12155_00-HEXTUNNELTOUCHNA,499,499
10,UP2158-CUSA31849_00-HDSHAPESALCPS4NA,399,399
10,UP2158-CUSA34420_00-HSSKULLWESTPS4NA,259,399
10,UP2158-CUSA43875_00-HIDDENSHAP3PS4NA,349,499
10,UP2158-CUSA33569_00-HIMEHERCOLLECTNA,399,399
10,UP0891-CUSA15316_00-RATALAIKAGHOGGY2,499,499
10,EP1612-PPSA34949_00-HOHOMOVEGAME0000,299,299
10,UB1264-CUSA54858_00-0155280119296308,499,499
10,EP1612-CUSA58249_00-HOOFANDSEEKGAME0,299,299
10,UP4312-CUSA35457_00-0775187964259038,299,299
10,UP2158-CUSA34500_00-HOST714GAMEPS4NA,499,499
10,UP7552-CUSA35280_00-5349339892921074,499,499
10,EP3146-PPSA33157_00-0946720350644294,499,499
10,EP0896-PPSA27278_00-HYPERMIRRORRUNRG,499,499
10,UP3252-PPSA13447_00-JANDUSOFT0000001,499,499
10,UP8623-PPSA30772_00-0455047548381676,499,499
10,UP2005-PPSA06815_00-ILOVEFOOD0000000,499,499
10,UP2158-CUSA30664_00-INEXTREMIS1PS4NA,499,499
10,UP1249-CUSA15908_00-0000000000000001,499,499
10,UP0891-PPSA03560_00-RATAGAMEINFESTOR,499,499
10,UP7992-CUSA45594_00-0788460242530765,499,499
10,UP7992-CUSA43427_00-0662748761074336,499,499
10,UP6347-CUSA33144_00-23NNNNEXPANSIONE,499,499
10,EP2696-CUSA57403_00-2000000000000000,499,499
10,EP0896-PPSA29751_00-INKVENTURERATGAM,499,499
10,UP4523-CUSA01386_00-INSPACEWEBRAWL01,399,399
10,UP5817-CUSA17748_00-INVERT00000000US,499,499
10,UP4384-CUSA50207_00-IRONHEART000PS4U,299,999
10,UB0837-PPSA37641_00-0930584224537182,499,499
10,UP1675-PPSA20949_00-SYPS5IWANTTOGOTO,499,499
10,UP2387-CUSA07078_00-IZOMBIE201600001,449,449
10,UP3735-CUSA20649_00-JANKBRAINGAMEPS4,499,499
10,EP0896-PPSA28093_00-JELLYANDTOASTRAG,499,499
10,UP0891-CUSA20158_00-RATALAIKAGMJISEI,499,499
10,UP0892-CUSA10491_00-JOLTFAMRACER2017,399,399
10,UP4947-PPSA32233_00-JOURNEYOFBALLOON,399,399
10,UP2158-CUSA45381_00-0000JUJUBOSPS4NA,499,499
10,UP4082-PPSA24888_00-0751630955531870,499,499
10,UP6927-PPSA08381_00-4585154665500311,299,299
10,UP0891-CUSA15821_00-RGJUSTIGNORETHEM,499,499
10,UP0881-CUSA18037_00-00000000KAMIKONA,499,499
10,UP2777-PPSA22176_00-ABCDEF0123456789,399,399
10,UP2005-PPSA22884_00-KIKIGAME00000000,499,499
10,UP7249-CUSA43890_00-0791356669123182,499,499
10,UP0891-PPSA20778_00-KINDUO2FROSTBIRG,499,499
10,UP0891-PPSA17793_00-KITTENHERORATGAM,499,499
10,UP6291-PPSA14416_00-0173831215727560,499,499
10,UP6151-CUSA44819_00-0276933307434740,299,299
10,UP0891-PPSA14307_00-KUROITSUBASARATG,499,499
10,UP4064-CUSA01930_00-LACOPS0000000000,499,499
10,UP5817-CUSA20446_00-9888453782792635,499,499
10,UP0891-CUSA06519_00-RATAG0LEAGUEOFEV,499,499
10,UP3713-CUSA08874_00-LEAVINGLYNDOW000,399,399
10,UP2833-CUSA46506_00-0780047400760672,499,499
10,UP0891-PPSA15594_00-LIGHTOFLIFERATGA,499,499
10,UP3252-PPSA06341_00-JANDUSOFT0000001,499,499
10,UP2005-PPSA18322_00-LILYINPUZZLEWORL,499,499
10,UP1483-CUSA25709_00-6707114717040681,499,499
10,UP7126-PPSA33257_00-0078330245624385,499,499
10,UP8647-CUSA42650_00-0425256417831310,499,499
10,UP0891-PPSA15542_00-LITTLEDISASTERRG,499,499
10,UP7931-PPSA32184_00-0074461407242261,399,399
10,UP0891-PPSA04084_00-RATAGAMLOOPINDEX,499,499
10,UP3252-PPSA07896_00-JANDUSOFT0000001,499,499
10,UP5817-CUSA24793_00-7083034857230435,499,499
10,UP6537-CUSA30461_00-8871117640095469,499,499
10,UP6537-CUSA36466_00-9835405333165062,499,499
10,UP7862-PPSA19948_00-0788267067143377,499,499
10,UP0891-PPSA04707_00-RATALALOVECHOICE,499,499
10,UP5325-CUSA49253_00-LOVELYCRUSH00000,499,499
10,UP7958-CUSA43018_00-LUNARAXE000PS4NA,499,499
10,UB0108-PPSA18123_00-0400901102323836,499,499
10,UP0891-PPSA06260_00-RGMAGESANDTREASU,499,499
10,UP2005-PPSA09034_00-MAGGIETHEMAGNET0,499,499
10,UP4624-CUSA40500_00-0151500978302841,449,449
10,UP6989-PPSA09846_00-1703163241811927,399,399
10,UP1675-PPSA23984_00-SYPS5MANGAVANIA2,499,499
10,UP2005-CUSA20022_00-MANYFACES0000000,499,499
10,UP4197-CUSA11833_00-0000111122223333,499,499
10,UP2005-PPSA03987_00-MASTHOISTOGETHER,499,499
10,UB0701-PPSA31791_00-0948654097906551,299,299
10,EP0896-PPSA27157_00-MAYHEMMAILRATGAM,499,499
10,UP0630-CUSA00843_00-100000MECHRUNNER,499,499
10,UP4467-CUSA15065_00-MEKORAM000000000,499,499
10,UP2005-CUSA20481_00-METALOIDORIGIN00,499,499
10,UP4624-CUSA31866_00-5646789777806798,399,399
10,UP3252-PPSA06572_00-JANDUSOFT0000001,499,499
10,UP0891-CUSA10640_00-RGMIDNIGHTDELUXE,499,499
10,UB0108-PPSA37343_00-0841515938522662,499,499
10,UB0108-PPSA17973_00-0906801422140629,499,499
10,UP4947-PPSA20667_00-MIGHTYMATH123456,399,399
10,UP0244-CUSA03947_00-MIKOMOLEPS4ENSEN,499,499
10,UP2158-CUSA29972_00-1123971024656069,399,399
10,UP0891-CUSA18199_00-RATAGMMILOSQUEST,499,499
10,UP1675-CUSA25388_00-SYPS4MINDMAZE000,499,499
10,UP5270-CUSA24977_00-9896667989051990,499,499
10,UP2803-PPSA34841_00-0416243726410095,299,299
10,UP2091-CUSA25620_00-6298721322050033,499,499
10,UP2035-CUSA13899_00-MONKEYKING000001,499,499
10,UP0244-CUSA04043_00-MOPPS4ENSENASOFT,499,499
10,UP0891-CUSA20252_00-RATAGAMEMOREDARK,499,499
10,UP0891-PPSA09606_00-RGMRSCATBETWEENW,499,499
10,UP4064-CUSA11920_00-MUGSTERS00000000,499,499
10,UP0891-PPSA19195_00-MURDERISGAMEOVRG,499,499
10,EP0896-PPSA24427_00-MURDERISGAMEO3RG,499,499
10,EP0896-PPSA24426_00-MURDERISGAMEO2RG,499,499
10,UP4467-PPSA08066_00-MARINEEXPPS5NA00,499,499
10,UP8112-CUSA43933_00-01MUSHROOMSAVIOR,499,499
10,UP2158-CUSA46402_00-MUSTACHEINHELLNA,324,499
10,UP3252-CUSA25678_00-JANDUSOFT0000001,499,499
10,UP6472-PPSA14334_00-MYTHOLOGYWAIFUS0,399,399
10,UP6411-PPSA37857_00-0184460852050707,499,499
10,UP2005-PPSA13870_00-NEKORESCUETALE00,499,499
10,UP5792-CUSA42421_00-0453823208604382,499,499
10,UP5792-CUSA37513_00-9307627499193384,499,499
10,UP0891-PPSA17706_00-NEONPOWERUPSRAGA,499,499
10,UP0891-PPSA10116_00-NEONSOULSRATAGAM,499,499
10,UP1675-CUSA10352_00-SYPS4NEVEREND000,299,299
10,UP4892-CUSA29630_00-7836353457969252,499,499
10,UB1110-PPSA27492_00-0256134554081828,299,299
10,UB1110-PPSA28847_00-0765771205888037,399,399
10,EP0896-PPSA26158_00-NINJA1987RATALAI,499,499
10,UP2114-CUSA03795_00-SHURIKENMASTERDX,499,499
10,UP0891-PPSA19866_00-NOCTURNALVISITRG,499,499
10,UP2005-CUSA18567_00-NULLDRIFTERGAME0,499,499
10,UP6012-CUSA28353_00-8774327797552127,499,499
10,UP5817-CUSA23903_00-5985757211785443,499,499
10,UP3538-CUSA11958_00-OHSIRHOLLYWOOD00,499,499
10,UP0891-PPSA03240_00-RATAGAMONEESCAPE,499,499
10,UP1675-CUSA10839_00-SYPS4ONEEYEDKUTK,499,499
10,UP6699-PPSA28148_00-0946763125237870,499,499
10,UP6501-PPSA04239_00-ONEGUNGUY0000000,499,499
10,UP0892-CUSA03801_00-0123456789ABCDEF,399,399
10,UP0891-CUSA23430_00-RATALAIKAGAMEORD,499,499
10,UB0538-PPSA34659_00-OURBURIALDOLLPS5,499,499
10,UP8553-PPSA22031_00-0606784351364392,499,499
10,UP2005-PPSA30920_00-OP1MARSINFESTATN,499,499
10,UP7543-PPSA17503_00-0772623383640056,499,499
10,UP0891-PPSA09247_00-RATAGAPANDAPUNCH,499,499
10,UP2196-CUSA01774_00-0000000000711711,499,499
10,UP2005-PPSA06060_00-PARADOXERROR0000,499,499
10,UB0796-PPSA34409_00-0630752175605058,299,299
10,UP0891-CUSA08049_00-RATAG0PEASANTKNI,299,299
10,UP2005-PPSA35821_00-PENGILOGAME00000,499,499
10,UP8623-PPSA24379_00-0307556897795426,499,499
10,UP8623-PPSA27807_00-0000000000000000,499,499
10,UP8623-PPSA37448_00-0537400739580789,499,499
10,UP4836-CUSA12437_00-PERILSBAKING1PS4,499,499
10,UP3023-CUSA29439_00-PETSNOMORESIEA00,499,499
10,UP4947-CUSA56142_00-PICABLOCKFULL123,399,399
10,UP7552-CUSA45935_00-0606965849669994,499,499
10,UP0891-PPSA02935_00-RATALAIKAPINKMAN,499,499
10,UP0891-PPSA17522_00-RGPIRATESONTARGE,499,499
10,UP2005-PPSA06043_00-PITYPITGAME00000,499,499
10,EP2421-CUSA45733_00-0636937929724174,499,499
10,EB2067-PPSA34146_00-0672672969539251,499,499
10,EB2067-PPSA35518_00-0264602536171584,499,499
10,EB2067-PPSA35517_00-0834202639430288,499,499
10,UP1675-CUSA13937_00-SYPS4PLANETRIX13,499,499
10,UP1675-CUSA31529_00-SYPS4PNEVMOCAPSU,499,499
10,UP5526-CUSA27300_00-KAIRO00000016000,399,399
10,UP8697-CUSA45131_00-0696075974266664,499,499
10,UP2005-PPSA25845_00-POPOTINHOSADVENT,499,499
10,EP6878-CUSA49653_00-0592332967148788,299,299
10,UP5641-CUSA50821_00-POTATOARENAUSPS4,499,499
10,UP0891-CUSA23427_00-RGPREHISTORICDUD,499,499
10,UP5325-CUSA29829_00-PLPA000000000000,499,499
10,UP5325-CUSA33688_00-PLPAX20000000000,399,399
10,UP0910-CUSA53726_00-0013128365666172,499,499
10,UP0891-PPSA20130_00-PRISONELADXRATAG,499,499
10,UP2005-CUSA18568_00-EASINDIESHMUPBND,499,499
10,UP2833-CUSA55109_00-5000000000000000,499,499
10,UP6537-CUSA30544_00-2499866821571772,499,499
10,UP2158-CUSA33966_00-PUZZTRONICSDIGNA,399,399
10,UP1104-PPSA22395_00-PUZZMIX0APPWW000,399,399
10,UP4983-CUSA39469_00-0389858068880273,499,499
10,JB1941-PPSA37092_00-0144194190594367,499,499
10,UP2005-PPSA05208_00-QUEENYARMY000000,499,499
10,UB1423-CUSA53828_00-0577776175132526,399,399
10,UP0891-PPSA03724_00-RATAGRABISCOPLUS,499,499
10,EP4325-PPSA31098_00-0884446368728526,449,449
10,UP0891-CUSA19109_00-RATAGARADIOSQUID,499,499
10,UP5792-CUSA27450_00-5771016812840228,499,499
10,UP2158-CUSA32185_00-RAVENSHIKEPS4NA1,399,399
10,UP2005-PPSA05461_00-RAVVA00000000000,499,499
10,UP2005-PPSA07069_00-RAYLAND000000000,499,499
10,UP2005-PPSA06039_00-REDDEATHGAME0000,499,499
10,UP2005-PPSA32436_00-RED00EX00000GAME,499,499
10,UP2005-PPSA15526_00-REDRAPTOR0000000,499,499
10,UP7543-CUSA34823_00-3987403891126064,499,499
10,UP0891-PPSA21633_00-RATALAIKAGAREED2,499,499
10,UP0891-CUSA18492_00-RGREEDREMASTERED,499,499
10,UP3252-CUSA18020_00-JANDUSOFT0000001,499,499
10,UP7862-PPSA21234_00-SENTMBPS500000US,499,499
10,UP0891-PPSA05197_00-RGREMINISCENCEIN,499,499
10,UP6537-CUSA28703_00-1187778788239835,499,499
10,UP3252-PPSA06562_00-JANDUSOFT0000001,499,499
10,UP1721-CUSA05321_00-RETSNOM123456789,499,499
10,UB0010-CUSA47503_00-0620637486993549,299,299
10,EP6985-CUSA49458_00-0958127565434846,499,499
10,UP2005-PPSA03302_00-RIFTRACOON000000,499,499
10,UP1249-PPSA09028_00-1531594816756687,499,499
10,UP2005-PPSA26580_00-RIVENAARSGROVE00,499,499
10,UP2158-CUSA49998_00-ROADDEFENSEPS4NA,499,499
10,UP0891-PPSA07287_00-RATGAROADOFDEATH,499,499
10,UP6537-CUSA40673_00-0422026672903958,499,499
10,UP4713-CUSA15768_00-ROARRJURASSIC100,499,499
10,UP8112-CUSA46042_00-0807425199725783,499,499
10,UP2005-PPSA08558_00-ROBOLT0000000000,499,499
10,UP2833-CUSA09589_00-ROBONAUTSUSA0000,499,499
10,EB0432-CUSA51843_00-0857986352725719,499,499
10,UP4620-CUSA25667_00-9389870943332108,499,499
10,UP0551-CUSA06017_00-ROCKETSROCKETS01,499,499
10,UP0891-CUSA14153_00-RATAGAMROGUECUBE,499,499
10,UP6139-CUSA33713_00-0460464507993036,499,499
10,UP3089-CUSA48355_00-0898675094261138,499,499
10,UP2005-PPSA12492_00-RUNBEANGALACTIC0,499,499
10,EP5077-CUSA50232_00-0254842835714820,499,499
10,UP5141-CUSA30334_00-7742466688661267,499,499
10,UP5817-CUSA23800_00-1649186054688232,499,499
10,UP4983-CUSA16936_00-7777770000000002,499,499
10,UP4983-CUSA18916_00-7777770000000004,499,499
10,EP0896-PPSA24210_00-SAMURAIKENTORGAM,499,499
10,UP2158-CUSA35095_00-SAOMIPURPLEPS4NA,399,399
10,UP1675-CUSA08962_00-SYPS4SAVETHNINJA,299,299
10,UP7931-PPSA22233_00-0547682787058183,499,499
10,UP7931-PPSA20018_00-0788904015213273,499,499
10,UP0891-CUSA15808_00-RATAGAMESCHEMING,499,499
10,UP1643-CUSA13541_00-SEASONMATCH10000,499,499
10,UP2005-PPSA28612_00-SECRETSINGREEN00,499,499
10,UP2158-CUSA35420_00-SHAPESHOOTEPS4NA,259,399
10,UP6551-CUSA25027_00-NIKAKUDORIGAME00,399,399
10,UP2005-PPSA18893_00-SHIVERINGSTONE00,499,499
10,EP7738-CUSA55956_00-0872765070721895,399,399
10,UP2148-CUSA02535_00-SHUTSHIMI0000000,499,499
10,UP1249-PPSA07740_00-1178590146297071,499,499
10,UP1675-CUSA12919_00-SYPS4SIGIAFARTFO,499,499
10,UP1675-PPSA09401_00-SYPS5SILENCEDTHE,499,499
10,UP2005-PPSA06054_00-SINUCA0000000000,499,499
10,UP2005-PPSA10524_00-SISSASPATH000000,499,499
10,UP2005-PPSA03648_00-SKATEMASTATCHECO,499,499
10,UP2005-PPSA25647_00-SKATERSSOLSTIC00,499,499
10,UP3977-CUSA10082_00-0000000000000000,499,499
10,UP1740-CUSA03903_00-SKYSCRAPPERS0000,399,399
10,UP6139-CUSA47565_00-0716578793176238,499,499
10,UP1675-CUSA10046_00-SYPS4SKYTIME0000,299,299
10,UP2005-PPSA06161_00-SLAPTHEROCKS0000,499,499
10,UP0891-PPSA09062_00-RAGSLIMESJOURNEY,499,499
10,UB0487-PPSA28244_00-0276660888160925,299,299
10,UP5641-CUSA42302_00-SNOWMADNESSERIK1,499,499
10,EP0896-PPSA29748_00-SOCCERGOLFRATGAM,499,499
10,UP2005-PPSA21389_00-SOKOFROG00000000,499,499
10,UP7958-CUSA41755_00-SOKOLORGAMEPS4NA,499,499
10,UP2005-PPSA23609_00-SOKOPENGUIN00000,499,499
10,UP2158-CUSA45910_00-SOKOWINTER0PS4NA,324,499
10,UB0249-CUSA58504_00-0615464373900653,499,499
10,UP1560-CUSA09224_00-SOULVR0000000000,499,499
10,UP4312-CUSA26802_00-4216599499046547,349,699
10,UP8553-PPSA32045_00-0723262597883853,299,299
10,UP2005-PPSA21080_00-SPACEMERCENARYDF,499,499
10,UP7740-CUSA48077_00-0172644626558468,299,299
10,UP6537-CUSA35363_00-0486549723415303,499,499
10,UB0701-CUSA50001_00-0845760591606354,299,299
10,UP4199-CUSA25279_00-1957364211009398,499,499
10,EP0896-PPSA33081_00-SPEEDFACTORATGAM,499,499
10,UP6537-CUSA35408_00-1186765456509986,499,499
10,UP0881-CUSA18035_00-00000000SPIDEREN,499,499
10,UP1675-CUSA10047_00-SYPS4SPIRALSPLAT,499,499
10,EP0896-PPSA27197_00-SQUABRATALAIKAGM,499,499
10,UP2005-CUSA27153_00-SQUADKILLER00000,499,499
10,UP1780-CUSA04028_00-0000000099999999,499,499
10,UP3252-PPSA07893_00-JANDUSOFT0000001,499,499
10,UB0427-PPSA19458_00-0965550006640037,499,499
10,UP0275-CUSA13305_00-STARBEARTAXIPSVR,499,499
10,EP5974-CUSA55976_00-0728199723690497,299,299
10,UP0287-CUSA07551_00-ENUS0SN12CFK34DS,399,399
10,UP0891-PPSA14310_00-STEELDEFIERRATGA,499,499
10,UP3292-CUSA09852_00-STEREOAEREOEN001,399,399
10,UB0487-CUSA57468_00-0075441031720217,499,499
10,JB1412-PPSA28043_00-0166056180186735,499,499
10,UP0891-PPSA04088_00-RGSUNWUKONGVSROB,499,499
10,UP3556-CUSA09787_00-SUPERAMAZEBALLSX,499,499
10,UP0891-CUSA17362_00-RGSUPERBOXLANDDE,499,499
10,UP0891-PPSA18253_00-SUPERBRAWLRUSHRG,499,499
10,UP2005-PPSA08296_00-SUPERCHICKENJUMP,499,499
10,UP0891-PPSA04192_00-RGSUPERDESTRODX2,499,499
10,UP0891-PPSA20710_00-SUPERDESTROLXLRG,499,499
10,UP0891-CUSA18775_00-RATASUDELANDWARS,499,499
10,UP3998-CUSA15589_00-SDRAGONFLYCHRONI,399,399
10,UP6537-CUSA42308_00-0014477204052363,499,499
10,UP2158-CUSA24406_00-SUPERHPS4QUBYTNA,499,499
10,UP2005-PPSA27070_00-SUPERJAGGERBOMB2,499,499
10,UP8623-PPSA36428_00-0936875458786501,499,499
10,UP3876-CUSA17311_00-SUPERKOROTAMA000,499,499
10,UP5395-CUSA17963_00-SMSBST0014012021,499,499
10,UP0906-CUSA13418_00-SUPERNIGHTRIDERS,499,499
10,UP8623-CUSA49159_00-0183145329839603,499,499
10,UP3252-PPSA07157_00-JANDUSOFT0000001,499,499
10,EP0896-PPSA26163_00-SUPERONIONBOYRAG,499,499
10,UP7552-CUSA39154_00-4928911715899285,399,399
10,UP7931-PPSA37370_00-SR00000010019322,499,499
10,UP3686-CUSA15030_00-SUPERSKELEMANIA0,499,499
10,UP0994-CUSA11058_00-TACSKULLSMASHGO2,499,499
10,UP5792-CUSA27587_00-1646623145971268,499,499
10,UP0891-PPSA09065_00-RGSUPERSUNNYISLA,499,499
10,UP0891-CUSA15107_00-RGSUPERWEEKENDMO,499,499
10,UP3252-PPSA07688_00-JANDUSOFT0000001,499,499
10,UP5792-CUSA50752_00-0160222322901937,499,499
10,UP1932-CUSA08002_00-SWAPQUESTPS40000,499,499
10,UP2005-PPSA17748_00-SWAPSHOT00000000,499,499
10,UP2166-CUSA32751_00-FULLGAME00000000,499,499
10,UP0912-CUSA20599_00-0000000000000002,499,499
10,UP1675-CUSA19505_00-SYPS4SWORDBREAKE,499,499
10,UP8112-CUSA53920_00-0SYNCHROHEDGEHOG,499,499
10,UP8112-CUSA53924_00-SYNCHROHEDGEHOG2,499,499
10,UP0891-CUSA18292_00-RGSYRUPULTISWEET,499,499
10,UP4214-CUSA13526_00-USTACTICOOL00000,499,499
10,UP5817-CUSA19019_00-TAIMUMARI00000US,499,499
10,UP0891-PPSA04888_00-RGTAKORITAMEETSF,499,499
10,UP0891-CUSA23428_00-RATALAIKAGTAMIKU,499,499
10,UP0891-PPSA07075_00-RATALAIKATAQOBAN,499,499
10,UP4802-CUSA20101_00-TCHECOSIEA000001,499,499
10,UB0701-CUSA49140_00-0306096256963429,299,299
10,JB0718-PPSA22293_00-0030400113964403,299,299
10,EP0896-PPSA28095_00-TERASLIDERATAGAM,499,499
10,UP3515-CUSA18898_00-TERRALANDERUSA00,299,999
10,UP3515-CUSA18899_00-ROCKSLIDERESCUUS,299,999
10,UP0891-CUSA11636_00-RATATETRASESCAPE,499,499
10,EP0896-PPSA28096_00-TETRASESCAPE2RAG,499,499
10,UP2860-CUSA14980_00-TETSUMOGAMESTD00,499,499
10,UP5489-PPSA05076_00-ELENATEMPLEDE5EA,499,499
10,UP6989-PPSA08107_00-9011852174215706,299,299
10,UP2166-CUSA02176_00-BREADBUTTERGAMEB,499,499
10,UP0665-CUSA11786_00-2018DAISQUESTPS4,499,499
10,EP5670-PPSA22767_00-ELENATEMPLEFALLE,299,299
10,UB0487-CUSA54730_00-0830882714495023,249,249
10,UP7552-PPSA27568_00-0064554837427875,499,499
10,UP6430-CUSA26145_00-2995938866148870,499,499
10,UP2005-PPSA26924_00-TLOCYBERCOWBOY00,499,499
10,UP8408-PPSA23069_00-0562520711252135,499,499
10,UP0891-PPSA06991_00-RGDRAGONFLAMEHIG,499,499
10,UP3252-CUSA26293_00-JANDUSOFT0000001,499,499
10,UP0891-PPSA08336_00-RATAGGPSYCHODUCK,499,499
10,UP0458-CUSA10452_00-THERABBITHOLE000,499,499
10,UP2005-PPSA13876_00-THESEEDUNITSEVEN,299,299
10,UP0891-PPSA05308_00-RGSONGOUTOFSPACE,499,499
10,UB0701-PPSA27652_00-0623509543145788,299,299
10,UP0891-PPSA07503_00-RGAWIZARDANDSLUG,499,499
10,UP7384-PPSA15776_00-0700482169826956,499,499
10,UB0284-CUSA48677_00-0832601887027683,299,299
10,UP3703-CUSA08931_00-TILES00000000000,399,399
10,UP4947-PPSA27969_00-MICROTILTCHALLEN,299,299
10,UP2181-CUSA01658_00-0010000120141209,299,299
10,UP2158-CUSA35452_00-TINHEADPIKOPS4NA,449,449
10,UP2158-CUSA24190_00-TINKERPS4QUBYTNA,499,499
10,UP2005-PPSA34118_00-TINYBIOMES000000,499,499
10,UP2005-PPSA30431_00-TP2STORMYKNIGHTS,499,499
10,EP7654-PPSA24070_00-0127502795392483,299,299
10,UP6927-PPSA07100_00-9742082329676408,299,299
10,UB0337-PPSA28706_00-0628460272283044,399,399
10,UP4802-CUSA18488_00-TOPRUNPS4USA0000,499,499
10,UP2005-PPSA07008_00-TORINTO000000000,499,499
10,UP0969-CUSA02129_00-0000000000000000,499,499
10,UP5270-CUSA14867_00-0000000000000000,399,399
10,UP5792-CUSA44059_00-0129610673748664,299,299
10,UB0488-PPSA20155_00-0137866358181685,399,399
10,UP0891-PPSA20706_00-TPBULLETRATAGAME,499,499
10,UP6872-PPSA33987_00-TRATACTI20PS5PUS,499,499
10,UP0891-PPSA03549_00-RAGATRAILSTRACES,499,499
10,UB0796-PPSA30854_00-0365907008563836,299,299
10,UP0891-PPSA14478_00-TRICKSMAGICIANRG,499,499
10,UP2005-PPSA10686_00-TRICKYTHIEF00000,499,499
10,UP7552-CUSA47640_00-0018412380762137,499,499
10,UP2005-PPSA20001_00-TURRETRAMPAGE000,499,499
10,UP0891-PPSA14488_00-ULTRAGOODNESSRAG,499,499
10,UP0891-PPSA02932_00-RGULTRAGOODNESS2,499,499
10,UP2158-CUSA43149_00-UNDERGRAVERPS4NA,499,499
10,UP2158-CUSA33793_00-UNDERLANDCLIMBNA,399,399
10,UP4312-CUSA29632_00-1281244896811701,349,699
10,UP7659-PPSA16538_00-0656483358608115,499,499
10,EP7845-CUSA51986_00-0914106152562658,499,499
10,UP7552-CUSA40996_00-0785869354745006,499,499
10,UP4312-CUSA27417_00-3868904271116520,349,699
10,UP1675-CUSA16243_00-SYPS4VASILIS0000,499,499
10,EP6985-CUSA52219_00-0452544901439732,499,499
10,UP3476-CUSA10152_00-VIRTUGOPSVR00000,399,399
10,UP0891-PPSA04979_00-RGVIRTUOUSWESTER,499,499
10,EP6694-PPSA32950_00-KOSMEYA00PS500NA,299,299
10,UP1264-CUSA06386_00-4152434849414354,499,499
10,UP0951-CUSA01594_00-00000WARHEDZGAME,499,499
10,UP5958-CUSA41033_00-0840838767049053,499,499
10,UP1594-CUSA11798_00-6128234374931427,499,499
10,UP4786-CUSA23271_00-WBMPS40000000001,499,499
10,UP4724-CUSA27893_00-2448965165032823,499,499
10,UP1675-PPSA10319_00-SYPS5WEEPINGWILL,499,499
10,UP6881-CUSA48066_00-COUNTRYISLARGER0,299,299
10,UP7862-PPSA34104_00-0871310919450723,499,499
10,UP6537-CUSA29445_00-5007964844524615,499,499
10,EP6470-PPSA22237_00-WHONEEDSAHERO000,499,499
10,UP1675-PPSA05939_00-SYPS5WHYPIZZA000,499,499
10,UB0010-CUSA49089_00-0705754106925949,299,299
10,UP0891-PPSA06205_00-RAGWILDWESTCROPS,499,499
10,UP4802-PPSA06720_00-1184694551822500,499,499
10,UP1735-CUSA04883_00-0000000000000000,499,499
10,UP8121-PPSA16514_00-0496784447132718,499,499
10,UP0891-PPSA19682_00-WITCHRISERATAGAM,499,499
10,UP3252-PPSA03925_00-JANDUSOFT0000001,499,499
10,UP8121-PPSA13841_00-0074221520084845,499,499
10,UP7552-PPSA36564_00-0503021910444180,499,499
10,UP2796-CUSA16871_00-0000000000000000,499,499
10,UP7552-CUSA37451_00-8986509749456457,499,499
10,UP6927-PPSA08944_00-6633038650287062,299,299
10,UP7552-CUSA40485_00-0268759838705998,499,499
10,UP8121-PPSA12663_00-0617246899458711,499,499
10,UP6537-CUSA27358_00-8235056572650028,499,499
10,UP7847-CUSA39510_00-0704074457008518,499,499
10,UP0891-CUSA15066_00-RGZEROPTIANINVAS,499,499
10,UB0487-CUSA53187_00-0612105348484776,299,299
10,UP2005-PPSA22888_00-ZOMBFARM00000000,499,499
10,UP7552-CUSA45854_00-0480272201096927,399,399
10,UP8446-PPSA26251_00-0264844796112379,499,499
10,UP6537-CUSA34048_00-9469363411331890,499,499
10,UP4162-PPSA22500_00-0778544241082123,999,999
10,EB1722-PPSA29789_00-0450913655011817,999,999
10,HP7588-PPSA31219_00-7300000074100002,999,999
10,UP7721-PPSA16193_00-0772057819776235,999,999
10,UP2439-PPSA37374_00-0382826396074468,999,999
10,UP8103-PPSA21631_00-0349038686339467,999,999
10,HB1308-PPSA29267_00-0327817368047741,999,999
10,UP7316-PPSA38021_00-0915633265099780,999,999
10,UP0001-PPSA15317_00-UBSFTUNOSTANDARD,999,999
10,UP5549-CUSA16870_00-FNAF100000000000,799,799
10,UP3456-CUSA11952_00-STICKFIGHTGAME00,749,749
10,EP5071-CUSA49432_00-0490047447751616,899,899
10,UP4415-CUSA02768_00-GOATSIMULATORPS4,999,999
10,UP5549-CUSA17982_00-FNAF400000000000,799,799
10,UP9000-PPSA21300_00-SCUS971980000000,999,999
10,UP5549-CUSA17980_00-FNAF200000000000,799,799
10,UP9000-PPSA22287_00-SCUS973160000000,999,999
10,UP1082-PPSA07373_00-7790102558097475,999,999
10,UP3456-PPSA20575_00-0515342674068651,849,849
10,UP0082-CUSA08479_00-DAWN000000000000,599,599
10,UP3528-PPSA33172_00-0532318372397393,999,999
10,UP7032-PPSA10946_00-AMONGUSVR0000001,999,999
10,UP9000-PPSA22288_00-SCUS974640000000,999,999
10,UB0134-PPSA30703_00-0033478242037726,999,999
10,UP9000-PPSA06702_00-SCUS944910000000,999,999
10,UP9000-CUSA02036_00-SCUS971010000001,999,999
10,UP5549-CUSA17985_00-UCN1000000000000,799,799
10,UP3528-PPSA25890_00-0170767874557212,999,999
10,UP3528-PPSA22401_00-0419736463570135,999,999
10,UP0097-CUSA05553_00-SPEEDRUNNERS0000,999,999
10,UP8247-PPSA33224_00-0167830668720408,999,999
10,UP5549-CUSA17983_00-FNAFSL0000000000,799,799
10,UP0102-PPSA07813_00-CLASSICRE2000001,999,999
10,UP0700-PPSA31291_00-TEKKEN3000000000,999,999
10,UP0102-CUSA04513_00-DEADRISING001PS4,999,999
10,UP3528-PPSA26070_00-0242852101462780,999,999
10,UP5549-CUSA17981_00-FNAF300000000000,799,799
10,UP0102-PPSA07815_00-CLASSICRE3000001,999,999
10,UP5549-CUSA17984_00-FFPS000000000000,799,799
10,UP0700-PPSA31911_00-SLUS212160000000,999,999
10,UB0992-PPSA25025_00-0547876571128999,999,999
10,UP9000-PPSA20928_00-SCUS971240000000,999,999
10,UP0700-PPSA07707_00-TEKKEN6000000000,999,999
10,UP3731-CUSA28596_00-RUBBERBANDITS0NA,999,999
10,UP1082-PPSA07371_00-1681045715813978,599,599
10,UP2538-CUSA05619_00-XPOSED0000000231,999,999
10,UP9000-PPSA26676_00-MIDNIGHTMURDERCL,999,999
10,UP2320-PPSA15555_00-FRIENDSVSFRIENDS,999,999
10,JP0106-PPSA34548_00-GITAROOMAN000000,999,999
10,UB0683-PPSA37066_00-0152011296746652,799,799
10,UP9000-PPSA27839_00-0000000000000000,999,999
10,UP0700-PPSA31371_00-ULUS101390000000,999,999
10,UP6778-PPSA24721_00-0423780131166294,999,999
10,UP9000-CUSA01555_00-SCUS971670000001,999,999
10,EP4062-PPSA23801_00-TIMESPLITTERSTWO,999,999
10,UP0102-PPSA07811_00-CLASSICREDC00001,999,999
10,JP0571-PPSA35170_00-HAMPRDC000000001,999,999
10,UP9000-PPSA16429_00-SCUS943060000000,999,999
10,UP1564-PPSA28203_00-CLAB2SMS20250116,799,799
10,UP0571-CUSA13720_00-HAMPRDC000000001,799,799
10,UP8703-PPSA32807_00-0167266710320626,999,999
10,UB1029-PPSA27545_00-0095079007498068,999,999
10,UP9000-PPSA06319_00-SCUS944230000000,999,999
10,UB1511-PPSA34357_00-0866894714623191,799,799
10,UP0102-PPSA07831_00-CLASSICDINO00001,999,999
10,UP9000-PPSA27837_00-0000000000000000,999,999
10,UP8703-PPSA34354_00-0672190993981436,999,999
10,UP9000-PPSA14431_00-UCUS986330000000,999,999
10,UP9000-PPSA23536_00-SLUS212920000000,999,999
10,EP1592-PPSA28037_00-0504920833556201,999,999
10,UP9000-PPSA16427_00-SCUS943040000000,999,999
10,UP0700-CUSA01167_00-MXGP2014FULLGAME,999,999
10,UB0748-PPSA38110_00-0060352314717128,599,599
10,UP9000-PPSA09695_00-NPUG803290000000,999,999
10,UP4312-CUSA11327_00-BRIKS2FGTHAV0001,799,799
10,UP2360-CUSA05386_00-PUZZLEGAME000000,699,699
10,EP7107-PPSA35191_00-0588470526854576,799,799
10,UP6778-CUSA31710_00-2076691443954659,599,599
10,UP2154-CUSA03881_00-SLUS211200000001,999,999
10,UP0913-PPSA26300_00-NIHNMAIMSPS5SIEA,999,999
10,HB1576-PPSA33906_00-000PS5SHARDSQUAD,699,699
10,UP4468-CUSA10920_00-CLUSTERTUMBLE0US,999,999
10,UP5784-CUSA57366_00-0177334973019071,999,999
10,EB2107-CUSA56443_00-0898010331111415,799,799
10,UP9000-PPSA23796_00-SCUS971970000000,999,999
10,UP9000-PPSA22947_00-SCUS973550000000,999,999
10,UP0700-PPSA32510_00-SLUS004050000000,999,999
10,UB0622-PPSA21755_00-0490391273409007,799,799
10,EP0896-PPSA23690_00-JOHNFOXRATAGAMES,599,599
10,UP0700-PPSA07703_00-TEKKEN2000000000,999,999
10,HB1689-CUSA56704_00-0123630695620729,999,999
10,UB0837-PPSA35378_00-0561663405464812,799,799
10,UP9000-CUSA00553_00-THELASTOFUS00000,999,999
10,EP1549-PPSA32647_00-PLWPRISONES00000,799,799
10,UB0837-PPSA35659_00-0400904548434445,599,599
10,UP0571-CUSA30945_00-HAMPRDC000000001,799,799
10,EP4337-PPSA23713_00-CHESSINFINITY000,999,999
10,UP0789-CUSA02291_00-BEACHBUGGYPS4000,999,999
10,UP6313-CUSA25057_00-9925251263758988,999,999
10,UP0001-CUSA12408_00-HSWC0109FGOL7410,999,999
10,UP9000-PPSA14325_00-NPUG803300000000,999,999
10,UP3528-PPSA26151_00-0851465429231378,999,999
10,UP0571-CUSA19547_00-HAMPRDC000000001,799,799
10,UP7124-CUSA29611_00-5721900664542776,799,799
10,UB2203-PPSA38129_00-0310964483079529,999,999
10,UP1456-CUSA18605_00-SCRSNS20BASEBUND,999,999
10,UP9000-CUSA00092_00-FLOWERPS4000FULL,699,699
10,UP1082-PPSA14388_00-0064394372965033,599,599
10,UP9000-PPSA06788_00-UCUS986680000000,999,999
10,UP2139-CUSA19097_00-QUIPLASHINTL4PS4,999,999
10,UP6472-PPSA37878_00-SAKURASUCCUBUS90,999,999
10,UP9000-PPSA06322_00-SCUS942400000000,999,999
10,EP5112-PPSA33542_00-0439494149283574,999,999
10,UP6883-PPSA27057_00-0140394277201552,999,999
10,UP0571-CUSA17719_00-HAMPRDC000000001,799,799
10,UP0182-PPSA04830_00-CENTIPEDE0000000,999,999
10,UP0571-CUSA06805_00-HAMPRDC000000001,799,799
10,UP6778-PPSA07325_00-4061784415302130,999,999
10,UP0571-CUSA29403_00-HAMPRDC000000001,799,799
10,UP0006-CUSA24010_00-NHL94RPRESTANDED,999,999
10,UP3643-CUSA00486_00-HOTLINEMIAMIPS40,999,999
10,UP2194-PPSA10093_00-PROTURKEYHUNTER1,999,999
10,EP8442-PPSA34810_00-0884279724479465,599,599
10,UB0837-PPSA33220_00-0163450237337827,699,699
10,UP1023-PPSA08001_00-5286966747473913,599,599
10,UP3252-PPSA33797_00-JANDUSOFT0000001,999,999
10,UP1082-PPSA14360_00-0645898243839752,999,999
10,UP3254-CUSA17386_00-PROJECTNIMBUSCM1,799,799
10,UB1511-PPSA37890_00-0509854511889127,999,999
10,UP2833-CUSA55545_00-0912697041082189,799,799
10,JP0571-PPSA31739_00-HAMPRDC000000001,999,999
10,JB1224-PPSA28373_00-0822035564514431,799,799
10,UP6974-PPSA28157_00-0787408058772317,999,999
10,UP6291-PPSA18348_00-0767111124445620,999,999
10,UP0571-CUSA03722_00-HAMPRDC000000001,799,799
10,UP6893-PPSA27321_00-0782432697317606,999,999
10,UP9000-PPSA06699_00-SCUS944760000000,999,999
10,UP3589-PPSA31076_00-0366451571862459,699,699
10,UP3362-CUSA47093_00-0827074040160735,799,799
10,UP5085-PPSA30189_00-0120188192736709,999,999
10,UP0700-PPSA07699_00-SLUS007970000000,999,999
10,UP0571-PPSA02860_00-HAMPRDC000000001,999,999
10,UP9000-PPSA19048_00-SCUS945640000000,999,999
10,UP0341-CUSA04192_00-RISKOFRAIN000000,999,999
10,UP8556-PPSA38941_00-0549335066798636,999,999
10,EB2107-CUSA57101_00-0286967097470412,799,799
10,UP0571-CUSA10968_00-HAMPRDC000000001,799,799
10,UP9000-PPSA06349_00-SCUS946080000000,999,999
10,UP0700-CUSA01168_00-MOTOGP14FULLGAME,999,999
10,EP5112-PPSA33543_00-0627322460855348,999,999
10,UP9000-PPSA15811_00-SCUS942270000000,999,999
10,UB0837-PPSA35380_00-0282657099303107,999,999
10,UP0700-PPSA31372_00-SCUS943000000000,999,999
10,UP9000-PPSA14319_00-UCUS986970000000,999,999
10,UP3528-PPSA35447_00-0301083315723158,699,699
10,EP5506-PPSA36336_00-UNBOXTHEROOMPS50,599,599
10,EB2797-PPSA38862_00-0158698054830179,699,699
10,EB2251-PPSA35334_00-0602377351351497,999,999
10,UP4717-CUSA16238_00-SHELLSHOCKLIVE00,699,699
10,UP4008-CUSA12239_00-PFSSIEA000000000,999,999
10,UP0571-CUSA09703_00-HAMPRDC000000001,799,799
10,UP1725-CUSA03818_00-0000000000009999,999,999
10,UP9000-CUSA01388_00-FATPRINCESSADVNT,999,999
10,UP8616-PPSA34257_00-0790321615478155,999,999
10,UP7552-PPSA29718_00-0215238827958716,699,699
10,JP0571-PPSA33411_00-HAMPRDC000000001,999,999
10,UP1309-PPSA02350_00-4913588924233937,999,999
10,UP4437-CUSA00307_00-UBACKGAMMON00001,799,799
10,UP4140-PPSA20899_00-0826949566091234,799,799
10,UP9000-CUSA02194_00-SCES508850000001,999,999
10,UP1085-CUSA02726_00-THEMEANGREENS000,999,999
10,UP9000-PPSA17995_00-SCES010450000000,999,999
10,EP0822-PPSA34599_00-ROYALREVOLTSURV5,999,999
10,UP1675-PPSA30878_00-SYPS5TALEOFDARKL,999,999
10,UB1029-PPSA28946_00-0691571555436233,999,999
10,UP9000-PPSA08698_00-SCUS944840000000,999,999
10,UP7552-PPSA38979_00-0633347055533957,999,999
10,UP7552-PPSA34014_00-0437855774631114,999,999
10,UP6237-CUSA26047_00-1464451337068730,999,999
10,HB1334-CUSA54203_00-0125321239975909,999,999
10,UP0571-CUSA47522_00-HAMPRDC000000001,799,799
10,UP2058-CUSA14381_00-PARTYARCADE00001,999,999
10,UP7907-PPSA29907_00-0725738150583659,999,999
10,UP0571-CUSA43869_00-HAMPRDC000000001,799,799
10,EP6890-PPSA32246_00-0025708588522067,999,999
10,UP0571-CUSA23772_00-HAMPRDC000000001,799,799
10,UP7552-PPSA29514_00-0352793673530855,999,999
10,UP4947-PPSA31138_00-PERPLEXORBTOUCH1,999,999
10,UP3528-PPSA29066_00-0081120404856625,999,999
10,JB2213-PPSA37013_00-0569040887881947,999,999
10,UP1082-CUSA03472_00-SLUS204200000001,999,999
10,UP0571-CUSA38403_00-HAMPRDC000000001,799,799
10,JP0571-PPSA33446_00-HAMPRDC000000001,799,799
10,UP3803-CUSA18089_00-UPARTYSCE17OCT19,999,999
10,UP7552-PPSA26544_00-0165945739689205,999,999
10,UP4312-PPSA22742_00-0979769448720671,699,699
10,UP2121-CUSA11429_00-MLBHRDPSVR201800,999,999
10,UB1029-PPSA34991_00-0305564308280273,999,999
10,UP9000-PPSA06355_00-SCUS941810000000,999,999
10,EP5568-PPSA32036_00-0000084634482503,999,999
10,UP0700-PPSA07711_00-SOULCALIBURBD000,999,999
10,UP4829-CUSA12954_00-0000000000000000,999,999
10,UP3971-PPSA02883_00-PLAYWITHYOURFOOD,999,999
10,UP6253-PPSA07235_00-9171643396018200,599,599
10,UP7552-CUSA59727_00-0876532505766379,799,799
10,UP6718-PPSA36355_00-0032467875640980,599,599
10,UP1675-CUSA56806_00-SYPS4SCARLETWOLF,999,999
10,UP3803-CUSA20203_00-CHESSA21APRLSCEA,999,999
10,UP0571-CUSA14136_00-HAMPRDC000000001,799,799
10,UP0571-CUSA40954_00-HAMPRDC000000001,799,799
10,UP6718-CUSA41116_00-0441294667502108,999,999
10,UP7552-CUSA58826_00-0849729232942166,999,999
10,UP7552-PPSA32898_00-0056959016119848,999,999
10,UB2202-PPSA39037_00-SHYCATSHIDDORCH2,599,599
10,EP8723-PPSA33767_00-0720695244299324,999,999
10,JP0571-PPSA33412_00-HAMPRDC000000001,999,999
10,UP4126-CUSA10150_00-8BITADVANTENT001,799,799
10,UP9000-PPSA21974_00-SLUS209930000000,999,999
10,UP0962-CUSA04950_00-OXENBASEENUS0000,999,999
10,UB1038-PPSA26541_00-DUCKDETECTIVE001,999,999
10,UP7552-PPSA33796_00-0641714602772186,999,999
10,UP8251-PPSA29641_00-0957065071073144,999,999
10,UP0001-CUSA34563_00-ACCCSIEAFULLGAME,999,999
10,UP0903-CUSA07133_00-WHITENOISE2USA01,999,999
10,UP7552-PPSA33418_00-0370858210241861,999,999
10,EP1411-PPSA38834_00-0738454729237684,699,699
10,UB1029-PPSA31415_00-0124292197815761,599,599
10,UP9000-PPSA09693_00-SCUS946400000000,999,999
10,UP0604-CUSA49864_00-0435556836962914,999,999
10,UP2158-PPSA36409_00-BIOMECHANITOYPS5,999,999
10,UP8703-CUSA57119_00-0020772529884050,999,999
10,UP0506-PPSA21312_00-ARMOREDCOREMOA00,999,999
10,UP9000-PPSA14322_00-UCUS987510000000,999,999
10,UP1082-CUSA03474_00-SLUS202680000001,999,999
10,UP5130-CUSA32788_00-9896820780401478,649,649
10,UP0571-CUSA00984_00-HAMPRDC000000001,799,799
10,UP9000-CUSA00090_00-SOUNDSHAPES00000,999,999
10,UP0571-CUSA37181_00-HAMPRDC000000001,799,799
10,UP0571-CUSA08656_00-HAMPRDC000000001,799,799
10,UP2070-CUSA00328_00-UPUREPOOL0000001,999,999
10,JP0571-PPSA33095_00-HAMPRDC000000001,999,999
10,UP0187-CUSA01694_00-0000000000000000,999,999
10,HB2639-PPSA39083_00-0202981640883665,999,999
10,UP9000-PPSA06346_00-SCUS941880000000,999,999
10,UP0506-PPSA21308_00-ARMOREDCOREPP000,999,999
10,UP9000-CUSA11655_00-ERICA00000000000,999,999
10,UP1675-CUSA24073_00-SYPS4CASEANIMATR,999,999
10,UP0576-PPSA19050_00-MSAREPS5000000US,999,999
10,UP1475-CUSA05173_00-AI201610MR400001,999,999
10,JP0202-PPSA36953_00-ROUTE16TURBO0PS5,899,899
10,EP6357-PPSA27038_00-MVTRILOGY0000000,999,999
10,UP1104-CUSA19643_00-BLASTERMASTER001,999,999
10,UP0357-CUSA08183_00-1000000000000001,999,999
10,UP2833-CUSA55666_00-0916167655078994,799,799
10,UP9000-CUSA00144_00-FLOWPLAYSTATION4,599,599
10,UP6935-PPSA06657_00-1617972183425171,599,599
10,EP0782-PPSA35192_00-0337056369639376,699,699
10,EP0896-PPSA35684_00-BACKROOMSPOOLRRG,999,999
10,UP7552-PPSA23212_00-0548411255700861,799,799
10,UP4836-PPSA33373_00-0658522918396948,999,999
10,UP2320-PPSA15347_00-PIZZAPOSSUMOMNOM,699,699
10,UB2591-PPSA38779_00-0739302790175454,899,899
10,JP0571-PPSA36122_00-HAMPRDC000000001,999,999
10,UB0108-CUSA59630_00-0790203986797825,999,999
10,UP1309-CUSA29519_00-3516068936366177,699,699
10,UP1675-PPSA06644_00-SYPS5SUCCUBUSGUN,999,999
10,UB1029-PPSA29801_00-0214071584199495,999,999
10,UB1029-PPSA33036_00-0982639412956521,799,799
10,UP9000-CUSA02199_00-SCUS971290000001,999,999
10,UP9000-CUSA00034_00-ESCPGAMEMASTERUS,999,999
10,UP1032-CUSA16624_00-STARWARSOUTCAST1,999,999
10,UP1082-PPSA14358_00-0724668029168071,999,999
10,UP7552-CUSA35424_00-1532820439685398,999,999
10,UP1082-PPSA14381_00-0570380917000461,599,599
10,UP8596-PPSA34934_00-0315502936071410,999,999
10,UP9000-PPSA22948_00-SLUS203750000000,999,999
10,UP1104-CUSA11784_00-GALGUNVOLTBAPP20,999,999
10,UP9000-PPSA13995_00-UCUS987000000000,999,999
10,UP1675-CUSA15113_00-SYPS4OVIVO000000,699,699
10,UP0571-CUSA31246_00-HAMPRDC000000001,799,799
10,JP0571-PPSA36568_00-HAMPRDC000000001,999,999
10,UP1082-PPSA14378_00-0193908117006605,599,599
10,UP5549-CUSA56439_00-0811207839466081,799,799
10,EP2946-PPSA32389_00-0987820630203254,999,999
10,EP6197-PPSA34294_00-0827241841181397,799,799
10,UP0571-CUSA08852_00-HAMPRDC000000001,799,799
10,EP5568-PPSA32037_00-0373644950053635,999,999
10,UP4388-CUSA10521_00-0000000000000000,999,999
10,UP7552-CUSA31974_00-0946601023779960,799,799
10,UP0903-PPSA16050_00-ARMYOFRUINPS5USD,799,799
10,JP0571-PPSA31292_00-HAMPRDC000000001,799,799
10,UP0082-CUSA04126_00-HITMANGOPS4SQENM,799,799
10,UP0700-PPSA07695_00-RIDGERACER200000,999,999
10,UP6537-CUSA28298_00-4115078086650652,999,999
10,UP2597-CUSA23046_00-DRAGONAUDITDSIEA,999,999
10,UP7299-PPSA17109_00-0112085036425194,999,999
10,UP7552-PPSA31123_00-0501231138155437,999,999
10,UP0571-CUSA40389_00-HAMPRDC000000001,799,799
10,UP0922-PPSA17121_00-SCUS946020000000,599,599
10,UP2251-PPSA33425_00-0522571406401273,999,999
10,JP0571-CUSA58396_00-HAMPRDC000000001,999,999
10,UB1250-PPSA26350_00-0843312610024853,999,999
10,UP0571-CUSA15609_00-HAMPRDC000000001,799,799
10,EB2513-PPSA36446_00-0367569724660011,999,999
10,UP0571-CUSA30996_00-HAMPRDC000000001,799,799
10,UP0571-CUSA13461_00-HAMPRDC000000001,799,799
10,EP3656-CUSA52180_00-0400867633665344,999,999
10,UB1512-PPSA35023_00-0806649093764116,999,999
10,UB0245-PPSA33908_00-0218409991146920,999,999
10,UP0001-CUSA05156_00-GROWUPPS4SCEA000,999,999
10,UP4287-CUSA03187_00-HDD0000000000000,999,999
10,UP7939-PPSA32284_00-0236832596312219,999,999
10,UP4312-CUSA37421_00-5435011295238454,699,699
10,UP4312-CUSA34851_00-7063963527566799,699,699
10,UP2200-CUSA07921_00-SKSPECTEROFTOR01,999,999
10,UB0111-PPSA29412_00-0291541096823522,849,849
10,EP0896-PPSA36185_00-STEAMBOATINCIDRG,999,999
10,UP9000-PPSA23535_00-SLUS203840000000,999,999
10,UP6883-PPSA27730_00-0959809733533310,899,899
10,UP2135-CUSA01280_00-QBERTREBOOTEDPS4,999,999
10,UP9000-PPSA11127_00-UCUS986090000000,999,999
10,UP1475-CUSA09644_00-AI201710ATVUS001,999,999
10,HB1689-CUSA56453_00-0562578952105592,999,999
10,UP0571-CUSA48526_00-HAMPRDC000000001,799,799
10,UP5429-PPSA19933_00-0353663746730133,999,999
10,UP7729-PPSA30454_00-ACHILLESSURVIVOR,699,699
10,UP0036-CUSA42352_00-PS4SDD0000000000,699,699
10,JP0571-CUSA56889_00-HAMPRDC000000001,999,999
10,UP0571-CUSA29637_00-HAMPRDC000000001,799,799
10,UP4362-CUSA00261_00-AWESOMENAUTSPS40,999,999
10,UP6718-PPSA35066_00-0726757195930341,599,599
10,EP6880-PPSA24244_00-0465677236995869,699,699
10,UB1029-PPSA32332_00-0739126934128179,799,799
10,UB1029-PPSA32482_00-0118410849288366,999,999
10,UP0499-CUSA17588_00-PROJECTWINTERPS4,999,999
10,EP5987-PPSA31810_00-ULGCTBAKERY00001,999,999
10,HP7096-PPSA37150_00-0944275671136413,999,999
10,EP3114-PPSA21107_00-0089129303761575,999,999
10,JP0571-PPSA36438_00-HAMPRDC000000001,999,999
10,UP0571-CUSA49610_00-HAMPRDC000000001,799,799
10,UP0571-CUSA34026_00-HAMPRDC000000001,799,799
10,UP6806-CUSA37442_00-UNHEARD000000000,999,999
10,UB0851-PPSA38926_00-RACATERPILLARPS5,699,699
10,UP3362-CUSA41007_00-0055172017880906,699,699
10,UP0571-CUSA41679_00-HAMPRDC000000001,799,799
10,UP6974-PPSA34175_00-0799031815197381,999,999
10,UP1181-PPSA35434_00-0043420015589324,999,999
10,UP8255-PPSA30494_00-STRIKEMISSION1ST,999,999
10,UP1675-CUSA11816_00-SYPS4STATEOFANAR,799,799
10,JP0571-PPSA31302_00-HAMPRDC000000001,799,799
10,UP3202-PPSA36914_00-0353592502747228,799,799
10,UP4403-PPSA02321_00-SPARKLEUNLEASHED,799,799
10,UP0571-CUSA17077_00-HAMPRDC000000001,799,799
10,UP0571-CUSA10408_00-HAMPRDC000000001,799,799
10,UP3643-CUSA23188_00-EXITTHEGUNGEONUS,999,999
10,UB0837-CUSA54913_00-0217260613123407,999,999
10,UP9000-PPSA06695_00-SCUS944510000000,999,999
10,UP0667-CUSA02791_00-ORGANTRAILCOMPED,999,999
10,UB1012-CUSA52873_00-0588931754516203,799,799
10,UP7552-CUSA56070_00-0115276138395588,899,899
10,UB0837-PPSA33147_00-0392084874484777,699,699
10,UP3362-PPSA23716_00-0883855358811957,999,999
10,EP6969-PPSA27556_00-0486531044594173,999,999
10,UP0571-CUSA13433_00-HAMPRDC000000001,799,799
10,UB0837-PPSA35915_00-0018176653096083,699,699
10,UP3908-CUSA09070_00-0000000000000000,699,699
10,UP7552-CUSA37726_00-2551557128144421,999,999
10,UP2119-CUSA00487_00-00CELDAMAGEHDPS4,999,999
10,UB0837-PPSA37576_00-0339513101780143,999,999
10,UP0571-CUSA03717_00-HAMPRDC000000001,799,799
10,UB1038-PPSA29799_00-0158865330581498,999,999
10,EP3656-CUSA58386_00-0224241044536698,999,999
10,UP5663-CUSA25457_00-5963510598120136,899,899
10,UP0571-CUSA11665_00-HAMPRDC000000001,799,799
10,JP0571-CUSA47774_00-HAMPRDC000000001,799,799
10,UP4836-PPSA16875_00-0583491219047151,799,799
10,EP2696-CUSA58738_00-2000000000000000,799,799
10,EP0896-PPSA27420_00-SUGOROQUESTRAGAM,599,599
10,UP3803-CUSA23639_00-7456783487176158,999,999
10,UP0571-CUSA48446_00-HAMPRDC000000001,799,799
10,UP1564-PPSA28610_00-CLAB2CMS20250206,799,799
10,UP3803-CUSA20185_00-SNIPER17APRLSCEA,999,999
10,EP2696-CUSA58576_00-0962330485447448,799,799
10,UP0571-CUSA13721_00-HAMPRDC000000001,799,799
10,JP0571-PPSA31307_00-HAMPRDC000000001,799,799
10,UP0571-CUSA49577_00-HAMPRDC000000001,799,799
10,UP8556-PPSA38038_00-0991357857526564,699,699
10,EP6880-PPSA34128_00-0759953219953045,599,599
10,EP6097-PPSA33746_00-0464463379506793,799,799
10,UP0571-CUSA14403_00-HAMPRDC000000001,799,799
10,UP0571-CUSA49537_00-HAMPRDC000000001,799,799
10,UP4312-CUSA34034_00-6409087559910955,699,699
10,UP3362-PPSA28301_00-0750704792919347,999,999
10,UP0571-CUSA46945_00-HAMPRDC000000001,799,799
10,UB0165-PPSA25403_00-0948381891773777,999,999
10,UB0648-PPSA33566_00-0026023928618837,799,799
10,UP3803-CUSA25623_00-1276714432328931,999,999
10,UP7103-PPSA20937_00-PPGMERMAIDZENNOR,599,599
10,UB0837-CUSA57342_00-0152561376320059,699,699
10,UP2106-PPSA05360_00-SLIPSTREAM000000,999,999
10,UP4486-CUSA11176_00-EXORCISTCHAPTER1,699,699
10,EP8934-CUSA52745_00-0473994544716976,999,999
10,UP6699-PPSA35099_00-0270408486938467,699,699
10,UP4008-PPSA06595_00-MAHJ000000000000,999,999
10,UP4134-PPSA07921_00-2212383801625379,999,999
10,UP0789-CUSA04565_00-RGPRENEGADE00000,999,999
10,UP0571-CUSA04835_00-HAMPRDC000000001,799,799
10,UP9000-CUSA02193_00-SCUS976100000001,999,999
10,UP4008-CUSA02082_00-ESPORTSEDITION00,999,999
10,UP4133-CUSA03803_00-THETECHNOMANCER0,999,999
10,UP9000-PPSA14435_00-SCUS945080000000,999,999
10,UP1564-PPSA28687_00-CLAB2CCT20251102,799,799
10,UP0097-CUSA05470_00-PUNCHCLUB0000000,999,999
10,UP5258-CUSA23621_00-6683217091529730,849,849
10,UP3803-CUSA20280_00-BOWLING04MAYSCEA,999,999
10,UP0571-CUSA13314_00-HAMPRDC000000001,799,799
10,UP0571-CUSA27518_00-HAMPRDC000000001,799,799
10,HB1685-PPSA30536_00-0311274404471278,699,699
10,UP0571-CUSA12294_00-HAMPRDC000000001,799,799
10,UP9000-PPSA07550_00-UCUS986200000000,999,999
10,UP0571-CUSA11076_00-HAMPRDC000000001,799,799
10,UP0571-CUSA25592_00-HAMPRDC000000001,799,799
10,UP1082-CUSA03292_00-SUPERSTARWARS001,999,999
10,UP0571-CUSA06685_00-HAMPRDC000000001,799,799
10,EB0301-PPSA25828_00-0830391430297342,549,549
10,UP4312-PPSA29098_00-0973280749370619,699,699
10,UP2011-PPSA25960_00-0622476659537582,599,599
10,UP0571-CUSA03719_00-HAMPRDC000000001,799,799
10,UP4312-CUSA33707_00-4180538915212364,699,699
10,UP4312-CUSA32927_00-0268747316478774,699,699
10,UP0571-CUSA13312_00-HAMPRDC000000001,799,799
10,UP0571-CUSA09123_00-HAMPRDC000000001,799,799
10,EP1411-PPSA26009_00-0359770810797101,699,699
10,UB0648-PPSA33238_00-0687270692668344,799,799
10,UP4312-PPSA07876_00-6100531104858742,699,699
10,UP8710-PPSA31367_00-0741392703132894,999,999
10,UP1751-CUSA13525_00-UNITYNPTOOLKIT00,999,999
10,EP5974-CUSA57171_00-0904447554045988,999,999
10,JP0571-PPSA30919_00-HAMPRDC000000001,999,999
10,UB0027-CUSA56608_00-0285365481765159,999,999
10,UP3257-CUSA07703_00-CRUZBROTHERSGAME,999,999
10,UP1675-CUSA57145_00-SYPS4PULMO000000,999,999
10,EP0896-PPSA24224_00-RETROREVENGERSRG,999,999
10,UP1360-CUSA04884_00-SMAA000000000001,999,999
10,UP2361-CUSA12682_00-THEARCSLINGER001,999,999
10,UP5309-CUSA16986_00-COPPERCANYONSOUS,999,999
10,UP7996-PPSA21524_00-0452682857612824,999,999
10,UP0571-CUSA34265_00-HAMPRDC000000001,799,799
10,UP2106-PPSA06477_00-DIGORDIEPS5NA000,999,999
10,UP1675-CUSA49059_00-SYPS4BILLYSGAMES,999,999
10,EP5506-CUSA51709_00-EMPIRESSHALLFALL,999,999
10,UP0571-CUSA40968_00-HAMPRDC000000001,799,799
10,UP1421-PPSA18239_00-0002610918493611,699,699
10,UP2320-PPSA05658_00-THELONGESTROAD00,999,999
10,EB1792-CUSA57608_00-0057266175284460,999,999
10,UP6989-PPSA20083_00-0866743121230701,999,999
10,JP0571-PPSA33317_00-HAMPRDC000000001,999,999
10,UP1742-CUSA06385_00-BEARSCANTDRIFTUS,999,999
10,UP2080-CUSA04495_00-LOADINGHUMAN0001,999,999
10,UP2513-CUSA10890_00-PPRVR00000000001,999,999
10,UP7552-PPSA27972_00-0458875133580972,999,999
10,UP8193-PPSA20785_00-0572472746796719,999,999
10,UP0571-CUSA10301_00-HAMPRDC000000001,799,799
10,EP7099-PPSA23745_00-AIRSHIPAXECOPRPG,999,999
10,UP4947-CUSA23308_00-ORB2FULLGAME1234,999,999
10,EP3540-PPSA34820_00-TINYLANDS2PS5EU0,999,999
10,UP0421-CUSA04839_00-FALLENA2P0000107,999,999
10,EP1411-PPSA31417_00-0209283839271307,999,999
10,UP2787-CUSA12922_00-0000000000000000,999,999
10,UP4083-CUSA04267_00-STARSHIPDISCOVR1,999,999
10,UB0851-PPSA29395_00-UNDIVINE00000000,999,999
10,JP0571-PPSA33219_00-HAMPRDC000000001,999,999
10,UP1638-CUSA06498_00-BLUERIDERRAVEGAN,999,999
10,UP6718-PPSA34308_00-0542266234278713,999,999
10,UP3803-CUSA46985_00-0155864618201819,999,999
10,UP7552-PPSA36142_00-0908027923543378,999,999
10,UP0794-CUSA31557_00-1206188241711665,999,999
10,UP3528-PPSA15602_00-0960042687813110,999,999
10,UP0571-CUSA03723_00-HAMPRDC000000001,799,799
10,EP4902-PPSA34978_00-0429235904028843,999,999
10,EP6985-CUSA58418_00-0969041823619203,999,999
10,EP0600-PPSA25205_00-0548147438841681,999,999
10,UP1675-PPSA25596_00-SYPS5THENAMELESS,999,999
10,UP9000-PPSA06358_00-SCUS941030000000,999,999
10,UP2005-PPSA05394_00-AATCCGAME0000000,999,999
10,UP0881-CUSA18034_00-0000000FAIRUNECA,999,999
10,UP7847-CUSA48038_00-0363643681028367,999,999
10,UP6718-PPSA28136_00-0853834228652721,999,999
10,UP1200-CUSA03731_00-0000000000000000,999,999
10,UP7543-CUSA56834_00-0453373747188500,999,999
10,UB0570-PPSA33602_00-0529178074106789,999,999
10,UP3589-PPSA20006_00-0561502000998873,999,999
10,HB1891-PPSA31951_00-0456701065841387,999,999
10,UP9000-PPSA07536_00-UCUS986230000000,999,999
10,UP4406-CUSA54716_00-0158209260265175,999,999
10,UP6680-CUSA27241_00-1894759360570552,999,999
10,UP6718-PPSA35070_00-0858984330197728,999,999
10,UB0675-PPSA36690_00-0641285014312560,999,999
10,JB1969-PPSA36627_00-000000000SPORTAL,999,999
10,UP6275-CUSA33645_00-3330333339616647,999,999
10,UP5258-CUSA25850_00-5406047056077155,999,999
10,UP6472-PPSA02969_00-SAKURASUCCUBUS00,999,999
10,JB0500-PPSA31797_00-0004842752856419,999,999
10,UB0622-PPSA21752_00-0261731580356189,999,999
10,EP3656-CUSA51068_00-0381366535283412,999,999
10,UP0571-CUSA40950_00-HAMPRDC000000001,799,799
10,UP5420-PPSA16685_00-0867124470201141,999,999
10,UP6718-PPSA25794_00-0306417717432687,999,999
10,UP0794-CUSA32907_00-8613120426851013,999,999
10,UP1421-PPSA19550_00-0038452407148171,999,999
10,UP1421-PPSA14101_00-0011804432744706,999,999
10,UP4196-PPSA19379_00-0470892650694191,999,999
10,EP3656-CUSA53128_00-0616559022027607,999,999
10,UP3103-CUSA14149_00-SQUISHIES0000000,999,999
10,EP1411-PPSA24447_00-0172767223091920,999,999
10,UP4842-PPSA20873_00-0234501730756260,999,999
10,UP4090-CUSA16420_00-VEKTORWARSGAME80,999,999
10,UP9000-PPSA11141_00-UCUS986460000000,999,999
10,UP2632-CUSA19154_00-SUPERSOCCERBLAST,799,799
10,EP1411-PPSA26457_00-0410102237904620,999,999
10,UP2158-PPSA28856_00-PRISONALONEPS5NA,999,999
10,UP4818-CUSA16246_00-GD000004SPUNPSVR,999,999
10,UP2005-PPSA05242_00-BEATSOULS0000000,999,999
10,UP4064-PPSA07309_00-SLUS008880000000,999,999
10,UP0571-CUSA35599_00-HAMPRDC000000001,799,799
10,UP0781-PPSA29765_00-SURVIVORMERCSSGU,999,999
10,UP2058-CUSA02994_00-HDDBOOTBPB000001,999,999
10,UP5869-PPSA02761_00-6402756299236692,699,699
10,UP0001-CUSA01926_00-HGCBOGGLEGAMEPS4,999,999
10,UP2092-CUSA00011_00-CONTRASTUS000001,999,999
10,UP3984-CUSA11630_00-APP0000000000000,999,999
10,UP8556-PPSA38579_00-0819487661848486,999,999
10,EP1411-PPSA36736_00-0196238983284888,699,699
10,UB0675-PPSA31329_00-0020027052924643,999,999
10,UP6718-PPSA29812_00-0480610395980176,999,999
10,UP4068-PPSA06468_00-POOLNATIONFX0001,999,999
10,UP2005-PPSA08997_00-FREEZERPOPS00000,999,999
10,UP8533-PPSA20234_00-0177705945290149,999,999
10,UP0700-PPSA07715_00-GODEATERBURST000,999,999
10,EP8934-CUSA57331_00-0395958607203953,999,999
10,UP0571-CUSA07462_00-HAMPRDC000000001,799,799
10,EP8934-CUSA59363_00-0756095542736115,999,999
10,UP4293-PPSA04285_00-NEX1PS5SIEA00000,999,999
10,UP5325-CUSA43388_00-LOCOPARENTIS0000,999,999
10,UP7552-PPSA26327_00-0758802503007078,999,999
10,UP9000-PPSA06782_00-UCUS986060000000,999,999
10,UP3803-CUSA37171_00-0057178735411709,999,999
10,UP1701-CUSA08909_00-1111000099990000,999,999
10,UP9000-PPSA06785_00-UCUS986410000000,999,999
10,UP1475-CUSA13600_00-FLASHBACKUS00000,999,999
10,UP4338-CUSA11127_00-0000000000000000,999,999
10,UB0882-PPSA23213_00-0672613739425529,999,999
10,UP6012-PPSA11174_00-2676856326424246,999,999
10,UP7194-CUSA28940_00-4306102983949464,999,999
10,UP8533-PPSA33657_00-0229882937774295,799,799
10,EB0878-PPSA22658_00-0740091360196808,999,999
10,UP4406-CUSA45564_00-0500422492364665,999,999
10,UP4082-PPSA19957_00-0917097513159663,999,999
10,UP0182-PPSA10081_00-9038267019513532,999,999
10,UP6927-PPSA06647_00-6583940488548792,799,799
10,UP3443-CUSA15198_00-0000000000000000,949,949
10,UP5013-CUSA01231_00-AABSANIMALS00PS4,999,999
10,UP7552-PPSA24008_00-0193588373535182,999,999
10,EP8934-CUSA56408_00-0884139964836305,999,999
10,UP0891-PPSA03087_00-RATAGASCALYWINGS,999,999
10,UP4136-CUSA08795_00-BATTLEBULGEUSA01,999,999
10,HB1626-PPSA32268_00-0387904410352203,999,999
10,UP1675-PPSA14057_00-SYPS5BOSSRUSHMYT,999,999
10,UB0108-PPSA36365_00-0228251610122608,999,999
10,UP5127-CUSA23108_00-5501868824959948,999,999
10,UP0909-CUSA07854_00-BMGDEATHSTATE001,999,999
10,UB0675-PPSA31160_00-0392959260425542,999,999
10,UP2232-CUSA43266_00-0285122283789706,999,999
10,UB0111-PPSA27588_00-0545378089056816,999,999
10,UP8616-PPSA30955_00-0044343586612870,999,999
10,UB0837-PPSA29055_00-0101561673954854,999,999
10,UP3803-CUSA40838_00-0070516825300032,999,999
10,EP1411-PPSA26453_00-0887380836219350,999,999
10,UP6963-PPSA22516_00-0254919723320942,999,999
10,UP3487-CUSA11135_00-0000000000000000,999,999
10,EP1411-PPSA26169_00-0946333515869729,999,999
10,UP3362-CUSA33279_00-3598788656191261,999,999
10,UP6927-PPSA27875_00-0671766666766815,999,999
10,UP1421-PPSA14140_00-0442887583043796,999,999
10,UP1495-CUSA05629_00-0000000000000000,999,999
10,UB0655-PPSA35708_00-0533283830195692,999,999
10,UP8533-PPSA20127_00-0103412169110651,999,999
10,UP0809-CUSA05149_00-PERFECTUNIVERSE0,999,999
10,UP1421-PPSA19556_00-0298171411897293,999,999
10,UP0891-PPSA11324_00-SEDUCEMERATALAIK,999,999
10,EP3656-CUSA58561_00-0607312232761584,999,999
10,UP0994-PPSA14750_00-0928330940426216,999,999
10,UP5526-CUSA24049_00-KAIRO00000127000,999,999
10,EP8934-CUSA57814_00-0382593811541787,999,999
10,UP2005-CUSA24149_00-THEPILLAR0000000,999,999
10,UP3803-CUSA17535_00-TRAXSCEA017AUG19,999,999
10,EP8934-CUSA54362_00-0459662440536108,999,999
10,HP6664-PPSA30627_00-0068001786068755,999,999
10,UB0714-CUSA49899_00-0918695966869676,999,999
10,UP0571-CUSA24859_00-HAMPRDC000000001,799,799
10,UP1675-CUSA23514_00-SYPS4IAI00000000,999,999
10,UP0571-CUSA10437_00-HAMPRDC000000001,799,799
10,UP2833-CUSA47008_00-5000000000000000,799,799
10,JP0367-PPSA26514_00-0000000000000000,899,899
10,UP1943-CUSA11460_00-EWTPTOO0USEN0V10,799,799
10,EP7099-PPSA37473_00-PPGBUBBLEDELIVER,699,699
10,UP1715-PPSA06894_00-0035846932948467,899,899
10,EP6470-PPSA27750_00-FOTOBOYFLASHSTAR,599,599
10,UP7862-PPSA36676_00-0112437065728939,599,599
10,UB1029-PPSA29730_00-0004666486056810,599,599
10,UP2005-PPSA17294_00-DOUGSNIGHTMARE00,599,599
10,UP1715-PPSA07029_00-2327240336869649,899,899
10,UP5220-CUSA25689_00-MYCHILD000000000,899,899
10,UP4406-CUSA11191_00-RENTOFORTUNE4600,899,899
10,EP1411-PPSA37228_00-0666172186690391,699,699
10,UP3906-CUSA25104_00-DOODLEDEVIL3VOLU,899,899
10,UB0883-PPSA23830_00-0271537667124706,849,849
10,UP4312-PPSA06432_00-8492597614589046,699,699
10,UP0853-CUSA07363_00-CUBELIFEISLANDSU,999,999
10,UP4395-PPSA28144_00-0MANUALSAMUELPS5,999,999
10,UP5420-CUSA24806_00-6128277563424915,999,999
10,UP9000-PPSA16535_00-SCUS943090000000,999,999
10,UP0922-PPSA17122_00-SLUS005350000000,599,599
10,UP2833-CUSA55424_00-5000000000000000,599,599
10,UP1104-CUSA12562_00-COTMPS4APPUS0000,999,999
10,UP1149-CUSA02595_00-LEOSFORTUNE00000,699,699
10,UP6472-PPSA04903_00-SAKURASWIMCLUB00,999,999
10,UP2158-CUSA05187_00-99VIDASPS4160328,999,999
10,EP5036-CUSA52922_00-0521121944063435,699,699
10,UP2158-PPSA35707_00-MECHACONDAPLAYS5,799,799
10,UP0700-CUSA03256_00-MOTOGP15FULLGAME,999,999
10,UP0036-CUSA12629_00-GUILTYGEARONE000,999,999
10,UP0571-CUSA50604_00-HAMPRDC000000001,799,799
10,JP0571-PPSA31133_00-HAMPRDC000000001,799,799
10,UP0571-CUSA46309_00-HAMPRDC000000001,799,799
10,UP3743-CUSA18921_00-PICAPIXPIECESTWO,799,799
10,UP0571-CUSA48667_00-HAMPRDC000000001,799,799
10,UP0571-CUSA13980_00-HAMPRDC000000001,799,799
10,JP0571-PPSA31295_00-HAMPRDC000000001,799,799
10,UB0648-PPSA33237_00-0535453986275135,799,799
10,UP2005-PPSA06822_00-DRUNKENFIST20000,799,799
10,UP0571-CUSA09327_00-HAMPRDC000000001,799,799
10,UP0571-CUSA41201_00-HAMPRDC000000001,799,799
10,UP3686-CUSA14000_00-GHOULBOYBUNDLENA,799,799
10,UP6927-PPSA09564_00-9843206954777844,799,799
10,UP3362-PPSA22913_00-0714840720408489,999,999
10,UP3688-CUSA35992_00-0946678231214265,999,999
10,UP0571-CUSA48531_00-HAMPRDC000000001,799,799
10,UP0571-CUSA52176_00-HAMPRDC000000001,799,799
10,UP0571-CUSA05117_00-HAMPRDC000000001,799,799
10,UP0571-CUSA34018_00-HAMPRDC000000001,799,799
10,UP0571-CUSA49562_00-HAMPRDC000000001,799,799
10,UP3252-CUSA16419_00-0000000000000001,799,799
10,UP0571-CUSA23383_00-HAMPRDC000000001,799,799
10,UP0571-CUSA19299_00-HAMPRDC000000001,799,799
10,UP3686-CUSA17708_00-BALTHAZARSDPS4NA,799,799
10,EP6013-PPSA21338_00-0708478666609880,799,799
10,UP0571-CUSA00991_00-HAMPRDC000000001,799,799
10,UP2833-CUSA55107_00-5000000000000000,799,799
10,UP4467-CUSA10312_00-DUSTOFF000000000,799,799
10,JP0571-CUSA57956_00-HAMPRDC000000001,999,999
10,UP0571-CUSA27960_00-HAMPRDC000000001,799,799
10,UP0571-CUSA12493_00-HAMPRDC000000001,799,799
10,UP0571-CUSA00980_00-HAMPRDC000000001,799,799
10,UP0571-CUSA08849_00-HAMPRDC000000001,799,799
10,UP0571-CUSA13458_00-HAMPRDC000000001,799,799
10,UP0571-CUSA13311_00-HAMPRDC000000001,799,799
10,UP0571-CUSA27499_00-HAMPRDC000000001,799,799
10,JP5530-PPSA28746_00-0313634917495680,799,799
10,UP0571-CUSA43779_00-HAMPRDC000000001,799,799
10,UP0571-CUSA00978_00-HAMPRDC000000001,799,799
10,UP0571-CUSA39268_00-HAMPRDC000000001,799,799
10,UP0571-CUSA17028_00-HAMPRDC000000001,799,799
10,JP0571-CUSA58197_00-HAMPRDC000000001,799,799
10,JP0571-CUSA56888_00-HAMPRDC000000001,999,999
10,UP0571-CUSA34590_00-HAMPRDC000000001,799,799
10,UP0571-CUSA02767_00-HAMPRDC000000001,799,799
10,UP0571-CUSA49044_00-HAMPRDC000000001,799,799
10,UP6472-PPSA08167_00-LEGENDOFARCADIEU,799,799
10,UP1260-PPSA15447_00-0106033937905340,799,799
10,EP6290-PPSA23519_00-0428838398883528,799,799
10,UP0571-CUSA08848_00-HAMPRDC000000001,799,799
10,JP0571-CUSA56783_00-HAMPRDC000000001,799,799
10,UP1475-CUSA27467_00-MMMPS400000000US,999,999
10,UP0571-CUSA06803_00-HAMPRDC000000001,799,799
10,UP2181-PPSA12377_00-6855510422539689,799,799
10,UP3589-PPSA32867_00-0711502938165924,799,799
10,UP0571-CUSA16526_00-HAMPRDC000000001,799,799
10,JP0571-CUSA53504_00-HAMPRDC000000001,799,799
10,UP0571-CUSA17330_00-HAMPRDC000000001,799,799
10,UP2133-CUSA09820_00-DARKSEALFLYING01,799,799
10,UP0571-CUSA16528_00-HAMPRDC000000001,799,799
10,UP0571-CUSA46389_00-HAMPRDC000000001,799,799
10,UB0111-PPSA23683_00-0652837312246812,849,849
10,UP3743-CUSA12936_00-WORDSEARCHBYPOWG,799,799
10,UP0571-CUSA34864_00-HAMPRDC000000001,799,799
10,UB0622-PPSA21753_00-0635798191877346,799,799
10,EP6357-PPSA27039_00-0269162150824093,999,999
10,UP0571-CUSA06687_00-HAMPRDC000000001,799,799
10,UP0571-CUSA44187_00-HAMPRDC000000001,799,799
10,UP0571-CUSA47143_00-HAMPRDC000000001,799,799
10,UP0571-CUSA42640_00-HAMPRDC000000001,799,799
10,UP0571-CUSA40387_00-HAMPRDC000000001,799,799
10,JP0571-CUSA55652_00-HAMPRDC000000001,799,799
10,UP3252-PPSA21103_00-JANDUSOFT0000001,799,799
10,UP1675-CUSA10886_00-SYPS4METROPOLISL,799,799
10,UP7862-PPSA30787_00-MGFTMGPS500000US,599,599
10,UP8446-PPSA25796_00-0385205040176987,799,799
10,UP0571-CUSA00975_00-HAMPRDC000000001,799,799
10,UB1029-PPSA27803_00-0103482617219404,599,599
10,UP5150-CUSA16749_00-HIBITSTUDIOS0001,999,999
10,UP3362-CUSA48491_00-0916775064004099,799,799
10,UP0571-CUSA45710_00-HAMPRDC000000001,799,799
10,UP0571-CUSA44680_00-HAMPRDC000000001,799,799
10,UP0571-CUSA00992_00-HAMPRDC000000001,799,799
10,UP0571-CUSA33964_00-HAMPRDC000000001,799,799
10,UP6718-PPSA33261_00-0245156191921810,799,799
10,UP2796-CUSA11124_00-0000000000000000,799,799
10,UP0571-CUSA11390_00-HAMPRDC000000001,799,799
10,UP0571-CUSA34861_00-HAMPRDC000000001,799,799
10,UP0571-CUSA46740_00-HAMPRDC000000001,799,799
10,UP0571-CUSA03377_00-HAMPRDC000000001,799,799
10,UP0571-CUSA49237_00-HAMPRDC000000001,799,799
10,UB0245-CUSA52633_00-0280390119832940,999,999
10,UP4699-CUSA11699_00-THEFIRSTTREEGAME,999,999
10,UP2992-PPSA18111_00-0418816395400256,999,999
10,UP0571-CUSA13150_00-HAMPRDC000000001,799,799
10,UP0571-CUSA49269_00-HAMPRDC000000001,799,799
10,UP0571-CUSA10409_00-HAMPRDC000000001,799,799
10,UP0571-CUSA00973_00-HAMPRDC000000001,799,799
10,UP0675-CUSA02100_00-SPIDER2000000000,999,999
10,UP0571-CUSA26421_00-HAMPRDC000000001,799,799
10,UP0571-CUSA52048_00-HAMPRDC000000001,799,799
10,UP0571-CUSA34867_00-HAMPRDC000000001,799,799
10,UP0571-CUSA10303_00-HAMPRDC000000001,799,799
10,UP0571-CUSA11793_00-HAMPRDC000000001,799,799
10,UB0837-PPSA33464_00-0571893740580165,699,699
10,UP0571-CUSA11368_00-HAMPRDC000000001,799,799
10,UP1475-CUSA15144_00-TOKI0000000000US,999,999
10,UP0571-CUSA13979_00-HAMPRDC000000001,799,799
10,UP0571-CUSA15789_00-HAMPRDC000000001,799,799
10,UP0571-CUSA52193_00-HAMPRDC000000001,799,799
10,UP0571-CUSA52814_00-HAMPRDC000000001,799,799
10,UP6927-PPSA09814_00-0094136221028792,799,799
10,UP0571-CUSA33951_00-HAMPRDC000000001,799,799
10,UP7552-PPSA31879_00-0454893343799301,799,799
10,UP0571-CUSA48449_00-HAMPRDC000000001,799,799
10,UB1029-PPSA26426_00-0351242910076963,799,799
10,UP7939-PPSA29172_00-0019819397215038,999,999
10,UP0571-CUSA45665_00-HAMPRDC000000001,799,799
10,UB0165-PPSA32177_00-0522297822001353,999,999
10,UP1675-CUSA12918_00-SYPS4BLOODWAVES0,999,999
10,UP0571-CUSA06806_00-HAMPRDC000000001,799,799
10,EP8934-CUSA57758_00-0750597749425098,999,999
10,UP2833-CUSA48700_00-0755733045085564,799,799
10,UP5992-PPSA17950_00-0771997188979743,999,999
10,JP0571-CUSA58139_00-HAMPRDC000000001,799,799
10,UP0571-CUSA06690_00-HAMPRDC000000001,799,799
10,UP0571-CUSA10302_00-HAMPRDC000000001,799,799
10,UP0571-CUSA13462_00-HAMPRDC000000001,799,799
10,JP0571-CUSA58559_00-HAMPRDC000000001,999,999
10,UP0571-CUSA24915_00-HAMPRDC000000001,799,799
10,UP0571-CUSA28871_00-HAMPRDC000000001,799,799
10,UP0571-CUSA51019_00-HAMPRDC000000001,799,799
10,UP0571-CUSA40957_00-HAMPRDC000000001,799,799
10,UP0571-CUSA44761_00-HAMPRDC000000001,799,799
10,UP0571-CUSA31889_00-HAMPRDC000000001,799,799
10,JP0571-CUSA53549_00-HAMPRDC000000001,799,799
10,UP0571-CUSA49272_00-HAMPRDC000000001,799,799
10,UP0571-CUSA27183_00-HAMPRDC000000001,799,799
10,UP0571-CUSA31165_00-HAMPRDC000000001,799,799
10,UP0571-CUSA14442_00-HAMPRDC000000001,799,799
10,UP0571-CUSA03721_00-HAMPRDC000000001,799,799
10,UP0571-CUSA28822_00-HAMPRDC000000001,799,799
10,UP0571-CUSA24155_00-HAMPRDC000000001,799,799
10,UP0571-CUSA43916_00-HAMPRDC000000001,799,799
10,UP0571-CUSA40392_00-HAMPRDC000000001,799,799
10,UP0571-CUSA39423_00-HAMPRDC000000001,799,799
10,UP0571-CUSA51929_00-HAMPRDC000000001,799,799
10,UP0571-CUSA00979_00-HAMPRDC000000001,799,799
10,UP0571-CUSA24805_00-HAMPRDC000000001,799,799
10,UP0571-CUSA27502_00-HAMPRDC000000001,799,799
10,UP0571-CUSA26811_00-HAMPRDC000000001,799,799
10,UP0571-CUSA31251_00-HAMPRDC000000001,799,799
10,UP0571-CUSA23234_00-9298831996220116,799,799
10,UP0571-CUSA31757_00-HAMPRDC000000001,799,799
10,EP3921-PPSA27526_00-0861422619960663,799,799
10,JP0571-PPSA31300_00-HAMPRDC000000001,799,799
10,UP1931-CUSA04076_00-30000000000000US,799,799
10,UB0837-PPSA36544_00-0619848532036175,799,799
10,UP8616-CUSA55718_00-0475636921942094,799,799
10,UB0648-PPSA33565_00-0710983188558460,799,799
10,UP5805-CUSA30327_00-3895755974344028,799,799
10,UP6472-PPSA15844_00-SAKURAMMOEXTRA00,799,799
10,UP0891-PPSA04663_00-RGPRINCEOFLANDIS,799,799
10,UP8381-CUSA46833_00-0236879757135313,999,999
10,UP6682-PPSA18994_00-0790700647112537,999,999
10,UP8603-CUSA46694_00-0159334216325752,749,749
10,EP6138-PPSA36634_00-0798750874428379,749,749
10,UP4382-CUSA00570_00-TTSPECOPS0000013,799,799
10,EP8442-PPSA30170_00-0056169496049437,999,999
10,UP1181-PPSA25788_00-0069994184367804,599,599
10,UB0851-PPSA30505_00-0054988948004377,699,699
10,UP4312-CUSA52593_00-0855745155506296,699,699
10,UB0851-PPSA37546_00-COSMICMIRAGE0000,699,699
10,UP6927-PPSA37931_00-0032566092800627,699,699
10,UP0576-CUSA03748_00-SLUS208340000001,999,999
10,UP4467-CUSA14443_00-VAGRANTUS0000000,999,999
10,UP1675-PPSA06642_00-SYPS5AMAZINGSUPE,699,699
10,EP1411-PPSA36989_00-0804230396205700,699,699
10,UB2046-CUSA59020_00-0468679947349659,699,699
10,UP1082-CUSA03473_00-SLUS202930000001,999,999
10,UP4395-CUSA02492_00-PUMPED2SCEAPS400,999,999
10,UP0319-CUSA02050_00-SOTSBONIFIED0000,999,999
10,UB0851-PPSA32280_00-BOBBRICKBREAKER0,699,699
10,UP4312-PPSA31875_00-0469307992812838,699,699
10,UP4312-PPSA07511_00-5227001917201572,699,699
10,EP1411-PPSA36188_00-0220094852527741,699,699
10,EP1411-PPSA37527_00-0693667290168697,699,699
10,UP4133-CUSA00459_00-BOUNDBYFLAMEGAME,999,999
10,UB1511-PPSA28239_00-0310361858287303,699,699
10,UP2833-CUSA52617_00-0652036302561481,599,599
10,UP4312-CUSA30601_00-5366304143639700,699,699
10,UP5598-PPSA13771_00-0597585909932729,699,699
10,UP1104-PPSA22438_00-FLFR0000APPWW000,699,699
10,UP6537-CUSA30324_00-8074891064798124,699,699
10,UP4312-PPSA21271_00-0749293352533570,699,699
10,UP3981-CUSA30471_00-GOALKEEPERVR0000,599,599
10,UP7552-CUSA53288_00-0827161652511763,699,699
10,UP1675-PPSA06023_00-SYPS5THEMOOSEMAN,699,699
10,UP4312-CUSA36271_00-1989465184941241,699,699
10,UP4312-CUSA25151_00-1293474798564020,699,699
10,UP4312-CUSA35279_00-4318402641270986,699,699
10,UP2005-PPSA03565_00-HNTVSEVL00000000,999,999
10,UP4312-CUSA51289_00-0189300362194608,699,699
10,UP2005-PPSA09582_00-OTOKOCROSSPBMS00,699,699
10,UP7939-PPSA34076_00-0970537708027864,999,999
10,EP1411-PPSA34786_00-0030298406250675,699,699
10,UP4312-CUSA46631_00-0541796101551108,699,699
10,UP4724-CUSA29531_00-3402388941351244,699,699
10,UB0851-PPSA29716_00-ZOMBIESOVERLOAD0,699,699
10,UP3686-CUSA08273_00-BITDUNGPLSPS4USA,699,699
10,UB0851-PPSA37634_00-BESTIALRECEPTION,699,699
10,UP3695-CUSA24836_00-5000600070008000,699,699
10,UP8016-PPSA13932_00-SCLAS00GAMEUSA01,999,999
10,UB0837-CUSA58740_00-0139701573636483,699,699
10,UP0891-PPSA10725_00-RAGAMHEADBANGERS,599,599
10,UP6537-CUSA42435_00-0428325577139492,699,699
10,UP2005-PPSA28645_00-PINGPONGMEGAMIX0,699,699
10,UP4312-PPSA07575_00-5175190933170903,699,699
10,UP4068-PPSA06466_00-SNOOKERUS0000001,899,899
10,UP3103-CUSA07645_00-TYPOMANREVISED00,999,999
10,EP3921-PPSA35121_00-0194061150804114,699,699
10,UP3362-CUSA41672_00-0071919103795134,799,799
10,UP0036-CUSA42354_00-PS4DDA0000000000,699,699
10,EP1411-PPSA36192_00-0659143720948236,699,699
10,UP1415-PPSA07797_00-0738825016020403,699,699
10,EP1411-PPSA34782_00-0733466908883204,699,699
10,UB0812-PPSA34743_00-CHILDSTORYPS50US,699,699
10,UP0604-PPSA30511_00-0577968536352526,999,999
10,UP1675-PPSA15919_00-SYPS5CREEPYTALE3,999,999
10,UP7552-CUSA46097_00-0711839477288629,999,999
10,UP2890-CUSA07717_00-MONKEYTAVERNFULL,999,999
10,UP0794-CUSA32272_00-6147782104423085,999,999
10,UP0794-CUSA32274_00-2338786600689959,999,999
10,UP4556-CUSA20362_00-BADDREAMSGAME002,999,999
10,UP4312-PPSA08077_00-0440164264903542,699,699
10,EP2537-PPSA31224_00-0584138378410040,799,799
10,UP6718-PPSA32391_00-0188536003782021,799,799
10,UP3803-CUSA31693_00-7455653543122120,999,999
10,UP0438-PPSA02364_00-1700157548129017,999,999
10,UP3150-CUSA12507_00-0000000000000000,999,999
10,EP1411-PPSA23652_00-0581396526652569,999,999
10,UP1841-CUSA07485_00-ACSECRETWARS0000,799,799
10,UP6718-PPSA28032_00-0152961270290134,999,999
10,UP0001-CUSA02904_00-GROWHOMEPS4SCEA0,799,799
10,UB0837-PPSA37248_00-0311709470058420,999,999
10,HB1689-CUSA58277_00-0204952850679004,999,999
10,UP3279-PPSA13845_00-0530752884354149,999,999
10,UP6718-PPSA09495_00-5359527840123028,999,999
10,UB0851-PPSA30501_00-0404815845936063,699,699
10,UP6605-PPSA10455_00-4607822857587378,699,699
10,UP4312-CUSA50044_00-0120765337384350,699,699
10,UP4312-CUSA51450_00-0527189442211205,699,699
10,UP4312-PPSA08933_00-6163055577408214,699,699
10,UP4312-PPSA29971_00-0305249817816238,699,699
10,UP6718-PPSA35344_00-0265718982179914,699,699
10,UB0111-PPSA31532_00-0176718694759249,699,699
10,UP4312-PPSA08079_00-1932677409316026,699,699
10,UP4312-CUSA30303_00-8166766290447647,699,699
10,UP4493-CUSA15290_00-DOUGHLINGSARCADE,699,699
10,UB0851-PPSA38925_00-EDENCOILPS500000,699,699
10,HB1685-PPSA35382_00-05GOP00PS500FULL,699,699
10,UP4312-CUSA28415_00-2624458962126788,699,699
10,UP4312-PPSA10870_00-3497169629373233,699,699
10,EP1411-PPSA34802_00-0906297304552052,699,699
10,EP6138-PPSA28362_00-0331189614705949,699,699
10,UB0837-PPSA35000_00-0398053405060218,699,699
10,EP1411-PPSA36740_00-0921269824187758,699,699
10,UB0111-PPSA28976_00-0580489722775054,699,699
10,EP5987-CUSA49014_00-0501090672182333,699,699
10,HP5623-PPSA24476_00-0101056626026823,699,699
10,UP8533-PPSA20300_00-0830351576418467,999,999
10,UP4496-CUSA01391_00-NANOASSAULTNEOX0,999,999
10,UP8089-PPSA09800_00-6956344800398007,999,999
10,UP3310-CUSA16255_00-0000000000000000,999,999
10,UP5805-CUSA44909_00-0172423343003220,999,999
10,UP7379-PPSA17271_00-0887643915964907,999,999
10,UP2194-CUSA09674_00-PSRTURKEYHUNTER1,999,999
10,UP2680-PPSA26225_00-ISLANDERSTWO0000,999,999
10,UP1926-CUSA16823_00-FINALASSAULTPSVR,999,999
10,UP8533-PPSA15839_00-0220195238657220,999,999
10,UP4008-PPSA06593_00-BRICK00000000000,999,999
10,UP3252-CUSA17346_00-JANDUSOFT0000001,999,999
10,UP3759-CUSA12733_00-SONPS4GAMEFULLRG,999,999
10,UP2632-CUSA27288_00-0250951163128270,999,999
10,UP1289-CUSA54994_00-0291725016113813,699,699
10,UP0571-CUSA31718_00-HAMPRDC000000001,799,799
10,UP2005-CUSA23478_00-ONEFINGERDEATHP2,899,899
10,UP0571-CUSA32029_00-HAMPRDC000000001,799,799
10,UB1029-PPSA34149_00-0770642573571601,799,799
10,UP1725-CUSA18631_00-0000000000444444,799,799
10,UP1675-PPSA15156_00-SYPS5ASTROFLAMES,999,999
10,UP5993-CUSA20611_00-1234567891234567,999,999
10,UP0571-CUSA13432_00-HAMPRDC000000001,799,799
10,UP0571-CUSA11369_00-HAMPRDC000000001,799,799
10,EP0896-PPSA36171_00-INFAIRSPIRITSRGA,899,899
10,EP0896-PPSA33739_00-MORTFILESULFATRG,599,599
10,EP7099-PPSA27951_00-PPGSHOOTYMCSPACE,599,599
10,UP0571-CUSA44022_00-HAMPRDC000000001,799,799
10,EP3948-PPSA34559_00-0380149549622741,799,799
10,UP2005-CUSA26529_00-BISHOUJOBATTLECP,599,599
10,UP6718-PPSA28593_00-0351072626619461,599,599
10,UP4947-CUSA13042_00-PERPLEXINGFULL12,599,599
10,UP1676-CUSA06655_00-MAROONERSSCEA000,999,999
10,EP6470-PPSA20807_00-AHHNALOG11200000,599,599
10,UP7347-PPSA20373_00-0441235039854554,599,599
10,UP2005-PPSA31509_00-TWILIGHTPARADEMM,599,599
10,UP0571-CUSA13459_00-HAMPRDC000000001,799,799
10,UP0571-CUSA11353_00-HAMPRDC000000001,799,799
10,UP0571-CUSA12291_00-HAMPRDC000000001,799,799
10,UP0367-CUSA03571_00-SLUS216920000001,999,999
10,UP1675-CUSA28270_00-SYPS4MUSICRACERU,699,699
10,UP2005-PPSA33287_00-CLARITY7VANGUARD,999,999
10,UB0812-PPSA31962_00-MINESWEEPERPS5US,599,599
10,JP0013-PPSA26912_00-JP0DECODECO00PS5,899,899
10,UP4786-CUSA14158_00-CW1PS47890123456,599,599
10,UP2005-PPSA32554_00-LOVECHEMSIBELLAS,599,599
10,UP0910-CUSA14961_00-ROYALASSAULTGAME,599,599
10,UP3867-CUSA09259_00-MANIFEST99XXXXXX,599,599
10,EP6878-PPSA23450_00-0760102569901223,599,599
10,UP4786-CUSA50890_00-JF30000000000001,599,599
10,UP7605-CUSA41272_00-0930484812412136,999,999
10,UP2005-PPSA04758_00-PPGBTEXASHOLDEM0,599,599
10,UP3252-PPSA05953_00-JANDUSOFT0000001,599,599
10,JP3325-CUSA56517_00-0937501234107915,599,599
10,UP0571-CUSA06691_00-HAMPRDC000000001,799,799
10,UP0571-CUSA14401_00-HAMPRDC000000001,799,799
10,UP4406-CUSA44541_00-0177112191696274,599,599
10,UP0571-CUSA48552_00-HAMPRDC000000001,799,799
10,UP1675-PPSA20604_00-SYPS5SWEETESTMON,599,599
10,UP6139-PPSA22428_00-0147725198649095,899,899
10,UP0571-CUSA11792_00-HAMPRDC000000001,799,799
10,UP6718-PPSA28595_00-0561677628536155,799,799
10,UP3803-CUSA24265_00-7291213414989075,999,999
10,UP5003-CUSA27340_00-DMSNMGPS400000US,999,999
10,UP2119-CUSA03283_00-00000000MAIZEPS4,999,999
10,UP4051-PPSA07116_00-3451554504653653,999,999
10,UB0797-CUSA50631_00-0401405115483080,599,599
10,EB0428-PPSA22632_00-0655558768850209,699,699
10,UB2202-PPSA38984_00-MICROOVERDRIVEHT,999,999
10,UP4389-CUSA16085_00-REBELCOPSUS00000,999,999
10,UP0571-CUSA43861_00-HAMPRDC000000001,799,799
10,UB0827-PPSA37197_00-0351097416794068,599,599
10,UP4214-CUSA12737_00-00000000000AD200,699,699
10,UP1771-PPSA15221_00-0242822185504792,999,999
10,UP9000-CUSA02035_00-SCUS971420000001,999,999
10,UP3362-CUSA34082_00-7037975838016910,999,999
10,UP2632-CUSA13373_00-SUPERVOLLEYBLAST,999,999
10,UP9000-PPSA18836_00-SCUS943560000000,999,999
10,UP0182-PPSA19191_00-0065676891625449,999,999
10,UP1564-CUSA29888_00-CLABS0MMS2021070,999,999
10,EP0896-PPSA35805_00-TRAYSIARATAGAMES,599,599
10,UP4389-PPSA23124_00-EMUPS2SUMMONER00,999,999
10,UP0794-CUSA31321_00-7795888047719985,999,999
10,UP0571-CUSA00993_00-HAMPRDC000000001,799,799
10,UP4064-PPSA07307_00-SLUS003360000000,999,999
10,UB0837-PPSA38130_00-0534335649787400,699,699
10,UP7688-PPSA24974_00-0688800087579040,899,899
10,UP0571-CUSA11370_00-HAMPRDC000000001,799,799
10,EP0896-PPSA27720_00-DINOLANDRATAGAME,599,599
10,UP0891-CUSA09727_00-RATAGMSDISTRAINT,599,599
10,EB0310-PPSA27949_00-MAJOTORI00000000,599,599
10,EP7099-PPSA28624_00-PPGSQUISHMACHINE,599,599
10,UB1423-CUSA58995_00-0340735892226236,599,599
10,UP9000-CUSA00091_00-HOHOKUMGAMEPKG01,999,999
10,UP4395-CUSA00948_00-THOMASWASALONEFG,999,999
10,UP7249-CUSA32888_00-8138535875055830,849,849
10,UP0571-CUSA13673_00-HAMPRDC000000001,799,799
10,UP2796-CUSA14847_00-0000000000000000,599,599
10,UP8437-PPSA13805_00-0469675820300150,999,999
10,UP9000-CUSA01725_00-SCUS971320000001,999,999
10,UP0571-CUSA00974_00-HAMPRDC000000001,799,799
10,EP0896-PPSA37435_00-AXELQUESTRATAGAM,599,599
10,UP3473-CUSA25918_00-0319912787122373,999,999
10,UP9000-PPSA08696_00-UCUS987030000000,999,999
10,UB1501-PPSA30293_00-0230523016803950,549,549
10,UP1725-PPSA33636_00-0196402648790000,799,799
10,UP4115-CUSA00425_00-SCEAPUDDLE000000,799,799
10,UP0571-CUSA29527_00-HAMPRDC000000001,799,799
10,UB0284-PPSA18840_00-0419086586176744,799,799
10,UP6718-PPSA31054_00-0316876894271468,799,799
10,UP0906-CUSA17137_00-0876133669264294,999,999
10,JB1899-PPSA33619_00-0659315957159940,699,699
10,UP0571-CUSA09190_00-HAMPRDC000000001,799,799
10,UP2339-CUSA48159_00-0320159258304250,699,699
10,EP1411-PPSA35617_00-0366793100172199,699,699
10,UP0571-CUSA11080_00-HAMPRDC000000001,799,799
10,UP0571-CUSA30636_00-HAMPRDC000000001,799,799
10,UP2005-PPSA10992_00-THEREDRESSOFMIRA,999,999
10,UB0851-PPSA38793_00-BONEMARROW2PS500,799,799
10,UP0571-CUSA28113_00-HAMPRDC000000001,799,799
10,UP0571-CUSA13978_00-HAMPRDC000000001,799,799
10,UP0571-CUSA08847_00-HAMPRDC000000001,799,799
10,UP5209-CUSA30843_00-2236981559019404,799,799
10,UP0571-CUSA10308_00-HAMPRDC000000001,799,799
10,UP0571-CUSA29410_00-HAMPRDC000000001,799,799
10,UP3743-PPSA06626_00-WORDBREAKERPOWGI,799,799
10,UP0794-CUSA32903_00-5585274812534167,999,999
10,UP2833-CUSA47614_00-0213267002918978,799,799
10,UP7543-CUSA34822_00-6667056049584188,549,549
10,UP4312-PPSA07804_00-7677577825539743,699,699
10,UP4312-PPSA10173_00-3818016343391452,699,699
10,UP0571-CUSA09326_00-HAMPRDC000000001,799,799
10,UP0571-CUSA06686_00-HAMPRDC000000001,799,799
10,UP0571-CUSA39276_00-HAMPRDC000000001,799,799
10,UB0797-CUSA53181_00-0537343759537746,999,999
10,UP1421-PPSA19548_00-0531810995611471,999,999
10,UP1421-PPSA21429_00-0495096972649939,999,999
10,EP1411-PPSA24442_00-0455822444665036,999,999
10,UP2150-CUSA04792_00-0ALONEWITHYOUPS4,999,999
10,UP0891-CUSA14072_00-RATAGABACKIN1995,999,999
10,UP3803-CUSA45650_00-0111583624703593,999,999
10,UP1421-PPSA21687_00-0924719834429180,999,999
10,UP7136-CUSA35569_00-8737315418297131,999,999
10,UP7543-CUSA57045_00-0398633278778701,999,999
10,EP1411-PPSA31412_00-0911405674476083,999,999
10,UP1570-PPSA17104_00-0524791403384676,999,999
10,UB0675-PPSA25737_00-0225746198175822,999,999
10,UP2087-CUSA04429_00-DRAGONFANTASYBTI,999,999
10,UP7847-CUSA47224_00-0467819490997873,999,999
10,UP0814-PPSA21834_00-0202655950145128,999,999
10,UP4434-CUSA10892_00-TPS0601AAAFULL00,999,999
10,UP1421-PPSA21372_00-0557318125681984,999,999
10,UP6445-CUSA40642_00-0155554944344177,999,999
10,UP4056-CUSA13468_00-SOTSU00000000000,999,999
10,UP1440-CUSA05922_00-D0001DEPONIA1PS4,999,999
10,UP1421-PPSA18241_00-0806179997153621,999,999
10,UB1029-CUSA52671_00-0822076710033989,999,999
10,UP3906-CUSA18686_00-DOODLEGOD0000001,999,999
10,UB0687-PPSA26977_00-0280022884607859,999,999
10,UP1947-PPSA18342_00-2023072800000050,999,999
10,UP6472-PPSA04574_00-SAKURASUCCUBUS40,999,999
10,UP6347-CUSA33019_00-23N0N4M3N0NUM83R,999,999
10,UB1029-PPSA27595_00-0559354402418688,999,999
10,UP0182-PPSA08600_00-5372968000582927,999,999
10,UP5180-PPSA14004_00-FETUSMEATPS5SIEA,999,999
10,UP4770-CUSA25304_00-5535511716563555,999,999
10,UP0571-CUSA30961_00-HAMPRDC000000001,799,799
10,UP0571-CUSA14399_00-HAMPRDC000000001,799,799
10,JP0571-PPSA36751_00-HAMPRDC000000001,799,799
10,EP8934-CUSA53933_00-0221749647549618,999,999
10,UB0393-PPSA26793_00-0313257988437368,999,999
10,UP7958-CUSA43020_00-MISTSOFNOYAHP4NA,999,999
10,UP3589-PPSA22223_00-0922378796960396,999,999
10,UP5258-CUSA23625_00-0061266930171151,999,999
10,UP0789-CUSA02101_00-RIPTIDEGP2PS4000,699,699
10,UP3803-CUSA40235_00-0201977840279021,999,999
10,HB1626-PPSA30246_00-0871017984354810,999,999
10,UP4395-CUSA04061_00-STIKBOLDSCEAPS40,999,999
10,UB0714-CUSA51255_00-0558030508362108,999,999
10,UP0551-CUSA14863_00-MINIMETRO00001NA,999,999
10,UP0814-PPSA10631_00-0454720625833702,999,999
10,UP0891-PPSA15835_00-REPLIKATORRATGAM,999,999
10,EP8934-CUSA50655_00-0998555853680330,999,999
10,UP0977-CUSA15418_00-BASEGAME00000000,999,999
10,UP2289-CUSA09507_00-LIFEOFPIXELGAME0,999,999
10,UP2005-PPSA20649_00-SUPERXYX00000000,999,999
10,UP1716-CUSA03996_00-0000000000000000,999,999
10,EP4730-PPSA23915_00-0032565400820836,999,999
10,UP0571-CUSA03720_00-HAMPRDC000000001,799,799
10,UP2136-PPSA24729_00-KODBRTHELASTZONE,999,999
10,UP2005-CUSA53192_00-3DDONTDIEMRRDEMO,999,999
10,EP6985-PPSA29899_00-0380614359093341,599,599
10,UP2941-CUSA09628_00-VOLTRONVRCHRON01,999,999
10,UP2796-PPSA17328_00-0308332033978475,999,999
10,UP2860-CUSA17135_00-STABSTABSTAB0000,999,999
10,UP3528-PPSA30134_00-0401866923158853,999,999
10,UP4199-CUSA29018_00-2059838918427405,999,999
10,UP8255-PPSA21388_00-COFFEEPLIS0000NA,749,749
10,UP2365-CUSA23048_00-4687480112057523,999,999
10,UP5015-CUSA02965_00-RB20000000000001,999,999
10,UP3803-CUSA25625_00-0698181467590977,999,999
10,UB0165-PPSA23613_00-0412764031395971,999,999
10,UP0177-CUSA14529_00-PUYOCHAMPIONS000,999,999
10,UP6472-PPSA04508_00-DATINGLIFEMILEYX,999,999
10,UP3643-CUSA17597_00-STORIESUNTOLDUS0,999,999
10,UP6718-PPSA22542_00-0784823407059365,599,599
10,UP0721-CUSA09975_00-TBFLOORPLAAAAAN1,599,599
10,UP0571-CUSA03716_00-HAMPRDC000000001,799,799
10,UP2005-PPSA04729_00-POKERBATTLE00000,599,599
10,UP0571-CUSA28196_00-HAMPRDC000000001,799,799
10,UP0891-CUSA20256_00-RATAGMDISTRAINT2,899,899
10,HB1334-CUSA52566_00-0084610218554821,999,999
10,UP0891-PPSA13535_00-RGCHEMICALLYBOND,999,999
10,EP1411-PPSA24454_00-0648439763944208,999,999
10,UP2148-CUSA02534_00-DRIVEDRIVEDRIVE0,999,999
10,UP2005-PPSA08824_00-ECHOBLADE0000000,999,999
10,UP1440-CUSA15420_00-DAENAFELIX000001,999,999
10,UP1023-CUSA13270_00-GUNGRAVEVREP2JP0,999,999
10,UP4838-CUSA13269_00-BULLETPROOFVRXXX,999,999
10,UP4501-CUSA07131_00-IRONFISTRE0000US,999,999
10,UP1675-PPSA34322_00-SYPS5MIDNIGHTSWA,999,999
10,UP0884-CUSA06432_00-MUTANTMUPS4PSNUS,999,999
10,UP3362-CUSA41670_00-0002588008053198,999,999
10,EP7990-CUSA54572_00-09746719SOUNOPS4,999,999
10,UP8788-PPSA20269_00-0270710192306163,999,999
10,UP5223-CUSA30299_00-TEACUPPS4FULL000,999,999
10,UP0944-CUSA05565_00-SCEATSTBB0001020,999,999
10,UP6472-PPSA05562_00-WOULDYOULIKETORU,999,999
10,UP0571-CUSA02942_00-HAMPRDC000000001,799,799
10,UP0036-CUSA07236_00-DD4MASTERNA00000,699,699
10,JB0500-PPSA34585_00-0650383359711807,799,799
10,JP0013-PPSA31545_00-JP0DRUINS0000PS5,899,899
10,UP2005-PPSA19848_00-PGKLONDIKEPLUS00,599,599
10,UP2118-CUSA00398_00-0000000000000001,699,699
10,UP1715-PPSA07160_00-1942883966929941,899,899
10,UP4312-CUSA08762_00-BRICKSGAMEUS1516,599,599
10,UP9000-PPSA06791_00-NPUG803180000000,999,999
10,UP7103-PPSA17443_00-PPGVNVOTEFORACAT,899,899
10,UP2742-CUSA43750_00-0340128552302159,899,899
10,UP6301-CUSA26875_00-3467843683986635,999,999
10,UB0851-PPSA38764_00-TOTHEBASEMENTPS5,699,699
10,UP0001-CUSA01349_00-ACCHRONICLESEP03,999,999
10,UP8193-PPSA34937_00-FORESTODECEITPS5,999,999
10,UP9000-PPSA07588_00-0000000000000000,999,999
10,UP4352-CUSA05869_00-NNANODYNEGAME0US,999,999
10,EP3948-PPSA23693_00-0389855196984472,999,999
10,UP9000-PPSA10609_00-UCUS986400000000,999,999
10,UP9000-PPSA07123_00-UCUS986190000000,999,999
10,UP0571-CUSA15608_00-HAMPRDC000000001,799,799
10,UP0571-CUSA45668_00-HAMPRDC000000001,799,799
10,UP9000-PPSA14448_00-SCUS943080000000,999,999
10,EB2551-PPSA36370_00-0774000347423636,799,799
10,UP5792-CUSA32760_00-2240854324987697,699,699
10,UP3362-CUSA12099_00-SUPERKIDSRCSA18N,999,999
10,UP3743-CUSA17510_00-JUSTAPHRASEPOWGI,799,799
10,UB1511-PPSA29767_00-0511525976214987,799,799
10,UP0571-CUSA10434_00-HAMPRDC000000001,799,799
10,UP0571-CUSA07466_00-HAMPRDC000000001,799,799
10,UP0571-CUSA32436_00-HAMPRDC000000001,799,799
10,UP0571-CUSA17756_00-HAMPRDC000000001,799,799
10,UP3252-CUSA23828_00-JANDUSOFT0000001,599,599
10,UP0891-CUSA12311_00-RATALAGFULLBLAST,599,599
10,UP0571-CUSA08851_00-HAMPRDC000000001,799,799
10,UP0571-CUSA03715_00-HAMPRDC000000001,799,799
10,UP4425-CUSA31366_00-4656205081169220,799,799
10,UP0571-CUSA09704_00-HAMPRDC000000001,799,799
10,UP0571-CUSA32440_00-HAMPRDC000000001,799,799
10,UP0571-CUSA00989_00-HAMPRDC000000001,799,799
10,UP0571-CUSA02382_00-HAMPRDC000000001,799,799
10,UB0245-CUSA53783_00-0582886651087260,999,999
10,UP0571-CUSA11389_00-HAMPRDC000000001,799,799
10,UP0571-CUSA26782_00-HAMPRDC000000001,799,799
10,UB0760-PPSA28618_00-0149327981531477,799,799
10,UP9000-PPSA07135_00-NPUG802210000000,999,999
10,UP0571-CUSA13460_00-HAMPRDC000000001,799,799
10,UP0571-CUSA00982_00-HAMPRDC000000001,799,799
10,UP0571-CUSA13713_00-HAMPRDC000000001,799,799
10,UP0571-CUSA06804_00-HAMPRDC000000001,799,799
10,UP0571-CUSA15592_00-HAMPRDC000000001,799,799
10,UP3743-PPSA08008_00-SIXTYWORDSBYPOWG,799,799
10,UP2746-CUSA13366_00-MXNITROUNLEASHUS,999,999
10,UP0571-CUSA09702_00-HAMPRDC000000001,799,799
10,UP0571-CUSA12292_00-HAMPRDC000000001,799,799
10,UP0571-CUSA48420_00-HAMPRDC000000001,799,799
10,JP0571-CUSA49571_00-HAHAMPRDC0000000,799,799
10,UP0571-CUSA27186_00-HAMPRDC000000001,799,799
10,UP0571-CUSA48280_00-HAMPRDC000000001,799,799
10,EP0896-PPSA24542_00-CUSTOMERSFROMHRG,799,799
10,UP0891-CUSA15318_00-RDEVIOUSDUNGEON2,799,799
10,UP3252-CUSA27622_00-JANDUSOFT0000001,599,599
10,UP0571-CUSA47647_00-HAMPRDC000000001,799,799
10,UP0571-CUSA29185_00-HAMPRDC000000001,799,799
10,UP0571-CUSA09306_00-HAMPRDC000000001,799,799
10,UP0571-CUSA02307_00-HAMPRDC000000001,799,799
10,UP2106-CUSA04795_00-HAMMERWATCH00000,999,999
10,UP0571-CUSA11079_00-HAMPRDC000000001,799,799
10,UP6472-PPSA09908_00-SAKURAMMO2000000,799,799
10,UP4496-CUSA01465_00-ARTOFBALANCE0000,899,899
10,UP0571-CUSA13310_00-HAMPRDC000000001,799,799
10,UP2005-PPSA04591_00-CRISISWING000000,799,799
10,UP4008-PPSA06597_00-TETRA00000000000,999,999
10,UP9000-CUSA05406_00-TUMBLEVR00000001,999,999
10,UP2796-PPSA15841_00-0328426223003635,799,799
10,UP0399-CUSA04641_00-GNOGPS4000000000,999,999
10,UP0571-CUSA06683_00-HAMPRDC000000001,799,799
10,UP0571-CUSA08657_00-HAMPRDC000000001,799,799
10,UP0571-CUSA07464_00-HAMPRDC000000001,799,799
10,UP0571-CUSA11354_00-HAMPRDC000000001,799,799
10,UP0571-CUSA13465_00-HAMPRDC000000001,799,799
10,UP0571-CUSA09707_00-HAMPRDC000000001,799,799
10,UP0571-CUSA07461_00-HAMPRDC000000001,799,799
10,UP0571-CUSA10435_00-HAMPRDC000000001,799,799
10,UP0571-CUSA14214_00-HAMPRDC000000001,799,799
10,UP0571-CUSA26469_00-HAMPRDC000000001,799,799
10,UP0571-CUSA51013_00-HAMPRDC000000001,799,799
10,UP0571-CUSA23260_00-HAMPRDC000000001,799,799
10,UP0891-CUSA10049_00-RGONEMOREDUNGEON,799,799
10,UP2005-PPSA12498_00-UNDERTHEWAREHOUS,599,599
10,UP2005-PPSA29109_00-EXOCALIBRE000000,699,699
10,UP4947-CUSA31775_00-MEMERUN2MEMERUN2,699,699
10,UP3046-CUSA16833_00-THECURIOUSTALE01,699,699
10,UP4413-CUSA05754_00-ZOMBEER000000000,599,599
10,UP6537-CUSA25649_00-9041667717645136,699,699
10,UP2005-PPSA17259_00-OTOKOBREAKUP0000,699,699
10,EP6985-PPSA34915_00-0500111232993817,699,699
10,UP2005-PPSA03688_00-PGPANICPLUS00000,599,599
10,UP1675-CUSA17314_00-SYPS4MUSICRACER0,699,699
10,UP5325-CUSA25548_00-MYHIDDENTHINGS00,699,699
10,UB0766-PPSA28832_00-0541536336799488,699,699
10,UP3803-CUSA16633_00-ROBOXSCEE403JULY,999,999
10,UP0794-CUSA32905_00-4788226836869638,999,999
10,UP4912-PPSA09817_00-2235249943991881,999,999
10,JB0500-PPSA35364_00-0560339712971771,699,699
10,UP2803-PPSA29820_00-0735965035884208,999,999
10,UP1475-CUSA20381_00-PROFESSORRUBIKUS,999,999
10,UP2005-PPSA17261_00-OTOKODROPOUT0000,699,699
10,UP0891-PPSA08322_00-RGLONGLIVETHEQUE,999,999
10,UP4786-CUSA15702_00-CW2PS40000000001,599,599
10,JP0571-PPSA37126_00-HAMPRDC000000001,999,999
10,UP2070-CUSA00537_00-STICKITP40000001,799,799
10,UP7351-PPSA09044_00-1877487804161870,999,999
10,UP0825-CUSA04746_00-BCSTUNTSPS4SIEA0,999,999
10,EP1411-PPSA24463_00-0937891831251143,999,999
10,UP5610-CUSA34053_00-2385516152268823,999,999
10,UP1375-CUSA05589_00-GHOSTBLADEHDUSA0,999,999
10,UP2005-PPSA16555_00-HOTBLOOD00000000,999,999
10,UP0418-CUSA17313_00-000000001LITREED,999,999
10,UP3708-CUSA09031_00-0000000000000000,999,999
10,UP3803-CUSA24264_00-4286189304205976,999,999
10,JP0571-PPSA37589_00-HAMPRDC000000001,999,999
10,UP1475-CUSA05334_00-YESTERDAYORIGINS,999,999
10,UP0825-PPSA02347_00-BCTWDSIEA5000000,999,999
10,UP2822-CUSA06383_00-8675309867530986,999,999
10,UP2081-CUSA09236_00-STEELRATS00000U1,999,999
10,UP2035-CUSA03223_00-ZOTRIXGAMEUS0001,999,999
10,UP4786-CUSA14396_00-JF24567890123456,599,599
10,UP0794-CUSA31555_00-8897992016627241,999,999
10,UP6673-CUSA30095_00-1998452081533309,999,999
10,UP4724-CUSA23966_00-STEAMPUNKTOWER22,999,999
10,UP0891-PPSA11270_00-TRENCHESRATALAIK,999,999
10,UP2103-CUSA00826_00-VVVVVVGAMEAPPPS4,999,999
10,UP4836-PPSA04576_00-0616192208068613,999,999
10,UP0502-CUSA02031_00-0000000000000001,999,999
10,UP1643-CUSA08833_00-ISLANDFLIGHTSIMU,999,999
10,UP6275-CUSA28825_00-5452939058966511,699,699
10,UP2173-CUSA03170_00-0000000000000001,699,699
10,EP1411-PPSA34778_00-0573105853994337,699,699
10,UP4312-CUSA25573_00-0533004845837281,699,699
10,UP2143-CUSA05326_00-FLYWRENCHGAMEPS4,699,699
10,EP1411-PPSA36744_00-0343213200683691,699,699
10,UP1675-PPSA02902_00-SYPS5THELIGHTREM,799,799
10,UP0964-CUSA11494_00-2MDVRFOOTBALLPS4,999,999
10,UP0182-PPSA05551_00-4703929185782707,999,999
10,UP2005-PPSA03755_00-DRUNKENFIST00000,799,799
10,UP3528-PPSA19779_00-0018562041495199,999,999
10,UP2470-PPSA05265_00-AMBSIEA000000000,799,799
10,UP0571-CUSA13718_00-HAMPRDC000000001,799,799
10,HB1034-PPSA28341_00-0626121825556263,799,799
10,UP4199-CUSA40257_00-0780679883782124,999,999
10,EP1411-PPSA25121_00-0682769509818457,999,999
10,UP7907-PPSA24419_00-0354463712001924,999,999
10,HB1939-PPSA34016_00-0009338096047134,999,999
10,UP4064-CUSA02465_00-PENARIUMGAMESCEA,999,999
10,UP4008-CUSA10580_00-PPASIEA000000000,999,999
10,UP6472-PPSA29040_00-SAKURASUCCUBUS80,999,999
10,UB0837-PPSA26195_00-0578803147231303,999,999
10,UP6963-CUSA27457_00-0171402205301073,999,999
10,UP1675-CUSA49684_00-SYPS4CREEPYTALE4,999,999
10,EP2696-CUSA58506_00-2000000000000000,599,599
10,UP2005-PPSA05440_00-PGMAHJONGSOLGREE,599,599
10,UP1249-CUSA26258_00-6920210578712389,599,599
10,UP5610-CUSA17507_00-0000000000000001,599,599
10,UP3252-PPSA27150_00-JANDUSOFT0000001,599,599
10,UP6673-CUSA31823_00-8668376858133706,599,599
10,UP2005-PPSA04315_00-PGKLONDSOLITAIRE,599,599
10,UP4892-CUSA31753_00-0495832761096949,599,599
10,EP8703-PPSA22814_00-0486345033149695,599,599
10,UP1675-CUSA14735_00-SYPS4AWESOMEPEA0,599,599
10,UP2005-PPSA25634_00-PGPOPMATCH000000,599,599
10,UP0182-PPSA05905_00-6756416737970252,999,999
10,UP5099-PPSA15827_00-0520112251218665,999,999
10,EP4173-PPSA29713_00-0680541569054298,599,599
10,UP4395-CUSA05092_00-DEARESTHERSCEA00,999,999
10,HP3379-PPSA36143_00-0496920983055551,899,899
10,UP5726-CUSA16632_00-ALTOCOLLECTIONPS,999,999
10,UB1029-PPSA30865_00-0124183760025913,599,599
10,UP0341-CUSA05931_00-3949703949703950,999,999
10,UP2148-CUSA02752_00-THEBITTRIP000000,999,999
10,UP4034-CUSA05069_00-EARTHSDAWN000000,849,849
10,UP0891-PPSA05155_00-RATAGAGLEYLANCER,699,699
10,UP1675-PPSA07671_00-SYPS5AWINTERSDAY,599,599
10,UP2005-PPSA04804_00-DELICIOUSPGMAHJO,599,599
10,EP0896-PPSA26090_00-FINALZONERATALGA,599,599
10,UP0891-PPSA20500_00-ORIONHASTERATGAM,599,599
10,UP8761-PPSA30604_00-0306999264555368,599,599
10,EP0896-PPSA27719_00-PSYCHODREAMRATGA,599,599
10,UP6472-PPSA15848_00-SABLESGRIMOIREDR,599,599
10,EP7099-PPSA26249_00-PPGSQUARELOGICAL,599,599
10,UP1675-CUSA15386_00-SYPS4TOWEROFBEAT,599,599
10,JP0571-CUSA54664_00-HAMPRDC000000001,799,799
10,UP9000-PPSA07546_00-NPUG803030000000,999,999
10,UP9000-PPSA23797_00-SLUS204630000000,999,999
10,UP8745-CUSA43159_00-0291383562913011,999,999
10,UP6778-PPSA21850_00-0817146546403047,999,999
10,UP2005-PPSA09000_00-SOFIYAATAC000000,799,799
10,UP1675-PPSA06640_00-SYPS5BRIGHTLIGHT,999,999
10,UP0571-CUSA09706_00-HAMPRDC000000001,799,799
10,UP1350-CUSA04948_00-SHEWANTSMEDEAD00,799,799
10,UP0571-CUSA08850_00-HAMPRDC000000001,799,799
10,UP1358-CUSA04305_00-0000000000000002,799,799
10,UP4082-PPSA06547_00-1383262269758987,799,799
10,UP3252-CUSA16887_00-0000000000000001,799,799
10,UP0571-CUSA11075_00-HAMPRDC000000001,799,799
10,UP4556-PPSA22541_00-0012216031518646,999,999
10,UP9000-PPSA11163_00-UCES003020000000,999,999
10,UP9000-PPSA11137_00-ULUS101240000000,999,999
10,UP0825-CUSA04421_00-BRIDGECPS4SCEA00,999,999
10,EP1661-PPSA23318_00-SYPS5MOUTHOLE000,999,999
10,UP7631-PPSA36267_00-0780968925376779,999,999
10,UP4395-CUSA00437_00-DROIDPACKPS4USA0,999,999
10,UP0766-CUSA02494_00-GLASSKGTHIEFTOWN,799,799
10,UP0571-CUSA32429_00-HAMPRDC000000001,799,799
10,UP5210-CUSA18756_00-GAMEPANDABALLGAG,849,849
10,UP2181-PPSA13964_00-0343995460159722,799,799
10,UP3743-CUSA15150_00-CROSSOVERSBYPOWG,799,799
10,EP6197-PPSA34898_00-0514434425135666,799,799
10,UB0954-PPSA24153_00-0844912325524634,799,799
10,UB1029-PPSA26919_00-0480610421274850,799,799
10,UP2675-CUSA25640_00-0942439823863867,999,999
10,UP4836-PPSA25959_00-0133663896283517,999,999
10,UP6139-CUSA48091_00-0183044624747360,549,549
10,UP8339-PPSA25132_00-0585824929097319,999,999
10,UP3046-PPSA17014_00-0351791290380782,999,999
10,UP0891-CUSA10450_00-RATAG0IAMTHEHERO,999,999
10,UP3473-CUSA25923_00-7131868176974479,999,999
10,UP0963-CUSA02870_00-WTD0101PS4000001,999,999
10,UP0182-PPSA13383_00-0656866481304864,999,999
10,UP0571-CUSA08659_00-HAMPRDC000000001,799,799
10,UP0571-CUSA06684_00-HAMPRDC000000001,799,799
10,UP0571-CUSA13631_00-HAMPRDC000000001,799,799
10,UP0571-CUSA08658_00-HAMPRDC000000001,799,799
10,UP0571-CUSA23516_00-HAMPRDC000000001,799,799
10,UP2005-PPSA03915_00-ZEROSTRAIN000000,999,999
10,UP6472-PPSA04012_00-SAKURASUCCUBUS30,999,999
10,UP4051-PPSA06295_00-3848570674059603,999,999
10,UP2005-PPSA08304_00-HYPERFIVE0000000,999,999
10,UP8769-PPSA17962_00-0157194966549703,999,999
10,EP0896-PPSA23689_00-AEROTHEACROBA2RG,599,599
10,UP6673-CUSA29115_00-0361521192102485,599,599
10,UP4133-CUSA09853_00-MASTEROFANIMAPS4,699,699
10,UP4556-CUSA15912_00-DRCTHEGAME110778,699,699
10,UP2005-PPSA09584_00-OTOKOCROSSPBKS00,699,699
10,UP3528-PPSA24250_00-0702989527345962,999,999
10,UB0428-PPSA25680_00-0085081787312329,999,999
10,UP6472-PPSA03455_00-SAKURASUCCUBUS20,999,999
10,UP8255-PPSA37082_00-XFGPS5EDITION000,749,749
10,UP2005-PPSA05232_00-SPLASHCARS000000,699,699
10,UP0891-CUSA15319_00-RATGAMYBIGSISTER,599,599
10,UP7103-PPSA11548_00-PPGGRAVEYARDGALS,599,599
10,UP6718-PPSA25981_00-0669254222936226,599,599
10,UP4403-PPSA02319_00-SPARKLE200000000,799,799
10,UP6718-PPSA30473_00-0458218549113740,799,799
10,UP5015-CUSA08298_00-000DEVILSDAREPS4,899,899
10,UB1029-PPSA26800_00-0086611252963563,899,899
10,EP7099-PPSA27953_00-PPGALEESHASTOWER,599,599
10,UP5223-CUSA19502_00-USAEVANSREMAINS0,699,699
10,UP6472-PPSA08169_00-WITCHCOLLEGEBUND,899,899
10,UP1675-PPSA19321_00-SYPS5CALIGO00000,999,999
10,UP4064-CUSA11804_00-PLANETALPHA00000,999,999
10,UP1012-CUSA02700_00-BOYANDBLOB000000,999,999
10,UP8012-CUSA26909_00-CLCKWRKAQUARIOUS,999,999
10,UP2535-CUSA07852_00-0000000000000001,599,599
10,UP2005-PPSA08820_00-PG4KINGSSOLITAIR,599,599
10,UP0604-CUSA05475_00-LIFELESSPLANETPS,999,999
10,UP4395-CUSA01424_00-STEALTHINC2PS400,999,999
10,UP4735-CUSA12847_00-NINJINBASEGAME01,999,999
10,UP4196-PPSA15796_00-0202359690928859,999,999
10,UP6472-PPSA11539_00-SAKURAMMO3000000,799,799
10,UP2005-PPSA06806_00-WIFEQUEST0000000,799,799
10,UP4786-CUSA15406_00-CWRPS40000000001,699,699
10,UP2751-CUSA32221_00-GARBAGEPAILKIDSU,999,999
10,UP2070-CUSA01874_00-EXTREMEXORCISM01,599,599
10,UP3252-PPSA06076_00-JANDUSOFT0000001,599,599
10,UP2632-CUSA05722_00-UPSPYCHAMELEON01,999,999
10,UP0571-CUSA06688_00-HAMPRDC000000001,799,799
10,UP8906-CUSA04074_00-0000000000000001,999,999
10,UP1279-CUSA10945_00-0000000000000000,999,999
10,UP3743-CUSA18920_00-EPICWORDSRCHCOLL,799,799
10,JP8033-PPSA17923_00-0938084265345434,999,999
10,UP4680-CUSA11393_00-ASSAULTGUNNERS00,999,999
10,UP4965-PPSA03587_00-SOLITAIREPS5SIEA,999,999
10,UP3693-CUSA16659_00-0000440000000001,999,999
10,UP1523-CUSA05185_00-VOLGARRTHEVIKING,999,999
10,EP0896-PPSA23911_00-AERORASCALRIVARG,599,599
10,UP4724-CUSA32065_00-SUPERCYBORG000US,699,699
10,EP1411-PPSA26005_00-0137355628727196,699,699
10,UP6718-PPSA06669_00-2887678615823028,699,699
10,UP1104-CUSA19644_00-BLASTERMASTER002,999,999
10,UP2181-CUSA00213_00-HADAEV0010000000,699,699
10,UP0182-PPSA05255_00-9322964808785450,999,999
10,UP4786-CUSA47134_00-CW4PS40000000001,599,599
10,UP1440-CUSA09210_00-DAENAAER00000001,999,999
10,UP2171-CUSA01952_00-FULLDATAGAME0001,999,999
10,UP2053-PPSA08202_00-6782436307761092,999,999
10,UP9000-PPSA06352_00-SCES020090000000,999,999
10,UP2187-CUSA03869_00-LETTERQUESTPS40U,999,999
10,UP4133-CUSA03158_00-SEASONSAFTERFALL,999,999
10,UP9000-PPSA13496_00-NPUG803210000000,999,999
10,UP0287-CUSA27059_00-00000000NORANEKO,799,799
10,UP2260-CUSA05121_00-ASEMBLANCE01V001,799,799
10,UP0436-CUSA06169_00-READONLYMEMORIES,999,999
10,UP4487-CUSA03406_00-0000000000FORMA8,999,999
10,UP0082-CUSA06460_00-LARACROFTGOSIEA0,999,999
10,UP1980-CUSA05970_00-LIVELOCKTHEGAME1,999,999
10,UP1050-CUSA02439_00-XEODRIFTERPS4USX,999,999
10,UP0571-CUSA07463_00-HAMPRDC000000001,799,799
10,UP0571-CUSA17246_00-HAMPRDC000000001,799,799
10,UP4316-CUSA44518_00-TRF1PLUS000PS4US,799,799
10,UP1570-CUSA10609_00-13081985BEBUA012,549,549
10,UB0827-PPSA27679_00-0002104749919734,999,999
10,UP1675-PPSA08123_00-SYPS5MEGALAN1100,999,999
10,UP0259-CUSA04521_00-0000000000000001,999,999
10,UP4395-CUSA01051_00-LONESURVIVORDCUT,999,999
10,UP1675-CUSA26881_00-SYPS435MM0000000,999,999
10,UP9000-PPSA15806_00-SLUS005440000000,999,999
10,UP0700-PPSA07719_00-MRDRILLER0000000,999,999
10,UB1512-PPSA35022_00-0569982474709417,999,999
10,UP1675-CUSA16890_00-SYPS4STELLATUM00,999,999
10,UP9000-PPSA06795_00-NPUG801350000000,999,999
10,UP4473-CUSA00521_00-STEAMWORLDDIG000,999,999
10,UP2005-PPSA10799_00-PGESCAPE00000000,599,599
10,EB0158-PPSA34434_00-0869073294127478,799,799
10,UP9000-CUSA00571_00-ETWPS40000000000,999,999
10,UP2080-CUSA02798_00-LICHDOMBTMGMMGUS,999,999
10,UP9000-PPSA07556_00-NPUG804600000000,999,999
10,UP0476-CUSA02470_00-2772697232457012,999,999
10,UP4008-CUSA04964_00-SOLITAIRE0000000,999,999
10,UP3385-CUSA12055_00-CHXAMOH000000000,799,799
10,UP2680-CUSA28007_00-2689984507162142,599,599
10,UP2005-PPSA04551_00-PGPANIC000000000,599,599
10,UP3362-CUSA06942_00-DARKMYSTERY20171,599,599
10,UP4786-CUSA18377_00-JRPS400000000001,599,599
10,UP4221-CUSA09627_00-GUNHOUSECOOLTOWN,699,699
10,UP3252-PPSA26267_00-JANDUSOFT0000001,699,699
10,UP4396-CUSA04289_00-CORRIDORZPS4US01,799,799
10,UP4501-CUSA01260_00-AKDXBUND00000001,899,899
10,UP4082-CUSA03168_00-BOMBINGBUSTERSP4,699,699
10,UP0891-CUSA15106_00-RATAGAMSAGEBRUSH,599,599
10,EP0896-PPSA35806_00-ULTRAPIXELSUR2RG,599,599
10,UP1470-CUSA15029_00-ELEAUS0000000000,999,999
10,UP0476-CUSA04678_00-100FTKAIJUBUNDLE,999,999
10,UP4395-CUSA04748_00-10SECNINJAPS4US0,999,999
10,UP2154-CUSA05444_00-0000000000140PS4,799,799
10,UP4786-CUSA24142_00-SBSPS40000000001,599,599
10,UP8570-CUSA54177_00-0946266618529437,999,999
10,UP0832-PPSA15616_00-0591989305417591,999,999
10,UP6718-PPSA21403_00-0936149301887651,999,999
10,UP6261-PPSA07397_00-2269912040644408,999,999
10,JP1663-PPSA35956_00-0545940265568496,999,999
10,UP0571-CUSA08660_00-HAMPRDC000000001,799,799
10,UP0571-CUSA13110_00-HAMPRDC000000001,799,799
10,UP0571-CUSA09187_00-HAMPRDC000000001,799,799
10,UP0571-CUSA13313_00-HAMPRDC000000001,799,799
10,UP0571-CUSA12295_00-HAMPRDC000000001,799,799
10,UP0571-CUSA07465_00-HAMPRDC000000001,799,799
10,UP0571-CUSA13429_00-HAMPRDC000000001,799,799
10,UP0571-CUSA10436_00-HAMPRDC000000001,799,799
10,UP0571-CUSA09189_00-HAMPRDC000000001,799,799
10,UP0571-CUSA11796_00-HAMPRDC000000001,799,799
10,UP0571-CUSA11391_00-HAMPRDC000000001,799,799
10,UP0571-CUSA13113_00-HAMPRDC000000001,799,799
10,UP0571-CUSA11794_00-HAMPRDC000000001,799,799
10,UP0571-CUSA13724_00-HAMPRDC000000001,799,799
10,UP0571-CUSA06689_00-HAMPRDC000000001,799,799
10,UP0891-PPSA15566_00-ACCEPTANCERATAGA,599,599
10,UP1675-PPSA26137_00-SYPS5ACRECRISIS0,999,999
10,UP0829-CUSA03153_00-0000000000000001,699,699
10,UP3645-CUSA08196_00-ACTIVESOCCER2DXA,999,999
10,EP0896-PPSA23688_00-AEROTHEACROBATRG,599,599
10,UP5805-CUSA43467_00-0101060320287627,999,999
10,UP1184-CUSA19327_00-LL9QDQ41J80WBI7M,999,999
10,UP3252-PPSA14496_00-JANDUSOFT0000001,699,699
10,UP2005-PPSA26442_00-AGENTFALL0000000,599,599
10,UP3686-CUSA08274_00-AHOLENEWWOPS4USA,999,999
10,UP1441-CUSA03225_00-GAMEXXXXXXXXXXXX,999,999
10,UP1675-CUSA18126_00-SYPS4AIRCRAFTEVO,999,999
10,UP2005-PPSA28026_00-AKATSUKILORDDAWN,999,999
10,UP2005-PPSA09596_00-ALBACETEWARRIOR0,999,999
10,UP2859-CUSA07155_00-ALCHEMICJOUSTS01,899,899
10,UP7992-CUSA41440_00-0605047080656278,599,599
10,UB0851-CUSA59323_00-ALIENCATSTORYPS4,799,799
10,UP3803-CUSA48165_00-0475344209508179,999,999
10,UP3803-PPSA02750_00-1611275679647585,999,999
10,UP4312-CUSA44124_00-0358947526287083,699,699
10,UP1421-PPSA20218_00-0223552308880610,999,999
10,UP1675-PPSA05935_00-SYPS5ALMOSTMYFLO,999,999
10,UP2199-CUSA14287_00-ALMOSTTHEREPS400,999,999
10,UP2005-PPSA08701_00-ALPHAPARTICLE000,999,999
10,UP3743-CUSA20364_00-ATOZBYPOWGI00000,799,799
10,UP6718-PPSA12398_00-2788880025180764,999,999
10,UP5813-CUSA32745_00-6274400224445567,999,999
10,UP4907-CUSA12762_00-ALWASAWAKENING01,999,999
10,UP5325-CUSA30350_00-AMAZINGBREAKER00,799,799
10,UP4912-CUSA32342_00-1088899291819525,699,699
10,EP1411-PPSA29191_00-0439009117415359,999,999
10,EB0310-PPSA30288_00-AMBIDEXTRO000000,799,799
10,UP7103-PPSA10583_00-PPGVNANIMALLOVER,999,999
10,UP3753-CUSA27086_00-0000020128208805,699,699
10,UP3927-CUSA11262_00-ANIMALSUPERSQUAD,999,999
10,UP7543-PPSA15255_00-0188908921106470,849,849
10,UP3046-CUSA10860_00-0000000000000000,699,699
10,HB1365-PPSA29131_00-0524549596834010,699,699
10,UP0571-CUSA11077_00-HAMPRDC000000001,799,799
10,JP0571-PPSA34980_00-HAMPRDC000000001,999,999
10,JP0571-PPSA31855_00-HAMPRDC000000001,999,999
10,JP0571-PPSA33215_00-HAMPRDC000000001,999,999
10,JP0571-PPSA32531_00-HAMPRDC000000001,999,999
10,JP0571-PPSA33883_00-HAMPRDC000000001,999,999
10,JP0571-PPSA35469_00-HAMPRDC000000001,999,999
10,JP0571-PPSA32271_00-0538416178489778,999,999
10,JP0571-PPSA35466_00-HAMPRDC000000001,999,999
10,JP0571-PPSA34240_00-HAMPRDC000000001,999,999
10,JP0571-PPSA34954_00-HAMPRDC000000001,999,999
10,JP0571-PPSA33058_00-HAMPRDC000000001,999,999
10,JP0571-PPSA33352_00-HAMPRDC000000001,999,999
10,JP0571-PPSA32269_00-0417781789347656,999,999
10,JP0571-PPSA35151_00-HAMPRDC000000001,999,999
10,JP0571-PPSA35674_00-HAMPRDC000000001,999,999
10,JP0571-PPSA34263_00-HAMPRDC000000001,999,999
10,JP0571-PPSA36708_00-HAMPRDC000000001,999,999
10,JP0571-PPSA33535_00-HAMPRDC000000001,999,999
10,JP0571-PPSA32270_00-0316640308112097,999,999
10,JP0571-PPSA30857_00-HAMPRDC000000001,999,999
10,JP0571-PPSA31074_00-HAMPRDC000000001,999,999
10,JP0571-PPSA32856_00-HAMPRDC000000001,999,999
10,JP0571-PPSA34239_00-HAMPRDC000000001,999,999
10,JP0571-PPSA31566_00-HAMPRDC000000001,999,999
10,UP0571-CUSA25096_00-HAMPRDC000000001,799,799
10,UP0571-CUSA12492_00-HAMPRDC000000001,799,799
10,UP0571-CUSA15874_00-HAMPRDC000000001,799,799
10,UP0571-CUSA05184_00-HAMPRDC000000001,799,799
10,UP0571-CUSA34870_00-HAMPRDC000000001,799,799
10,UP0571-CUSA36016_00-HAMPRDC000000001,799,799
10,UP0571-CUSA42637_00-HAMPRDC000000001,799,799
10,UP0571-CUSA18330_00-HAMPRDC000000001,799,799
10,UP0571-CUSA24179_00-HAMPRDC000000001,799,799
10,UP0571-CUSA28062_00-HAMPRDC000000001,799,799
10,UP0571-CUSA49532_00-HAMPRDC000000001,799,799
10,UP0571-CUSA26266_00-HAMPRDC000000001,799,799
10,UP0571-CUSA40959_00-HAMPRDC000000001,799,799
10,UP0571-CUSA36393_00-HAMPRDC000000001,799,799
10,UP0571-CUSA48495_00-HAMPRDC000000001,799,799
10,UP0571-CUSA31242_00-HAMPRDC000000001,799,799
10,UP0571-CUSA35125_00-HAMPRDC000000001,799,799
10,JP0571-CUSA55172_00-HAMPRDC000000001,799,799
10,UP0571-CUSA42891_00-HAMPRDC000000001,799,799
10,UP0571-CUSA44764_00-HAMPRDC000000001,799,799
10,UP0571-CUSA03373_00-HAMPRDC000000001,799,799
10,JP0571-CUSA53441_00-HAMPRDC000000001,799,799
10,UP0571-CUSA47180_00-HAMPRDC000000001,799,799
10,JP0571-CUSA46250_00-HAMPRDC000000001,799,799
10,UP0571-CUSA27957_00-HAMPRDC000000001,799,799
10,UP0571-CUSA40616_00-HAMPRDC000000001,799,799
10,UP0571-CUSA40990_00-HAMPRDC000000001,799,799
10,UP0571-CUSA29635_00-HAMPRDC000000001,799,799
10,UP0571-CUSA24764_00-HAMPRDC000000001,799,799
10,UP0571-CUSA46942_00-HAMPRDC000000001,799,799
10,UP0571-CUSA31891_00-HAMPRDC000000001,799,799
10,UP0571-CUSA51258_00-HAMPRDC000000001,799,799
10,UP0571-CUSA00986_00-HAMPRDC000000001,799,799
10,UP0571-CUSA46939_00-HAMPRDC000000001,799,799
10,UP0571-CUSA51142_00-HAMPRDC000000001,799,799
10,JP0571-CUSA53670_00-HAMPRDC000000001,799,799
10,UP0571-CUSA32446_00-HAMPRDC000000001,799,799
10,UP0571-CUSA04840_00-HAMPRDC000000001,799,799
10,UP0571-CUSA32453_00-HAMPRDC000000001,799,799
10,UP0571-CUSA18777_00-HAMPRDC000000001,799,799
10,UP0571-CUSA27135_00-HAMPRDC000000001,799,799
10,JP0571-CUSA56724_00-HAMPRDC000000001,799,799
10,UP0571-CUSA23900_00-HAMPRDC000000001,799,799
10,UP0571-CUSA29435_00-HAMPRDC000000001,799,799
10,UP0571-CUSA39477_00-HAMPRDC000000001,799,799
10,UP0571-CUSA34261_00-HAMPRDC000000001,799,799
10,UP0571-CUSA44151_00-HAMPRDC000000001,799,799
10,UP0571-CUSA28081_00-HAMPRDC000000001,799,799
10,UP0571-CUSA26148_00-HAMPRDC000000001,799,799
10,UP0571-CUSA11074_00-HAMPRDC000000001,799,799
10,UP0571-CUSA31356_00-HAMPRDC000000001,799,799
10,UP0571-CUSA03376_00-HAMPRDC000000001,799,799
10,UP0571-CUSA14400_00-HAMPRDC000000001,799,799
10,UP0571-CUSA36087_00-HAMPRDC000000001,799,799
10,UP0571-CUSA51926_00-HAMPRDC000000001,799,799
10,UP0571-CUSA05203_00-HAMPRDC000000001,799,799
10,UP0571-CUSA40962_00-HAMPRDC000000001,799,799
10,UP0571-CUSA51375_00-HAMPRDC000000001,799,799
10,UP0571-CUSA51016_00-HAMPRDC000000001,799,799
10,UP0571-CUSA53234_00-HAMPRDC000000001,799,799
10,UP0571-CUSA49041_00-HAMPRDC000000001,799,799
10,UP0571-CUSA26197_00-HAMPRDC000000001,799,799
10,UP0571-CUSA45783_00-HAMPRDC000000001,799,799
10,UP0571-CUSA29525_00-HAMPRDC000000001,799,799
10,UP0571-CUSA51261_00-HAMPRDC000000001,799,799
10,UP0571-CUSA25982_00-HAMPRDC000000001,799,799
10,UP0571-CUSA43471_00-HAMPRDC000000001,799,799
10,UP0571-CUSA34873_00-HAMPRDC000000001,799,799
10,UP0571-CUSA37042_00-HAMPRDC000000001,799,799
10,UP0571-CUSA32460_00-HAMPRDC000000001,799,799
10,UP0571-CUSA45513_00-HAMPRDC000000001,799,799
10,UP0571-CUSA30806_00-HAMPRDC000000001,799,799
10,UP0571-CUSA47106_00-HAMPRDC000000001,799,799
10,UP0571-CUSA32467_00-HAMPRDC000000001,799,799
10,UP0571-CUSA43256_00-HAMPRDC000000001,799,799
10,UP0571-CUSA02766_00-HAMPRDC000000001,799,799
10,UP0571-CUSA25001_00-HAMPRDC000000001,799,799
10,UP0571-CUSA18778_00-HAMPRDC000000001,799,799
10,UP0571-CUSA40947_00-HAMPRDC000000001,799,799
10,UP0571-CUSA31394_00-HAMPRDC000000001,799,799
10,UP0571-CUSA45569_00-HAMPRDC000000001,799,799
10,UP0571-CUSA26538_00-HAMPRDC000000001,799,799
10,UP0571-CUSA00977_00-HAMPRDC000000001,799,799
10,UP0571-CUSA03374_00-HAMPRDC000000001,799,799
10,UP0571-CUSA00981_00-HAMPRDC000000001,799,799
10,UP0571-CUSA13109_00-HAMPRDC000000001,799,799
10,UP0571-CUSA18063_00-HAMPRDC000000001,799,799
10,UP0571-CUSA25099_00-HAMPRDC000000001,799,799
10,UP0571-CUSA30290_00-HAMPRDC000000001,799,799
10,JP0571-CUSA53501_00-HAMPRDC000000001,799,799
10,UP0571-CUSA30999_00-HAMPRDC000000001,799,799
10,UP0571-CUSA15872_00-HAMPRDC000000001,799,799
10,UP0571-CUSA28088_00-HAMPRDC000000001,799,799
10,UP0571-CUSA50444_00-HAMPRDC000000001,799,799
10,UP0571-CUSA32449_00-HAMPRDC000000001,799,799
10,UP0571-CUSA14090_00-HAMPRDC000000001,799,799
10,JP0571-CUSA52189_00-HAMPRDC000000001,799,799
10,UP0571-CUSA23245_00-6004963857548831,799,799
10,UP0571-CUSA00987_00-HAMPRDC000000001,799,799
10,UP0571-CUSA29765_00-HAMPRDC000000001,799,799
10,UP0571-CUSA41682_00-HAMPRDC000000001,799,799
10,UP0571-CUSA16529_00-HAMPRDC000000001,799,799
10,UP0571-CUSA25984_00-HAMPRDC000000001,799,799
10,UP0571-CUSA34151_00-HAMPRDC000000001,799,799
10,UP0571-CUSA40965_00-HAMPRDC000000001,799,799
10,UP0571-CUSA45012_00-HAMPRDC000000001,799,799
10,UP0571-CUSA24960_00-HAMPRDC000000001,799,799
10,JP0571-CUSA52346_00-HAMPRDC000000001,799,799
10,UP0571-CUSA27131_00-HAMPRDC000000001,799,799
10,UP0571-CUSA18218_00-HAMPRDC000000001,799,799
10,UP0571-CUSA14082_00-HAMPRDC000000001,799,799
10,JP0571-CUSA55077_00-HAMPRDC000000001,799,799
10,UP0571-CUSA44158_00-HAMPRDC000000001,799,799
10,UP0571-CUSA28232_00-HAMPRDC000000001,799,799
10,UP0571-CUSA28078_00-HAMPRDC000000001,799,799
10,UP0571-CUSA39273_00-HAMPRDC000000001,799,799
10,UP0571-CUSA03375_00-HAMPRDC000000001,799,799
10,UP0571-CUSA45009_00-HAMPRDC000000001,799,799
10,UP0571-CUSA28004_00-HAMPRDC000000001,799,799
10,UP0571-CUSA00988_00-HAMPRDC000000001,799,799
10,UP0571-CUSA46616_00-HAMPRDC000000001,799,799
10,UP0571-CUSA29705_00-HAMPRDC000000001,799,799
10,UP0571-CUSA39522_00-HAMPRDC000000001,799,799
10,UP0571-CUSA29064_00-HAMPRDC000000001,799,799
10,UP0571-CUSA05183_00-HAMPRDC000000001,799,799
10,UP0571-CUSA39334_00-HAMPRDC000000001,799,799
10,UP0571-CUSA29059_00-HAMPRDC000000001,799,799
10,UP0571-CUSA31353_00-HAMPRDC000000001,799,799
10,JP0571-CUSA55299_00-HAMPRDC000000001,799,799
10,JP0571-CUSA54004_00-HAMPRDC000000001,799,799
10,JP0571-CUSA53669_00-HAMPRDC000000001,799,799
10,UP0571-CUSA43276_00-HAMPRDC000000001,799,799
10,UP0571-CUSA44148_00-HAMPRDC000000001,799,799
10,UP0571-CUSA34147_00-HAMPRDC000000001,799,799
10,JP0571-CUSA52143_00-HAMPRDC000000001,799,799
10,UP0571-CUSA27041_00-HAMPRDC000000001,799,799
10,UP0571-CUSA27269_00-HAMPRDC000000001,799,799
10,JP0571-CUSA49346_00-HAMPRDC000000001,799,799
10,UP0571-CUSA00983_00-HAMPRDC000000001,799,799
10,UP0571-CUSA25594_00-HAMPRDC000000001,799,799
10,UP0571-CUSA03714_00-HAMPRDC000000001,799,799
10,UP0571-CUSA05116_00-HAMPRDC000000001,799,799
10,UP0571-CUSA29507_00-HAMPRDC000000001,799,799
10,UP0571-CUSA17331_00-HAMPRDC000000001,799,799
10,UP0571-CUSA32022_00-HAMPRDC000000001,799,799
10,UP0571-CUSA32456_00-HAMPRDC000000001,799,799
10,UP0571-CUSA34144_00-HAMPRDC000000001,799,799
10,UP0571-CUSA04836_00-HAMPRDC000000001,799,799
10,UP0571-CUSA15877_00-HAMPRDC000000001,799,799
10,UP0571-CUSA48453_00-HAMPRDC000000001,799,799
10,UP0571-CUSA14398_00-HAMPRDC000000001,799,799
10,UP0571-CUSA10438_00-HAMPRDC000000001,799,799
10,UP0571-CUSA30964_00-HAMPRDC000000001,799,799
10,UP0571-CUSA19298_00-HAMPRDC000000001,799,799
10,UP0571-CUSA03718_00-HAMPRDC000000001,799,799
10,UP0571-CUSA29036_00-HAMPRDC000000001,799,799
10,UP0571-CUSA28874_00-HAMPRDC000000001,799,799
10,UP0571-CUSA14402_00-HAMPRDC000000001,799,799
10,UP0571-CUSA46951_00-HAMPRDC000000001,799,799
10,UP0571-CUSA51263_00-HAMPRDC000000001,799,799
10,UP0571-CUSA51923_00-HAMPRDC000000001,799,799
10,UP0571-CUSA48669_00-HAMPRDC000000001,799,799
10,UP0571-CUSA33210_00-HAMPRDC000000001,799,799
10,UP0571-CUSA50591_00-HAMPRDC000000001,799,799
10,UP0571-CUSA46948_00-HAMPRDC000000001,799,799
10,UP0571-CUSA36387_00-HAMPRDC000000001,799,799
10,UP0571-CUSA15873_00-HAMPRDC000000001,799,799
10,UP0571-CUSA15593_00-HAMPRDC000000001,799,799
10,UP0571-CUSA18264_00-HAMPRDC000000001,799,799
10,UP0571-CUSA32442_00-HAMPRDC000000001,799,799
10,UP0571-CUSA44154_00-HAMPRDC000000001,799,799
10,UP5325-CUSA48002_00-ARCADEBUNDLE0000,699,699
10,UP1059-CUSA11818_00-ARCADEISLANDS000,999,999
10,UP1169-CUSA05615_00-ARCADELAND000001,999,999
10,UP0134-CUSA04564_00-ARMIKROGVSEVIL16,999,999
10,EP1411-PPSA29195_00-0799058845357158,999,999
10,UP1421-PPSA21374_00-0466939607406900,999,999
10,EP1411-PPSA24805_00-0597768223923958,999,999
10,UP3698-CUSA25786_00-0008035102981385,999,999
10,EP3552-PPSA32009_00-0789178694392899,999,999
10,UP0314-CUSA03075_00-ASCENDANTPS40000,999,999
10,UP2260-CUSA11495_00-ASEMBLANCE02V001,999,999
10,UP0891-PPSA15466_00-ASHINAREDWITCHRG,999,999
10,UP0001-CUSA01348_00-ACCHRONICLESEP02,999,999
10,UP4199-CUSA20309_00-AOM0000000000001,699,699
10,UP1715-PPSA07221_00-9759554037631310,899,899
10,UP4487-CUSA12323_00-000000000ATOMINE,999,999
10,UP1496-CUSA11050_00-AUDIOBEATS000001,999,999
10,UP3995-CUSA27451_00-6562745039215501,999,999
10,UP4403-CUSA04407_00-AZKEND2000000000,799,799
10,UP3252-PPSA19835_00-JANDUSOFT0000001,599,599
10,UP6537-CUSA34629_00-8677536664813621,699,699
10,UB0675-PPSA30202_00-0987096754595547,999,999
10,UP5258-PPSA15342_00-0670765642282492,999,999
10,UP1474-CUSA06895_00-BAILALATINO12345,999,999
10,UP0891-CUSA18494_00-RATAGABALANCELOT,799,799
10,UP7740-CUSA42591_00-0976941588036994,799,799
10,UP2005-PPSA33868_00-BARADROID0000000,799,799
10,UP1091-CUSA29943_00-BATS000000000000,999,999
10,UP8008-PPSA16182_00-BATTLEROCKETS5NA,999,999
10,UP2005-PPSA16226_00-BATTLESTATIONS00,999,999
10,UP0842-CUSA16834_00-BAYALAGAME01SCEA,999,999
10,UP7958-CUSA42986_00-IRONELEGENDPS4NA,999,999
10,UB0675-PPSA30704_00-0410935375679330,999,999
10,UP0963-CUSA02869_00-BEDLAMTHEGAME001,999,999
10,UB0851-PPSA27106_00-0330660289142905,699,699
10,UP3357-CUSA25582_00-7984927871136824,799,799
10,EP6138-PPSA24883_00-0867388657938351,699,699
10,UP1249-CUSA24491_00-5161590649382433,799,799
10,UP1421-PPSA18235_00-0477738684839896,999,999
10,EP1411-PPSA24438_00-0773630428413777,999,999
10,EP1411-PPSA25117_00-0499829454091200,999,999
10,EP1411-PPSA28566_00-0780185950075959,999,999
10,EP1411-PPSA34794_00-0614019473250879,699,699
10,UP1740-CUSA05303_00-BINARIES00000000,999,999
10,UP2005-PPSA04481_00-BISHOUJOBATTLEMS,599,599
10,UP6718-PPSA22503_00-0796075792854847,899,899
10,UP4457-CUSA04816_00-RUNNER2000000000,999,999
10,UP3261-CUSA08446_00-0000000000000000,999,999
10,EP7099-PPSA23978_00-PPGVNXBLANKSPACE,999,999
10,UP2215-CUSA17945_00-BB20000000000002,999,999
10,UP3743-CUSA12934_00-BLOCKAPIXPS40001,799,799
10,UP4199-PPSA18443_00-0962065676180674,999,999
10,UB0079-PPSA38236_00-0222416218439363,999,999
10,UP7552-CUSA34592_00-8764260648956601,799,799
10,EP6878-PPSA23274_00-0312284748143134,899,899
10,UP6718-PPSA24165_00-0252604507655418,999,999
10,UP5641-CUSA17347_00-AVATARANDTHEME23,599,599
10,JB2171-PPSA36110_00-0794512359897648,599,599
10,UP2005-PPSA05286_00-BREAKNECKCITY000,999,999
10,UP6883-PPSA27050_00-0670523243610780,999,999
10,UP5139-CUSA16663_00-BRINGTHEMHOME001,599,599
10,EB0974-CUSA48400_00-0783139381390967,999,999
10,EB0685-CUSA56851_00-BROTHERHOODGLOBL,999,999
10,UP2005-CUSA20083_00-BROTHERHOODUNITE,899,899
10,UP6275-CUSA28919_00-2254644518508322,699,699
10,UB0108-PPSA26851_00-0675805675002843,699,699
10,UP1307-CUSA04304_00-BUFFSTUDIO000001,799,799
10,UP2381-CUSA11017_00-BULBBOY000000000,899,899
10,UB0837-PPSA29571_00-0935663127421137,999,999
10,UP6695-CUSA30716_00-40759AMERICAGAME,999,999
10,UP4312-CUSA33250_00-0364360536940675,699,699
10,UP4312-CUSA33408_00-0414229526073290,699,699
10,UP1710-CUSA09109_00-BURLYMENATSEA000,999,999
10,UB0675-PPSA25755_00-0156471035049263,999,999
10,UP2764-CUSA07853_00-BUTCHLICHTBUNDLE,999,999
10,UP3252-PPSA23278_00-JANDUSOFT0000001,599,599
10,UP2005-PPSA05223_00-CAKEINVADERS0000,599,599
10,UP6139-CUSA31141_00-4681078258875273,599,599
10,UP1380-CUSA03116_00-CALVINONOIR00000,999,999
10,UP4312-PPSA08407_00-6668245898532494,699,699
10,UP4312-PPSA08739_00-1646542698855799,699,699
10,UP0518-CUSA01747_00-PIXELCANDLELIGHT,999,999
10,UP1675-CUSA54351_00-SYPS4CANDYLANDSJ,999,999
10,UP2106-CUSA04612_00-CANNONBRAWL00000,999,999
10,UP1564-CUSA26061_00-CLABS0CDC2020111,699,699
10,UB2202-PPSA38347_00-0573517254475629,599,599
10,UP3252-PPSA04839_00-JANDUSOFT0000001,799,799
10,UP3803-CUSA24855_00-1484183944985826,999,999
10,HB1160-CUSA55326_00-0926290394569335,999,999
10,EP7177-PPSA31251_00-0568406879485413,999,999
10,UP4995-CUSA17466_00-0000000000000000,999,999
10,UP1260-CUSA04315_00-0000000000000000,699,699
10,UP6537-CUSA33504_00-8018177347652466,699,699
10,UP1675-PPSA19394_00-SYPS5CATANDGHOST,999,999
10,UP4312-PPSA10954_00-9994591548825704,699,699
10,UP4312-PPSA11125_00-2191137638380080,699,699
10,UP0891-PPSA08981_00-RATALAIKACATMAZE,999,999
10,UP5869-PPSA03860_00-8772259760843589,999,999
10,UP1675-CUSA48679_00-SYPS4CATSREQUEST,999,999
10,UP7552-PPSA32884_00-0791757608823162,799,799
10,UP0536-CUSA05888_00-PKGPS01CAVERNOUS,999,999
10,UP1279-CUSA05224_00-CHAMBARA00000000,699,699
10,UP1440-CUSA10304_00-DAEEUDEPONIA2000,999,999
10,UP3803-CUSA42926_00-0447590795985042,999,999
10,UP6445-CUSA33521_00-000000CHENSOCLUB,999,999
10,UP0822-CUSA06678_00-CHIMESHARP000000,999,999
10,UP1421-PPSA21785_00-0057777936886068,999,999
10,UP6139-CUSA45973_00-0308655897628734,699,699
10,UP4312-CUSA26448_00-9454446398590556,699,699
10,UP4312-CUSA31307_00-0691741949969526,699,699
10,UP4312-CUSA31311_00-4722949784867152,699,699
10,UP4312-PPSA06189_00-2381970569873921,699,699
10,UB0812-PPSA22545_00-CILLAPS5000000US,699,699
10,UP2005-PPSA08300_00-CIONSOFVEGA00000,699,699
10,UP0809-CUSA06398_00-CIRCUITBREAKERS0,999,999
10,UP6718-CUSA49704_00-0328146558768865,999,999
10,EB1299-PPSA25140_00-0855732320703900,999,999
10,UP7103-PPSA23401_00-PPGVNCLASHROBOTS,599,599
10,UP7862-PPSA22523_00-0219849008203227,599,599
10,UP0977-CUSA06783_00-CAS2201609051300,999,999
10,UP1421-PPSA14125_00-0187166612120187,999,999
10,EP1411-PPSA25125_00-0831765838495080,699,699
10,UP1421-PPSA14119_00-0814439015142022,999,999
10,EP1411-PPSA26449_00-0596125163519808,999,999
10,EP1411-PPSA34790_00-0245598057987417,699,699
10,EP1411-PPSA24241_00-0384264815889757,999,999
10,EP0896-PPSA35804_00-CODENAMEBLACKCRG,999,999
10,UP4312-CUSA34345_00-3213655865146814,699,699
10,UP4312-CUSA34425_00-5819834584550740,699,699
10,UP4480-CUSA10078_00-0000000000000001,999,999
10,UP4312-PPSA09871_00-5235684095725852,699,699
10,UP2183-CUSA01674_00-FPLCGMAINGAME001,999,999
10,UP4034-CUSA07281_00-CONGAMASTER00000,999,999
10,UP3800-CUSA26623_00-6820579770568569,999,999
10,JP0571-PPSA35810_00-HAMPRDC000000001,799,799
10,JP0571-PPSA36068_00-HAMPRDC000000001,799,799
10,JP0571-PPSA36124_00-HAMPRDC000000001,799,799
10,JP0571-PPSA31304_00-HAMPRDC000000001,799,799
10,JP0571-PPSA31294_00-HAMPRDC000000001,799,799
10,JP0571-PPSA31298_00-HAMPRDC000000001,799,799
10,JP0571-PPSA31293_00-HAMPRDC000000001,799,799
10,JP0571-PPSA36105_00-HAMPRDC000000001,799,799
10,UP5831-CUSA40928_00-CONTRAPTIONS2USA,699,699
10,UP5831-CUSA43725_00-CONTRAPTIONS3USA,699,699
10,UP0814-PPSA09507_00-4612611845291825,999,999
10,UP6162-CUSA27651_00-2044018012135420,999,999
10,UP4995-CUSA20292_00-0000111122223335,999,999
10,UP8012-CUSA30878_00-COTTON100PRCNTUS,999,999
10,JB1717-PPSA33606_00-0870774375499753,999,999
10,UP1675-CUSA14590_00-SYPS4CRASHBOTS00,999,999
10,UP4654-CUSA14002_00-0000000000000001,899,899
10,UP4786-CUSA56693_00-CDB0000000000001,699,699
10,UP4786-CUSA17858_00-CW3PS40000000001,599,599
10,UP7103-PPSA11546_00-PPGEMFCRONOSTASE,799,799
10,UB0714-CUSA49156_00-0623316165300467,799,799
10,UP3743-CUSA18919_00-CRYPTOBYPOWGIPS4,799,799
10,UP3252-CUSA25101_00-JANDUSOFT0000001,699,699
10,UP3958-CUSA10289_00-CUBEWORKS0000000,999,999
10,UP4540-CUSA04222_00-CUBIKOLORGAME000,799,799
10,UP4802-CUSA29565_00-6696182306488057,799,799
10,UP7552-CUSA38304_00-3562410410179784,799,799
10,UP2114-CUSA02638_00-0000000000000001,999,999
10,UP2005-PPSA35251_00-CYBERBLOCKERCOMP,799,799
10,UP0891-PPSA18396_00-CYBERCITIZENS2RG,599,599
10,UP0891-PPSA21577_00-CYBERCITIZENS3RG,599,599
10,EP0896-PPSA23591_00-CYBERCITIZENS0RG,699,699
10,UP6139-CUSA32423_00-9535235674480290,899,899
10,UP2005-PPSA18750_00-CYBERMISSION0000,999,999
10,UP1675-PPSA30438_00-SYPS5CYBERTRASHS,999,999
10,EP0896-PPSA26160_00-CYCLECHASERH5RAG,599,599
10,UP7190-CUSA29471_00-8969583991771177,999,999
10,UP7190-CUSA29473_00-8634732129180964,999,999
10,UP7190-CUSA34038_00-3105757901821683,999,999
10,UP5958-CUSA52662_00-0278268041953644,699,699
10,UP5901-CUSA17750_00-DAMSEL0000000000,999,999
10,UP0891-PPSA07603_00-RAGADANDYRANDYDX,699,699
10,UP4199-CUSA27849_00-8321549666871703,999,999
10,UP1496-CUSA12194_00-DARKLEGION0000EN,999,999
10,JB1899-PPSA38611_00-0945464815981430,999,999
10,UP5869-CUSA20430_00-0506892255344576,699,699
10,UP0743-CUSA09274_00-DHPSVR0000000000,799,799
10,UP0891-PPSA11405_00-DEATHBECOMESYORG,799,799
10,UB0787-PPSA31689_00-0519098494040675,799,799
10,UP6883-PPSA30064_00-0180721434249791,899,899
10,UB0675-PPSA30757_00-0584145699627699,999,999
10,UP1594-PPSA02658_00-7278041601764291,999,999
10,UB0946-PPSA23952_00-DEEPBEYOND000PS5,999,999
10,UP7862-PPSA27218_00-0666998415078193,699,699
10,UP2005-PPSA33605_00-DEFENDINGCAMELOT,999,999
10,UB0675-PPSA25898_00-0235759978441150,999,999
10,UP1470-CUSA08384_00-DEFUNCTEU0000000,999,999
10,UP2199-CUSA17103_00-DELEVELEDNA00000,999,999
10,UP5805-CUSA45721_00-0387440448718891,999,999
10,UP7992-CUSA41380_00-0982781666538127,999,999
10,UP1440-CUSA13842_00-DAENADEPONIA4000,999,999
10,UP0910-CUSA09348_00-DERELICTFLEET001,999,999
10,EP1411-PPSA23660_00-0165489697272773,999,999
10,JP7332-CUSA51368_00-0566069060481523,999,999
10,UB0946-PPSA30799_00-DESVELADO0000PS5,999,999
10,UP1675-CUSA50983_00-SYPS4DETECTIVEFR,999,999
10,UP1249-PPSA03002_00-7506945076104177,699,699
10,UP3064-CUSA06891_00-DEXED2016NT001EN,999,999
10,UB1052-PPSA26583_00-0519814862212621,799,799
10,UP1564-CUSA31814_00-CLABS0DW20211231,999,999
10,UP6537-CUSA27267_00-7372194479428456,699,699
10,UP7931-PPSA32154_00-0229895026373166,599,599
10,UP1470-CUSA18428_00-DOGDUTYUS0000000,999,999
10,UP6605-CUSA34679_00-6348130304311983,999,999
10,UP3803-CUSA25915_00-3734785597750336,999,999
10,UP3487-CUSA12855_00-0000000000000000,999,999
10,UP4312-CUSA25043_00-4430348684609371,699,699
10,UP4312-PPSA23971_00-0210442759484116,699,699
10,UP4312-PPSA16940_00-0581147960578342,699,699
10,UB0337-PPSA27986_00-0962378444986628,899,899
10,UP3695-CUSA24787_00-1000000000002002,549,549
10,UP4493-CUSA15641_00-DOUGHLINGSINVASI,999,999
10,UP1309-PPSA17213_00-DOWNARDBASEPS5US,999,999
10,UP6883-PPSA28790_00-0360545773997349,799,799
10,UP4312-CUSA46877_00-0314748643035640,699,699
10,UP4312-PPSA07748_00-4871423919539959,699,699
10,UP4312-CUSA28442_00-8000800575971359,699,699
10,UP4312-PPSA24512_00-0428081029469888,699,699
10,UP1322-CUSA08521_00-DFSIEAMUFG000101,999,999
10,UP0904-CUSA05112_00-XGAMES01XG030100,999,999
10,UP1496-CUSA10517_00-DREAMANGLING0000,999,999
10,UP2187-CUSA08663_00-DREAMBREAKPS400U,999,999
10,UP7862-PPSA20578_00-0902158505310012,599,599
10,UP7862-PPSA20586_00-0677822443175235,599,599
10,UP7862-PPSA20582_00-0504961325828173,599,599
10,EB0685-CUSA53492_00-0995952908912129,999,999
10,UP4312-CUSA44536_00-0649646899065297,699,699
10,UP1421-PPSA21289_00-0265193116619818,699,699
10,UP4136-CUSA10565_00-DRIVEMOSCOWUSA01,999,999
10,UP2005-PPSA04595_00-DRIZZLEPATHDEJAV,699,699
10,UP1981-CUSA05312_00-DUCATIFULLGAME00,999,999
10,UP7740-CUSA47563_00-0556990873023663,649,649
10,UP6927-PPSA07887_00-0763903887254857,699,699
10,UP2005-PPSA17896_00-DUNGEONOID2GAME0,899,899
10,UP4967-CUSA32877_00-7892432532089735,999,999
10,UP7740-CUSA42438_00-0876061102849604,599,599
10,UP1847-CUSA06410_00-DYINGREBORNVR001,999,999
10,UP5420-CUSA17464_00-1965091719921124,999,999
10,UP4312-CUSA27879_00-2772517663246365,699,699
10,UP2973-CUSA07857_00-1234123412341234,799,799
10,UP4040-CUSA30549_00-EDENGATE00000001,699,699
10,UP2809-CUSA42472_00-0790260327627918,999,999
10,UP7103-PPSA15509_00-PPGEGGLIENPIXELS,599,599
10,UP2135-CUSA02884_00-ESJPS4LOOTSCEA01,999,999
10,EB0301-CUSA49683_00-0682144853295119,599,599
10,UP1946-CUSA09017_00-01ELIOSISHUNT158,999,999
10,UP3252-CUSA25542_00-JANDUSOFT0000001,549,549
10,UP3252-CUSA18158_00-JANDUSOFT0000001,799,799
10,UP8158-PPSA19108_00-0696863992980435,999,999
10,UB0983-PPSA25397_00-0140042456365836,999,999
10,UP6971-CUSA28012_00-9897464968805394,999,999
10,UP3743-CUSA20363_00-EPICWORDSRCHCOL2,799,799
10,UP1675-CUSA24947_00-SYPS4ESCAPELIFEI,999,999
10,UP1675-CUSA20205_00-SYPS4ESCAPTETHYS,999,999
10,UP5257-CUSA14248_00-SSJESCAPEGAME1JP,599,599
10,UP2142-CUSA01124_00-ESCAPEGOAT200000,999,999
10,UP5958-CUSA37534_00-8414521300449014,699,699
10,UP2680-CUSA11896_00-ESPER00000000000,899,899
10,UP4480-CUSA17285_00-ETERNUMEX0000001,599,999
10,UP2232-CUSA44242_00-0076955776600406,999,999
10,UP4293-PPSA01886_00-000EVERGATEPS5US,999,999
10,UP0891-PPSA10110_00-EVILUPRATALAIKAG,599,599
10,UP1023-CUSA05803_00-0000000000000000,999,999
10,UB0851-PPSA37635_00-EXODUSCREEPYTIME,799,799
10,UP3883-CUSA09582_00-EXPANDPS4US00001,599,599
10,UP0446-CUSA20303_00-EXPLOSIONADEDX00,599,599
10,UP6050-CUSA23412_00-2435952587149466,799,799
10,UP2158-PPSA25573_00-EXTINCTIONRIFTNA,999,999
10,UP3362-CUSA45277_00-0321580104788980,999,999
10,UP3362-CUSA42163_00-0889236482520597,799,799
10,UP7552-CUSA40626_00-0779641795971692,899,899
10,EP1411-PPSA24458_00-0468985324331624,999,999
10,EP1411-PPSA25101_00-0675183383129899,999,999
10,EP1411-PPSA25105_00-0595598398309974,999,999
10,EP1411-PPSA25109_00-0206527687802519,999,999
10,UP0994-CUSA07610_00-TACSFACTOTUM90US,599,599
10,UP1421-PPSA18243_00-0077532406135408,699,699
10,UP9000-CUSA01724_00-SCUS971050000001,999,999
10,UP3306-CUSA07459_00-FARFROMNOISE0001,799,799
10,UP1675-CUSA49897_00-SYPS4FARLANDSJOU,999,999
10,UP7543-PPSA20573_00-0762005811015148,899,899
10,EP6922-PPSA23936_00-0171169110290625,699,699
10,UP2005-CUSA13742_00-FASTSTRIKER00000,699,699
10,UP4096-CUSA05107_00-FATEDEPISODE01US,999,999
10,UP2005-PPSA26441_00-FAYEFALLING00000,799,799
10,UP3771-CUSA11254_00-APP0990000000022,999,999
10,UP7092-PPSA25176_00-0383369197564340,999,999
10,UP3743-CUSA17169_00-FIFTYWORDSBYPOWG,799,799
10,UP3803-CUSA24973_00-5745368754426443,999,999
10,UP3743-CUSA12203_00-FILLAPIXPS400001,799,799
10,UP7862-PPSA20119_00-0332888044229300,599,599
10,UP1421-PPSA21435_00-0698380109050997,999,999
10,UP2005-PPSA08302_00-FINDINGSOULORB00,699,699
10,EP3656-CUSA57134_00-0844970749677180,999,999
10,UP8158-PPSA13824_00-0151564075327359,699,699
10,UP0891-PPSA07032_00-RATGAFLATKINGDOM,799,799
10,EP1411-PPSA36985_00-0545504852494418,699,699
10,UP2693-CUSA11702_00-0000000100000000,899,899
10,UP2005-PPSA15522_00-FPATHGAME0000000,999,999
10,UP4064-CUSA01117_00-FLOCKERSZZZZZZZZ,999,999
10,UP3743-PPSA04797_00-FLOWERSBYPOWGI00,799,799
10,UP0891-PPSA20202_00-FLOWERSHOPCOMPRG,999,999
10,UP2135-CUSA00754_00-LOOTSTORE10FP000,999,999
10,UP3863-CUSA16121_00-0000000000000001,999,999
10,UP1137-CUSA07147_00-0000000000000000,799,799
10,UP4312-PPSA28517_00-0507458734720670,699,699
10,UP0604-CUSA05269_00-FOURSIDEDFANTASY,999,999
10,UP0842-CUSA12192_00-BLEIASFNFEUROEA0,999,999
10,UP4025-CUSA09685_00-FRAGMENTSOFHIM01,999,999
10,UP3252-CUSA18427_00-JANDUSOFT0000001,999,999
10,UP6718-CUSA54229_00-0032580969654744,699,699
10,UP2637-CUSA06553_00-FREEZEME19000000,999,999
10,UP2199-CUSA17026_00-FRSHLYFRSTEDNA00,999,999
10,UP2187-CUSA08872_00-FBPS4DIGISIEA000,999,999
10,UB0837-CUSA57345_00-0703945927205397,699,699
10,UP1298-PPSA22463_00-0194826462721830,899,899
10,UP0275-CUSA17098_00-FUNKLABFUJIIPSVR,999,999
10,UP8906-CUSA04073_00-0000000000000001,699,699
10,UP3362-CUSA41722_00-0120688083043978,699,699
10,UP3252-CUSA15137_00-0000000000000001,999,999
10,UP1675-PPSA15914_00-SYPS5FUSIONPARAD,999,999
10,UP4312-PPSA06292_00-4984383047297627,699,699
10,UP4312-PPSA06430_00-9978751392974540,699,699
10,UP4312-CUSA51597_00-0807147394919830,699,699
10,UP0439-CUSA03664_00-FUTUREGRIND00001,999,999
10,UP4487-CUSA00832_00-FUTURIDIUMEPDUSA,999,999
10,UP1024-CUSA16423_00-JWEVGVQNVXNNUBQC,799,799
10,UP3252-PPSA06570_00-JANDUSOFT0000001,799,799
10,UP6989-PPSA16051_00-0132799875841136,699,699
10,UP5325-CUSA28329_00-GALAXYSQUAD00000,999,999
10,EP1411-PPSA23656_00-0750741534182981,999,999
10,UP0446-CUSA33495_00-2591198901717733,599,599
10,UP0891-CUSA17643_00-RATAGANBARESUPER,999,999
10,UP3743-PPSA03850_00-GAPSBYPOWGI00000,799,799
10,UP0891-PPSA15457_00-GASTROFORCERATGA,699,699
10,UP7522-PPSA16521_00-GAZZLERSGAMEVR01,999,999
10,UP4197-CUSA12075_00-0000111122223333,999,999
10,UP2005-PPSA17716_00-GENIEREPRISE0000,699,699
10,UP4312-PPSA25548_00-0666673129563764,699,699
10,UP2158-CUSA09916_00-GETOVERH20170808,599,599
10,UP2803-CUSA09728_00-GHOSTPS4USA00001,999,999
10,UP3027-CUSA09915_00-GHOSTSINTOYBOXUS,999,999
10,UP0842-CUSA02682_00-GIANARUNNER00US1,999,999
10,UP0825-PPSA08099_00-GIGAPOCALYPSE5US,999,999
10,UB0851-CUSA48913_00-0554901393633968,699,699
10,UP3753-CUSA25354_00-0000020128208892,999,999
10,EP6138-CUSA53278_00-0665990937428369,799,799
10,UP4312-PPSA23539_00-0207538860816213,699,699
10,UP4312-PPSA28007_00-0022686551330282,699,699
10,UP4199-CUSA20310_00-GOETIA0000000001,999,999
10,UP2005-PPSA16878_00-GOGOJUMP00000000,999,999
10,EP0822-PPSA35174_00-GOGOMISTERCHICK5,999,999
10,EP1411-PPSA24801_00-0523524897083773,999,999
10,UP2320-CUSA11628_00-ARTINHEARTGONNER,999,999
10,UP1675-PPSA26947_00-SYPS5GOSTOFTIME0,999,999
10,UP0036-CUSA12035_00-GOTCHARACINGUS00,999,999
10,UP8767-PPSA28802_00-0311460923657489,799,799
10,UP1675-CUSA16024_00-SYPS4GRASSCUTTER,699,699
10,UP0182-PPSA07624_00-1821134658974663,999,999
10,UP2005-PPSA08524_00-GRAVITATORS00000,999,999
10,UP2091-CUSA17835_00-GRAVITYERROR4028,799,799
10,UB0675-PPSA27133_00-0604520297780993,999,999
10,UP0372-CUSA06325_00-U86LZY69UW6JDVYZ,999,999
10,UP4312-PPSA28875_00-0610778845437596,699,699
10,UP4786-CUSA41103_00-GTPS400000000001,599,599
10,UB0486-PPSA30895_00-0958461495439073,999,999
10,UP4992-CUSA23060_00-7035887121430480,599,599
10,UP1675-PPSA28893_00-SYPS5GRIEFLIKEAS,999,999
10,EP0896-PPSA26109_00-GRIFFINRATAGAMES,599,599
10,UP6883-PPSA30709_00-0656774089771915,799,799
10,UP0891-CUSA18288_00-RATAGAMGUARDDUTY,999,999
10,UP0794-CUSA32901_00-2276554817315226,999,999
10,UP0891-PPSA07193_00-RATGAGUNMANTALES,699,699
10,UB0108-PPSA17821_00-0830897685838757,999,999
10,UP0891-PPSA05375_00-GLEYLANDGYNOBUND,699,699
10,UP7543-CUSA41037_00-0635937696100420,649,649
10,UP2187-CUSA11790_00-HZPS4SIEADIGI000,999,999
10,UP4312-CUSA30538_00-0305465170554755,699,699
10,UP4312-CUSA25996_00-4795484610245453,699,699
10,UP0994-CUSA12205_00-HALLOWEENFOREVNA,999,999
10,UP4312-PPSA25372_00-0935659261478639,699,699
10,UP6113-CUSA30292_00-3218410036129788,649,649
10,UP4008-CUSA05449_00-HANDBALL17SCEAP4,999,999
10,UB0760-CUSA53438_00-0157035544492809,799,799
10,UP3487-CUSA11139_00-0000000000000000,999,999
10,UP5325-CUSA24868_00-HARDCUBE00000000,699,699
10,UP1421-PPSA28554_00-0321973107494402,999,999
10,UP0891-PPSA03371_00-RATALAIKAGAMHEAL,699,699
10,JB0181-CUSA55517_00-0732833214692499,999,999
10,UP2232-CUSA44261_00-0051382107414474,999,999
10,UB0837-PPSA33463_00-0541264656228998,999,999
10,UP5180-CUSA13935_00-0000000000000000,999,999
10,UP1560-CUSA08086_00-HEROOFSEVENSEA01,699,699
10,UP0891-CUSA12217_00-RATAHEROESTRIALS,599,599
10,UP7702-PPSA09832_00-7658616304021378,999,999
10,UP3165-CUSA14621_00-HEXAMAZEAMERIKA1,749,749
10,UP7594-CUSA44209_00-0HEXOLOGICPS4USA,999,999
10,UP3803-CUSA18716_00-HIDDENSCEA6DEC19,999,999
10,UP0891-PPSA15472_00-HIRILUNRATAGAMES,999,999
10,UP3876-CUSA11584_00-4713237999899143,999,999
10,UP3780-CUSA10064_00-0123456789ABCDEF,699,699
10,UP1260-CUSA04616_00-HOPIKO0000000001,699,699
10,UP2005-PPSA05420_00-HORATIOSNOWBOARD,699,699
10,UP4312-CUSA29662_00-0626864876685413,699,699
10,UP4312-PPSA25188_00-0401485203567740,699,699
10,UP3803-CUSA46263_00-0214014679640196,999,999
10,UP3362-CUSA06943_00-HORSERACING20161,999,999
10,UP6238-PPSA17780_00-000000000000HOWL,999,999
10,UP3803-CUSA23668_00-6902581783276085,999,999
10,UP1111-CUSA05753_00-0000000000000000,699,699
10,EP3656-CUSA57065_00-0441078830568553,999,999
10,UP4221-CUSA39484_00-0050606222012444,999,999
10,UP0912-CUSA09349_00-HYPERSENTINEL000,799,799
10,UP8121-PPSA21522_00-0675585388249382,999,999
10,UP4312-PPSA06191_00-6685900585365667,699,699
10,UP4312-CUSA31564_00-5469824966334049,699,699
10,UP3686-PPSA07304_00-8207945914178298,799,799
10,UP1421-PPSA18219_00-0625284455839001,999,999
10,UP2005-PPSA18597_00-IKKARUSPRINCESIN,999,999
10,UP1421-PPSA15292_00-0347788969244929,999,999
10,EP1411-PPSA23507_00-0813736546381400,999,999
10,UP1421-PPSA19554_00-0750443916743802,999,999
10,EP1411-PPSA24817_00-0455393946457598,999,999
10,UP4312-CUSA28828_00-4586364904366109,699,699
10,UP4467-PPSA04247_00-INFINIPS5AMERICA,999,999
10,UP1355-CUSA25734_00-INFINITEARROW000,599,599
10,UP5552-CUSA17639_00-INFINITEBTM00000,999,999
10,UP4459-CUSA00857_00-INFINITYRUNNERHD,699,699
10,UP5642-CUSA16869_00-01N0N4M3N0NUMB3R,999,999
10,UP2187-CUSA08945_00-IKPS4DIGISIEA000,999,999
10,UP6477-CUSA28677_00-9194227979681080,899,899
10,UP8767-PPSA25659_00-0877137062054680,999,999
10,HP3379-PPSA23691_00-0086117028956046,999,999
10,EP5098-PPSA27035_00-0969250826173318,999,999
10,UP1528-CUSA04567_00-IOPHYSICSGAMIOUS,799,799
10,UP1249-CUSA26863_00-6501668203438589,799,799
10,UP1195-CUSA14246_00-JACKQUESTPS40000,999,999
10,UP6718-PPSA25438_00-0192945654501506,699,699
10,UP6705-CUSA30509_00-8979509001560044,999,999
10,EP0896-PPSA24298_00-JETPACKKIWIRAGAM,599,599
10,UP4449-CUSA10926_00-JETTOMEROGAME000,949,949
10,UP1421-PPSA21599_00-0752148353623920,999,999
10,EP1411-PPSA25113_00-0576176965978460,999,999
10,UP1421-PPSA21675_00-0387405556085612,999,999
10,UP6162-CUSA26382_00-5674001438963416,799,799
10,UP4912-PPSA18146_00-0244423703330416,999,999
10,UP2135-CUSA03034_00-JUMPJETREXPS4LTI,999,999
10,UP4395-CUSA05809_00-JUMPSTARSPS4US00,999,999
10,UP7136-CUSA45511_00-0543374565614187,999,999
10,EP0896-PPSA35430_00-JUSTDESERTSRATGA,999,999
10,UP1421-PPSA21691_00-0264821792182800,999,999
10,EP1411-PPSA23870_00-0461049535886508,999,999
10,EP1411-PPSA28562_00-0663044666811746,999,999
10,UP1421-PPSA21437_00-0777856539654792,999,999
10,EP0896-PPSA27064_00-JUSTICENINJACARG,599,599
10,UP7103-PPSA16991_00-PPGKALINURPIXELS,599,599
10,EP0896-PPSA28129_00-KARAFANTASYRATGA,599,599
10,UP6537-CUSA28055_00-3916427312793711,999,999
10,UP3252-CUSA25417_00-JANDUSOFT0000001,549,549
10,UP3252-PPSA10966_00-JANDUSOFT0000001,599,599
10,UP1421-PPSA14123_00-0101727230717072,999,999
10,UP4042-CUSA00444_00-KICKBEAT00000001,999,999
10,UP6695-CUSA30578_00-KICKITBUNNYAMERC,999,999
10,EB2065-PPSA36974_00-KIKOSAPPLEADVENT,599,599
10,UP1309-CUSA05109_00-KILLTHEBADGUYEXK,699,699
10,UP2005-PPSA03292_00-KINGDOMOFARCADIA,599,599
10,UP3443-CUSA12735_00-3KINGDOMASIA0104,999,999
10,UP6139-CUSA48296_00-0488066063732926,599,599
10,UP0814-PPSA14468_00-0228471554912272,999,999
10,UP0891-CUSA17967_00-RATAGAMEKNIGHTIN,599,599
10,EP1411-PPSA29994_00-0276763398984273,999,999
10,UP1330-CUSA02932_00-KNOCKKNOCKGAME00,999,999
10,UP1847-CUSA04679_00-KOIGAMEBUNDLE001,999,999
10,UP2833-CUSA18046_00-KOLOROPS4V100000,999,999
10,UB0810-PPSA23495_00-0718631530060355,799,799
10,UP2011-CUSA46193_00-0102669329485854,999,999
10,UP5552-PPSA05206_00-4615071297244888,999,999
10,UP1291-CUSA04676_00-0000000000000003,999,999
10,UP3743-PPSA03023_00-LADDERSBYPOWGI00,799,799
10,UP4802-CUSA25930_00-1264041716244350,599,599
10,UP0809-CUSA05146_00-LASERDISCODEFEND,999,999
10,UP2148-CUSA02862_00-GAME000000000000,999,999
10,UP5958-CUSA35626_00-0318667407522197,999,999
10,UP4912-PPSA12360_00-LASTNIGHTWINTER0,999,999
10,UP1508-CUSA05692_00-0215198108311980,999,999
10,JP0211-PPSA21318_00-0959408116819162,999,999
10,UP0891-CUSA17055_00-RAGLEGENDSKYFISH,799,799
10,UB1052-CUSA54843_00-0497933319248156,599,599
10,UP4312-PPSA18331_00-0464298234547277,699,699
10,UB0837-CUSA52038_00-0101098908464305,999,999
10,UP3743-PPSA09726_00-LETTERBOXBYPOWGI,799,799
10,UP0134-CUSA07530_00-0000000000000000,799,799
10,UP4540-CUSA02997_00-LEVEL22GAME00000,699,699
10,UP1747-CUSA07311_00-BLACKTIGER000001,999,999
10,UP2401-CUSA07216_00-LINELIGHTPS40000,999,999
10,UP3743-CUSA12935_00-LINKAPIXPS400001,799,799
10,UP6607-CUSA33734_00-1500368599441792,799,799
10,UB0812-PPSA27744_00-LITTLEDROIDPS5US,599,599
10,UP0763-CUSA06479_00-0000000000000002,999,999
10,UP6718-PPSA36680_00-0961872672402906,999,999
10,UP6718-CUSA49147_00-0395068990589041,999,999
10,UP6537-CUSA40178_00-0834670502897454,699,699
10,EP3656-CUSA57288_00-0168893427258735,999,999
10,UP1461-CUSA07243_00-LOOTRASCALSPS400,999,999
10,UB0851-PPSA37888_00-LORDOFTHECLICK04,799,799
10,UP1475-PPSA03958_00-LORNSWORDPS500US,699,699
10,UB1511-PPSA37054_00-0366737861019763,799,799
10,UP2185-CUSA01657_00-PNAUTSLOSTORBIT1,999,999
10,UP1249-CUSA18869_00-0000000000000000,799,799
10,EP1411-PPSA24434_00-0039237826929127,999,999
10,UP1421-PPSA21679_00-0844955422941877,999,999
10,UP6171-CUSA37294_00-LOUD000000000000,999,999
10,UP0097-CUSA04068_00-1337000000000000,999,999
10,UP6718-CUSA44358_00-0860364561691470,799,799
10,UP2005-PPSA04605_00-LUCIDCYCLE000000,699,699
10,UP1249-CUSA17709_00-LUCKSLINGER00000,999,999
10,UB0867-PPSA28140_00-0376423800153179,999,999
10,UP1249-CUSA16989_00-0000000000000000,999,999
10,UP1496-CUSA11279_00-LUNARSTONEOOB001,999,999
10,UP1355-CUSA16717_00-MADRUNNER0000000,699,699
10,UP8703-PPSA26253_00-0064701057084122,999,999
10,UP6472-PPSA06428_00-MAGITRIALS000000,799,799
10,UP1368-CUSA05606_00-MAGNETKNIGHT0001,999,999
10,UP4802-CUSA27024_00-9689512844338326,799,799
10,UP1421-PPSA18221_00-0952569318787343,699,699
10,EP1411-PPSA31427_00-0847405313522736,999,999
10,UP2833-CUSA25824_00-MANASPARKPS4V100,999,999
10,UP5792-CUSA32918_00-5356956932747523,699,699
10,UP8435-PPSA18998_00-0275332044735868,549,549
10,EP0896-PPSA27671_00-GUNSANDBULLETSRG,599,599
10,JP0013-PPSA24154_00-JP0MATSURO000PS5,999,999
10,UP3252-CUSA20470_00-JANDUSOFT0000001,799,799
10,UP3150-CUSA17158_00-0000000000002019,999,999
10,UP3362-CUSA42165_00-0515301604701936,699,699
10,UP5482-CUSA16213_00-0000000000000000,599,599
10,UP1594-CUSA12588_00-MWDA000000000100,999,999
10,UP0303-CUSA05037_00-MEKAZOOGMC101816,999,999
10,UB0851-PPSA31481_00-METALOIDORIGINP5,699,699
10,UP4624-CUSA26208_00-3754749565082715,699,699
10,EB0685-CUSA50990_00-0883039433955652,999,999
10,EP0896-PPSA35636_00-MIDDLEEVILTHERAG,599,599
10,UP2535-CUSA08046_00-MIKOSTORY2170500,999,999
10,EP0896-PPSA33080_00-MILOSDREAMRATGAM,599,599
10,UB1014-PPSA24301_00-0854277236210618,599,599
10,UP1195-CUSA14244_00-MSWEEPGENIUSPS40,599,599
10,UB0837-PPSA34205_00-0188714322055837,699,699
10,UP4724-CUSA30841_00-7750408034240919,999,999
10,UP8316-CUSA44610_00-0951147885983593,999,999
10,UP6139-CUSA25275_00-2166036554948840,899,899
10,UP3743-CUSA15151_00-MIXUPSBYPOWGIPS4,799,799
10,UP1309-CUSA06184_00-MOMONGAPINBALL00,599,599
10,UP5792-CUSA27529_00-6172369776888496,699,699
10,UP3165-CUSA14622_00-MONSTERDYNAMITE2,999,999
10,UP0551-CUSA06814_00-MLYNA00000000001,999,999
10,UB0675-PPSA25776_00-0448055965227240,999,999
10,UP3114-CUSA07912_00-GALAXYGOLFVRUSA0,999,999
10,UP1675-CUSA49725_00-SYPS4MORTISOMEM0,999,999
10,UP5258-CUSA33545_00-4863283033911527,899,899
10,EP1411-PPSA34798_00-0805057421624338,699,699
10,UP4395-CUSA00656_00-MOUSECRAFTPS4USA,999,999
10,UP1421-PPSA18227_00-0392879269646778,699,699
10,UP1675-CUSA55965_00-SYPS4MURDERINC00,999,999
10,UP2158-PPSA29287_00-MUSICDRIVEQPS5NA,999,999
10,UP0884-CUSA05130_00-MMSUPERCPS4PSNUS,999,999
10,UP1675-CUSA20432_00-SYPS4BEWITCHEDCO,999,999
10,EP0896-PPSA24461_00-MYBIGSISTERREMRG,799,799
10,UB0867-PPSA26381_00-0926819362476504,999,999
10,EP1411-PPSA24809_00-0286946928128918,999,999
10,UP4335-CUSA04446_00-MYNIGHTJOBGAME01,699,699
10,UP1421-PPSA20462_00-0254248103435408,999,999
10,UP1421-PPSA20459_00-0883070436613072,999,999
10,UP1421-PPSA20456_00-0843651501332154,999,999
10,UP1421-PPSA20465_00-0984555538069574,999,999
10,UP2005-PPSA15393_00-MYSTICGATE000000,999,999
10,UP3252-PPSA05614_00-JANDUSOFT0000001,699,699
10,UP1421-PPSA14142_00-0738577481040199,999,999
10,UP6138-CUSA32557_00-3172230472128303,899,899
10,UP1675-CUSA16244_00-SYPS4NEEDAPACKET,699,699
10,UP3252-CUSA12037_00-0000000000000001,999,999
10,UP8830-CUSA05302_00-NEPTUNEFLUX00001,799,799
10,UP3803-CUSA18717_00-NEVERLASTSCEAD19,999,999
10,UP4818-CUSA13122_00-GD000001NVRTPSVR,799,799
10,UP5223-CUSA16995_00-NEWTONEUSAFULL00,999,999
10,EP1411-PPSA34770_00-0158278945312303,699,699
10,UP4312-PPSA26782_00-0680199268866488,699,699
10,EP1411-PPSA30476_00-0658904536454105,999,999
10,UP4312-PPSA08111_00-8620171376000449,699,699
10,UP4312-CUSA34311_00-6000222803841817,699,699
10,UP2295-CUSA05009_00-XNINJAPIZZAGIRLX,999,999
10,UP1355-CUSA27213_00-ACOMPOSERANDNOTE,599,599
10,UP2005-PPSA27691_00-NOTICEMELEENASEN,799,799
10,UP4395-CUSA02354_00-INSTANTINDIEVOL2,999,999
10,UP6665-PPSA14742_00-GALG000000000000,999,999
10,UP7103-PPSA03934_00-PPGNWGXXXXXXXXXX,699,699
10,UP1675-PPSA31973_00-SYPS5NUBIAPHOBIA,999,999
10,UP4912-PPSA22603_00-0141225037093468,999,999
10,UP2169-CUSA01456_00-NUTJITSUGAME0001,649,649
10,UP6671-CUSA26105_00-8692859705859302,599,599
10,UP1421-PPSA16192_00-0867477368441243,999,999
10,UP5580-CUSA24441_00-BIRDANDCAGESIEA0,999,999
10,UP0036-CUSA11394_00-NEZUMIDANKAI0000,999,999
10,UP5817-CUSA17788_00-OLIVERSADGAME0US,699,699
10,UP6537-CUSA33681_00-8234565301430434,699,699
10,UP3743-CUSA13975_00-ONEWORDBYPOWGI00,799,799
10,UP2187-CUSA14286_00-ONPS4DIGISIEA000,649,649
10,EP6138-PPSA28361_00-0034205449399383,699,699
10,UP0806-CUSA13866_00-1001OOOASCENSION,999,999
10,UP0969-CUSA20498_00-0000000000000000,999,1999
10,UP2058-CUSA26952_00-1176947588122854,599,599
10,UP0408-CUSA02672_00-ORGANICPANICGAME,999,999
10,EP6880-PPSA32308_00-0865274176728944,599,599
10,UP6718-PPSA21830_00-0473183304905270,699,699
10,UP3686-CUSA34247_00-PACHIPACHI2PS4NA,699,699
10,UP3686-CUSA24394_00-PACHIPAGAMEPS4NA,699,699
10,UP4786-CUSA16994_00-PWPS400000000001,599,599
10,UP6070-PPSA08233_00-0247409876783860,599,599
10,UP2498-CUSA08696_00-7584991859277388,899,899
10,UP1421-PPSA19552_00-0770357699307824,999,999
10,UP1421-PPSA21695_00-0154899316483741,999,999
10,EP1411-PPSA24793_00-0505674706553748,999,999
10,UP0816-PPSA22692_00-0399380453016132,999,999
10,UP7656-CUSA42236_00-0864340608984333,699,699
10,UP1482-CUSA03779_00-PANGADVENTURES01,999,999
10,UP8012-CUSA30876_00-COTTONPANORAMAUS,999,999
10,UP2168-CUSA01455_00-PAPERBOUND012015,999,999
10,UP3528-CUSA41188_00-0292722845617016,999,999
10,UP2187-CUSA03867_00-PAPS40000000000U,999,999
10,UP0891-PPSA08326_00-RATAPARASITEPACK,799,799
10,UP3686-CUSA12363_00-PMNEMOSYNEPS4USA,999,999
10,UB0675-PPSA25779_00-0415716076820297,999,999
10,UP0891-CUSA24828_00-RATAGAMPAWPAWPAW,999,999
10,UP8110-PPSA16919_00-0445148287135413,999,999
10,UB1039-CUSA50047_00-0996759507175405,799,799
10,UP2787-CUSA10594_00-0000000000000007,999,999
10,EP1411-PPSA25053_00-0693282175343807,999,999
10,UP1298-PPSA17509_00-PMPPS5SIEA000000,999,999
10,UP6893-CUSA49341_00-0928632658754638,999,999
10,UP4429-CUSA13121_00-PVPTFRGAMESIEA00,999,999
10,UP3743-CUSA15149_00-PICAPIXCLASSICPS,799,799
10,UP3743-CUSA17509_00-PICAPIXCLASSIC02,799,799
10,UP3743-CUSA12163_00-0000000000000001,799,799
10,UP3743-CUSA16721_00-PICAPIXCOLOR2PS4,799,799
10,UP3743-CUSA14334_00-PICAPIXPIECESPS4,799,799
10,UP4312-PPSA27160_00-0308238030589020,699,699
10,EP0896-PPSA27672_00-PIGGLYPAGLYBOORG,599,599
10,UP3287-CUSA46498_00-0669202567046227,799,799
10,UP2153-CUSA01266_00-PILLARPS4ENGMA14,799,799
10,UP6408-PPSA10071_00-0008493885602531,999,999
10,UP5610-CUSA34055_00-0330938530208801,999,999
10,UP4947-CUSA12654_00-PITTERPOTFULL123,999,999
10,UP2983-CUSA18755_00-PIXELBOTEXTREME0,999,999
10,UP4518-CUSA01352_00-PIXTHECATPS4US01,999,999
10,UP4312-PPSA09333_00-8922542366613002,699,699
10,UP0910-CUSA06659_00-PLNT2000MAINGAME,999,999
10,UP3753-CUSA25353_00-0000020128208893,599,599
10,UP0916-CUSA07531_00-PLANETOFTHEEYES0,999,999
10,UB1147-PPSA25440_00-0970357107887072,599,599
10,UP1229-CUSA11031_00-PLOXNEON00000000,799,799
10,EP7099-PPSA26208_00-PPGPOCKETPUZZLES,599,599
10,UP1675-CUSA57041_00-SYPS4POETICTRIO0,999,999
10,UP1733-CUSA08959_00-1928740127498623,999,999
10,EP0896-PPSA27128_00-POKETTOHIRORATGA,999,999
10,EP7099-PPSA23977_00-PPGPOLIMINESLUXE,999,999
10,UP2161-CUSA02379_00-POLTERGEISTAPIXH,799,799
10,UP2232-CUSA44244_00-0019495939792292,999,999
10,UP1421-PPSA18245_00-0946149653182703,699,699
10,UP2983-CUSA23363_00-POTIONPARTY00001,999,999
10,UP2005-PPSA06737_00-PGBREAKERS000000,699,699
10,UP2005-PPSA13866_00-PGBREAKERSPLUS00,699,699
10,UP2005-PPSA21346_00-PGESCAPEPLUS0000,599,599
10,UP2005-PPSA06746_00-PGRIVERS00000000,599,599
10,EP7657-PPSA26907_00-PROFDRJETPACKPS5,999,999
10,UP2059-CUSA01306_00-PROJECTROOTOPQAM,999,999
10,UP0711-CUSA06581_00-ZTPROTONPU201601,999,999
10,UP7552-CUSA55826_00-0755311377311109,999,999
10,UP8121-PPSA10971_00-3020183760380051,999,999
10,UB0120-PPSA25266_00-PUREYA0000000000,599,599
10,UP5326-CUSA20269_00-S2M8B1PJKQZ3E6V3,999,999
10,EP1411-PPSA29998_00-0377481121992357,699,699
10,UP1421-PPSA18229_00-0265238585048748,999,999
10,EP1411-PPSA24789_00-0622812159024801,999,999
10,UP1421-PPSA21433_00-0910030259869484,999,999
10,EP1411-PPSA25129_00-0242361111126294,999,999
10,UP1421-PPSA18231_00-0653047674875259,999,999
10,EP1411-PPSA24785_00-0562786568940096,999,999
10,UP1421-PPSA21431_00-0622442665044121,999,999
10,UP5792-CUSA32091_00-8399169702415799,999,999
10,UP0182-CUSA44036_00-0204560236391975,999,999
10,UP4293-CUSA24723_00-2278188660929658,999,999
10,UP2158-CUSA32792_00-CLASSICSJIMPS4NA,999,999
10,UP2158-CUSA30550_00-6251718958726160,519,799
10,UP2158-CUSA33970_00-THUNDERBOLTPS4NA,799,799
10,UP2158-CUSA32790_00-CLASSICZEROPS4NA,999,999
10,EP1411-PPSA34774_00-0902060140495056,699,699
10,UP0891-PPSA06111_00-RGQUESTFORINFAMY,999,999
10,UP1670-CUSA06182_00-QUESTDUNGEPS0001,899,899
10,UP2005-PPSA06006_00-QUINTUSABSENTTRU,999,999
10,UP4199-CUSA26818_00-4485139253325731,999,999
10,UP1675-PPSA30427_00-SYPS5RABBITRAID0,999,999
10,UB0837-CUSA56839_00-0518917519618679,699,699
10,UP3974-CUSA12662_00-RACESIEA00000000,999,999
10,UP2163-CUSA01413_00-RACKNRUINBUILDID,999,999
10,HB1059-PPSA25551_00-0784495036889622,599,599
10,UP5792-CUSA33770_00-6968785992216011,699,699
10,UP4802-CUSA18691_00-RTUUSA0000000001,699,699
10,UP4475-CUSA15261_00-0000000000000000,749,749
10,UP1715-PPSA08538_00-2023328338055131,599,599
10,UP1249-CUSA19297_00-0000000000000000,999,999
10,UP0208-CUSA02074_00-RALLYCOPTERS1113,699,699
10,UP3570-CUSA11581_00-RG4RELEASE000001,999,999
10,UP0891-CUSA27012_00-RATAGARAVENSWORD,699,699
10,UP2005-PPSA18320_00-RAVVAPHANTOMLIBR,999,999
10,UP7543-CUSA34818_00-9762997969177318,549,549
10,UP1158-CUSA02913_00-REDGODDESSIN0000,899,899
10,UP3800-CUSA14283_00-SPACEASSAULT0000,999,999
10,UP0891-CUSA20328_00-RGREFLECTIONOFMI,799,799
10,UP6261-PPSA26816_00-0864118786303618,999,999
10,UP4115-CUSA02765_00-SCEAREPLAYVHSISN,999,999
10,UB0851-PPSA38541_00-REPOSIDEFENSEPS5,799,799
10,UP0855-CUSA09334_00-0000000000000000,999,999
10,UP6139-CUSA34689_00-5188217272288673,799,799
10,UP3703-CUSA43421_00-0641006252409107,999,999
10,UP1675-CUSA44983_00-SYPS4RETOURING00,999,999
10,UP2005-CUSA25441_00-RTRMODGAME000000,799,799
10,HP6670-CUSA57357_00-0553955000832448,999,999
10,UP1470-CUSA04732_00-REUSPS4000000000,999,999
10,UP3471-CUSA09016_00-RRRREEVVOOLLVVEE,999,999
10,UP6852-CUSA27672_00-3501633480281842,999,999
10,UP4624-PPSA26222_00-0121755674685580,899,899
10,UP2005-PPSA05329_00-RICKHENDERSON000,799,799
10,UP0891-PPSA21715_00-CLASSICRACINGPAC,599,599
10,UP2158-CUSA24238_00-RIFTAPS4QUBYTENA,799,799
10,UP1675-CUSA15367_00-SYPS4RIFTKEEPER0,999,999
10,UP8533-PPSA14474_00-0249082754965933,999,999
10,UP4199-PPSA22630_00-0763798353471398,999,999
10,UP4950-PPSA05529_00-RISINGDUSK000000,999,999
10,UP2158-CUSA43836_00-RISKYWOODS0PS4NA,699,999
10,UP5220-CUSA16621_00-ROBBIESWIFTHAND1,999,999
10,EB2065-PPSA33616_00-ROBOTDETOUR00000,599,599
10,UP1524-CUSA04415_00-ROBOTRIOTHYPER10,799,799
10,UP2005-CUSA18809_00-ROBOZARROGAME000,699,699
10,UP4501-CUSA01261_00-0000ROCKBOSHDCUT,699,699
10,UB1007-CUSA53539_00-0765294465425453,599,599
10,UP3252-CUSA26298_00-JANDUSOFT0000001,599,599
10,UP2005-PPSA04547_00-ROGUEEXPLORER000,799,799
10,UP2005-PPSA05228_00-ROGUESENTRY00000,799,799
10,UP3643-CUSA05362_00-RONINUSP40000001,999,999
10,UP3743-CUSA25811_00-ROUNDOUTBYPOWGI0,799,799
10,UP2005-PPSA10284_00-ROXYRACCOONSPPAN,999,999
10,UP0891-PPSA06413_00-RAGROYALFRONTIER,699,699
10,UP2005-PPSA21582_00-ROADPUNKMAYHEM00,699,699
10,UP5817-CUSA19020_00-RUNELORD000000US,699,699
10,UP1339-CUSA11789_00-RUNESTONEKEEPER0,999,999
10,UB0505-PPSA20051_00-RUNFROMMUMMIES00,999,999
10,UP1355-CUSA25345_00-RUNLITTLEHERO000,599,599
10,UP5869-PPSA16165_00-0909272208468181,999,999
10,UP5958-CUSA25257_00-7588732654624022,699,699
10,UP0812-CUSA13371_00-RAINBITESONOSHEE,799,799
10,UP1675-PPSA30874_00-SYPS5SACRIFICEFO,999,999
10,UP2005-PPSA17283_00-SAGAMOONPRIESTES,599,599
10,UP4312-CUSA27240_00-4957888718283912,699,699
10,UP4312-PPSA06768_00-0798238744571810,699,699
10,UP4312-PPSA07068_00-6409383461959977,699,699
10,UP4312-CUSA27525_00-4204303332913026,699,699
10,UP6472-PPSA18644_00-SAKURAALIEN00000,799,799
10,UP6472-PPSA18660_00-SAKURAALIEN20000,799,799
10,UP6472-PPSA09013_00-SAKURAMMO0000000,799,799
10,UP6472-PPSA07744_00-SAKURASUCCUBUS50,799,799
10,UP6472-PPSA10868_00-SAKURASUCCUBUS60,799,799
10,UP7103-PPSA13704_00-PPGSALAMANDERPTV,799,799
10,UP0794-CUSA32276_00-6733238636117203,999,999
10,UP7740-CUSA46295_00-0513550127896909,599,599
10,EB1338-PPSA26399_00-0294802156127839,599,599
10,UP5792-CUSA46528_00-0544631345888558,999,999
10,UP0438-CUSA02699_00-SATMORNRPGPSFOUR,999,999
10,EP0435-PPSA27642_00-0755146935215546,999,999
10,UP5475-CUSA20087_00-SAVEYOURNUTSXXXX,999,999
10,UP0977-PPSA12765_00-0340506045518755,999,999
10,UP4064-CUSA01377_00-SCHRODINGERSCAT0,999,999
10,UP6253-PPSA22402_00-SCIENCESKATPS5US,999,999
10,UP4961-CUSA14293_00-0000000000010000,899,899
10,UP7993-PPSA09278_00-1960642026529713,999,999
10,UP6537-CUSA28889_00-4860175844063410,699,699
10,UP1643-CUSA13667_00-SEASONMATCH30000,999,999
10,UP7416-CUSA46899_00-0364525700870042,949,949
10,UP2005-PPSA05246_00-SEDUCTIONGAME000,799,799
10,UP5805-CUSA24916_00-5718095062039152,999,999
10,UP1705-CUSA04302_00-0123456789ABCDEF,999,999
10,HB2240-PPSA37418_00-0977550346683779,749,749
10,UP0200-CUSA03778_00-SHADOWBLADEREL00,999,999
10,UP0891-CUSA12692_00-RGSHADOWOFLOOTBO,799,799
10,UP4967-CUSA45948_00-0391946869116510,999,999
10,UP4967-CUSA16816_00-SHALNORLEGENDS01,999,999
10,EP5154-CUSA52181_00-0646182291302791,999,999
10,EP5154-CUSA57911_00-0857573195005399,999,999
10,UP5265-CUSA15108_00-0000SHANKY011118,699,699
10,UP2053-PPSA04125_00-RISKYSREVENGE0NA,999,999
10,UP2262-PPSA05730_00-6815420749685344,999,999
10,UP4133-CUSA06256_00-SHINESSLIGHTKING,999,999
10,UB0986-PPSA34321_00-0179802815750138,699,699
10,UP0446-CUSA20643_00-SHOOT1UPDX000001,599,599
10,UP5958-CUSA43672_00-0842118268121448,699,699
10,UP0806-CUSA07165_00-100000000SHREDIT,999,999
10,UP2680-CUSA05562_00-COATSINKSHUPS400,999,999
10,UP1161-CUSA03062_00-PS4SIRALIM000000,999,999
10,UP6879-PPSA03120_00-SYPS5SIRLOVELOT0,999,999
10,UP4912-PPSA13808_00-0564202485283021,999,999
10,UP2187-CUSA14686_00-SSPS4SIEADIGI001,999,999
10,UP2060-CUSA14461_00-SKIJUMPINGPROVR1,999,1999
10,UP4735-CUSA19102_00-00000000SKULLYUS,999,999
10,UP2979-CUSA04416_00-SKYF2GACHDUINEP4,639,799
10,UP4815-CUSA12736_00-BMGSLAMLAND00001,799,799
10,UP2005-CUSA14410_00-SOLDNERX2FINALPR,999,999
10,UP2796-PPSA04752_00-9232067163919386,999,999
10,UP3473-CUSA25293_00-3152765328285154,899,899
10,UP3803-CUSA48690_00-0666105596512544,999,999
10,UP1249-PPSA09672_00-0871272023614324,799,799
10,UP3252-PPSA18056_00-JANDUSOFT0000001,599,599
10,UP3252-CUSA16288_00-0000000000000001,999,999
10,UP3252-CUSA19529_00-JANDUSOFT0000001,999,999
10,UP0836-CUSA07245_00-0000000000000001,999,999
10,EP8934-CUSA54298_00-0863288243276023,999,999
10,UP3803-CUSA20330_00-SNAKESLD7MAYSCEA,999,999
10,UP7103-PPSA20978_00-PPGPURASNEAKYRAT,599,599
10,UP6718-PPSA28772_00-0671867849761801,999,999
10,UP2158-PPSA36414_00-SOCCERKIDCOLLPS5,999,999
10,UP2111-CUSA11565_00-8338361597822528,999,999
10,UP0078-CUSA03746_00-4991400188881388,999,999
10,UP6695-CUSA29861_00-1SOKOBUNNYNAGAME,599,599
10,UP0794-CUSA32909_00-5806813085146132,999,999
10,UP1675-PPSA25514_00-SYPS5SOLDORADOHE,999,999
10,EB0432-CUSA56063_00-0014127299790962,559,699
10,EP1411-PPSA29948_00-0114541721859943,999,999
10,UP1421-PPSA21376_00-0434120031745533,999,999
10,EP1411-PPSA23515_00-0610547668153167,999,999
10,EP1411-PPSA24797_00-0650331763449764,999,999
10,EP1411-PPSA28570_00-0425972286599634,999,999
10,UP1421-PPSA18225_00-0408582929390645,999,999
10,UP3287-CUSA48308_00-0989308589018419,599,599
10,UP7939-PPSA26773_00-0405207122404536,999,999
10,UB0135-CUSA48140_00-0772029612402056,749,749
10,UP2232-CUSA36661_00-8247570570377158,999,999
10,UP2267-CUSA09336_00-SPACEJACKEDUSA01,999,999
10,UP5258-CUSA29550_00-6449556097171689,799,799
10,UP0809-CUSA05147_00-SPACEOVERLORDS00,799,799
10,UP2833-CUSA46603_00-0886622548667830,799,799
10,UP1628-CUSA18588_00-6666666666666666,699,699
10,UP6537-CUSA32347_00-2973490415829656,699,699
10,UP7552-CUSA31884_00-2844515532878204,699,699
10,UP2005-PPSA06158_00-SPACEWINGWAR0000,699,699
10,UP4199-CUSA20392_00-SPARKLE4TALES001,999,999
10,UP0827-CUSA07858_00-MEERKATGAMING001,999,999
10,UP6718-PPSA16727_00-0033766796484101,799,799
10,UB0675-PPSA25780_00-0421879739047271,999,999
10,UP4403-CUSA06517_00-SPELLSPIRE000000,999,999
10,UP5792-CUSA27829_00-9321940930306178,699,699
10,UP1716-CUSA03998_00-0000000000000002,799,799
10,UP4729-CUSA46112_00-0506929069268110,999,999
10,UP3252-CUSA25799_00-JANDUSOFT0000001,549,549
10,UP8381-CUSA43173_00-0680674308660444,999,999
10,UP3922-CUSA09395_00-SPLODYPS4FULL000,999,999
10,UP3803-CUSA24446_00-5243377093810633,999,999
10,EP3656-CUSA49463_00-0273049743816124,999,999
10,UP3803-CUSA47597_00-0736834556422008,999,999
10,EP3656-CUSA50398_00-0108600821079182,999,999
10,UP2005-PPSA27056_00-SPRYSMDESTROYER0,799,799
10,UP5927-CUSA20145_00-STAR990000300002,999,999
10,UP4101-CUSA08037_00-VIRTUALSTARDRONE,799,799
10,UP5258-CUSA28492_00-4198972393380469,999,999
10,UP1421-PPSA21683_00-0450534957619776,999,999
10,UP7985-PPSA29128_00-STASISVALLEYGAME,999,999
10,UP4293-CUSA11344_00-STAY000000000000,999,999
10,UP3876-CUSA23815_00-9584021902306448,999,999
10,UP1675-CUSA15498_00-SYPS4STEAMTACTIC,999,999
10,UP8767-PPSA36598_00-0909176058890099,799,799
10,UP1421-PPSA20216_00-0061388020104892,999,999
10,UP1195-CUSA14247_00-STORMBOYPS400000,599,599
10,UB0439-CUSA48550_00-0925832395051190,999,999
10,UP6989-CUSA37221_00-8823225103725667,999,999
10,UP0977-CUSA09013_00-STKM201705101400,999,999
10,UP1475-CUSA05790_00-SUBJECT13SCEA002,699,699
10,UP0891-PPSA03008_00-RGSUMATRAFATEYAN,699,699
10,EP1411-PPSA26001_00-0262851927823494,699,699
10,UP6605-CUSA36280_00-SUNSHINEMANOR002,799,799
10,EP5098-PPSA22703_00-0741388558666457,999,999
10,UP7407-CUSA31703_00-4637470160614738,999,999
10,UP7407-CUSA32256_00-7634381918609201,999,999
10,UP0825-CUSA08873_00-SBJ2PS4DIGISIEA0,799,799
10,UP0556-CUSA06327_00-PS4SUPERBLASTDEL,599,599
10,UP7740-CUSA42587_00-0190593807137040,699,699
10,UP1216-CUSA06841_00-AB12345678900123,799,799
10,UP3252-CUSA09705_00-0000000000000001,899,899
10,UP4836-PPSA07793_00-6841530435327687,999,999
10,UP5598-PPSA09274_00-7805733517354078,699,699
10,EP1411-PPSA24813_00-0259974739381329,999,999
10,UB1501-PPSA30294_00-0302437435892910,549,549
10,UP3803-CUSA25339_00-9984997644712490,999,999
10,EB2065-PPSA33055_00-SUSHIFORROBOTS00,599,599
10,EP1411-PPSA28558_00-0791268630406011,999,999
10,UP4724-CUSA24280_00-7445842978433077,999,999
10,UP1675-CUSA36905_00-SYPS4SWORDORIGIN,999,999
10,UP6118-CUSA29180_00-1998640779496789,999,999
10,UP1866-CUSA08254_00-0000000000000010,699,699
10,UP3803-CUSA24023_00-6897936428437634,999,999
10,UP1716-CUSA03997_00-0000000000000001,999,999
10,UP7103-PPSA07750_00-PPGYUMMYTACOTOM2,599,599
10,UP0898-CUSA14914_00-0000000000000000,999,999
10,UP1643-CUSA11138_00-TALESTINYPLANETJ,999,999
10,EP1411-PPSA37902_00-0216001979953263,699,699
10,UP1260-CUSA05256_00-0000000000000000,999,999
10,UP1415-CUSA26725_00-0722319356551404,699,699
10,UP4724-CUSA32307_00-5525676239731045,999,999
10,UB0652-PPSA21407_00-0203673753469092,699,699
10,JB0780-PPSA22929_00-0200022057825509,999,999
10,UP3252-PPSA09547_00-JANDUSOFT0000001,699,699
10,UP2158-CUSA44608_00-TEOCIDAESTIGMANA,999,999
10,UP5958-CUSA46671_00-0261023321307393,799,799
10,UP1675-CUSA45461_00-SYPS4TERMINAL810,999,999
10,UP4735-PPSA13887_00-TESLAGRAD1RM0000,999,999
10,UP7862-CUSA45238_00-0675373651384384,799,799
10,UP5003-CUSA26700_00-TRGNMBPS400000US,999,999
10,UP4115-CUSA04125_00-SCEATETROBOTANDC,799,799
10,UP0891-PPSA19481_00-ADVENTURESPANZRG,899,899
10,UP7305-PPSA18502_00-0141778171491961,549,549
10,UP2158-CUSA57125_00-THECONFINEMENPS4,999,999
10,UP2005-PPSA04601_00-DEADTREERANCH000,999,999
10,UP1195-CUSA06213_00-THEDEERGODPS4000,999,999
10,UP0891-PPSA15071_00-THEFAIRYSSONGRAG,999,999
10,UP0810-PPSA09311_00-0361528872808094,999,999
10,UP4591-CUSA27603_00-FRGARDENER0NAPS4,999,999
10,UP4724-CUSA20238_00-THEGREATPERHAPS2,999,999
10,UP0891-PPSA10702_00-RATAGAMETHEGUISE,599,599
10,UP2796-CUSA24680_00-4177634767104012,999,999
10,UP7605-CUSA33889_00-2006130340740395,549,549
10,UP2106-CUSA10689_00-THEJOURNEYDOWN01,699,699
10,UB0382-PPSA32345_00-0657485782059272,999,999
10,UP3252-CUSA19164_00-JANDUSOFT0000001,549,549
10,UP1675-PPSA20259_00-SYPS5THELASTSHOT,999,999
10,UP1675-CUSA55157_00-SYPS4TLSARCADES0,999,999
10,UP6502-CUSA28838_00-2734722164957168,999,999
10,UP4395-CUSA06501_00-THELITTLEACREUS0,999,999
10,UP2815-CUSA12248_00-MAYONAKADOTGARAN,999,999
10,EB0685-CUSA51950_00-0524810230711345,999,999
10,UP1279-CUSA10944_00-0000000000000000,999,999
10,UP6718-CUSA48403_00-0636633975931860,999,999
10,UP4947-PPSA19269_00-ORBBOUNCENROLL12,599,599
10,UP7103-PPSA06089_00-PPGPIZZADELIVERY,599,599
10,UP4496-PPSA14269_00-THEPUNCHUIN00000,749,749
10,EP0896-PPSA24220_00-THERMONUCLEARRGM,799,799
10,UP2158-CUSA35454_00-SAMURAIPIKOPS4NA,749,999
10,UP4523-CUSA08929_00-THESEUSVR0000000,999,999
10,UP5958-CUSA26935_00-0668481262758144,699,699
10,UP7862-CUSA43997_00-0986405466340190,799,799
10,UP7992-CUSA42672_00-0737898428170898,799,799
10,UP2187-CUSA01756_00-SUNANDMOON00000U,999,999
10,UP6139-CUSA45703_00-0043120431917215,699,699
10,UP2809-CUSA07951_00-THETENTHLINEGAME,999,999
10,UB0899-PPSA25175_00-0884777293387315,999,999
10,UP1570-PPSA17282_00-0175086900392972,949,949
10,UP3362-CUSA09350_00-HORRORCITYSA2017,699,699
10,UP2522-CUSA43290_00-THEWONDERFUL1ASH,999,999
10,UP1181-CUSA51670_00-0980689094676866,999,999
10,UP7992-CUSA47196_00-0337871769502379,999,999
10,EP0896-PPSA23981_00-THEYCAMEFROMTHRG,999,999
10,UP0707-PPSA14462_00-0731123154822554,999,999
10,UP1421-PPSA14115_00-0467297965032087,999,999
10,UP2187-CUSA03222_00-THREEFOURTHSHPS4,999,999
10,UP2005-PPSA05275_00-THUNDERKID000000,799,799
10,EB0740-PPSA30892_00-0744301718881967,999,999
10,UP3743-CUSA17168_00-TICTACLETTERSBYP,799,799
10,UP6718-CUSA33985_00-1950353438700700,999,999
10,UP4199-CUSA20308_00-THA0000000000001,799,799
10,UP1675-CUSA31525_00-SYPS4TIPTOPDONTF,999,999
10,UP4395-CUSA00323_00-TITANPACKPS4USA0,999,999
10,UP6139-CUSA28146_00-TITANCHASERPS001,699,699
10,UP2500-PPSA17159_00-US0IKIMASHOU0PS5,999,999
10,UP2152-CUSA01241_00-FLGU72FWMU5JVG3D,999,999
10,UP3257-CUSA19454_00-TONYECLYDEAMERIC,999,999
10,EP7099-PPSA34235_00-PPGVNDATINGSANTA,699,699
10,UP7552-CUSA43922_00-0257331124935054,799,799
10,UP0134-CUSA01790_00-000000BABELTOREN,999,999
10,EP6985-PPSA32692_00-0737156190750313,999,999
10,UP1291-CUSA02944_00-0000000000000001,999,999
10,UP7605-CUSA32689_00-9871317824463444,549,549
10,UP6198-PPSA18839_00-0042154489579971,999,999
10,UP0384-CUSA01775_00-TOTOTEMPLEDELUXE,999,999
10,UP4133-CUSA04638_00-TOURDEFRANCE2016,999,999
10,UP4133-CUSA08173_00-TOURDEFRANCE2017,999,999
10,UP4133-CUSA11030_00-TOURDEFRANCE2018,999,999
10,UP4008-CUSA14877_00-TOURDEFRANCE2019,999,999
10,UP4008-CUSA19010_00-TDF20SIEA0000000,999,999
10,UP3535-CUSA23293_00-6950085382225528,999,999
10,UP8375-PPSA20496_00-0021138647974426,699,699
10,UB0837-CUSA54276_00-0912677858981950,999,999
10,UP1309-CUSA06247_00-TRANSCRIPTED0000,799,799
10,UP3252-PPSA31613_00-JANDUSOFT0000001,799,799
10,UP7963-PPSA16060_00-0756679410909515,999,999
10,UP3717-CUSA08773_00-TREADNAUTSTTTSEN,999,999
10,UP6566-CUSA26363_00-2762241810074201,699,699
10,UP5880-PPSA08734_00-TRI6INFINITE0000,799,799
10,EP8073-PPSA34353_00-TRI6INFINITE2000,999,999
10,UP6139-CUSA26555_00-8280646294397875,699,699
10,UP4836-PPSA26186_00-0501263289609703,999,999
10,EP8934-CUSA58528_00-0643284074812270,999,999
10,UP1675-CUSA47850_00-SYPS4TURNTOMINE0,999,999
10,UP7974-PPSA09472_00-1398484540368836,999,999
10,UP0891-PPSA02470_00-RATATWINROBOTSUE,799,799
10,UP0139-CUSA11284_00-TWISTYPUZZLE0000,999,999
10,UP0814-CUSA25454_00-0588653822307023,899,899
10,UP0891-CUSA23434_00-RGTWOPARSECSFROM,799,799
10,UP3616-CUSA23319_00-0257384690424162,999,999
10,UP1309-CUSA04026_00-TYPERIDERPS4SCEA,799,799
10,UP6090-CUSA23821_00-8445050756402741,999,999
10,UP3165-CUSA13147_00-ULTIMATERUNNER01,999,999
10,UP1564-CUSA26540_00-CLABS0USJ2020120,999,999
10,UP8089-PPSA17126_00-0005322348169741,999,999
10,UP2158-CUSA29609_00-3707429945542009,799,799
10,UP6861-CUSA27533_00-1815564656745394,999,999
10,EP5265-CUSA52046_00-0431781437501240,799,799
10,UP2005-PPSA07405_00-UNTILLASTPLANE00,999,999
10,UP1421-PPSA19860_00-0391325419951603,699,699
10,UP6291-CUSA40309_00-0767932067882252,599,599
10,UP2637-PPSA13912_00-0403085650742414,699,699
10,UP3906-CUSA41204_00-VARENJE000000001,999,999
10,UP5258-PPSA14669_00-0325926339765282,999,999
10,UP2158-CUSA13316_00-VASARAHDCOLLEPS4,749,999
10,UP4802-CUSA43557_00-0043459387373234,699,699
10,UP7992-CUSA40939_00-0860687650879234,899,899
10,UP2187-CUSA01696_00-LQRVDHBUNDLE0000,999,999
10,UP4802-PPSA10808_00-5144070229123714,999,999
10,UP3737-CUSA10846_00-VESTA2018GAME123,999,999
10,UP4372-CUSA01203_00-VIDEOBALLGAMEPS4,999,999
10,EP1411-PPSA24430_00-0696523273253667,999,999
10,UP4199-CUSA27461_00-3201833320083779,999,999
10,UP7939-CUSA51360_00-0709651905748877,649,649
10,UP4967-CUSA17741_00-VOSARIA000000001,999,999
10,UP5325-CUSA43769_00-VOSTOK2061000000,999,999
10,UP2403-CUSA06484_00-NEXTGENVRAP00000,899,899
10,UP4487-CUSA12608_00-0000WAKINGVIOLET,699,699
10,UP4252-CUSA06744_00-WDJRFULLGAME0001,999,999
10,UP3487-CUSA12825_00-0000000000000000,999,999
10,UP1725-CUSA15148_00-WARPARTY00000001,999,999
10,UP0814-CUSA25299_00-7269252758178373,999,999
10,UP0814-PPSA21836_00-0561958887887461,999,999
10,UP0446-CUSA20304_00-WEAPONOFCHOICE00,599,599
10,UP2195-CUSA01783_00-WEAREDOOMED00000,999,999
10,UP2232-CUSA07911_00-1597536644882270,999,999
10,UP1847-CUSA06439_00-2016092847190059,999,999
10,UP5223-CUSA19501_00-USAWESHOULDTALK0,699,699
10,UP2833-CUSA53170_00-5000000000000000,599,599
10,EP0896-PPSA26108_00-WESTILDSLAWRATGA,599,599
10,UP4082-PPSA24057_00-0214839801157451,999,999
10,UP1675-CUSA10676_00-SYPS4WHEREAREMYF,599,599
10,UP5223-CUSA15644_00-WTBMHFULLGAMEUSA,999,999
10,UP0323-CUSA06323_00-HBWICK0000000001,999,999
10,UP2158-CUSA30871_00-WILDDOGS000PS4NA,999,999
10,UP2194-CUSA12273_00-PSRTURKEYHUNTVR1,999,999
10,UP1675-CUSA32376_00-SYPS4WITCHCRAFTY,999,999
10,UP0279-CUSA11797_00-0000000000000000,799,799
10,UP4624-CUSA24193_00-9579500295123780,599,599
10,UP3743-CUSA18378_00-WORDMAZEBYPOWGI0,799,799
10,UP3743-CUSA13976_00-WORDSUDOKUBYPOWG,799,799
10,UP3743-CUSA15788_00-WORDSWEEPERBYPOW,799,799
10,UP3743-PPSA13247_00-WORDWEBBYPOWGI00,799,799
10,UP3743-CUSA15786_00-WORDWHEELBYPOWGI,799,799
10,UP5141-CUSA27338_00-2761470428652459,599,599
10,UP4064-PPSA16239_00-0865341241660737,999,999
10,UP2150-CUSA13506_00-HOMEWTDBUNDLE001,999,999
10,UP3046-CUSA29262_00-0242321229935351,999,999
10,UP0814-CUSA25298_00-9388419463001040,999,999
10,UP0891-PPSA19572_00-XATROMCOMMAND0RG,599,599
10,UP4403-CUSA04985_00-XENORAID00000000,999,999
10,UP8121-PPSA23701_00-0984043424044817,699,699
10,UP2144-CUSA05253_00-YAMAYAMAGAMEPS4A,999,999
10,HP3332-PPSA25343_00-0736412934239971,799,799
10,UP8133-PPSA19034_00-0991356346558542,999,999
10,UP4906-CUSA24739_00-7181951758316421,999,999
10,UP0794-CUSA32911_00-0146298633885451,999,999
10,EP0896-PPSA23979_00-ZEROTHEKAMIKAZRG,599,599
10,UP1526-CUSA05296_00-RIMLIGHTZHEROS00,999,999
10,UP2011-PPSA26278_00-0216514822611278,999,999
10,UP3803-CUSA17102_00-ZOMBGAME5JULY0US,999,999
10,UB0714-CUSA49676_00-0850177046610392,799,799
10,UP0891-PPSA19023_00-ZOMBIESALIENSGRG,599,599
10,UP7076-CUSA37355_00-ZOOLREDIMENSIOND,999,999
10,UP4433-PPSA17221_00-MINECRAFTPS50000,1999,1999
10,UP8634-PPSA23300_00-0097358964792948,1299,1299
10,UB1588-PPSA29906_00-0549164535498989,1999,1999
10,UP8062-CUSA20499_00-CUPHEAD000000000,1999,1999
10,UP3971-PPSA33764_00-WALKWALKWALKWALK,1999,1999
10,UP0082-PPSA02954_00-FFXIVCOMPLETE05S,1999,1999
10,UP1018-CUSA00133_00-BATMANARKHAMKNHT,1999,1999
10,UP8103-PPSA36543_00-POPPYCHAPTERFIVE,1999,1999
10,UP1018-CUSA00967_00-MORTALKOMBATX000,1999,1999
10,HP6415-PPSA20635_00-0291765651398973,1999,1999
10,UP0240-CUSA10518_00-THEFOREST0000000,1999,1999
10,UP9000-CUSA00900_00-BLOODBORNE000000,1999,1999
10,UP0006-CUSA01975_00-PVZGW2BASEGAME00,1999,1999
10,UP9000-CUSA07408_00-00000000GODOFWAR,1999,1999
10,UP2456-CUSA06840_00-STARDEW00000SIEA,1499,1499
10,UP2165-PPSA05317_00-1173579898314038,1499,1499
10,UP0102-PPSA04400_00-BH70000000000001,1999,1999
10,UP0691-CUSA06676_00-ARKSEGAME0000000,1499,1499
10,UP3893-CUSA08801_00-TFSHVCUTPS400084,1499,1499
10,EP1805-PPSA12544_00-HKSILKSONGPS5000,1999,1999
10,UP8236-PPSA19115_00-0015587721224151,1999,1999
10,UP2103-CUSA00792_00-BINDINGOFISAACP4,1499,1499
10,UP9000-CUSA08344_00-DETROIT000000001,1999,1999
10,UP2660-PPSA29952_00-SIEESIEADSHA0000,1999,1999
10,UP1004-CUSA03507_00-SLUS212690000001,1499,1499
10,UP1983-PPSA33965_00-0843223579299651,1999,1999
10,UP0102-CUSA07713_00-0000000000000000,1999,1999
10,UP9000-CUSA00552_00-THELASTOFUS00000,1999,1999
10,JP0576-PPSA19359_00-PS5FFCOTWS3NEWED,1999,1999
10,UP9000-CUSA01623_00-0000GODOFWAR3PS4,1999,1999
10,UP0700-PPSA10738_00-LITTLENIGHTMARES,1999,1999
10,UP1018-CUSA04601_00-RETURNTOARKHAMHD,1999,1999
10,UP0102-CUSA04437_00-RE5HDPS400000000,1999,1999
10,UP9000-CUSA02320_00-UNCHARTEDTRILOGY,1999,1999
10,UP0002-CUSA00219_00-DSTCOLLECTION001,1999,1999
10,UP2015-CUSA14409_00-CASTLECRASHERSNA,1499,1499
10,UP9000-CUSA00223_00-SECONDSONSHIP000,1999,1999
10,UP1822-PPSA34970_00-HOLLOWKNIGHTPS50,1499,1499
10,UP4040-CUSA00740_00-TERRARIA00000001,1999,1999
10,UP3456-PPSA06081_00-7423111174326993,1999,1999
10,UP0182-PPSA35094_00-CULTIC0000000000,1999,1999
10,UP8103-PPSA22380_00-0674240917583209,1499,1499
10,UP2107-PPSA02069_00-DSTCEPS5PORTSIEA,1499,1499
10,UP8103-PPSA25063_00-POPPYCHAPTERFOUR,1999,1999
10,HB1689-PPSA34163_00-0477693395696820,1999,1999
10,UP3095-PPSA24179_00-PREDATORHUNTGAME,1999,1999
10,UP0006-PPSA29802_00-PVZRELOADEDGAME0,1999,1999
10,UP0102-CUSA03856_00-BH6HDPS400000000,1999,1999
10,UP0102-CUSA01200_00-SFVCE00000000000,1999,1999
10,UP0604-PPSA03732_00-DOKIDOKILITCLUBP,1499,1499
10,UB0760-PPSA27104_00-0463881217757466,1799,1799
10,UP0101-CUSA01140_00-MAINGAME00000000,1999,1999
10,UP1018-CUSA02107_00-LEGOMARVELAVENGE,1999,1999
10,UP5988-PPSA37712_00-EMPULSEPS5000000,1999,1999
10,UP2200-PPSA22864_00-0258190746147090,1999,1999
10,UP4395-PPSA04870_00-LAWNMOWINGSIMPS5,1999,1999
10,UP0101-CUSA05610_00-MAINGAME00000000,1999,1999
10,UB2171-PPSA34602_00-0134863928513416,1999,1999
10,UP0082-CUSA33817_00-FF1PS4APPNA00001,1199,1199
10,UP4395-PPSA02431_00-HFFGAME000000PS5,1999,1999
10,UB1027-PPSA25041_00-0129055730840630,1499,1499
10,UP2113-CUSA00325_00-OUTLAST000000000,1499,1499
10,UP1456-PPSA08245_00-WOO2022BASEPS5US,1999,1999
10,EP2598-PPSA33643_00-0330098075525935,1499,1499
10,UP4064-CUSA17669_00-GOLFWYFRIENDS000,1999,1999
10,UP1018-PPSA31935_00-PS2EMU00PSIOPSMC,1999,1999
10,UP1665-CUSA08580_00-CLEVENDEAVUCH000,1499,1499
10,UP0503-PPSA10146_00-8159974569729169,1999,1999
10,UP9000-CUSA08034_00-SOTC0000000000US,1999,1999
10,UP0162-CUSA27123_00-5410054775731370,1999,1999
10,UP2470-PPSA29453_00-MIXTAPE000000000,1999,1999
10,UP3971-CUSA23079_00-HONKHONKHONKHONK,1999,1999
10,UB0270-PPSA24413_00-0670789077557363,1199,1199
10,UP0102-CUSA01068_00-BHRHDPS400000001,1999,1999
10,UP2293-CUSA11587_00-SLIMERANCHER0001,1999,1999
10,UB0245-PPSA23730_00-0866636503714933,1499,1499
10,UP3639-PPSA21401_00-0767712965312971,1499,1499
10,UP1564-CUSA14528_00-00CARMECHSIM2018,1499,1499
10,UP6922-PPSA08252_00-1309870747195329,1999,1999
10,UP4040-PPSA14501_00-BROTHERSFORPS5US,1999,1999
10,UP9000-CUSA01047_00-RATCHETPS4000000,1999,1999
10,UP9000-CUSA12431_00-PLATFORMERVR00US,1999,1999
10,UB0873-PPSA24783_00-0025471040567199,1499,1499
10,UP0101-CUSA13434_00-CASTLEVANIA00001,1999,1999
10,UP0177-CUSA07023_00-SONICMANIA000000,1999,1999
10,UP1004-CUSA03513_00-SLUS202300000001,1499,1499
10,EB2071-PPSA34372_00-0748332557039838,1499,1499
10,UP5812-CUSA29290_00-4435287210135284,1499,1499
10,UP1018-CUSA01513_00-LEGOJW0000000001,1999,1999
10,UP2026-CUSA01018_00-TWAU00000000GAME,1499,1499
10,UB1600-PPSA37081_00-0466507732876897,1299,1299
10,UP1018-CUSA00103_00-MADMAXTHEGAME001,1999,1999
10,UP1018-CUSA00580_00-LEGOBATMANTHREE0,1999,1999
10,UP6007-PPSA15869_00-0598507980022830,1999,1999
10,UP0146-CUSA04107_00-FIREWATCH0000000,1999,1999
10,UP1001-CUSA04552_00-XCOM200000000000,1999,1999
10,HB1119-PPSA34759_00-0072640697218115,1999,1999
10,UP1004-CUSA03515_00-SLUS212150000001,1499,1499
10,HB1034-PPSA33307_00-0673671800586126,1499,1499
10,UP2047-CUSA03684_00-DEADISLANDGAME00,1999,1999
10,UP0001-CUSA00069_00-RAYMANLEGENDS001,1999,1999
10,UB2295-PPSA36210_00-0148169968916542,1999,1999
10,UP4459-PPSA08205_00-SKRNIGHTMARESIEA,1999,1999
10,UP5634-PPSA14231_00-0599385207460473,1999,1999
10,HB1956-PPSA33177_00-CASHCLEANERSIM00,1999,1999
10,EB1722-PPSA30035_00-0887786723320445,1999,1999
10,UP4827-CUSA15145_00-BATTLEFORTHEGRID,1999,1999
10,UP5505-CUSA24224_00-2702916847358357,1999,1999
10,JP0177-PPSA31334_00-MAINGAME000000NA,1999,1999
10,UP0001-CUSA01317_00-ASOBOMONOPFFP000,1999,1999
10,UP0700-PPSA06489_00-SMGDARKPICTURESA,1999,1999
10,UP2139-PPSA07482_00-JBGPARTYSTARTPS5,1999,1999
10,UP4968-CUSA18449_00-STRANDEDDEEPSIEA,1999,1999
10,UP2751-PPSA06493_00-ESCAPEACADEMYP5U,1999,1999
10,UP1564-PPSA36004_00-0217565694788249,1499,1499
10,UP9000-CUSA00359_00-UNTILDAWN0000001,1999,1999
10,UP0097-PPSA27827_00-DUCKSIDEGAME0000,1499,1499
10,JP6007-PPSA36631_00-0692715672591625,1999,1999
10,HB1689-PPSA36883_00-0857993763647064,1499,1499
10,UP4434-PPSA06986_00-THESWORDSMANPSVR,1999,1999
10,UP1018-CUSA00079_00-INJUSTICEULTIMAT,1999,1999
10,EP5987-PPSA35181_00-ULGFEUDALBARON01,1499,1499
10,UP0177-CUSA05637_00-0000000000091623,1999,1999
10,EP2723-PPSA20773_00-WINGSPAN0EU0PS5D,1999,1999
10,UB0022-PPSA17313_00-CHOOCHOOCHARLES0,1999,1999
10,UP0700-CUSA29213_00-DBPROJECTFORM000,1999,1999
10,UP3643-PPSA16935_00-0010234175390827,1999,1999
10,UP2070-PPSA01960_00-1496629838153595,1999,1999
10,UP2194-PPSA17640_00-DEERHUNTINGCAMP1,1999,1999
10,UP7083-CUSA28680_00-9473825684854058,1499,1499
10,UP4293-PPSA29617_00-0681269534398560,1499,1499
10,EP7520-PPSA34310_00-THESPELLBRIGADE1,1299,1299
10,UP5632-CUSA45939_00-0599681807973159,1499,1499
10,UB0595-PPSA24781_00-0653240895653702,1799,1799
10,UP9000-CUSA05289_00-UCUS987020000001,1499,1499
10,UP0102-CUSA04313_00-DEADRISING002PS4,1999,1999
10,UP0001-CUSA09338_00-TWT0001110001110,1999,1999
10,UP2514-CUSA06362_00-EDBASEGAME000000,1999,1999
10,UP1779-PPSA04067_00-2290807492984734,1999,1999
10,UP0102-CUSA02337_00-BH0HD00000000001,1999,1999
10,UB2551-PPSA38510_00-0542265777974288,1999,1999
10,UP4403-PPSA05133_00-DYSMANTLE0000000,1999,1999
10,UP4133-CUSA04640_00-FARMINGSIMULAT17,1999,1999
10,UP7596-PPSA18431_00-0232004869778224,1999,1999
10,UP2080-PPSA22102_00-SWAGP50000000000,1999,1999
10,EP4521-PPSA21541_00-0813847467442663,1999,1999
10,UP3126-PPSA06084_00-2911532214834517,1999,1999
10,UB1511-PPSA30866_00-0699550764894369,1499,1499
10,UP0082-CUSA33829_00-FF4PS4APPNA00001,1799,1799
10,UP3643-CUSA01608_00-0000000000000000,1499,1499
10,UP4407-PPSA05580_00-SPELUNKY20000000,1999,1999
10,UP6893-PPSA32568_00-0680670923634119,1999,1999
10,UP3589-PPSA28058_00-0523438909427963,1999,1999
10,UB0046-PPSA24602_00-0388055963388374,1999,1999
10,UP9000-CUSA00785_00-TO1886GAME000000,1999,1999
10,UP2611-CUSA05877_00-PERSONA512345678,1999,1999
10,UP0006-CUSA10866_00-STELLARPARADISE0,1999,1999
10,HP6875-PPSA31865_00-0540793529737821,1299,1299
10,UP0503-PPSA10144_00-5105063509016186,1999,1999
10,UP0102-CUSA04885_00-BH4HD00000000001,1999,1999
10,UP0604-PPSA24423_00-0301710383857745,1799,1799
10,UP9000-CUSA08010_00-DREAMS0000000000,1999,1999
10,UP7029-PPSA06174_00-9515392735841688,1199,1199
10,EP4632-PPSA30814_00-0997801506990118,1999,1999
10,UP0102-CUSA07104_00-SLUS201840000001,1499,1499
10,UP1452-PPSA13688_00-0654141461021455,1999,1999
10,UP0001-CUSA26429_00-TPGAME0000000000,1999,1999
10,UP0001-CUSA08927_00-FRIMAUBISOFTJEOP,1999,1999
10,UP9000-CUSA08014_00-KNACK20000000000,1999,1999
10,UP0082-CUSA33833_00-FF5PS4APPNA00001,1799,1799
10,UP2879-CUSA16867_00-ROTODBASEGAME001,1999,1999
10,UP1001-CUSA13049_00-BIO1REMASTERED00,1999,1999
10,UP2533-PPSA13639_00-TWDSAINTSSINNERS,1999,1999
10,UP0082-CUSA00107_00-000000TOMBRAIDER,1999,1999
10,UP3864-PPSA07117_00-UNPACKINGPS5000A,1999,1999
10,EP6337-PPSA34086_00-0057338072280755,1999,1999
10,UP2113-CUSA06623_00-OUTLAST200000000,1999,1999
10,UP3864-CUSA34422_00-SIGNALIS0000004A,1999,1999
10,UB1012-PPSA36530_00-0303301555775968,1499,1499
10,JP0101-PPSA30553_00-SUPERBOMBERMANCO,1999,1999
10,UP0097-CUSA10727_00-GRAVEYARDKEEPER0,1999,1999
10,UP4399-CUSA16197_00-FARMINGSIMULAT15,1499,1499
10,EP2520-PPSA19417_00-0407635045707470,1999,1999
10,UP9000-CUSA04687_00-EVERYBODYSGOLFUS,1999,1999
10,UP1082-PPSA14300_00-0804842924824650,1499,1499
10,UP0001-CUSA09059_00-WHEELOFFORTUNE01,1999,1999
10,UP6022-PPSA35401_00-1998THETOLLKEEPE,1199,1199
10,UP0102-CUSA10785_00-RXAC100000000001,1999,1999
10,UP4735-PPSA06470_00-UNTILTHEN00PS5EA,1999,1999
10,UB0821-PPSA28854_00-TOTALLYRELIABLE1,1499,1499
10,UP0097-PPSA07239_00-6362048461105145,1499,1499
10,UP5155-PPSA35322_00-MOTORSLICE000000,1999,1999
10,UP8651-PPSA28603_00-CRISOL0000000000,1799,1799
10,UP0102-CUSA06314_00-RERHDPS400000000,1999,1999
10,UP0700-CUSA01341_00-DRAGONBALLXV0000,1999,1999
10,UP1004-CUSA03512_00-SLUS208270000001,1499,1499
10,UP3095-PPSA04057_00-SWAYZEGAME000000,1999,1999
10,UP1004-CUSA03517_00-SLUS205000000001,1499,1499
10,UP3535-PPSA21737_00-0652790213867160,1999,1999
10,UP1018-CUSA02985_00-LEGOWORLDS000001,1999,1999
10,UP0895-PPSA03235_00-3376510518243321,1999,1999
10,UP1001-CUSA03980_00-BIOSHOCKCOMPLETE,1999,1999
10,UP0101-CUSA02718_00-YGOLEGACYOFDUELB,1999,1999
10,UP0637-CUSA06477_00-KTANEBOMBGAME001,1499,1499
10,UP7076-PPSA17847_00-ALITTLETOTHELEFT,1499,1499
10,UP4133-PPSA20662_00-MIOMRYINORBIT000,1999,1999
10,UP3589-PPSA38204_00-0106061311529547,1499,1499
10,EP4382-PPSA32707_00-WH40KSPEEDFREEKS,1999,1999
10,JB0540-PPSA30762_00-0860774187079065,1499,1499
10,UP0001-CUSA00304_00-TRIALSFUSION0001,1999,1999
10,JP0177-PPSA31333_00-MAINGAME000000NA,1999,1999
10,UP0006-CUSA01566_00-PAMPLONA00000000,1999,1999
10,UP1018-CUSA00701_00-GAUNTLETGAME0000,1999,1999
10,UP1983-PPSA09591_00-0837747811525906,1999,1999
10,UP6535-PPSA30125_00-0851244671382801,1299,1299
10,UP1082-CUSA16968_00-ALADDIN000000000,1999,1999
10,UP0097-CUSA25164_00-1498554604360333,1999,1999
10,EP1549-PPSA32804_00-0098224868648184,1999,1999
10,UP2611-CUSA10454_00-DRAGONSCROWNPRO1,1999,1999
10,UP7117-PPSA19611_00-0963968143428156,1999,1999
10,UP2833-CUSA56690_00-0066832634253029,1199,1199
10,JP7332-PPSA33105_00-0252397066099209,1899,1899
10,UP9000-CUSA00575_00-FIRSTLIGHTSHIP00,1499,1499
10,UP0036-CUSA11192_00-BBTAGPS400001000,1999,1999
10,UP9000-CUSA07840_00-SCUS972650000001,1499,1499
10,HP1782-PPSA29645_00-0161391443657215,1999,1999
10,UP6978-PPSA14219_00-0930814246230118,1999,1999
10,UP2764-PPSA03959_00-DARKWOODPS500000,1799,1799
10,UP5412-CUSA15270_00-0000000000000000,1699,1699
10,UP5522-CUSA28608_00-4983824635911138,1999,1999
10,UP0082-CUSA33825_00-FF3PS4APPNA00001,1799,1799
10,HB1312-PPSA37582_00-0710515128124066,1999,1999
10,UP5329-CUSA40848_00-0405760093586357,1999,1999
10,UP9000-CUSA03694_00-GRAVITYRUSH20000,1999,1999
10,UP1032-CUSA19302_00-STARWARSCOMMANDO,1499,1499
10,UP9000-PPSA02484_00-NIOHCEPS50000000,1999,1999
10,EP8268-PPSA30893_00-UNRAILED2PS50000,1999,1999
10,UP1018-CUSA00348_00-LEGOHOBBIT000000,1999,1999
10,EP3111-PPSA37667_00-JANDUSOFT0000001,1799,1799
10,UP8448-PPSA16248_00-0869329016266039,1999,1999
10,UP9000-CUSA00694_00-JOURNEYPS4061115,1499,1499
10,UP9000-CUSA01728_00-SCUS971110000001,1499,1499
10,UP7788-PPSA36353_00-GUREIPS5STANDARD,1999,1999
10,UP1082-PPSA14383_00-0768590071520415,1999,1999
10,HB1689-PPSA34494_00-0837121218802368,1499,1499
10,EB0474-PPSA18346_00-0378150337949493,1499,1499
10,UP1456-CUSA20530_00-TSAARBASEGAME20A,1999,1999
10,UP2120-CUSA11302_00-CELESTEXXCELESTE,1999,1999
10,UP2199-PPSA38132_00-COZYGROVE2PS5NA0,1999,1999
10,EP6890-PPSA31177_00-0509013129930531,1999,1999
10,UP0045-CUSA04075_00-LOVERS0000000000,1499,1499
10,UP0292-CUSA04899_00-PAGODA0000000000,1999,1999
10,UP3643-PPSA13286_00-0968960074916920,1999,1999
10,UB0714-PPSA23426_00-0073527026641672,1299,1299
10,UP0001-CUSA00416_00-ACBFDLCSPSA00001,1499,1499
10,UP7076-PPSA16512_00-000000000MAKEWAY,1499,1499
10,EP3392-PPSA36909_00-0854743539485325,1999,1999
10,UP0006-CUSA02685_00-UNRAVELUNRAVEL09,1999,1999
10,UP0913-PPSA24560_00-0721696251149190,1999,1999
10,EB0224-PPSA19932_00-0983360070413417,1999,1999
10,UB0748-PPSA31261_00-0459488087229937,1449,1449
10,JB2364-PPSA37317_00-0482449083868760,1999,1999
10,UP0001-CUSA20085_00-SCOTTPILGRIM0001,1499,1499
10,HB1334-CUSA56518_00-0319590939025209,1499,1499
10,UP4136-CUSA14736_00-OOBWWII000000001,1999,1999
10,UP0006-CUSA00718_00-EAPOPCAPPEGGLE02,1199,1199
10,UP0082-CUSA33821_00-FF2PS4APPNA00001,1199,1199
10,UB0208-PPSA32914_00-0480473724647980,1499,1499
10,UP7876-PPSA09910_00-POSTAL4NOREGERTS,1999,1999
10,EP4902-PPSA35083_00-0313563221895585,1499,1499
10,UP1032-CUSA17811_00-STARWARSACADEMY1,1499,1499
10,UP0097-PPSA09608_00-3926585099094242,1999,1999
10,UP0101-CUSA15109_00-CASTLEVANIAGAMES,1999,1999
10,UB1486-PPSA35460_00-0778679091623325,1499,1499
10,UP2054-CUSA01664_00-PLAYDEADD11LIMBO,1249,1249
10,JP0211-PPSA26148_00-0103363365947797,1499,1499
10,UP2107-CUSA00158_00-DONTSTARVEPS4V01,1499,1499
10,UP0082-CUSA23910_00-CHRONOCROSS00000,1999,1999
10,UP1971-CUSA05119_00-1603060705021808,1499,1499
10,UP4127-CUSA34845_00-ONESHOTWMEUS0000,1499,1499
10,UP9000-CUSA00068_00-KNACK00000000000,1999,1999
10,UP4133-CUSA42226_00-CHANTSOFSENNAAR0,1999,1999
10,HB1312-CUSA55074_00-0990427065479366,1999,1999
10,UP6893-PPSA35505_00-0914936497981452,1499,1499
10,UB0821-PPSA28463_00-BREADANDFRED0001,1499,1499
10,UP6171-PPSA18144_00-5POSTALBRAINSIEA,1999,1999
10,EP6456-PPSA27375_00-0850544971320861,1699,1699
10,UP2106-PPSA16908_00-KINGDOMSANDPS5NA,1999,1999
10,UP0999-CUSA05186_00-0TRICKYTOWERSPS4,1499,1499
10,UP2047-CUSA03685_00-RIPTIDEGAME00000,1999,1999
10,EB1737-PPSA30936_00-0102553472550596,1599,1599
10,UP9000-CUSA03627_00-LASTGUARDIANUS00,1999,1999
10,UP1981-CUSA08041_00-MXGP3FULLGAME000,1999,1999
10,UP2777-PPSA36938_00-PJALICEDDX000000,1999,1999
10,UB0202-PPSA29415_00-0084472210136540,1999,1999
10,UB0527-PPSA24572_00-0966928514264457,1599,1599
10,UP0097-PPSA15735_00-0309144514901397,1499,1499
10,UP3643-CUSA00911_00-00000BROFORCEPS4,1499,1499
10,UP2205-PPSA17347_00-0375705504127191,1999,1999
10,UP2678-PPSA33332_00-0915300038832004,1999,1999
10,UP4361-CUSA10164_00-5170029166539869,1999,1999
10,UP5329-CUSA19165_00-0000000000000666,1999,1999
10,UP2070-CUSA06580_00-PURECHESSULTRAAA,1299,1299
10,UP5223-PPSA06334_00-LAKEPS5SIEAFULL0,1999,1999
10,UP6778-PPSA16066_00-0402998367639834,1799,1799
10,UP2026-CUSA11998_00-TWDS400000000SPB,1999,1999
10,UP0177-CUSA33871_00-MIDNIGHT00000000,1999,1999
10,UP6326-PPSA17180_00-0910114513696489,1999,1999
10,UP1564-PPSA24133_00-CLABS1JS20240606,1999,1999
10,UP8777-PPSA25326_00-MYUNIVERSEBUNDLE,1499,1499
10,UP3639-PPSA23611_00-0516491076450540,1799,1799
10,UP0700-CUSA05258_00-PS4TOBERSERIA001,1999,1999
10,UP9000-CUSA02037_00-SCUS972130000001,1499,1499
10,UP0101-CUSA00218_00-METALGEARSOLIDGZ,1999,1999
10,UP0177-CUSA09032_00-YAKUZA6SONGOFLEN,1999,1999
10,UP0151-CUSA03407_00-DUCKGAME00000000,1299,1299
10,UP3252-PPSA33479_00-JANDUSOFT0000001,1249,1249
10,UP3864-CUSA13967_00-APP0990000000022,1999,1999
10,UP0913-PPSA24558_00-0890804129330452,1999,1999
10,UP9000-CUSA07841_00-SCUS973300000001,1499,1499
10,UP7076-CUSA35706_00-WOBBLEDOGSWOBBLE,1999,1999
10,UP1564-PPSA19624_00-CLABS0BS20231009,1999,1999
10,UP0101-CUSA28029_00-CASTLEVANIAGAMES,1999,1999
10,UP2058-CUSA25464_00-6353129855862210,1499,1499
10,UP2143-CUSA00920_00-NIDHOGG000000000,1499,1499
10,EP1621-PPSA32147_00-TEMTEMSWARM00000,1299,1299
10,UP1023-CUSA17197_00-GBVSCGH000000001,1999,1999
10,EP5670-PPSA26359_00-THECRIMSONMAIDEE,1499,1499
10,UP3643-PPSA28243_00-0525517213088023,1999,1999
10,EP4902-PPSA37223_00-0979702531791453,1499,1499
10,UP1623-CUSA05251_00-AMONGTHESLEEP101,1499,1499
10,JP0571-PPSA18945_00-HAMPRDC000000001,1699,1699
10,UP6326-PPSA14356_00-0782485270648343,1999,1999
10,UP1055-CUSA02845_00-SUPERMEATBOY0000,1499,1499
10,UP2120-CUSA00466_00-0000TOWERFALLPS4,1499,1499
10,UP1981-CUSA09938_00-SUPERCROSSFULLGM,1999,1999
10,UP0097-PPSA08717_00-3745758618311010,1499,1499
10,UP1032-PPSA16869_00-SWBOUNTYHUNTER31,1999,1999
10,UP2070-CUSA01104_00-UPUREPOKER000001,1999,1999
10,UP4735-CUSA13083_00-0000000000000000,1999,1999
10,UP0903-CUSA13492_00-FARMTOGETHERUS01,1999,1999
10,UP0102-CUSA02516_00-MEGAMANLEGACY000,1499,1499
10,UP1685-CUSA27428_00-1090290200025958,1999,1999
10,UP1001-CUSA13050_00-BIO2REMASTERED00,1999,1999
10,UP3542-PPSA30105_00-DRUNKNBARFIGHT02,1499,1499
10,JP0571-PPSA35079_00-HAMPRDC000000001,1199,1199
10,UP4382-PPSA03663_00-ARCADEPARADISEP5,1999,1999
10,UP2026-CUSA01017_00-TWDS20000000GAME,1499,1499
10,UP8278-PPSA36867_00-0467460070667270,1499,1499
10,UB0225-PPSA22138_00-0074169591385824,1499,1499
10,UP0097-CUSA29966_00-2936436292261082,1999,1999
10,UP6326-PPSA26363_00-0848324950615180,1999,1999
10,UP0101-CUSA15481_00-CONTRACOLLECTION,1999,1999
10,UP6312-PPSA15546_00-PLATITUDE0000000,1999,1999
10,UP4293-PPSA35106_00-0986782830301358,1999,1999
10,UP1082-CUSA00600_00-0000000004137605,1499,1499
10,EP3877-CUSA59028_00-FGAMEESCAPEUMBRA,1999,1999
10,UP1564-PPSA34867_00-0141708477724149,1299,1299
10,UP8767-PPSA25852_00-0477214502126426,1999,1999
10,EP3495-PPSA25812_00-0003281733473898,1999,1999
10,UP6261-PPSA05915_00-1079763634636692,1999,1999
10,UP0102-CUSA08418_00-OKAMIHD000000001,1999,1999
10,UP2047-CUSA14853_00-KINGMAKER00000US,1999,1999
10,UP9000-CUSA07671_00-WIPEOUTOMEGA00US,1999,1999
10,UP0102-CUSA11300_00-LION000000000001,1999,1999
10,UP7276-PPSA38052_00-000000SLIPVECTOR,1499,1499
10,UP0700-CUSA12048_00-HEROGAME00000000,1999,1999
10,UP8489-PPSA27718_00-0618689374962365,1999,1999
10,EP6337-PPSA34148_00-0773297922006667,1499,1499
10,UP6093-CUSA27602_00-0000000000000002,1999,1999
10,UP2470-PPSA27614_00-0466810510398026,1299,1299
10,UP2058-CUSA16732_00-PBAPROBOWLING000,1499,1499
10,UP2344-CUSA06435_00-RWBYPS4000000001,1999,1999
10,UP0102-CUSA10788_00-RXAC200000000001,1999,1999
10,UP2470-PPSA32296_00-DTOPIAGLOBAL0000,1999,1999
10,UP0182-PPSA34438_00-SNOOCHTOTHENOOCH,1999,1999
10,UP1676-PPSA02759_00-2386332613796784,1999,1999
10,UP1024-CUSA04112_00-GGXRDREVUS000100,1999,1999
10,UP0102-CUSA04273_00-DEADRISIN2OTRPS4,1999,1999
10,UP8703-PPSA29845_00-0606043934029817,1499,1499
10,UP0503-PPSA09863_00-5888097944467765,1999,1999
10,UB0542-PPSA36803_00-0795503333639471,1999,1999
10,EP2649-PPSA30356_00-0498787324103727,1999,1999
10,UP8278-PPSA15712_00-0020611661142297,1499,1499
10,UP0505-CUSA03371_00-PRIMALCARNAGE000,1299,1299
10,UP4361-PPSA05103_00-0000TWOMCOMPLETE,1999,1999
10,JB0500-PPSA32313_00-0198668167998218,1499,1499
10,HB1326-PPSA34058_00-0895134971020363,1299,1299
10,UP3181-PPSA34955_00-0881413829163460,1999,1999
10,UP1199-CUSA08232_00-VICTORVRAN000000,1999,1999
10,UP3864-CUSA10927_00-WIZARDOFLEGENDUS,1599,1599
10,UP1564-CUSA20102_00-CLABS0TS20200430,1999,1999
10,UP0001-PPSA08705_00-BGER000000000000,1999,1999
10,EP5661-PPSA29137_00-1000XRESIST00000,1999,1999
10,UB0714-PPSA27098_00-0402462226417113,1499,1499
10,UP4008-CUSA15507_00-OPSIEA0000000000,1999,1999
10,UB1264-PPSA30827_00-0933852890614771,1299,1299
10,UP1564-PPSA31424_00-CLABSLSS20250618,1499,1499
10,EP5987-PPSA34439_00-ULGCORNERKITCH01,1499,1499
10,HP8412-PPSA29442_00-0315038683322354,1249,1249
10,EP4425-PPSA34242_00-PEWPEWPEWPEWPEEW,1599,1599
10,UP6893-PPSA21381_00-0240103642659799,1999,1999
10,UP9000-CUSA04181_00-ALIENATIONGAMEUS,1999,1999
10,UP3643-PPSA29043_00-0279765472547786,1999,1999
10,UP0177-CUSA15327_00-YAKUZA5HDUS00000,1999,1999
10,UP0322-CUSA04570_00-HYPERLIGHTDRIFTR,1999,1999
10,UP3589-PPSA36072_00-0894881294812525,1999,1999
10,UP1779-PPSA20445_00-PAINTTTOWNREDVR2,1999,1999
10,UP0102-CUSA12046_00-CSSGCFULLGAME000,1999,1999
10,EB0235-PPSA27895_00-DEERNBOYSTANDARD,1999,1999
10,UP0576-CUSA03785_00-KOF2002MAXIMUM00,1499,1499
10,HB1160-PPSA31093_00-0588979311866936,1199,1199
10,JP6400-PPSA34744_00-0962518737861580,1499,1499
10,UP1060-CUSA06983_00-MEGATONRAINFALL0,1599,1599
10,UP6007-PPSA24590_00-0607604799725823,1499,1499
10,UP9000-CUSA02195_00-SCUS974900000001,1499,1499
10,UB0225-PPSA34617_00-0591861116642091,1399,1399
10,UP2026-CUSA01019_00-TWDS10000000GAME,1499,1499
10,UP4008-CUSA10591_00-ILOVEVOLLEYBALLU,1999,1999
10,UP0789-CUSA26789_00-BBR2PS4SIEA00000,1599,1599
10,EP5470-PPSA35689_00-0285781569089170,1999,1999
10,EB1530-PPSA35828_00-0100471682821559,1999,1999
10,UP1676-PPSA02757_00-8251469094096997,1999,1999
10,UP4293-CUSA19639_00-NEXOEXT00000GAME,1999,1999
10,UP4040-CUSA02297_00-BROTHERSLICENSE4,1999,1999
10,UP0576-CUSA02048_00-METALSLUG3000000,1499,1499
10,UP0082-CUSA11968_00-LASTREMNANT00001,1999,1999
10,UP2199-PPSA03191_00-COZYGROVEPS5NA00,1499,1499
10,EP6458-PPSA28515_00-0190748005263575,1999,1999
10,UP5223-PPSA27129_00-0653767326715632,1499,1499
10,UP4293-PPSA21180_00-POTIONCEDPS5SIEA,1999,1999
10,UP2775-PPSA13938_00-0466294767641317,1999,1999
10,UP0001-CUSA01445_00-SCRABBLEGAMPS401,1499,1499
10,JB0851-PPSA33347_00-0456999392452370,1099,1099
10,UP0283-CUSA08042_00-RAPALAFISHING000,1999,1999
10,UP1032-CUSA24145_00-STUBBSTHEZOMBIE1,1999,1999
10,UP4040-PPSA06780_00-GUNFIREREBORNPS5,1999,1999
10,UP6007-PPSA23076_00-0000000BIPED2PS5,1999,1999
10,EP5987-PPSA31523_00-ULGTAVERNMS00001,1999,1999
10,UP1468-CUSA04045_00-0000000000000000,1999,1999
10,UP3643-PPSA16785_00-0524521320023310,1999,1999
10,UP1162-CUSA03610_00-CRYPTNECRODANCER,1499,1499
10,UP9000-CUSA00190_00-KZ4RELEASE000041,1999,1999
10,UP6093-PPSA19067_00-0438761103283229,1999,1999
10,UP1725-PPSA05663_00-4141431316167039,1999,1999
10,UP0177-CUSA12776_00-HOKUTOGOTOUS0000,1999,1999
10,UB1486-PPSA32197_00-0944678582875472,1499,1499
10,UP2565-CUSA12161_00-CONSIM2CONSOLE00,1499,1499
10,UP2106-CUSA13671_00-HOHAMMERWATCH000,1999,1999
10,UP2108-CUSA00041_00-NPPGAMENPPGAMENP,1499,1499
10,EP3550-PPSA35360_00-WWSUPERMARKETSGP,1499,1499
10,UB1486-PPSA32646_00-0416540721092816,1499,1499
10,UP1276-PPSA04346_00-00000000AGLPS5NA,1999,1999
10,EB0757-PPSA30151_00-0359444564713153,1999,1999
10,UP0102-CUSA08268_00-RCC2000000000001,1999,1999
10,EP6930-PPSA19536_00-0600492331738741,1999,1999
10,UP1980-CUSA15315_00-TORCHLIGHTII0001,1999,1999
10,UP0177-CUSA15326_00-YAKUZA4HD0000000,1999,1999
10,UP4293-PPSA02525_00-TORMENTEDSIEAPS5,1999,1999
10,UP2565-CUSA12261_00-BUSSIMXXXXXXXXXX,1999,1999
10,UP1981-CUSA08240_00-GRAVELFULLGAME00,1999,1999
10,UP8788-PPSA30872_00-0873149901836129,1999,1999
10,UP0001-CUSA04275_00-HGCBATTLESHIPPS4,1499,1499
10,UP6665-PPSA05058_00-CLASH00000000000,1999,1999
10,UP2143-CUSA07640_00-NIDHOGG2GAMEPLAY,1499,1499
10,UB0797-PPSA34844_00-0259612997719263,1499,1499
10,UP3542-PPSA15168_00-DRUNKBARFIGHTDBF,1699,1699
10,UP2565-CUSA14604_00-ESD66066B1000000,1499,1499
10,UP2712-CUSA08142_00-BTD5000000000001,1499,1499
10,UP4008-CUSA15611_00-BEESIEA000000000,1999,1999
10,UP1564-CUSA37734_00-CLABS0PS20221231,1999,1999
10,UP6893-PPSA29866_00-0481747241856795,1999,1999
10,UP2155-CUSA00827_00-2014040100000001,1299,1299
10,UP3643-PPSA11355_00-3716880328179244,1499,1499
10,UP0182-PPSA30622_00-WIZORDUM00000000,1999,1999
10,UP6778-PPSA23104_00-0782396638080530,1999,1999
10,UP1023-CUSA05631_00-0000000000000000,1999,1999
10,UP1001-CUSA13807_00-BARKERBASEGAME00,1999,1999
10,UP0576-CUSA11667_00-METALSLUGXX00001,1999,1999
10,UP9000-CUSA02197_00-SCUS972030000001,1499,1499
10,UB2099-PPSA36032_00-GIZOOSIMPS500001,1999,1999
10,UP9000-CUSA00038_00-RESOGUN000000002,1499,1499
10,UP1981-CUSA12001_00-MXGP4FULLGAME000,1999,1999
10,UP3971-PPSA15433_00-0210876635651678,1999,1999
10,UP5860-CUSA20609_00-RETROMANIANA0001,1999,1999
10,UP0299-PPSA16456_00-0672594645193797,1799,1799
10,UP3867-CUSA11171_00-ISLANDTIMEXXXXXX,1499,1499
10,UP4491-CUSA03083_00-IAMBREAD00000001,1299,1299
10,UP1309-PPSA03132_00-ALBAADVENTUREPS5,1999,1999
10,UB1431-PPSA27604_00-0955901941197359,1499,1499
10,UP2565-CUSA17645_00-CESD661680000000,1499,1499
10,UP4407-CUSA00493_00-SPELUNKY00000000,1499,1499
10,EP7200-PPSA16086_00-0367806268342241,1999,1999
10,UP1032-CUSA18198_00-STARWARSPODRACER,1499,1499
10,UP4139-CUSA02421_00-MAMA02GP40000003,1499,1499
10,JP6928-PPSA30676_00-0313103760762087,1999,1999
10,UP5430-PPSA15826_00-0324228638410647,1999,1999
10,EP5470-PPSA33559_00-0953602939594098,1499,1499
10,JP6928-PPSA27596_00-0539545977058742,1999,1999
10,UP4133-CUSA03888_00-STYXSHARDSOFDARK,1999,1999
10,UB0797-CUSA49413_00-0715861397182099,1299,1299
10,UP0576-CUSA03749_00-SLUS215500000001,1999,1999
10,UP8520-PPSA31764_00-0933294946319513,1999,1999
10,UP0700-CUSA03525_00-GERESURRECTI0N00,1999,1999
10,UP4293-CUSA16539_00-0000000000000000,1499,1499
10,UP0177-CUSA03880_00-BFVALKYRIE000100,1999,1999
10,UP3797-CUSA46009_00-0924349141593357,1599,1599
10,EP6930-PPSA36441_00-0963760038476530,1799,1799
10,EP2685-PPSA33049_00-0626658071744015,1199,1199
10,UP2557-CUSA13507_00-LLBLAZE000000000,1999,1999
10,UP6778-PPSA19802_00-0867290001819869,1199,1199
10,UP1018-CUSA05335_00-ARKHAMVRLT000000,1999,1999
10,JP0013-PPSA35788_00-JP0ISEKAIV000PS5,1999,1999
10,UP4760-CUSA45929_00-0260191277207977,1999,1999
10,EP2601-PPSA34969_00-0000000000000001,1499,1499
10,EP0822-PPSA30792_00-BLOODSHED0000PS5,1299,1299
10,UP4395-CUSA14630_00-JUSTDIEALREADYUS,1499,1499
10,UP0182-PPSA32667_00-BUBSYTBOBCATIS4D,1999,1999
10,UP1997-PPSA33838_00-0897941823619793,1999,1999
10,JP5361-CUSA49194_00-KAIRO00000119000,1399,1399
10,UP7292-PPSA06625_00-LEGOBRAWLSSIEA01,1999,1999
10,UP0097-PPSA28866_00-IAMFUTUREGAME000,1999,1999
10,UP2060-CUSA02868_00-PACIFICCARRIERS0,1999,1999
10,UP0097-CUSA24060_00-4046201474070179,1499,1499
10,UP3151-PPSA29587_00-USEYOURWORDS2PS5,1499,1499
10,EP4293-PPSA21990_00-DISCOUNTYSIEEPS5,1999,1999
10,UB0990-PPSA32954_00-STARORESINCSPACE,1999,1999
10,UP3643-PPSA05303_00-2564955967631989,1999,1999
10,UP5843-PPSA19291_00-0612081269240921,1999,1999
10,UP0346-PPSA09592_00-MYTHFORCEPS50000,1999,1999
10,UB2123-CUSA58067_00-0932105871468540,1499,1499
10,UP3252-PPSA37487_00-JANDUSOFT0000001,1249,1249
10,HB1689-CUSA56380_00-0082357313369652,1499,1499
10,JP0013-PPSA34137_00-JP0DSPIRA00SEPS5,1999,1999
10,UB1325-PPSA27152_00-0219800060972649,1999,1999
10,UP7305-PPSA19707_00-0080915506762794,1999,1999
10,JP6928-PPSA29246_00-0012901878006177,1999,1999
10,UP5999-PPSA03884_00-FISTSIEAPS5HD001,1599,1599
10,UB0383-PPSA36500_00-0481458585783180,1999,1999
10,JP0571-PPSA36868_00-HAMPRDC000000001,1699,1699
10,UP2500-PPSA17853_00-US0ALPHA12000PS5,1999,1999
10,UP2575-CUSA05588_00-NEXMACHINAGAMEUS,1999,1999
10,EP1096-PPSA35715_00-0391120421049665,1999,1999
10,UP8029-CUSA27176_00-6419988804087526,1999,1999
10,EP4293-PPSA26510_00-KPOPIDOLSIEASIEE,1999,1999
10,UP0082-PPSA06526_00-VPRPS5NA00000001,1999,1999
10,JP0571-PPSA34238_00-HAMPRDC000000001,1499,1499
10,UP3643-PPSA13249_00-0478048849209824,1999,1999
10,UP1024-CUSA07593_00-ZEROESCAPE000000,1999,1999
10,UP7111-PPSA12560_00-PATRICKSPARABOXU,1999,1999
10,UP2868-CUSA07876_00-000000000CRAWLUS,1499,1499
10,UP4770-CUSA56197_00-0248935845954278,1999,1999
10,UP4773-PPSA19786_00-4574895231456123,1999,1999
10,UP7660-PPSA38186_00-0477898709191323,1999,1999
10,UP1981-CUSA18989_00-MOTOGP20FULLGAME,1999,1999
10,UP0613-CUSA02353_00-SALTNSANCTUARY00,1799,1799
10,UP2005-CUSA03443_00-RAINBOWMOON00001,1499,1499
10,UP1983-PPSA09677_00-1617586937196546,1999,1999
10,UP0794-CUSA30709_00-3999307425314649,1499,1499
10,UP2470-CUSA10062_00-DONUTSIEA0000000,1299,1299
10,UP3949-PPSA10470_00-9656509665050290,1999,1999
10,UP6198-CUSA38315_00-8892842016220469,1999,1999
10,UB2030-CUSA57170_00-0228505294851288,1299,1299
10,UP1564-CUSA46015_00-CLABS0FT20231005,1999,1999
10,UP4774-CUSA11967_00-PJM2000000000000,1499,1499
10,UP2106-PPSA27510_00-PEGLINPS5SIEAGLO,1999,1999
10,UP8012-CUSA42931_00-STEELEMPIREPS4NA,1499,1499
10,UP5552-PPSA28041_00-0292161221500622,1999,1999
10,EP0806-PPSA29091_00-0955974048548907,1999,1999
10,UP4134-CUSA26454_00-0135128649005806,1999,1999
10,UP3883-CUSA10722_00-DEATHROADPS4US01,1499,1499
10,UP1564-PPSA33485_00-CLAB0HHR20250915,1999,1999
10,UP2564-CUSA36289_00-9430196387295720,1999,1999
10,EP4293-PPSA35056_00-NECROPHOSIS00PS5,1999,1999
10,UP6127-CUSA27631_00-6898308999702207,1699,1699
10,UP8710-PPSA29188_00-0414994257467901,1499,1499
10,UP4064-CUSA19134_00-MONSANCTUARY0000,1999,1999
10,UP3643-PPSA28801_00-0903988917779220,1999,1999
10,UP0102-CUSA03109_00-BHS0000000000001,1999,1999
10,UP5805-CUSA39290_00-0725755642202476,1549,1549
10,EP1629-PPSA23239_00-GREED2FEXJDPS5EU,1999,1999
10,UP4525-PPSA16543_00-0470002535965270,1999,1999
10,UP7847-CUSA46377_00-0773999000816287,1999,1999
10,JP0745-CUSA06459_00-OGRE0APPLICATION,1999,1999
10,UP7251-PPSA08769_00-9963465592836246,1999,1999
10,EP3652-PPSA34178_00-0353057207296852,1799,1799
10,UP0969-PPSA17837_00-0218418806788350,1499,1499
10,UP0367-CUSA01300_00-MARVELPUZLQSTPS4,1499,1499
10,EB0032-PPSA31740_00-0379398285441078,1799,1799
10,UP1475-PPSA02775_00-XIIIPS50000000US,1999,1999
10,UP4581-PPSA02304_00-OLLIOLLIWORLD000,1999,1999
10,UP4008-CUSA07176_00-HUNTINGSIMULATOR,1999,1999
10,UP4427-CUSA00383_00-FEZTHEGAMEPOLYTR,1299,1299
10,UB0760-PPSA29226_00-0751915779183005,1199,1199
10,UP9000-CUSA07842_00-SCUS974290000001,1499,1499
10,UB0714-PPSA30616_00-0895634267245936,1999,1999
10,UP6457-CUSA25736_00-7384374122782638,1399,1399
10,UP7359-PPSA21744_00-0781041976365756,1999,1999
10,UB1486-CUSA55083_00-0117888130711288,1499,1499
10,UP2320-PPSA25948_00-0000000000001SMV,1999,1999
10,UB0046-PPSA24600_00-0528451001987257,1999,1999
10,UP6261-PPSA05972_00-3116549526563399,1999,1999
10,UP0102-CUSA06809_00-DISNEYLEGCOLLPS4,1999,1999
10,UP3590-CUSA32304_00-0553340182798423,1999,1999
10,EP5903-PPSA21730_00-0117386687694236,1799,1799
10,UP0177-CUSA05635_00-PUYOTETRIS000000,1999,1999
10,UP0151-CUSA05853_00-DEATHSGAMBIT0000,1999,1999
10,UP0001-CUSA12845_00-LEGENDARYFISHING,1999,1999
10,UP5577-PPSA08452_00-WHATTHEGOLF00001,1999,1999
10,UP4361-PPSA30896_00-0258167813341496,1999,1999
10,UP1564-PPSA21651_00-CLABSTPB20240202,1999,1999
10,UB1012-CUSA52689_00-0288636010981821,1499,1499
10,UP2775-CUSA43308_00-0502143172493288,1999,1999
10,UP9000-CUSA00458_00-COUNTERSPYPS4000,1499,1499
10,UP9000-CUSA00236_00-DEADNATIONGAME01,1499,1499
10,UP4040-PPSA29318_00-PQIMMORTAL000000,1499,1499
10,UP1981-CUSA13220_00-SUPERCROSS2FGAME,1999,1999
10,UB1264-PPSA30811_00-0503252759912246,1999,1999
10,UP9000-CUSA06090_00-UCUS986620000001,1499,1499
10,EP2015-PPSA23576_00-0874233669780391,1199,1199
10,UP7103-PPSA17204_00-AIRSHIPJIMMYMASS,1999,1999
10,EP0822-PPSA29024_00-DORFROMANTIK0PS5,1499,1499
10,UP4042-CUSA06382_00-PINBALLFX2VR0000,1499,1499
10,UP6856-PPSA05849_00-8009578235641746,1999,1999
10,UP2500-PPSA26608_00-US0FGATE00000PS5,1499,1499
10,EP3367-PPSA28511_00-0077902976859723,1499,1499
10,UP3643-PPSA09803_00-0213898888783272,1699,1699
10,UP4040-PPSA05201_00-000STRAYBLADE000,1999,1999
10,EP7303-PPSA27905_00-0033843636476678,1499,1499
10,UB0714-CUSA48858_00-0460292928581240,1499,1499
10,UP5338-CUSA37772_00-1615376634139120,1999,1999
10,EP5206-PPSA31375_00-0646747467997425,1799,1799
10,UP0700-CUSA02823_00-SAOLOSTSONG00000,1999,1999
10,UP1118-CUSA17207_00-MONSTERPROMPS400,1599,1599
10,UB1681-PPSA32247_00-0534966369024538,1499,1499
10,UP2045-CUSA07098_00-GUACAMELEETWOOOO,1999,1999
10,UP7336-PPSA19969_00-0325459394115861,1999,1999
10,UP8748-PPSA24716_00-0175916715437740,1999,1999
10,UB0027-PPSA32811_00-0214240279488457,1499,1499
10,UP1210-CUSA03130_00-ETHANCARTERPS4US,1999,1999
10,UB0668-PPSA32876_00-0409545896829008,1399,1399
10,JP0013-PPSA34578_00-JP0FORTUNA000PS5,1999,1999
10,EP0263-PPSA24538_00-0590182702822301,1999,1999
10,UP1507-CUSA10547_00-EARTHFALL0101000,1999,1999
10,UP3864-CUSA23228_00-SUPRALAND000000A,1999,1999
10,UP5223-PPSA05721_00-WYTCHWOODPS5SIEA,1999,1999
10,HB1334-PPSA36443_00-0491751392715718,1499,1499
10,UP0700-CUSA29666_00-PACMUSEUMPLUS001,1999,1999
10,UP3690-PPSA19438_00-0425171013395435,1999,1999
10,UP1725-CUSA08413_00-0000000000006666,1299,1299
10,UP7302-PPSA29021_00-0566936709610691,1499,1499
10,UB0429-CUSA50338_00-0598241399253007,1299,1299
10,UP1164-CUSA13422_00-0000000000000001,1099,1099
10,UP6527-PPSA34850_00-0377153879635982,1499,1499
10,EP7550-CUSA51665_00-0677646433037536,1999,1999
10,UP8703-PPSA24862_00-0361164396518596,1499,1499
10,EP2015-PPSA23810_00-0974736213829670,1999,1999
10,UP4382-CUSA18271_00-AVICIIINVECTOR00,1999,1999
10,EB2107-CUSA56954_00-0337741580590284,1499,1499
10,UP4029-CUSA05984_00-NINEPARCHMENTS00,1999,1999
10,UP7604-PPSA18718_00-0415489590319879,1999,1999
10,UP4008-PPSA02077_00-7936170847725479,1999,1999
10,UP2500-PPSA10526_00-US0DPRANA0000PS5,1499,1499
10,UP0097-PPSA15370_00-0676058970550039,1999,1999
10,UB0675-PPSA24485_00-0322440109199253,1999,1999
10,UP1981-CUSA04867_00-MXGP2FULLGAME000,1499,1499
10,UP3023-PPSA20184_00-THUNDERRAYP5SIEA,1499,1499
10,UP8643-PPSA31588_00-0607898791576094,1999,1999
10,HP8406-PPSA30883_00-NIUPS5KOKLGLOB01,1499,1499
10,HB1638-PPSA39119_00-0977325914814979,1599,1599
10,UP0097-CUSA06481_00-CLUSTERTRUCK0000,1499,1499
10,UP1082-CUSA18841_00-ZOMBGHOULPATROL1,1499,1499
10,HP3332-PPSA24910_00-0564716849855247,1999,1999
10,UP8262-PPSA23396_00-0230189233913788,1999,1999
10,EP0822-PPSA36381_00-THECOMA300000PS5,1499,1499
10,UP0082-CUSA16969_00-CIRSBASEGAMESIEA,1999,1999
10,UB1592-PPSA30606_00-0556130628826175,1999,1999
10,EP4389-CUSA27676_00-SPHINXWW00000000,1499,1499
10,UP4133-CUSA01052_00-STYXMASTEROFUS01,1999,1999
10,HP6701-PPSA32527_00-0924810807693982,1899,1899
10,UB0225-PPSA27764_00-0659730792240554,1499,1499
10,UP1032-PPSA16756_00-JEDIPOWERBATTLES,1999,1999
10,UP3864-PPSA08801_00-MOONSCARS000PS5A,1999,1999
10,UP5784-CUSA30798_00-1782949482035654,1999,1999
10,EB1420-PPSA26091_00-0473475868369028,1999,1999
10,UP2011-PPSA31815_00-0773921487818827,1999,1999
10,UP2251-CUSA37155_00-1630512188477703,1999,1999
10,UP6718-PPSA29016_00-0795928489204167,1799,1799
10,UP3165-CUSA17843_00-MYRIDINGFARMUSOA,1999,1999
10,UP1474-CUSA11756_00-00AM0USMLVRD1101,1999,1999
10,JP0571-PPSA30592_00-HAMPRDC000000001,1699,1699
10,UP2047-CUSA03132_00-AGENTSOFMAYHEMDS,1999,1999
10,UB0527-CUSA50259_00-0498419109997614,1999,1999
10,UP3455-PPSA23500_00-0110160165754935,1499,1499
10,UP6883-PPSA27831_00-0719071885592398,1499,1499
10,UP4127-PPSA27995_00-UMAMIGLOBAL00000,1999,1999
10,UB0797-PPSA33800_00-0847968416732462,1299,1299
10,EP8204-CUSA46178_00-SPICAADVENTPS4EU,1999,1999
10,UP0135-PPSA20064_00-0777176532846608,1999,1999
10,UP7512-PPSA25242_00-0576577522657797,1499,1499
10,EB2055-CUSA56108_00-0485454842284495,1499,1499
10,UP5215-PPSA04999_00-CANNIBALCUISINE1,1299,1299
10,UP3165-PPSA16391_00-ANIMALKART2PS5US,1999,1999
10,UP3864-PPSA17912_00-BOTEALLOTUS000NA,1999,1999
10,UP2005-PPSA05465_00-EMPIREOFANGELSIV,1999,1999
10,UP1439-PPSA31927_00-0256444837941580,1999,1999
10,UP2187-CUSA06283_00-0000000000000000,1499,1499
10,UP1354-CUSA06864_00-MUSASHIGAMEBLADE,1499,1499
10,EP2649-PPSA26161_00-0769344621511152,1999,1999
10,UP2475-CUSA23114_00-MW2PS4000000000U,1999,1999
10,UP3252-PPSA24212_00-JANDUSOFT0000001,1499,1499
10,UB1012-PPSA29566_00-0842837215354237,1999,1999
10,UB1486-CUSA54381_00-0445979848164777,1499,1499
10,UP1528-CUSA35872_00-TURMOILALLYOUCAN,1599,1599
10,HB1334-CUSA54880_00-0769330383560101,1999,1999
10,EP2685-PPSA27281_00-0656480148590963,1199,1199
10,UP8012-PPSA15930_00-SLAPSBEANS2PS5US,1999,1999
10,UP6927-PPSA23113_00-0850442623229750,1999,1999
10,EP5987-PPSA29004_00-ULGVAMPIRE000001,1499,1499
10,EP6681-PPSA34053_00-0083391062664705,1599,1599
10,UP3528-PPSA26656_00-0516133686543011,1299,1299
10,UP0097-CUSA11933_00-STREETSOFROGUENA,1999,1999
10,UB0108-PPSA33038_00-0325852072292296,1499,1499
10,UB0675-PPSA30373_00-0998016640384846,1499,1499
10,UP3165-PPSA17700_00-DOGSCHMIDTSPS5US,1999,1999
10,HP7240-CUSA56520_00-0890280690644960,1699,1699
10,UP2320-PPSA01545_00-CALLOFTHESEA0000,1999,1999
10,UP6778-PPSA22283_00-0713253452409884,1199,1199
10,UP8026-CUSA44281_00-0977863272323750,1999,1999
10,EP1549-PPSA23596_00-0742551381817956,1999,1999
10,UP4127-CUSA17160_00-THETAKEOVER00000,1999,1999
10,UB0843-PPSA23168_00-0108184219909487,1999,1999
10,UP3528-PPSA17212_00-0354323301692203,1999,1999
10,UP3003-PPSA20433_00-0379860764243807,1999,1999
10,UP2564-CUSA35960_00-5707262802759316,1499,1499
10,UP1023-CUSA01166_00-AKIBASNEXTAPP000,1999,1999
10,UP2035-CUSA35530_00-3616316769034939,1499,1499
10,UP0097-CUSA11700_00-GUTSANDGLORY0000,1499,1499
10,UB1264-CUSA57225_00-0942820555637879,1499,1499
10,UP0001-CUSA29007_00-FC3BDMASTERPS400,1499,1499
10,UP8026-PPSA10968_00-0997672946615462,1999,1999
10,UB0478-PPSA28158_00-0158121049954395,1999,1999
10,UP2159-CUSA01305_00-NEVERALONEPS4000,1499,1499
10,UP2187-CUSA37229_00-6466513943967043,1499,1499
10,UP3474-CUSA12795_00-RG2017XX2018RG18,1899,1899
10,UB1012-CUSA55657_00-0957074275134563,1499,1499
10,UP8381-PPSA28983_00-FARMERSLIFE00000,1999,1999
10,UB0182-PPSA20089_00-0570941484648472,1499,1499
10,UP6893-PPSA26759_00-0370934343562897,1499,1499
10,UP4526-CUSA01326_00-DUSTAETPS4000000,1499,1499
10,UP5950-CUSA18430_00-GBDONENPS4DIG020,1499,1499
10,UP0031-CUSA13132_00-DEATHENDREQUEST0,1999,1999
10,EP3114-PPSA18258_00-0623372926660979,1499,1499
10,UP4029-CUSA01135_00-ENCHANTEDEDITION,1499,1499
10,UP4395-CUSA10423_00-BOMBERCREW000000,1599,1599
10,UP4064-CUSA25245_00-CROWNTRICK000000,1999,1999
10,UP9000-CUSA05202_00-EVT1100000000000,1499,1499
10,UB0858-PPSA26903_00-0127595225188775,1999,1999
10,UP2011-PPSA04181_00-0922527761026563,1499,1499
10,UP0527-PPSA05957_00-LONEWOLF00000000,1999,1999
10,UP1360-CUSA03080_00-0123012301234567,1499,1499
10,UB1522-PPSA30614_00-0617617431383265,1999,1999
10,UP2320-CUSA10969_00-BADNORTHDLGAME01,1499,1499
10,UP1032-CUSA04485_00-LAYERSOFFEAR0000,1999,1999
10,UP4064-CUSA19106_00-GOINGUNDER000000,1999,1999
10,EP4731-PPSA33631_00-0417436680813181,1999,1999
10,UB1558-PPSA30188_00-0561577701401574,1999,1999
10,UP2154-CUSA13266_00-KNIGHTSBIKESSIEA,1999,1999
10,UB0615-PPSA23418_00-0123578819401052,1499,1499
10,UP0737-CUSA56789_00-0108792852832734,1499,1499
10,EP7072-PPSA30796_00-INSTOFDESTRUCT00,1999,1999
10,UP5429-PPSA34827_00-0535205670513731,1099,1099
10,UP2005-PPSA05746_00-RAPTORBOYFRIEND0,1399,1399
10,UP5097-CUSA15916_00-0000000000000000,1999,1999
10,UP7788-CUSA55453_00-BGGSTANDARDPS400,1999,1999
10,JP0013-PPSA31592_00-JP0TEARSREVO0PS5,1999,1999
10,UP2320-CUSA17295_00-ATOMICROPS000000,1499,1499
10,UP5155-PPSA12424_00-2501700605828478,1999,1999
10,UP3589-PPSA17143_00-0766945843410766,1999,1999
10,JP0714-PPSA32279_00-0425576082326651,1099,1099
10,UP4133-CUSA19412_00-0000000CURSEGAME,1999,1999
10,UB0679-PPSA24934_00-0664770627598827,1999,1999
10,UP0962-CUSA13041_00-AFTRPRTYBASE0000,1999,1999
10,UP2106-CUSA28409_00-VAGANTE000000000,1499,1499
10,UP1249-PPSA06852_00-1152199601460657,1299,1299
10,UP2500-PPSA30744_00-US0BRANDEL000PS5,1499,1499
10,UP1643-CUSA38313_00-KINGDOMOFAURELIA,1999,1999
10,UP4664-CUSA19420_00-HUNTDOWN00000001,1999,1999
10,EP4114-PPSA22813_00-0978818596652672,1999,1999
10,UP0613-PPSA04293_00-6980832032208657,1999,1999
10,UP8533-PPSA36440_00-0959162843934380,1299,1299
10,UP3899-CUSA13411_00-SPIRITNORTH00001,1999,1999
10,UP2500-PPSA04781_00-US0ASAGA00000PS5,1499,1499
10,EP1549-PPSA25760_00-0194511087007672,1999,1999
10,UP1482-CUSA06976_00-DOTEMUYSORIGIN01,1999,1999
10,UB0837-PPSA35282_00-0361886309696590,1299,1299
10,UP4521-CUSA12490_00-DREAMDADDYENG000,1499,1499
10,UP5805-PPSA21185_00-0332595722780853,1999,1999
10,UP1642-CUSA04798_00-SLUS211960000001,1499,1499
10,UP6718-PPSA37045_00-0361653481589027,1199,1199
10,UP0001-CUSA02108_00-RISKGAMEPS400004,1499,1499
10,UP8381-PPSA30928_00-POOLCLEANINGSIM0,1799,1799
10,UP2500-PPSA26602_00-US0AHEARTS200PS5,1499,1499
10,UP1260-PPSA16828_00-0880304456574869,1999,1999
10,UP5155-PPSA32702_00-UNDERTHEISLAND00,1999,1999
10,JP0571-PPSA36749_00-HAMPRDC000000001,1199,1199
10,UP4497-CUSA13472_00-0000000000000002,1999,1999
10,UP0006-PPSA18471_00-PS50000000000ZAU,1999,1999
10,JP5361-CUSA57354_00-KAIRO00000191000,1399,1399
10,UP1470-CUSA09827_00-REALFARMUSOST000,1999,1999
10,EP4632-PPSA26697_00-0981052406726862,1499,1499
10,EP4904-PPSA35718_00-0644071486322813,1499,1499
10,JB1969-PPSA34462_00-0000000SHARDPUNK,1699,1699
10,UP4380-CUSA07598_00-XMORPHDEFENCE000,1999,1999
10,UP8251-PPSA34497_00-0858799687348498,1699,1699
10,UP5430-PPSA25443_00-0784485994880593,1999,1999
10,UP7847-CUSA46271_00-0137264524509542,1499,1499
10,UP9000-CUSA00036_00-DOKIDLCTHEGAME01,1499,1499
10,UP5430-CUSA15191_00-0000000000000000,1499,1499
10,UP2043-CUSA06885_00-DLTRILOGY0000000,1999,1999
10,EP7357-PPSA26943_00-0611530421771228,1499,1499
10,UP3740-CUSA10257_00-DAZWPS4000000000,1999,1999
10,UP8533-PPSA18516_00-0663053975315385,1099,1099
10,UP9000-CUSA09831_00-FZHDELUXE0000000,1999,1999
10,UP4416-CUSA40982_00-0088816963154750,1999,1999
10,UP9000-CUSA11919_00-FIONA000000000US,1999,1999
10,EP4904-PPSA31883_00-0553501447247812,1999,1999
10,UP2011-PPSA22456_00-0553961054210847,1999,1999
10,UB1336-PPSA32401_00-0560111178025314,1999,1999
10,UB0797-CUSA56912_00-0040531648349990,1499,1499
10,UP3050-CUSA12755_00-ARISETHEGAME00NA,1999,1999
10,UP6472-PPSA22010_00-TFTURHAZEL000000,1199,1199
10,EP1629-CUSA53858_00-UNICORNSTTAJDPS4,1599,1599
10,UP6883-PPSA26255_00-0731918533500550,1799,1799
10,UB0497-CUSA46301_00-0520231014795240,1999,1999
10,HB1689-CUSA56915_00-0096613307715165,1499,1499
10,UP2205-CUSA09083_00-CITADELXPERIENCE,1499,1499
10,EB0032-PPSA28229_00-0467599346696755,1299,1299
10,UP8215-PPSA30045_00-0521291584771106,1999,1999
10,UB1264-CUSA51681_00-0224955525919435,1299,1299
10,UP1725-PPSA29064_00-0463694937096335,1799,1799
10,UP0177-PPSA08876_00-ENDLESSDELUXENA0,1499,1499
10,UP1613-PPSA07358_00-THUMPERPS5000000,1999,1999
10,UP8703-PPSA34436_00-0355434103020129,1499,1499
10,UP4293-CUSA32096_00-ASTNCPS4SIEA0000,1999,1999
10,UP3252-PPSA23067_00-JANDUSOFT0000001,1249,1249
10,UB0714-CUSA49149_00-0237226118117472,1299,1299
10,HB1179-PPSA34981_00-0398369473328865,1699,1699
10,UP5155-PPSA14735_00-ALISA00000000000,1799,1799
10,HB1689-CUSA56552_00-0194620070389860,1499,1499
10,UB2079-CUSA56932_00-0521551230508089,1599,1599
10,UP1491-CUSA03902_00-PS4NUCLEARTHRONE,1199,1199
10,UP1012-CUSA01228_00-GONEHOME00000000,1499,1499
10,UP1063-PPSA22615_00-PB1FULLGAME00000,1999,1999
10,UB1012-CUSA51156_00-0401071837993262,1499,1499
10,EP4173-PPSA35128_00-0259197934445767,1399,1399
10,UP1023-CUSA25281_00-CORPSEPARTYBCRF0,1999,1999
10,UP4729-PPSA15986_00-0306870880130380,1499,1499
10,UP1477-CUSA04265_00-0000000000004849,1499,1499
10,UP2775-PPSA13792_00-0527233068679195,1999,1999
10,UP8251-PPSA30591_00-0306310001929995,1999,1999
10,UP7862-PPSA25037_00-USFNMBPS500000US,1999,1999
10,EB1267-PPSA25467_00-0211590116694567,1999,1999
10,HP8406-PPSA33090_00-0003681767096256,1999,1999
10,JP0576-CUSA44431_00-SVCCHAOSPS4JP000,1999,1999
10,UP0770-PPSA37008_00-0476671531785738,1999,1999
10,UP8802-CUSA02480_00-HMXAMPLITUDE2015,1999,1999
10,UP8012-PPSA20438_00-SHADOWNINJAPS5US,1999,1999
10,UP9000-CUSA02405_00-RAPTURE000000001,1999,1999
10,EP6325-PPSA33221_00-0259809898255734,1999,1999
10,UP3643-PPSA07020_00-7873428757968575,1999,1999
10,EP5903-PPSA21728_00-0838310824189626,1999,1999
10,EP1411-PPSA38280_00-0450443098926550,1999,1999
10,UP4735-PPSA07173_00-HAMMERWATCHAE000,1999,1999
10,UP2908-PPSA29727_00-GOODNIGHTDREAMND,1999,1999
10,UP2136-PPSA34886_00-0102009643043486,1199,1199
10,UP7356-CUSA46050_00-0846721169897275,1099,1099
10,UB1029-PPSA28837_00-0564886028601563,1199,1199
10,EB2055-CUSA56178_00-0044801774977833,1499,1499
10,UP8703-CUSA48156_00-0313127729389336,1499,1499
10,UP8767-PPSA22779_00-0726993342452877,1499,1499
10,EP5533-PPSA21943_00-0177668689520947,1499,1499
10,UP1063-CUSA13189_00-USOTSUKIHIME0001,1999,1999
10,UP3864-CUSA33535_00-MFE000000000000A,1999,1999
10,UP5848-CUSA30158_00-9184293259189298,1299,1299
10,UP5209-CUSA35805_00-0606523926720321,1499,1499
10,UP1243-CUSA08242_00-YONDERCCUS000000,1999,1999
10,EB2055-CUSA56124_00-0361266626326058,1499,1499
10,UP7552-CUSA58590_00-0274657721997973,1499,1499
10,UP3639-PPSA15961_00-0305768140863711,1899,1899
10,UP9000-CUSA01607_00-TEARAWAYUNFOLDED,1999,1999
10,UP2796-CUSA53621_00-0152760377043684,1499,1499
10,UP6778-PPSA16251_00-0870935000377135,1499,1499
10,UP2500-PPSA16488_00-US0ONIGOH0000PS5,1499,1499
10,HB0177-PPSA25437_00-0231331449581259,1499,1499
10,UP7013-CUSA41257_00-0192855716434110,1999,1999
10,UP8026-CUSA20615_00-HORSECLUBADV01US,1499,1499
10,JP7241-PPSA29783_00-0546832949473793,1499,1499
10,UP2154-CUSA06644_00-0823922179631210,1499,1499
10,UB0675-PPSA34265_00-0198076879856709,1499,1499
10,UP1578-CUSA06168_00-0000000000000001,1999,1999
10,UP4293-PPSA33197_00-PQBEYONDWORDSPS5,1499,1499
10,UP4008-CUSA09043_00-TT00000000000000,1999,1999
10,HB1689-CUSA56444_00-0531097654339020,1499,1499
10,UP0001-PPSA05260_00-GAME000000000000,1999,1999
10,UP3287-CUSA25745_00-0696324945356894,1499,1499
10,EP7385-PPSA34188_00-PITPANIC00000PS5,1499,1499
10,UP5107-CUSA16276_00-SACRALITHTALE002,1999,1999
10,UB0431-PPSA20262_00-0051879682506447,1999,1999
10,UB1012-CUSA53895_00-0905086438378154,1599,1599
10,UP6345-CUSA44751_00-0449183853998593,1999,1999
10,UP4745-CUSA12164_00-DETACHED000000US,1999,1999
10,UP3165-PPSA16890_00-MEMORRHAPS5USAME,1999,1999
10,UP4133-CUSA24704_00-WHAOSSTORMGROUND,1999,1999
10,UP7862-PPSA20232_00-MLSTMGPS500000US,1999,1999
10,EP3945-PPSA25773_00-0878722886718118,1999,1999
10,UP2775-CUSA32800_00-7479431751937498,1999,1999
10,HB1334-CUSA57731_00-0630239891982947,1299,1299
10,UP4196-CUSA36417_00-0929393943763059,1999,1999
10,HP6885-PPSA29708_00-KEJORAPS5GLOBALM,1999,1999
10,UP7605-PPSA24391_00-0861239830347944,1999,1999
10,UP7778-PPSA13947_00-DICELEGACYPS5USA,1999,1999
10,UP3808-CUSA08960_00-THIMBLEWEEDPARK0,1999,1999
10,UP2520-CUSA12454_00-PDP0QUBITSQUEST0,1999,1999
10,UP1012-CUSA01003_00-AIRCONFLICTSVIET,1299,1299
10,UP5061-CUSA16588_00-HOOKBOTS00000000,1999,1999
10,UP5099-PPSA18201_00-STILTSTILTSTILTA,1999,1999
10,UB0157-PPSA21554_00-0098384937175788,1999,1999
10,UP1560-CUSA07763_00-ANCIENTAMULETOR1,1999,1999
10,UP1063-CUSA06770_00-CLASSICDUNGEON03,1999,1999
10,EP1629-PPSA23130_00-GREED3OERJDPS5EU,1999,1999
10,JB1981-PPSA35387_00-0618276101240247,1999,1999
10,UP2264-CUSA12477_00-000000SPEEDBRAWL,1999,1999
10,UP4424-CUSA13415_00-CATCHANDRELEASE0,1999,1999
10,UP2500-PPSA17832_00-US0ISEKAIR000PS5,1499,1499
10,UP4133-PPSA08529_00-DORDOGNEGAME0000,1999,1999
10,UB1486-CUSA55901_00-0101882833756668,1299,1299
10,UP3059-PPSA22213_00-EXOGRAPHER000000,1999,1999
10,UP5701-PPSA04016_00-8641393564631401,1999,1999
10,UP0182-PPSA26106_00-MISSILECMDDELTA5,1999,1999
10,EP4904-PPSA35717_00-0860062433919496,1999,1999
10,EP1549-PPSA29925_00-0497717946263508,1999,1999
10,EB2107-CUSA56918_00-0799485906029922,1499,1499
10,UB0245-CUSA52895_00-0599936405414342,1499,1499
10,UP2035-CUSA44886_00-0485475675770503,1499,1499
10,EB1267-PPSA34382_00-0451875553970556,1999,1999
10,UP8212-PPSA33610_00-0224265625401368,1999,1999
10,UP0295-PPSA12384_00-2445729949026016,1999,1999
10,UP7482-CUSA31832_00-4696217930413569,1999,1999
10,EP8204-PPSA23481_00-CROSSOUTRESPS5US,1999,1999
10,UP7160-PPSA32933_00-0192731582877401,1999,1999
10,UP2106-PPSA06283_00-FIGHTNRAGE000000,1999,1999
10,UP3864-PPSA13783_00-SUPRALANDSIUP5NA,1999,1999
10,UP6217-CUSA25935_00-4808550444157791,1999,1999
10,UP1001-CUSA06179_00-NBA2KVR000000000,1499,1499
10,UP5631-PPSA14266_00-0168169685233795,1999,1999
10,UP6163-PPSA04638_00-9254469688600592,1999,1999
10,UB0755-PPSA23827_00-0069717173686447,1449,1449
10,UP6665-PPSA15734_00-WS00000000000000,1999,1999
10,UP4382-PPSA27640_00-BENEATHTHEGAME00,1999,1999
10,UP3165-CUSA47683_00-SUMMERGACHAPS4US,1999,1999
10,UP3165-PPSA15299_00-DVLABYRINTHPS5US,1999,1999
10,UP2199-CUSA17809_00-ROUNDGUARDNA0002,1999,1999
10,UP4008-CUSA08693_00-WRC7000000000000,1999,1999
10,HB1656-PPSA29800_00-0849210823475228,1999,1999
10,UP5420-PPSA31665_00-0807198200770730,1999,1999
10,UP4064-CUSA30508_00-HOKKOLIFE0000000,1999,1999
10,UP6893-PPSA29541_00-0852025259021995,1999,1999
10,UP0737-CUSA43413_00-0964903324988498,1999,1999
10,EB1267-PPSA31859_00-0835129210571378,1999,1999
10,UP1280-CUSA02885_00-DBC0000000000001,1999,1999
10,EP5987-PPSA30233_00-ULGDRIFTLAND0001,1999,1999
10,EP3024-PPSA25762_00-LUDOXXL02WOWIPS5,1999,1999
10,UP2005-PPSA11007_00-SWORDFAIRYINN200,1999,1999
10,UB0974-PPSA24167_00-0675698315372097,1999,1999
10,UP3455-PPSA05111_00-NIGHTTRAPANNIVER,1499,1499
10,UP2181-PPSA04105_00-RCAC0V0010000005,1499,1499
10,UP7606-PPSA06618_00-XXXXXXXXXXXXXXXX,1999,1999
10,UP7552-PPSA36261_00-0152594528626075,1999,1999
10,EP6357-PPSA28915_00-MV30000000000000,1999,1999
10,UB0714-CUSA53882_00-0024407978912972,1499,1499
10,UP3868-CUSA34677_00-0716178130809845,1999,1999
10,UB0192-PPSA25239_00-0396234357474482,1999,1999
10,EP5265-PPSA37192_00-0094644565948452,1199,1199
10,EB2107-CUSA57100_00-0643627147890831,1499,1499
10,UP2187-PPSA15901_00-0275400229395087,1999,1999
10,UP3252-PPSA28840_00-JANDUSOFT0000001,1999,1999
10,UB0615-PPSA26934_00-0454494285712266,1999,1999
10,UP6508-PPSA21887_00-0830587797532070,1999,1999
10,UP0977-PPSA14681_00-0380429015353443,1999,1999
10,UP4395-CUSA13964_00-0000000000000000,1999,1999
10,UP7593-CUSA37214_00-SHOOTRUN00000PS4,1999,1999
10,EB1778-PPSA30693_00-0841799262855361,1149,1149
10,UP7276-PPSA37767_00-0123456789DOTDVR,1499,1499
10,UP7951-PPSA09689_00-2214775524052532,1999,1999
10,UP5358-CUSA30993_00-INFERNAXTACSIEA0,1999,1999
10,UP5552-PPSA03318_00-6311527243742272,1499,1499
10,UB0714-CUSA53951_00-0210984039285690,1499,1499
10,EP8140-PPSA28718_00-0758933371646353,1499,1499
10,UP7111-PPSA04981_00-AMONSTEREXPPS5NA,1999,1999
10,UP3252-PPSA30888_00-JANDUSOFT0000001,1249,1249
10,EP3446-PPSA26343_00-PROJCTBRIGHTSIDE,1999,1999
10,EP6480-PPSA28591_00-SECTION13GLOBAL1,1999,1999
10,UP3864-CUSA23985_00-CARTO0000000000A,1999,1999
10,UP6406-PPSA15399_00-0627616670876510,1999,1999
10,UP2011-PPSA23953_00-PIPISTRELLO00000,1999,1999
10,UB0918-PPSA33214_00-0520874026535142,1999,1999
10,EP1549-PPSA25761_00-0295366920596147,1999,1999
10,EP4459-PPSA36363_00-SLIMYMINESPS5000,1299,1299
10,UP5552-PPSA09512_00-6741594947785692,1999,1999
10,UP8616-PPSA35248_00-0134721857860259,1499,1499
10,UP1475-PPSA08243_00-MARSUPS5000000US,1999,1999
10,UP7219-PPSA09052_00-7251822014577853,1999,1999
10,UP0036-CUSA25204_00-KOWLOON0000US010,1999,1999
10,UP3528-PPSA35129_00-0033055998499852,1999,1999
10,UP4403-PPSA02622_00-NEONCHROME000000,1499,1499
10,HB1334-CUSA52785_00-0246660038441240,1499,1499
10,EB1267-PPSA28938_00-0240902342905051,1999,1999
10,UP2787-CUSA15701_00-0000000000000014,1999,1999
10,UP2034-CUSA19507_00-CAMPFIREHG000001,1499,1499
10,UP7413-PPSA19806_00-0634319425921388,1999,1999
10,UP4127-CUSA28517_00-R3PUS00000000000,1999,1999
10,UP0097-CUSA32420_00-9000126430611926,1499,1499
10,UP0576-CUSA29364_00-KOF98UMFE00000US,1499,1499
10,UP1022-CUSA04654_00-SLUS200150000001,1499,1499
10,UP5580-PPSA06778_00-000EXOONEPS5SIEA,1699,1699
10,UP1564-PPSA22934_00-0804440860795389,1899,1899
10,UP5315-CUSA17061_00-MARS000000000001,1999,1999
10,UP0692-PPSA02778_00-MANIFGARDENNAPS5,1999,1999
10,UP0576-CUSA11055_00-KOF97GLOBALMATCH,1499,1499
10,UP2500-PPSA24195_00-US0DSINKER000PS5,1499,1499
10,UP0760-CUSA05010_00-OCEANHORN0000001,1499,1499
10,JB2213-PPSA36006_00-0006849174575769,1299,1299
10,EP5938-PPSA31771_00-097600THISISFINE,1899,1899
10,UP4133-CUSA02858_00-MORDHEIMCOMPLEED,1999,1999
10,UP2500-PPSA24186_00-US0ANTIQUIA00PS5,1499,1499
10,UP0287-CUSA12297_00-NEKOPARA010000US,1499,1499
10,UP2158-PPSA20054_00-TOPRACER000PS5NA,1999,1999
10,UP4873-CUSA17834_00-BRIGADEFULLGAME0,1999,1999
10,EP7357-PPSA30651_00-0686908275142292,1999,1999
10,UP3528-CUSA43530_00-0330882642212686,1999,1999
10,UP6941-PPSA03310_00-7187781113718014,1999,1999
10,UB1453-PPSA30915_00-0971306318878027,1999,1999
10,UB0038-PPSA18408_00-0937375141154926,1999,1999
10,UP7796-PPSA19610_00-0549898508131128,1999,1999
10,UP3157-CUSA18220_00-DEMAGNETEVR00000,1999,1999
10,HP6978-PPSA27165_00-ECOGNOMIX0000001,1999,1999
10,UP4695-CUSA11410_00-INSANEROBOTS0000,1999,1999
10,UP4176-CUSA25318_00-1500995701060465,1999,1999
10,UB2173-PPSA36375_00-0999298970769194,1999,1999
10,UB1017-PPSA26389_00-0553223145202506,1999,1999
10,UP5834-CUSA29965_00-6808278761632747,1999,1999
10,UP7993-PPSA29216_00-0911801488670252,1999,1999
10,UP5993-CUSA26972_00-STONEFLY00000000,1999,1999
10,UP2158-PPSA33073_00-STREETRACERQBPS5,1999,1999
10,UP4496-PPSA03246_00-THETOURYST000000,1999,1999
10,UP7660-PPSA15630_00-0045744984006303,1999,1999
10,UP4958-PPSA03126_00-9420338825721166,1999,1999
10,JP7241-PPSA33503_00-0855460074219699,1399,1399
10,UP6718-PPSA35202_00-0024759396265363,1499,1499
10,UP2979-CUSA14089_00-DEMONRUSHPS4FOUR,1799,1799
10,EP3948-PPSA27221_00-0821683129289670,1499,1499
10,UP5869-PPSA14149_00-0869730996058803,1399,1399
10,UP2753-CUSA18302_00-000000000TEMPEST,1899,1899
10,UP1681-CUSA20479_00-SUMMERBUNDLESIEA,1499,1499
10,UP2885-CUSA30845_00-UNBATHESOKOBANEN,1799,1799
10,UP2500-PPSA05338_00-US0JUSTICEC00PS5,1499,1499
10,UP3883-CUSA18541_00-JUMPKINGPS4US001,1299,1299
10,UP2028-CUSA06499_00-THEBARDSTALERNRD,1999,1999
10,UP3252-PPSA33477_00-JANDUSOFT0000001,1099,1099
10,UP1082-CUSA02346_00-TRONRUNRDELUXE01,1999,1999
10,HP8406-PPSA32275_00-NIUCPTRSGLOBAL01,1499,1499
10,UP6588-CUSA34352_00-9975177629228930,1799,1799
10,UP7473-CUSA54083_00-0957096749432083,1799,1799
10,EP6930-PPSA26877_00-0669157732693553,1799,1799
10,EB1420-PPSA33528_00-0795724090757565,1499,1499
10,EP3729-PPSA25838_00-000WHYDFATHERPS5,1499,1499
10,UP1564-CUSA09902_00-911OPERATORPS400,1799,1799
10,UP4624-PPSA23128_00-0890047077908652,1799,1799
10,EB0796-CUSA48741_00-0012254895480729,1499,1499
10,UP0312-CUSA03781_00-CLAIREEXTENDEDCU,1499,1499
10,UP0964-PPSA11501_00-4069570327247580,1499,1499
10,UP0571-CUSA42321_00-HAMPRDC000000001,1499,1499
10,UP5468-PPSA17727_00-BANGBANGBANGKING,1249,1249
10,UP2660-PPSA03869_00-BREWMASTERAUROCH,1799,1799
10,UP6893-PPSA29539_00-0239877170870663,1499,1499
10,UP4127-CUSA35243_00-TWHMVUS000000000,1499,1499
10,UP2005-PPSA21643_00-SUPERWODENGP2000,1299,1299
10,EB2055-CUSA56150_00-0477176834575907,1299,1299
10,UP6778-PPSA22279_00-0380904186566070,1799,1799
10,JP0013-PPSA35615_00-JP0AKUPARA0SEPS5,1999,1999
10,EP5206-CUSA56165_00-0521236450425982,1749,1749
10,UB0655-PPSA30798_00-0953421814880459,1799,1799
10,UP2320-PPSA11001_00-POSTTRAUMA000000,1499,1499
10,JP0571-CUSA53671_00-HAMPRDC000000001,1499,1499
10,EB2107-PPSA34911_00-0669615544729618,1499,1499
10,UP4389-CUSA05852_00-THISISTHEPO00US1,1999,1999
10,EP3495-PPSA27376_00-0161754423741776,1499,1499
10,JB1134-PPSA25801_00-0079987953834001,1099,1099
10,UP0969-PPSA17751_00-TOUHOULUNANIGHTS,1799,1799
10,UP2844-CUSA13467_00-PAPERDOLLSAMERIC,1699,1699
10,EP0822-PPSA30499_00-SOULSLINGER00PS5,1999,1999
10,UB1220-PPSA31109_00-0237418495659322,1299,1299
10,JP1368-PPSA34247_00-KINGDOMRAPPWW000,1499,1499
10,UP0743-PPSA14657_00-0039951819063217,1499,1499
10,UP2058-CUSA19070_00-PROBILLIARDS0000,1999,1999
10,UP3490-CUSA07764_00-1111212111112112,1499,1499
10,UP6935-PPSA18354_00-0436773469497637,1499,1499
10,UP1981-CUSA05234_00-MOTOGPVR46FGAME0,1499,1499
10,UP2124-PPSA20091_00-0911754659551346,1999,1999
10,UP2125-CUSA02052_00-BASTIONGAME00000,1499,1499
10,UP4099-CUSA28300_00-5324880800485483,1699,1699
10,UP9000-CUSA06091_00-UCUS987310000001,1499,1499
10,EP7791-PPSA15272_00-0958642995703930,1999,1999
10,UP0426-CUSA11926_00-TIMESPINNER00000,1999,1999
10,UP5805-CUSA45834_00-0210479864864859,1499,1499
10,UP7137-PPSA15879_00-0791373335556683,1999,1999
10,UP7299-PPSA17111_00-0727158726101567,1999,1999
10,UP7356-CUSA44662_00-0578663673368639,1999,1999
10,UP2638-CUSA10337_00-MADWPLANETBASEUS,1499,1499
10,UP4133-CUSA04730_00-CALLOFCTHULHUXXX,1999,1999
10,UP4488-CUSA00629_00-CDGROGUELEGACY01,1699,1699
10,UP1263-CUSA04303_00-INCREDIBLEAVH1EA,1999,1999
10,UP0299-PPSA18801_00-0656814607274404,1499,1499
10,UP4389-CUSA06405_00-SLUS204420000001,1499,1499
10,UP3151-CUSA07644_00-USEYOURWORDS0001,1499,1499
10,UP1675-CUSA45798_00-SYPS4MINDSEIZE00,1699,1699
10,UP4029-CUSA00234_00-TRINE2COMPLETE00,1999,1999
10,UP4008-CUSA16804_00-TUPSIEA000000000,1999,1999
10,UP4459-PPSA15896_00-LATESHIFTPS5SIEA,1499,1499
10,UP7408-PPSA28223_00-0122840457705725,1999,1999
10,UP5155-PPSA22451_00-CRYPTCUSTODIAN00,1999,1999
10,UP2500-PPSA13313_00-US0ALPHANEO00PS5,1499,1499
10,UP2500-PPSA34244_00-US0AKAMURA000PS5,1499,1499
10,UP7552-CUSA59515_00-0285139910632219,1999,1999
10,UP6778-PPSA18122_00-0786894798950615,1199,1199
10,UP0036-CUSA13553_00-000000000KLKGAME,1999,1999
10,EP2685-PPSA20943_00-0484200664515810,1199,1199
10,UT0007-PPSA06982_00-OXEN2PS5SIEA0005,1999,1999
10,UP2154-CUSA01319_00-0326127884382982,1499,1499
10,UP2527-CUSA07026_00-THETURINGTEST001,1999,1999
10,UP2159-CUSA18922_00-BEYONDBLUESIEA00,1999,1999
10,UP0700-CUSA19255_00-NMARCHIVES000000,1999,1999
10,UP5580-CUSA17746_00-TOOLSUP000000000,1999,1999
10,UP1475-CUSA16627_00-OFFROADRACING0US,1999,1999
10,UP0097-CUSA04499_00-PARTYHARD0000000,1299,1299
10,UP2053-PPSA04116_00-7996049261994855,1999,1999
10,UP0067-PPSA13480_00-0966740944912751,1999,1999
10,UP4293-PPSA02527_00-5705474204787542,1999,1999
10,UP6139-PPSA23580_00-0048562019511281,1499,1499
10,UP5030-PPSA14342_00-0732339042516613,1999,1999
10,UP5155-PPSA32694_00-SILLYPOLLYBEAST0,1999,1999
10,UP4256-CUSA19129_00-HYPNOSPACEOUTLUS,1999,1999
10,UP9000-CUSA08981_00-BLACKWOOD0000001,1999,1999
10,UP7356-CUSA43536_00-0558319509379861,1899,1899
10,EP5478-PPSA23339_00-0112187226507885,1999,1999
10,UP2784-CUSA07287_00-TOOTHNTAIL00SIEA,1999,1999
10,UB0245-PPSA23684_00-0987842916872143,1999,1999
10,UP8802-CUSA03728_00-HMXVR00000EN2016,1499,1499
10,UP5805-CUSA31650_00-8963598294931878,1549,1549
10,JP0571-PPSA31738_00-HAMPRDC000000001,1199,1199
10,UP5805-CUSA28974_00-5848074395537435,1599,1599
10,UP3113-PPSA13527_00-0098752466302456,1999,1999
10,UP2844-CUSA11516_00-WINKINGHUNGRYUSA,1699,1699
10,UP4382-CUSA11519_00-TWRPS4000000000U,1999,1999
10,UB0227-PPSA24776_00-PARKINGMASTERS01,1299,1299
10,JB1863-PPSA37113_00-0846366821667653,1099,1099
10,UP3165-PPSA20670_00-4SCHMSPIELEPS5US,1999,1999
10,UP6984-PPSA05639_00-8676898247436439,1999,1999
10,UP1635-CUSA10206_00-0000000000000000,1999,1999
10,EP0822-PPSA34169_00-VAMBRACEDMPS5000,1499,1499
10,EP2333-PPSA26402_00-WHEELWORLD000000,1999,1999
10,UP4416-CUSA44525_00-0818233415242669,1999,1999
10,EP2627-PPSA30558_00-OUAJPS5000000000,1499,1499
10,EP3919-PPSA20904_00-ROADOUTEU0000000,1499,1499
10,EP5275-PPSA27987_00-0338147270120025,1049,1049
10,UP1309-PPSA14035_00-NOCTURNALPS5SIEA,1999,1999
10,EB1737-PPSA34091_00-0634369791435141,1599,1599
10,EP0782-PPSA34487_00-0663633806132469,1499,1499
10,UP1181-PPSA31643_00-0413013502483760,1099,1099
10,UB0946-PPSA33213_00-BEATTHECHAMPSPS5,1999,1999
10,UB0714-CUSA50201_00-0302157819776941,1499,1499
10,UP1181-PPSA29297_00-0731691971441360,1299,1299
10,JP0571-CUSA54932_00-HAMPRDC000000001,1499,1499
10,UP3165-PPSA10281_00-MOORHUHNKART02US,1999,1999
10,EB0093-PPSA26370_00-0656094952990409,1499,1499
10,JP0013-PPSA24127_00-JP0DTAKERS000PS5,1499,1499
10,EP5098-PPSA17595_00-0535734333503487,1999,1999
10,UP2035-CUSA44893_00-0634427493336202,1499,1499
10,UP5325-CUSA26569_00-BORISTHEROCKET00,1499,1499
10,UP1482-CUSA32398_00-6604298872024088,1799,1799
10,UP1350-CUSA33299_00-9929520464527106,1999,1999
10,UP3844-CUSA10247_00-FMEN4SIEAFULLVER,1999,1999
10,UP5580-PPSA08532_00-BFIREWALLPS5SIEA,1499,1499
10,UP7111-CUSA28187_00-BONFIREPEAKSP4NA,1999,1999
10,UP4473-CUSA01495_00-STEAMWORLDHEIST0,1499,1499
10,HP3332-PPSA27766_00-0970259942664531,1499,1499
10,UP4729-CUSA26593_00-5305977006938655,1499,1499
10,UP1898-CUSA08617_00-3FE1234500000000,1499,1499
10,HB1334-PPSA29567_00-0135900737728286,1499,1499
10,UP6547-CUSA28048_00-2705751867065666,1499,1499
10,UP2035-CUSA35538_00-3210640863067222,1499,1499
10,UB0027-CUSA56367_00-0914180665034076,1499,1499
10,UB0538-PPSA22727_00-HOWTOSINGTOPENR5,1499,1499
10,UB0124-PPSA28251_00-CHAINSTAFFPS5001,1499,1499
10,UP1787-CUSA14060_00-0000000000000001,1499,1499
10,EB2055-CUSA56179_00-0586059805123271,1499,1499
10,UP0891-CUSA19416_00-RATAEVENTHEOCEAN,1499,1499
10,UB0312-PPSA25363_00-0225380047969905,1499,1499
10,UP4333-PPSA34628_00-0712699136493230,1499,1499
10,UP3252-PPSA33103_00-JANDUSOFT0000001,1499,1499
10,UP4096-CUSA00739_00-CHARIOTUS0000000,1499,1499
10,UP0881-CUSA36567_00-9562985252207986,1499,1499
10,EP4186-PPSA22220_00-UUPRISING0000000,1499,1499
10,EB2107-CUSA56933_00-0044319140458408,1499,1499
10,UP0190-PPSA19757_00-0665448538356919,1499,1499
10,UP4509-CUSA28291_00-9229531205268202,1499,1499
10,UP0287-PPSA20879_00-0787984922179926,1499,1499
10,JP3325-PPSA24483_00-0120748175588604,1499,1499
10,UP4293-CUSA31029_00-6618161824588369,1499,1499
10,UB0760-CUSA48608_00-0604674455540224,1499,1499
10,UB0290-PPSA26613_00-0515927660719139,1499,1499
10,UP7427-PPSA05371_00-DICEYDUNGEONS000,1499,1499
10,UP2059-CUSA06408_00-MOVEORDIEPS40000,1499,1499
10,UP1675-PPSA05770_00-SYPS5PANTSUHUNTE,1299,1299
10,UB1829-PPSA32412_00-0352481328708926,1449,1449
10,EP6138-CUSA51971_00-0054530720281856,1499,1499
10,HB1358-PPSA30746_00-0218423062295876,1599,1599
10,EP1629-CUSA49740_00-DREAMSCAPNHJDPS4,1999,1999
10,UP0814-CUSA25297_00-8083431598780981,1999,1999
10,UB1264-PPSA34572_00-0680222652136346,1499,1499
10,UP0884-PPSA04894_00-0848051528915523,1499,1499
10,UP4395-PPSA03448_00-AUTONAUTSPS5US00,1999,1999
10,UP1340-CUSA07460_00-VOSTOKINCMASTER0,1499,1499
10,EB1798-PPSA32964_00-0914443718863818,1499,1499
10,EP6325-PPSA29006_00-0717329157545461,1499,1499
10,UP4654-PPSA30236_00-0157455234672449,1449,1449
10,UP2035-CUSA35534_00-3852548569038965,1499,1499
10,UP2122-CUSA00551_00-HDDBOOT000000001,1499,1499
10,UP6521-CUSA25964_00-7549878942731669,1499,1499
10,JP0571-CUSA54689_00-HAMPRDC000000001,1499,1499
10,UP4760-CUSA18688_00-BRAVELANDTRILOGY,1499,1499
10,UB0585-PPSA26493_00-0775228367434455,1499,1499
10,UP1475-CUSA17387_00-TITEUFMEGA0000US,1499,1499
10,UB0235-PPSA18964_00-0582308571732471,1499,1499
10,UP6963-PPSA18785_00-0438543852240011,1499,1499
10,UP1309-CUSA14104_00-0000000000000000,1499,1499
10,UP2844-CUSA07686_00-WKVRUMARS0000000,1499,1499
10,UB0837-PPSA30846_00-0690322738330618,1499,1499
10,UP9000-CUSA00695_00-UNFINISHEDSWANP4,1499,1499
10,UP0135-PPSA20067_00-0968015556764490,1299,1299
10,EP4902-PPSA28378_00-0258825322076233,1499,1499
10,UP4459-CUSA16992_00-SIMULACRAGAMEPS4,1299,1299
10,UP1014-CUSA06585_00-SLUS202510000001,1499,1499
10,UP1421-PPSA14084_00-0013011435962056,1499,1499
10,UP2251-CUSA15402_00-VA11HALLANA00000,1499,1499
10,UB0714-CUSA52227_00-0102297760391314,1499,1499
10,UP9000-CUSA02205_00-SCUS972310000001,1499,1499
10,UP0707-CUSA03167_00-ZEBOYDCSHFG00001,1499,1499
10,UP4525-CUSA07154_00-CRYPTARK00000000,1499,1499
10,UB0382-PPSA26703_00-0904090056693323,1999,1999
10,EB0685-CUSA49689_00-0863506893326499,1499,1499
10,UP7147-CUSA28629_00-WINDPEAKS0010000,1499,1499
10,UP1496-PPSA29029_00-VANISHING00PS5US,1499,1499
10,UP1681-CUSA41293_00-DEMHUN1PS423SIEA,1799,1799
10,UP3252-PPSA30596_00-JANDUSOFT0000001,1049,1049
10,JP4236-PPSA36490_00-0672872236000918,1999,1999
10,UP4173-PPSA29026_00-0739229762817761,1999,1999
10,UB0097-PPSA32903_00-0358576296209781,1499,1499
10,UP8004-CUSA03496_00-5STARWRESTLINGRG,1999,1999
10,JP0571-CUSA54896_00-HAMPRDC000000001,1499,1499
10,UP8703-CUSA49242_00-0985103724711687,1499,1499
10,UB0797-CUSA56337_00-0348283523391846,1499,1499
10,UP3027-CUSA09430_00-VRKARTS0USA00001,1499,1499
10,UP8617-PPSA15705_00-0262887848626655,1999,1999
10,UP2205-PPSA03694_00-8409456935864872,1499,1499
10,UP0562-PPSA21343_00-0273180775106939,1999,1999
10,UP6673-CUSA30097_00-1662202874206950,1499,1499
10,EB1037-PPSA27200_00-TOUHOUADIARCADIA,1499,1499
10,UP2187-CUSA24408_00-0039988282846050,1499,1499
10,UP0977-CUSA16434_00-BASEGAME00000000,1499,1499
10,UP2011-PPSA19268_00-0398696143676238,1499,1499
10,JB0500-PPSA32315_00-0967927738849451,1499,1499
10,UP5552-PPSA03409_00-1969295023609525,1999,1999
10,EB2107-PPSA36134_00-0384772316913070,1499,1499
10,EP5987-PPSA32947_00-ULGMETROSIM00001,1299,1299
10,HB1728-PPSA32708_00-0558491273411822,1549,1549
10,UP2058-PPSA26159_00-0035173330401073,1999,1999
10,HB1593-PPSA34513_00-08166597PEPPERED,1499,1499
10,EP8140-PPSA26681_00-0212806863133882,1499,1499
10,UP3473-CUSA20527_00-TAXINA2020000000,1999,1999
10,HB1334-CUSA52645_00-0324870055015387,1499,1499
10,UP4473-CUSA08538_00-00STEAMWORLDDIG2,1999,1999
10,UP1091-CUSA27205_00-JASBMALLBRAWL000,1499,1499
10,UP1520-CUSA03161_00-CACTUS0000000001,1499,1499
10,UP3178-CUSA14846_00-0000000000000000,1249,1249
10,UP1564-PPSA20640_00-MADGWW2R05122023,1999,1999
10,UP5526-CUSA24014_00-KAIRO00000088000,1399,1399
10,UP5577-PPSA10863_00-9707644340249712,1499,1499
10,UP2590-CUSA05974_00-MANTISBURN000000,1499,1499
10,UP0700-CUSA19277_00-NMARCHIVES000000,1999,1999
10,UP8016-PPSA15230_00-HOW2E00GAMEUSA01,1499,1499
10,UP0969-CUSA27719_00-000ANGELSOFDEATH,1499,1499
10,UP4493-PPSA14464_00-MAYHEMBRAWLERPS5,1999,1999
10,UP5526-CUSA29743_00-KAIRO00000145000,1399,1399
10,UP0001-CUSA29140_00-GAME000000000000,1999,1999
10,UB0046-PPSA24601_00-0688906713281357,1999,1999
10,UP0097-PPSA06314_00-2107942670243185,1999,1999
10,UP2165-CUSA15451_00-LOF2GAMEUS000000,1999,1999
10,UP0001-CUSA01886_00-ZUNEXTPS4PORT001,1999,1999
10,UP2833-CUSA51200_00-5000000000000000,1199,1199
10,UP2151-CUSA01273_00-000CHASM00000PS4,1999,1999
10,UP5805-CUSA32322_00-1446829245492455,1449,1449
10,UP3864-CUSA18815_00-ONESTEPFROMEDENA,1999,1999
10,UP0977-CUSA08179_00-AOTLS22002171006,1499,1499
10,UP6261-PPSA09301_00-4423887603515617,1499,1499
10,JP0571-CUSA53689_00-HAMPRDC000000001,1499,1499
10,UP4724-CUSA19183_00-ARCHAICAPS400002,1499,1499
10,EP7357-PPSA26585_00-0410671935169018,1499,1499
10,UB2030-CUSA57740_00-0771957935379179,1499,1499
10,UP5947-CUSA45546_00-0053605399550265,1499,1499
10,UP5673-CUSA18293_00-DRAGONRIDEVR0001,1499,1499
10,UP1421-PPSA14073_00-0286263761734373,1499,1499
10,UP4724-CUSA18939_00-0000000000000000,1499,1499
10,UP2384-CUSA41290_00-0867125582274785,1499,1499
10,UP8825-CUSA15818_00-GROUNDHOGDAY2019,1499,1499
10,UP4425-CUSA03871_00-INSIDEMYRADIOPS4,1499,1499
10,UP0891-PPSA02266_00-RATALAIKAGKLANG2,1499,1499
10,UP4905-CUSA20200_00-0000000000000000,1499,1499
10,UP3562-CUSA12079_00-NOHEROESHERE2018,1499,1499
10,UP2500-PPSA08136_00-US0OVERROGUE0PS5,1499,1499
10,UP8431-PPSA22068_00-0592890161883432,1499,1499
10,EP5098-PPSA29763_00-0643544242087448,1499,1499
10,UP2427-PPSA35048_00-0565794763585515,1499,1499
10,UP3252-CUSA17644_00-JANDUSOFT0000001,1499,1499
10,EP4902-PPSA24671_00-0635581741289231,1499,1499
10,UP0725-CUSA12036_00-SUBAERIASUBAERIA,1499,1499
10,EP0822-PPSA24604_00-THECOMA2BCATAPS5,1499,1499
10,UP6607-CUSA45507_00-0645031198835697,1499,1499
10,UP2053-PPSA21337_00-CLOCKTOWERPS5USA,1999,1999
10,UP5526-CUSA23874_00-KAIRO00000073000,1399,1399
10,UP5526-CUSA24140_00-KAIRO00000130000,1399,1399
10,UP0097-PPSA32810_00-DRILLCOREGAME000,1999,1999
10,EB1415-PPSA29001_00-0286142907067762,1399,1399
10,JP5361-CUSA55562_00-KAIRO00000189000,1399,1399
10,UP6606-PPSA05340_00-5327020403569811,1399,1399
10,JP0013-PPSA32398_00-JP0DRUINS2000PS5,1499,1499
10,UB0561-PPSA21776_00-0811483022402755,1399,1399
10,UP0576-CUSA06000_00-GAROUMOW00000001,1499,1499
10,UP7519-CUSA33432_00-2218150198178030,1399,1399
10,UP4307-CUSA10503_00-DU3ENGFULL000000,1399,1399
10,UB0797-CUSA50770_00-0703885353408472,1799,1799
10,UP1181-PPSA26540_00-0609208022906597,1399,1399
10,UP5526-CUSA23806_00-KAIRO00000058000,1399,1399
10,UB0565-PPSA21653_00-0876057869714418,1999,1999
10,JP0571-PPSA30550_00-HAMPRDC000000001,1699,1699
10,UP7935-PPSA24919_00-0123151417381082,1799,1799
10,UP2356-CUSA05349_00-DEADEFFECT2PREMI,1099,1099
10,UP3643-PPSA02628_00-1990133284463875,1999,1999
10,UP2470-CUSA16938_00-TELLINGLIESSIEA0,1999,1999
10,UP4293-PPSA21405_00-ARCRUNNERPS5SIEA,1999,1999
10,UP0866-CUSA12920_00-0000000000000000,1899,1899
10,UP0101-PPSA05987_00-0045852453150374,1999,1999
10,EP5049-PPSA24109_00-SUGARDEWISLAND01,1699,1699
10,UP1309-CUSA05150_00-NEUROVOIDERPS4US,1399,1399
10,UP3528-PPSA18977_00-0460947961983319,1999,1999
10,UP0031-CUSA04807_00-FFFADF0000000NA1,1999,1999
10,EP7099-PPSA28371_00-AIRSHIPKAIJUJRPG,1999,1999
10,UP2011-PPSA31210_00-0904761220083251,1999,1999
10,UP5086-CUSA13394_00-HYAKKICASTLE0001,1399,1399
10,UP2470-CUSA06238_00-WATTAMPS4GAME001,1999,1999
10,UP8651-PPSA22699_00-FEARTHESPOTLIGHT,1999,1999
10,UP4293-PPSA16154_00-KVSG00000SIEAPS5,1999,1999
10,UP5341-CUSA14828_00-NOWAYOUTDEADREAL,1999,1999
10,UP4197-PPSA15404_00-0949368865245636,1999,1999
10,HP5783-PPSA28796_00-0038856137746743,1999,1999
10,UP6963-PPSA19445_00-0067312592968384,1999,1999
10,UP2148-PPSA20648_00-0802318071859116,1999,1999
10,UB0081-PPSA32691_00-0024682326322696,1999,1999
10,UP7448-PPSA05591_00-2788042473589114,1999,1999
10,UP1014-CUSA05135_00-NATPWILDGUNS0001,1999,1999
10,JP0571-PPSA34621_00-HAMPRDC000000001,1699,1699
10,UP4063-CUSA14498_00-OLGFALCONAGE0000,1999,1999
10,HB1334-CUSA57054_00-0990327324391681,1299,1299
10,UP6026-PPSA24657_00-0767102518054372,1999,1999
10,EP4382-PPSA18493_00-DIGVRKNUCKLES000,1999,1999
10,UP4293-CUSA17442_00-0000000000000000,1999,1999
10,UP0151-CUSA02097_00-HEADLANDER000000,1999,1999
10,UP3681-CUSA12663_00-UNRULYHEROESAMER,1999,1999
10,UP4859-CUSA12208_00-CPSIEASNFG000100,1999,1999
10,UP6459-PPSA21612_00-0917820743584799,1999,1999
10,UP8533-PPSA27945_00-0325547765477508,1299,1299
10,UP2080-PPSA18984_00-GORDIANQUEST0000,1999,1999
10,UP5177-CUSA19348_00-0000000000000000,1999,1999
10,UP5199-PPSA20541_00-0911821956780574,1999,1999
10,EP3877-CUSA50539_00-NOTDSBASEGAME000,1099,1099
10,JB0500-PPSA35365_00-0871446892130606,1299,1299
10,UP4735-PPSA06722_00-TFH0000000000000,1999,1999
10,UP5420-PPSA22017_00-0103982145742144,1999,1999
10,UP5223-CUSA14689_00-BOMBFESTLEADSKU0,1299,1299
10,HP7021-CUSA50163_00-0189833330427651,1299,1299
10,UP5526-CUSA27297_00-KAIRO00000086000,1399,1399
10,UB1005-PPSA24226_00-0222541350798742,1399,1399
10,UP5526-CUSA23862_00-KAIRO00000052000,1399,1399
10,UB0797-CUSA49510_00-0608599517999067,1299,1299
10,UP1952-PPSA26506_00-0054358672258955,1299,1299
10,EP4293-PPSA27348_00-CHRONICLESOFWOLF,1999,1999
10,UP5180-CUSA15961_00-0000000000000000,1999,1999
10,UP2983-CUSA10412_00-KONRADTHEKITTEN0,1199,1199
10,HP5035-PPSA28756_00-0798622566175268,1299,1299
10,UP0036-PPSA29511_00-0127969198442568,1999,1999
10,UB1177-CUSA55007_00-0698965786359095,1299,1299
10,UP4064-CUSA33206_00-BRAVERYANDGREED0,1999,1999
10,UP8012-PPSA10802_00-CANNONDANCERP5US,1999,1999
10,UP7399-PPSA24255_00-0248998707432649,1999,1999
10,UP0604-PPSA21898_00-0016543130753298,1299,1299
10,UP4034-CUSA26073_00-NATSUKICHRON00US,1999,1999
10,UB1029-PPSA27001_00-0847150797820728,1299,1299
10,UP7949-PPSA09250_00-0673811771733143,1499,1499
10,UP4338-CUSA37778_00-86045147512PS4NA,1649,1649
10,UP2269-CUSA05608_00-BUSHIDO000000000,1299,1299
10,UP2320-PPSA25653_00-AMERICANARCADIA0,1999,1999
10,UP2053-PPSA28685_00-SIGMASTARDXPS5US,1999,1999
10,UP9000-CUSA01560_00-SUPSTARDUSTULTUS,1299,1299
10,UP8767-PPSA18491_00-0836894684489046,1299,1299
10,UP8703-CUSA57121_00-0557548366417010,1299,1299
10,UB0714-PPSA26858_00-0691148616968410,1999,1999
10,UP3589-PPSA34666_00-0317418980135612,1999,1999
10,HB1689-CUSA55896_00-0900869925626592,1299,1299
10,UP3643-CUSA10443_00-THESWORDSOFDITTO,1499,1499
10,UP1470-CUSA07710_00-8BITARMIESUS0000,1499,1499
10,JP0571-PPSA31589_00-HAMPRDC000000001,1699,1699
10,UP4199-PPSA19138_00-0277056656969053,1299,1299
10,UP2500-PPSA26605_00-US0REVEDOGMA0PS5,1499,1499
10,UP2187-PPSA07622_00-6489966262561357,1299,1299
10,UP4043-CUSA07324_00-0000000000000006,1499,1499
10,UP4804-CUSA15112_00-SUMMERFUNLAND001,1999,1999
10,UP1629-CUSA03835_00-MOTOFREEDOMUSA00,1299,1299
10,EP3334-PPSA21912_00-0938568733995969,1999,1999
10,UP1629-CUSA03815_00-MOTOUTOPIAUSA000,1299,1299
10,UP1725-PPSA18324_00-0732017386130676,1299,1299
10,EP8208-PPSA30135_00-HOW2ESCAPE2LS001,1299,1299
10,HB2260-PPSA36163_00-0720027706795228,1499,1499
10,UP9000-CUSA01729_00-SCUS971400000001,1499,1499
10,UB0797-CUSA48486_00-0964904192699856,1299,1299
10,UB0675-PPSA27878_00-0654955227412010,1499,1499
10,UP4983-CUSA13629_00-0000000000006661,1499,1499
10,HB1334-CUSA52557_00-0551417805409399,1299,1299
10,UP0576-CUSA03750_00-SLUS217230000001,1499,1499
10,UP4403-PPSA02313_00-UNDEADHORDE00000,1699,1699
10,HP6885-PPSA30020_00-KAMLAHORRORGAMES,1299,1299
10,UP2500-PPSA27940_00-US0ADIOS00000PS5,1499,1499
10,UP0001-CUSA01023_00-RISKGAMEPS400002,1499,1499
10,UP7935-PPSA13922_00-0980915556548619,1699,1699
10,EP3760-PPSA37912_00-0655663909430471,1999,1999
10,UP4512-CUSA13951_00-TENDERCLAWSPSVVR,1999,1999
10,UP3165-PPSA17697_00-KNIFFELSCHMPS5US,1999,1999
10,HB1179-PPSA32765_00-0486991519684660,1299,1299
10,JP0571-PPSA28736_00-HAMPRDC000000001,1699,1699
10,UP0002-CUSA00755_00-GEOMETRYWARSNPS4,1499,1499
10,UP5177-CUSA19504_00-FIGHTOFANIMALSUS,1499,1499
10,JP0571-PPSA32204_00-HAMPRDC000000001,1199,1199
10,UP0829-CUSA13672_00-0000000000000001,1199,1199
10,UP3473-CUSA20555_00-SPEEDNA202000000,1199,1199
10,UP3528-CUSA45692_00-0012737634555509,1099,1099
10,JP7675-PPSA28457_00-0837611305944037,1499,1499
10,HP3256-CUSA53840_00-0702789808258259,1199,1199
10,UP2005-PPSA27773_00-MAIDENCOPS000000,1499,1499
10,UP4008-CUSA14872_00-TRCSIEA000000000,1999,1999
10,UP4395-PPSA35750_00-00000WAXHEADSPS5,1499,1499
10,UP5869-PPSA04811_00-5857581167057166,1449,1449
10,UP2059-CUSA07228_00-9F923BDA7D66F600,1499,1499
10,UP1012-CUSA01202_00-COSTUMEQUEST0000,1499,1499
10,UP5219-CUSA15110_00-AGESOFMAGES00008,1199,1199
10,UP4293-PPSA04897_00-1553990937142286,1999,1999
10,UP1421-PPSA14094_00-0117206176052793,1199,1199
10,UP1001-CUSA05697_00-000000000CVRSCEA,1999,1999
10,HP6701-PPSA30939_00-0149355389291486,1999,1999
10,EB1037-PPSA37711_00-TWOFOLDBUNDLEPS5,1999,1999
10,UP1640-CUSA04221_00-0000000000000001,1299,1299
10,UP3252-PPSA04844_00-JANDUSOFT0000001,1299,1299
10,UP3121-CUSA17641_00-WORB01US00000000,1299,1299
10,UP3390-CUSA11669_00-VROBOTVROBOTVROB,1499,1499
10,JB1258-PPSA27491_00-0306431103156963,1499,1499
10,UP1981-CUSA08270_00-MOTOGP17FULLGAME,1499,1499
10,HB1334-CUSA53538_00-0958252811759593,1499,1499
10,UP2035-CUSA44890_00-0148384382891868,1499,1499
10,UP5526-CUSA40518_00-KAIRO00000163000,1199,1199
10,UP7504-PPSA17147_00-SUSHIBENKOTOBUKI,1199,1199
10,UP1104-CUSA23490_00-COTM2PS4APP00000,1499,1499
10,UP6927-PPSA20131_00-0087852988588715,1199,1199
10,UP1421-PPSA14092_00-0508346285556716,1199,1199
10,EP5715-PPSA23510_00-0112209631959267,1499,1499
10,UP3141-CUSA12206_00-USOLDMANSJOURNEY,1199,1199
10,UP6705-PPSA13779_00-0717401633882167,1999,1999
10,HP5035-PPSA35525_00-LOVETOOEASILY200,1999,1999
10,UP2753-CUSA13549_00-MARBLEDUEL141117,1199,1199
10,UP6527-PPSA27621_00-0479975610435727,1999,1999
10,UP4713-PPSA26248_00-0476722813794917,1499,1499
10,UP6258-CUSA32166_00-8256061235903662,1999,1999
10,UP6261-CUSA34333_00-2026842793547125,1499,1499
10,UP2103-CUSA14985_00-DUNGREEDDUNGEONS,1499,1499
10,UP8825-PPSA17331_00-0193753039164316,1999,1999
10,UP0700-CUSA02351_00-RIDEFULLGAME0000,1999,1999
10,UP0881-PPSA17882_00-0653331803935970,1999,1999
10,JP0571-PPSA31320_00-HAMPRDC000000001,1199,1199
10,EP2946-PPSA35760_00-0887638701095668,1199,1199
10,UP0135-PPSA20062_00-0973160601071349,1499,1499
10,UB0245-PPSA33146_00-0864011934287844,1399,1399
10,UP2103-PPSA06614_00-LEGENDOFBUMBOPS5,1999,1999
10,UP7907-PPSA22191_00-0896287683945679,1399,1399
10,UP3252-PPSA23315_00-JANDUSOFT0000001,1249,1249
10,UP5325-CUSA49641_00-EMYLIVESHOWDMT00,1199,1199
10,UP1591-CUSA10653_00-TITANICVRA151912,1999,1999
10,UP2660-PPSA03305_00-SIEASILTFULLGAME,1499,1499
10,UP1741-CUSA11935_00-0000000000000001,1199,1199
10,UP3864-PPSA09233_00-GHOSTSONGPS5000A,1999,1999
10,UP4127-PPSA30868_00-HTNGLOBAL0000000,1999,1999
10,UP5880-PPSA05185_00-ELEMENTALWAR2BDL,1999,1999
10,UP5209-CUSA25953_00-6752603366237473,1599,1599
10,UP2149-CUSA01230_00-AXIOMVERGE001PS4,1999,1999
10,UP5480-PPSA13630_00-CITIZENSLEEPER00,1999,1999
10,UP2125-CUSA05441_00-PYREGAME20170000,1999,1999
10,UP6163-PPSA12567_00-0162905491629485,1999,1999
10,UP5734-PPSA18075_00-0479403769929112,1999,1999
10,UB1335-PPSA28771_00-0848287804241578,1999,1999
10,UP4360-CUSA02608_00-MACHINARIUMPS4FG,1999,1999
10,UP2080-CUSA04725_00-ROADRAGEMAINGAME,1999,1999
10,UP4064-CUSA05751_00-YOOKALAYLEE00000,1999,1999
10,UP1675-PPSA27569_00-SYPS5ISTHISGAMET,1999,1999
10,UP3455-PPSA23502_00-DOUBLESWITCH2501,1499,1499
10,UP0781-CUSA12685_00-PIXARK0000000001,1999,1999
10,UP3455-PPSA22966_00-PRIZEFIGHTERHWED,1499,1499
10,UP1082-PPSA17498_00-0933361126391566,1499,1499
10,UP2149-PPSA05172_00-8610758557647620,1999,1999
10,UP6529-CUSA26109_00-3103851855550934,1499,1499
10,UP4459-PPSA14460_00-TENDATESPS5SIEE0,1499,1499
10,HB0700-PPSA31575_00-0913400700404277,1849,1849
10,UP7276-PPSA07000_00-7168157866407903,1499,1499
10,HB1334-CUSA56480_00-0554963812190950,1499,1499
10,UB0637-PPSA29152_00-0571413721924841,1999,1999
10,EP6681-PPSA26078_00-0888857427966701,1199,1199
10,UP4293-CUSA11329_00-0000000000000000,1499,1499
10,UP1475-PPSA22421_00-BLACKSADPS5000US,1999,1999
10,UP0265-CUSA18958_00-0000000000000001,1999,1999
10,UP2470-PPSA05082_00-ARTFULSIEA000000,1999,1999
10,UP5784-CUSA46936_00-0417709236308627,1999,1999
10,UP2248-CUSA13630_00-THKMSIEAFULLPS40,1999,1999
10,UB1335-PPSA33549_00-0564207067290034,1499,1499
10,UP3385-PPSA21750_00-0876654385790276,1999,1999
10,UP2114-CUSA00324_00-0000000000000001,1999,1999
10,EP0600-PPSA26477_00-0936456673613383,1499,1499
10,UP3643-CUSA08417_00-RUINERPS4US00000,1999,1999
10,UP5726-CUSA20206_00-SKATECITY0000001,1499,1499
10,EP5938-PPSA28599_00-0611STRATOGUNEUR,1099,1099
10,UP2011-PPSA28959_00-0726030439344208,1499,1499
10,UP6088-PPSA02552_00-3896932099377950,1499,1499
10,UP1161-CUSA15262_00-PS4SIRALIM300000,1499,1499
10,UP2915-CUSA07224_00-SUBTERRAINUS0000,1699,1699
10,UP5526-CUSA29155_00-KAIRO00000155000,1399,1399
10,UP3573-CUSA39288_00-4646211699396470,1999,1999
10,UP2373-PPSA02408_00-THEPEDESTRIAN001,1999,1999
10,UP5420-PPSA28679_00-0452471822014809,1999,1999
10,EP3729-CUSA50498_00-0NEPHISEASCENPS4,1099,1099
10,UP8448-PPSA31431_00-0025052842393214,1799,1799
10,UP5584-CUSA23655_00-4249331776776881,1899,1899
10,UP4556-PPSA18260_00-0809943807279826,1499,1499
10,UP3252-PPSA36147_00-JANDUSOFT0000001,1099,1099
10,UP0001-CUSA46103_00-VHCOMINGHOMES001,1499,1499
10,UP1681-PPSA18025_00-TMS2X2023PS5SIEA,1799,1799
10,HB1317-PPSA27886_00-0247499320799261,1199,1199
10,UP4389-CUSA06402_00-SLUS200730000001,1499,1499
10,UP1841-CUSA10884_00-MILMI24HIND00000,1499,1499
10,JP0571-PPSA31456_00-0890972328693785,1699,1699
10,UP0001-CUSA00478_00-VALIANTHEARTS001,1499,1499
10,UP2154-CUSA01991_00-0974178390161941,1499,1499
10,UP7535-PPSA13225_00-0504102613892231,1499,1499
10,UP8489-PPSA26226_00-0299040093699655,1499,1499
10,UP2908-PPSA13412_00-BEFOREYOUREYESVR,1499,1499
10,UP1082-CUSA33789_00-5761929739804239,1499,1499
10,UP0576-CUSA03753_00-SLUS215540000001,1499,1499
10,EP6646-PPSA29444_00-RUEVALLEYGAMEPS5,1499,1499
10,UP3868-PPSA12433_00-9671915312914154,1999,1999
10,UP4035-CUSA20090_00-NAUGHTBASEGAME00,1999,1999
10,UB0714-CUSA49146_00-0666745808633265,1299,1299
10,UP1181-PPSA34269_00-0312518813630842,1099,1099
10,UP8329-PPSA27177_00-0307669613955527,1299,1299
10,UP1685-CUSA27945_00-3534786958507733,1999,1999
10,UP0576-CUSA03787_00-SLUS216290000001,1499,1499
10,UP1716-PPSA06125_00-STCOFFROAD000000,1999,1999
10,UP7211-PPSA13758_00-0087399326343949,1999,1999
10,UP1681-CUSA11891_00-MATRYOSHKA00SIEA,1999,1999
10,UP3535-PPSA18072_00-0798667884362511,1999,1999
10,UP3252-PPSA21649_00-JANDUSOFT0000001,1999,1999
10,UP0825-PPSA08477_00-DEADAGEII0000US5,1999,1999
10,UP2158-PPSA24080_00-RAGEDRAGONSPS5NA,1999,1999
10,JP5361-CUSA51985_00-KAIRO00000114000,1399,1399
10,UP6759-PPSA18062_00-0992701712178081,1999,1999
10,UP2060-CUSA24144_00-PRAETORIANSNEWUS,1999,1999
10,UP4338-PPSA09272_00-79740489LOBPS5NA,1999,1999
10,UP5702-CUSA25813_00-6163727976348676,1499,1499
10,UB0675-PPSA26516_00-0146500451043715,1199,1199
10,UP8650-PPSA16947_00-0186662604269082,1999,1999
10,UP3357-CUSA28593_00-5781858531022758,1999,1999
10,UP4395-CUSA09932_00-SMOKESACRIFICEUS,1999,1999
10,UP5916-CUSA17745_00-0000111111111111,1999,1999
10,UB0714-CUSA53109_00-0044572044262362,1799,1799
10,UP1059-CUSA10845_00-HEAVYFIRENK00000,1999,1999
10,UB0797-CUSA52611_00-0791610437716573,1499,1499
10,UP0134-CUSA16454_00-HIKEVERSUSEVILPS,1999,1999
10,UP4360-CUSA18647_00-CREAKSPS400001US,1999,1999
10,UP5843-PPSA19255_00-0156591726052509,1299,1299
10,UP6778-PPSA19185_00-0836644174423782,1199,1199
10,UP2011-PPSA27013_00-0785681477067767,1999,1999
10,UP4293-PPSA16798_00-CLASSOFHEROESAE0,1999,1999
10,UP2365-PPSA19278_00-0917167785550204,1999,1999
10,UP0604-CUSA20255_00-FREAKPOCALYPSEP1,1999,1999
10,HB1066-PPSA24998_00-0805512191859072,1999,1999
10,UP5180-PPSA08957_00-TOGGES00000005US,1999,1999
10,UP3864-CUSA13934_00-APP0990000000022,1999,1999
10,UP4042-CUSA00443_00-CASTLESTORM00001,1499,1499
10,UP4063-PPSA31534_00-0194121456613142,1999,1999
10,UP8616-PPSA33207_00-0226722077886170,1499,1499
10,UP2764-CUSA20585_00-BONKIESUS0000000,1499,1499
10,UP3797-CUSA48746_00-0325805495406886,1999,1999
10,UP3733-CUSA13712_00-BPMADELYN0000000,1999,1999
10,UP6842-PPSA02834_00-FARMFORYOURLIFE0,1999,1999
10,UP1023-CUSA12241_00-GUNGRAVEVRLOADED,1499,1499
10,JP0013-PPSA31898_00-JP0HSEEKERSO0PS5,1999,1999
10,UP5634-PPSA18168_00-0894492642037976,1999,1999
10,UP5552-CUSA30287_00-9071855390281250,1999,1999
10,UP4939-PPSA05722_00-MEETYOURMAKER000,1999,1999
10,UP5258-PPSA07056_00-5059957550022516,1399,1399
10,UP2005-PPSA05321_00-OMENOFSORROW0000,1999,1999
10,UB0952-PPSA24887_00-0865653458571343,1999,1999
10,UP4293-PPSA16799_00-CLASSOFHEROES2R0,1999,1999
10,UP2003-PPSA05826_00-GRINDSTONE000000,1999,1999
10,UP2187-PPSA04418_00-1483777748712187,1999,1999
10,UP8823-CUSA11072_00-0000000000000002,1499,1499
10,UP2127-CUSA05148_00-ABSOLUTEDRIFTPS4,1199,1199
10,UP8767-PPSA31335_00-0882412497143160,1499,1499
10,UP4042-CUSA07850_00-IMINIGOLF0000001,1499,1499
10,JP0571-PPSA30191_00-HAMPRDC000000001,1699,1699
10,UP4780-CUSA19549_00-BLUEFIREPS400001,1999,1999
10,UP0159-CUSA28599_00-5454094714293554,1499,1499
10,UP5610-CUSA17787_00-0000000000000003,1599,1599
10,UP4509-CUSA16242_00-CVROPS4RELEASE09,1499,1499
10,UB0997-PPSA26974_00-0653816367879174,1499,1499
10,UP1470-PPSA19609_00-PERENNIALORDERUS,1999,1999
10,UP0881-CUSA36868_00-0223322690467455,1499,1499
10,UP1475-PPSA02810_00-VERTIGOPS50000US,1999,1999
10,UP3868-PPSA21771_00-0471114794143761,1999,1999
10,UP1309-PPSA03027_00-MERCHANTSKIES000,1499,1499
10,UP1087-CUSA10883_00-EVOLAND000000000,1999,1999
10,UP1470-PPSA07481_00-LEMONCAKEPS5US00,1999,1999
10,UP4538-CUSA11848_00-WELCOMEHANWELL01,1499,1499
10,UP5580-CUSA20081_00-REDWINGS0000SIEA,1999,1999
10,UP2470-PPSA22856_00-TOATSIEA00000000,1999,1999
10,UP4690-CUSA11980_00-MERJFLOORKIDSPS4,1999,1999
10,UP4127-PPSA03769_00-SMELTERPS5US0000,1999,1999
10,UP4897-CUSA16421_00-ANGRYBIRDMOV2VR0,1499,1499
10,UP1420-CUSA07097_00-DISCOVERYVR00000,1199,1199
10,UP0825-PPSA17776_00-LAIKA0000PS5SIEA,1999,1999
10,UP5177-CUSA39306_00-9563008187332598,1299,1299
10,UP5526-CUSA23804_00-KAIRO00000055000,1399,1399
10,UP5526-CUSA23779_00-KAIRO00000070000,1399,1399
10,UP1241-CUSA02844_00-ZOMBIEVIKINGS1US,1199,1199
10,UB0192-PPSA33922_00-0617992903186518,1199,1199
10,EP6681-PPSA29317_00-0755279568885291,1399,1399
10,UP4912-PPSA19391_00-0440358565849632,1999,1999
10,EP3446-PPSA29561_00-0943460222509337,1999,1999
10,UB0533-PPSA24296_00-0953786153237280,1999,1999
10,UP4312-CUSA19155_00-BRIKSHEADTOHEADU,1999,1999
10,UP2908-PPSA15496_00-CLOSERDISTANCENA,1999,1999
10,UP2011-PPSA22491_00-0747428736955080,1999,1999
10,UP0692-PPSA15963_00-0337227358788541,1999,1999
10,EP2627-PPSA36442_00-LASSPLANESPS5000,1999,1999
10,UP4196-CUSA31067_00-8188067979455844,1999,1999
10,UP1639-CUSA07908_00-MORTALBLITZSKO00,1999,1999
10,UP2651-CUSA06893_00-US00000001000000,1999,1999
10,UP7696-PPSA19375_00-0493812509507958,1999,1999
10,UP0891-CUSA20453_00-RATAGAMROOMMATES,1999,1999
10,UB0382-PPSA23044_00-0560116075068378,1999,1999
10,UP4293-PPSA09074_00-7941327591229035,1999,1999
10,UP0287-CUSA16150_00-NEKOPARA030000US,1499,1499
10,UP2500-PPSA26611_00-US0ALVASTIA00PS5,1499,1499
10,UP2570-CUSA07750_00-1111222233330001,1799,1799
10,UP0891-PPSA04430_00-RGBLACKBERRYHONE,1299,1299
10,UB0714-CUSA49643_00-0603901012108014,1299,1299
10,UP4380-CUSA19206_00-9035241793505542,1499,1499
10,HP8406-PPSA26324_00-0440037362021369,1499,1499
10,UP4538-PPSA04380_00-7480140496154337,1799,1799
10,UP3971-PPSA18530_00-0736036200626090,1499,1499
10,UP5526-CUSA24632_00-KAIRO00000138000,1399,1399
10,UP1191-PPSA14298_00-0385103818746826,1499,1499
10,UP5090-CUSA14576_00-V0000000S0000000,1599,1599
10,UB0527-PPSA27802_00-0195984815003561,1599,1599
10,UP2187-CUSA08763_00-COMAPS400000000U,1499,1499
10,UP5130-CUSA27141_00-2814725270217504,1099,1099
10,UP2005-PPSA28010_00-DEADOFDARKNESS00,1599,1599
10,UP2009-CUSA04019_00-PELFASTCC2UNLOCK,1499,1499
10,UP4912-PPSA17164_00-0390842487618036,1499,1499
10,UP7654-PPSA09759_00-EVERHOOD000PS5NA,1299,1299
10,UP1681-PPSA12407_00-DEMHUN2PS522SIEA,1799,1799
10,UP4140-PPSA21925_00-0691834874689342,1499,1499
10,UP4143-CUSA00384_00-FUTURLABV2XPS400,1999,1999
10,UP2125-CUSA00502_00-TRANSISTORGAME00,1999,1999
10,UP0224-CUSA02381_00-REBELGALAXY00000,1999,1999
10,UP5789-PPSA16435_00-0622671042969327,1999,1999
10,UP5356-CUSA16620_00-RHFIREFIGHTER000,1499,1499
10,UP7490-PPSA09244_00-9381115121629930,1999,1999
10,UP6472-PPSA04939_00-HIGHSCHOOLROMANC,1299,1299
10,UP0101-CUSA15180_00-ARCADECLASSICS01,1999,1999
10,EB0620-PPSA22945_00-0979346872627311,1299,1299
10,UP2053-CUSA09147_00-THEMUMMYDEMASTER,1999,1999
10,UP2320-CUSA16084_00-WESTOFDEAD000000,1999,1999
10,UP1681-CUSA07512_00-ENIGMATIS100SIEA,1499,1499
10,HB0767-PPSA22999_00-0661741115244729,1299,1299
10,UP2844-CUSA15194_00-PAPERDOLLSOLSIEA,1699,1699
10,UP2047-CUSA02696_00-THISWAROFMINEG01,1999,1999
10,JP0571-PPSA31321_00-HAMPRDC000000001,1199,1199
10,UP3528-PPSA16026_00-0535138542085480,1999,1999
10,UP4415-CUSA01365_00-NOMNOMGALAXY0000,1499,1499
10,UP4008-CUSA05216_00-WRC6000000000000,1499,1499
10,UP9000-CUSA07321_00-UCES011770000001,1499,1499
10,UP1309-PPSA13574_00-REVITAPS5SIEA000,1699,1699
10,UP8268-PPSA21593_00-0686254385570430,1999,1999
10,UP1260-PPSA02663_00-0ALEXKIDDDXUSPS5,1999,1999
10,UP0977-PPSA05439_00-3012934996178464,1999,1999
10,UP6920-CUSA29053_00-7957317862321076,1999,1999
10,UP4389-CUSA01644_00-ARCANIATCTUS0000,1999,1999
10,EP3948-PPSA32938_00-0193250449869660,1299,1299
10,UP3589-PPSA33454_00-0022109026811762,1699,1699
10,UP2430-PPSA23023_00-PLYKILLKNIGHTPS5,1499,1499
10,UP1475-CUSA16537_00-GARFIELDKART00US,1999,1999
10,EP1302-CUSA46817_00-VTMRNY0PS40SIE00,1999,1999
10,UP7698-PPSA25674_00-0348979540925903,1799,1799
10,EP0600-PPSA27180_00-0837242185335853,1499,1499
10,UP2500-PPSA02920_00-US0RUINEV0000PS5,1499,1499
10,UB0245-PPSA27032_00-0632928330469796,1999,1999
10,UP0134-PPSA15880_00-LILGUARDSMAN0000,1999,1999
10,UP6287-PPSA09546_00-6666642723851637,1999,1999
10,UP2158-PPSA08515_00-BREAKERSCOLECNA5,1999,1999
10,UP9000-CUSA01730_00-SCUS974160000001,1499,1499
10,EP6170-PPSA26925_00-NOSUNTOWORSHIPS5,1299,1299
10,UP5480-PPSA04458_00-3260471775930387,1999,1999
10,UP2470-PPSA25664_00-MORSELSGLOBAL000,1499,1499
10,UP8685-PPSA19871_00-0045382154441042,1999,1999
10,UP3535-PPSA14010_00-0610217976543929,1499,1499
10,UP4068-CUSA06395_00-PNVR1US000000001,1249,1249
10,UP4395-CUSA25172_00-EMBRPS4GAMEUS000,1999,1999
10,UP1564-CUSA27693_00-CLABS0TMS2021030,1999,1999
10,UP7576-PPSA09904_00-6236249596420038,1999,1999
10,UP0825-CUSA24691_00-RIGIDFORCERSIEA4,1599,1599
10,UP8090-PPSA17287_00-0494061059281825,1199,1199
10,UP3643-PPSA09270_00-7300135593031285,1999,1999
10,UP6472-PPSA21941_00-TFURAFTERMIDNIGH,1199,1199
10,UP7292-PPSA06734_00-5233834270837900,1999,1999
10,UP9000-CUSA02871_00-SHADOWOFBEAST0US,1999,1999
10,UP5358-CUSA14657_00-DARKDEVOTION0000,1999,1999
10,UP2200-PPSA01882_00-CYBERSHADOW00001,1999,1999
10,UP8703-PPSA33428_00-0884010025111481,1499,1499
10,UP4436-CUSA14036_00-CATASTRONAUTSPS4,1599,1599
10,UP4403-PPSA02270_00-TESLAFORCE000000,1699,1699
10,UP1056-CUSA06733_00-KOIHIMEENBUUS000,1499,1499
10,EP7349-CUSA51835_00-0735994348210742,1299,1299
10,UP8438-PPSA29461_00-0752718455554611,1199,1199
10,UP1564-PPSA21536_00-0782841755299365,1999,1999
10,UP4293-PPSA16344_00-000000000SIEAPS5,1999,1999
10,UP5480-PPSA19330_00-FELLOWTRAVELLER0,1999,1999
10,UP4539-CUSA20650_00-1000000000000002,1299,1299
10,UP0809-CUSA07323_00-SHOPPEKEEPUS0000,1299,1299
10,EP5791-PPSA27809_00-0266644482725612,1599,1599
10,UP5503-CUSA23112_00-4916821123765645,1999,1999
10,UP1681-CUSA11892_00-GL3DELUXESIEA000,1499,1499
10,UP2638-PPSA10988_00-MADWMOBIUSPS5USA,1999,1999
10,UP2038-CUSA17638_00-LODERUNNERLEGACY,1199,1199
10,UP2470-PPSA13271_00-MUNDAUNSIEA00000,1999,1999
10,UP4064-PPSA14014_00-0353284356689608,1999,1999
10,UP3613-CUSA10154_00-CLOWNASSPASSWORD,1199,1199
10,UP2080-PPSA17152_00-DIESELLEGACY0000,1999,1999
10,UP2128-CUSA20457_00-METROFOREGONE316,1999,1999
10,EP0822-PPSA28582_00-BRIDGECONSTUDIO5,1199,1199
10,HP3620-PPSA29173_00-0647071670056701,1999,1999
10,EB0894-PPSA22803_00-KALEGIONIX000001,1999,1999
10,JP0013-PPSA23178_00-JP0ANCIENTP00PS5,1499,1499
10,UP1147-CUSA08300_00-CHROMAGUNPS40000,1499,1499
10,UP0793-PPSA08060_00-1253063250979302,1799,1799
10,UP3252-PPSA02507_00-JANDUSOFT0000001,1299,1299
10,UP2187-CUSA15193_00-VSPS4SIEADIGI001,1499,1499
10,HB1061-PPSA27685_00-0850731496771861,1499,1499
10,UP1100-CUSA02594_00-PNEUMABREATHOL01,1499,1499
10,UP2035-CUSA35331_00-3234099373757391,1499,1499
10,UP2187-PPSA05107_00-8992311110469746,1499,1499
10,JP0571-CUSA56886_00-HAMPRDC000000001,1699,1699
10,UP6592-CUSA26663_00-1684875245811816,1299,1299
10,UP0794-CUSA30067_00-8250664911782097,1499,1499
10,UP6607-CUSA41296_00-0812595240239947,1499,1499
10,UP0773-CUSA16028_00-0000000000000000,1499,1499
10,UP4425-CUSA40584_00-0275031821532164,1499,1499
10,UP0338-CUSA12106_00-NRCSSPJNMT000100,1499,1499
10,UP1564-PPSA33540_00-CLABS0AT20250917,1499,1499
10,UP1716-CUSA12032_00-LEGENDARYELEVEN0,1499,1499
10,UP3589-PPSA14650_00-0215504716950158,1499,1499
10,UP5805-CUSA46635_00-0523258144461895,1499,1499
10,UP4293-CUSA13666_00-AGGELOSUS0000001,1499,1499
10,HP8406-PPSA31909_00-0724920813428567,1499,1499
10,UP8353-PPSA19356_00-0957568172760437,1799,1799
10,UP0737-CUSA08723_00-SP00000000200001,1999,1999
10,UP1981-CUSA09939_00-MOTOGP18FULLGAME,1499,1499
10,UP7738-PPSA07428_00-5308891414912453,1499,1499
10,UP8686-PPSA24646_00-0597483719868084,1499,1499
10,UP2187-CUSA08890_00-BLEEDDIGERATIDIS,1499,1499
10,UP8247-PPSA12549_00-0962968324027470,1299,1299
10,UP0940-CUSA10258_00-DEADSECRET000000,1499,1499
10,UP4926-PPSA17116_00-0602973460306010,1499,1499
10,UP1421-PPSA14138_00-0936814201676899,1499,1499
10,UP5099-PPSA18381_00-OPERATIONSERPENA,1499,1499
10,EP5987-PPSA24652_00-0400899391609133,1499,1499
10,UP4403-PPSA02517_00-TESLAVSLOVECRAFT,1499,1499
10,UP0097-CUSA12157_00-ROADTOBALLHALLA0,1499,1499
10,HB1365-PPSA29740_00-0839912641881107,1149,1149
10,UP5480-PPSA06754_00-FELLOWTRAVELLER0,1499,1499
10,UP7945-CUSA44783_00-0693332351492645,1499,1499
10,UP7688-CUSA41026_00-0980379999511401,1499,1499
10,UP3867-CUSA17838_00-CREATUREWELL0000,1499,1499
10,UP3589-PPSA16910_00-0065113140050495,1499,1499
10,UP5409-CUSA15294_00-SFC1963987011012,1499,1499
10,UP8030-CUSA35818_00-8489452168592601,1499,1499
10,UP4040-CUSA00659_00-PLAYDEFENSEGRID2,1499,1499
10,UP2005-PPSA03110_00-TRIGGERWITCH0000,1499,1499
10,UP1351-CUSA03143_00-0000000000000001,1499,1499
10,UP8370-PPSA15818_00-0885942892894334,1449,1449
10,UP4316-PPSA09140_00-TRF20000000PS5US,1499,1499
10,UP5099-PPSA18607_00-SURVIVORMANVRNA1,1249,1249
10,UP1681-CUSA08198_00-ENIGMATIS200SIEA,1499,1499
10,UP2535-CUSA12933_00-GUNDEMONIUMS0PS4,1499,1499
10,UP3023-CUSA26633_00-GOLAZO02SOCCSIEA,1499,1499
10,UP8517-PPSA19223_00-0151193458124480,1499,1499
10,UB0062-PPSA26653_00-0030441321367159,1449,1449
10,UB1220-PPSA32174_00-0000000000000000,1199,1199
10,UB1012-PPSA31769_00-0875280646954784,1499,1499
10,UP0576-CUSA03754_00-SLUS214870000001,1499,1499
10,UP1681-PPSA06923_00-9CLUE2022PS5SIEA,1499,1499
10,UP4064-PPSA07259_00-0739785289722498,1999,1999
10,EP0896-PPSA24592_00-BACKROOMSPARTYRG,1199,1199
10,EP4459-PPSA33752_00-HEARTOFTHEFOREST,1299,1299
10,UP4980-CUSA23313_00-EESIEAHD00000000,1799,1799
10,UP1340-CUSA23528_00-8447902701568173,1499,1499
10,UP0895-CUSA05428_00-OBLITERACERS0001,1399,1399
10,UP2505-CUSA33426_00-COSPLAYLOVE00001,1199,1199
10,UP2320-PPSA06361_00-NORCOTHEGAMENAP5,1449,1449
10,EB0753-PPSA20895_00-0092216848486672,1399,1399
10,UP0036-CUSA12783_00-RIVERCITYMLSUPER,1399,1399
10,EP6325-PPSA24351_00-0340256738942113,1499,1499
10,UP6015-CUSA23660_00-0557705828799124,1499,1499
10,UP0891-PPSA09320_00-RAGCHASINGSTATIC,1499,1499
10,HP7207-PPSA23710_00-0745563177276979,1499,1499
10,UP3589-PPSA34735_00-0935049837137444,1499,1499
10,UP0134-PPSA07859_00-EVILLE0000000000,1499,1499
10,UP3361-CUSA13763_00-LUNAPS0123456789,1499,1499
10,UP0287-CUSA14989_00-NEKOPARA020000US,1499,1499
10,UP4906-CUSA12322_00-6663429942732996,1499,1499
10,UP5223-PPSA06610_00-PRINCESSFARM5USA,1499,1499
10,UP2158-PPSA19477_00-RACCOOVENTRPS5NA,1499,1499
10,UP2500-PPSA16593_00-US0RAGINGB000PS5,1499,1499
10,UP1542-CUSA16367_00-REBORNSIEACIRCLE,1499,1499
10,UP4912-PPSA13684_00-0736715295183081,1499,1499
10,UP4724-CUSA33417_00-WHATEVER000000US,1499,1499
10,UP7276-PPSA32230_00-0000ZERION120000,1499,1499
10,UP5099-PPSA16881_00-TOWERS1024POWERS,1699,1699
10,UP5526-CUSA32485_00-KAIRO00000151000,1399,1399
10,UP2117-CUSA00313_00-SECRETPONCHOSXXX,1499,1499
10,UP0036-PPSA34571_00-KGTMAINAPP000000,1999,1999
10,UP1260-PPSA04412_00-HTSTAPOCALYPSEUS,1999,1999
10,UP0209-CUSA18571_00-BROMIONCRPS01234,1999,1999
10,UP2535-CUSA28148_00-SUPERZANGYURA000,1999,1999
10,UP9000-CUSA08015_00-BRAVOTEAMUS00001,1999,1999
10,UP5773-CUSA24956_00-US00000000000000,1999,1999
10,UP1309-PPSA02309_00-1644734335018320,1699,1699
10,UP3065-CUSA07191_00-KITTYPOWERMMAKNA,1199,1199
10,UP6091-PPSA27840_00-WONDERBASHAPS5US,1999,1999
10,UP6015-PPSA16169_00-0361796286127260,1449,1449
10,UP6904-PPSA03545_00-5160344740168485,1449,1449
10,JP1091-CUSA55587_00-0203830401691506,1449,1449
10,JP0013-PPSA26482_00-JP0ALTERAGE00PS5,1999,1999
10,UP1063-CUSA09195_00-SHINYOMAWARI0001,1999,1999
10,UP0969-PPSA17361_00-0011226281304057,1999,1999
10,UP1340-CUSA12109_00-DISTRUSTSIEA0000,1999,1999
10,UP2182-CUSA01503_00-HOFDELUXEEDITION,1999,1999
10,UP4025-CUSA32783_00-7814246108370710,1499,1499
10,UP1475-PPSA17899_00-WARMSNOWPS5000US,1999,1999
10,UP2154-CUSA05808_00-PSYCHONAUTSITROR,1999,1999
10,UP2500-PPSA17087_00-US0CHROMEW000PS5,1499,1499
10,UP2187-PPSA07691_00-6566254624717844,1999,1999
10,EB1284-PPSA25546_00-0621166028133106,1999,1999
10,UP5223-PPSA06934_00-APICOPS5SIEAFULL,1999,1999
10,UP3575-CUSA11366_00-TACOMA0000000451,1999,1999
10,UP0743-PPSA20626_00-000000000BUNDLE1,1499,1499
10,UP4382-CUSA07084_00-THETOWNOFLIGHT00,1999,1999
10,UP6778-PPSA14235_00-0438673744574835,1199,1199
10,UP6893-PPSA10972_00-5741735161827344,1999,1999
10,UP0604-PPSA23172_00-0921612260447096,1999,1999
10,UP8757-PPSA25522_00-0415161640741725,1999,1999
10,UP4040-PPSA07532_00-ROGUESPIRIT00000,1999,1999
10,UP7604-PPSA21931_00-0053886142954334,1999,1999
10,UP1475-PPSA03980_00-BASSPS50000000US,1999,1999
10,UP4459-PPSA15898_00-THECOMPLEXPS5US0,1499,1499
10,UP6718-PPSA32972_00-0401685566364953,1399,1399
10,UP8710-PPSA37055_00-0991666556613291,1399,1399
10,JP5361-CUSA52016_00-KAIRO00000185000,1399,1399
10,UP4539-PPSA09964_00-8505226620088493,1399,1399
10,UP2047-CUSA16803_00-9MONKEYSGAME00US,1999,1999
10,UP1675-CUSA52532_00-SYPS4SKYOFDESTRU,1299,1299
10,UP1309-PPSA07348_00-SOULDIERS0000000,1999,1999
10,UP6472-PPSA02977_00-SABLESGRIMOIRE00,1299,1299
10,UB1176-PPSA26487_00-0107989559334173,1999,1999
10,UP9000-CUSA03683_00-RUSHOFBLOOD00001,1499,1499
10,UP6291-PPSA17557_00-0466081904924517,1299,1299
10,UP3643-CUSA01598_00-DEVOTITANSOULS01,1499,1499
10,UP0182-PPSA28021_00-BUBSYPURRFECTPS5,1999,1999
10,UP0082-PPSA13878_00-0344569418657428,1999,1999
10,UP3385-CUSA33070_00-SLBEHINDTHEFRAME,1299,1299
10,UP0825-CUSA09729_00-BRIDPORPS4SCEA00,1499,1499
10,UP1104-CUSA27579_00-BLASTERMASTER003,1499,1499
10,UP8767-PPSA37863_00-0419085320864453,1499,1499
10,UP0097-PPSA07819_00-7416389442364353,1499,1499
10,UP0963-CUSA05703_00-SURFWORLDSERIES1,1499,1499
10,EP8934-CUSA53640_00-0253818994512950,1299,1299
10,UP3168-CUSA10493_00-KABOUNCEGAME0000,1499,1499
10,UP2320-CUSA10970_00-KINGDOMNEWLANDS0,1499,1499
10,UP3252-PPSA29011_00-JANDUSOFT0000001,1249,1249
10,UP2775-CUSA06645_00-0000000000000001,1499,1499
10,UP1767-CUSA04613_00-HIGHHORSEDISCJAM,1499,1499
10,UP3165-PPSA19704_00-DAMEMUEBACKPS5US,1999,1999
10,UP4127-CUSA25970_00-ASTALONUS0000000,1999,1999
10,UP1847-CUSA06437_00-DYINGREBORNSTA01,1999,1999
10,EP2627-PPSA30521_00-HEADINGOUTPS5000,1999,1999
10,UB0245-PPSA32253_00-0103318734095250,1999,1999
10,UP5843-PPSA19100_00-0535554251073960,1999,1999
10,UP1313-CUSA12966_00-PERCEPTN1USA0001,1999,1999
10,UP6227-PPSA12657_00-CLABSFR220221020,1999,1999
10,UB0097-PPSA18473_00-0296488788663588,1999,1999
10,UP8571-PPSA18546_00-0953807540023784,1999,1999
10,UP0134-CUSA17426_00-WINTERMOORTACTIC,1999,1999
10,UP1470-CUSA08517_00-WUPPOUS000000000,1999,1999
10,UP2835-CUSA47504_00-0098875965177719,1799,1799
10,UP7168-PPSA21292_00-0837542098116935,1499,1499
10,UP2522-CUSA26894_00-PGNCA01SOLCRESTA,1799,1799
10,UP3731-CUSA09966_00-FBGMAX2PS4SIEA00,1499,1499
10,UP0964-PPSA10469_00-0859159378301341,1499,1499
10,UP0825-CUSA18816_00-THECOMA2SIEA0000,1499,1499
10,UP2339-CUSA15364_00-1111000099990000,1199,1199
10,UP4395-CUSA07205_00-FLAMEFLOODBUNDLE,1499,1499
10,UP3059-CUSA06599_00-0000000000000003,1199,1199
10,UP5258-PPSA09559_00-7976846746147217,1299,1299
10,UB0748-PPSA32894_00-0875800298981216,1299,1299
10,UP4461-CUSA08328_00-LLAMASOFTPLB0002,1549,1549
10,UP4293-CUSA06018_00-PKG000000000GAME,1999,1999
10,UP1681-PPSA19393_00-YULEPS5X2023SIEA,1799,1799
10,UP7180-PPSA04465_00-3233138785556915,1799,1799
10,JP0571-PPSA34213_00-HAMPRDC000000001,1199,1199
10,UP2187-CUSA16338_00-TMSPS4SIEADIGI00,1199,1199
10,UP4402-CUSA01448_00-GIANASISTERS00DC,1499,1499
10,UP0036-CUSA08326_00-DGEARHD000000000,1499,1499
10,UP2035-CUSA35522_00-8184281401245328,1499,1499
10,UP3426-CUSA10520_00-VRTDDRELEASE0001,1499,1499
10,UP1263-CUSA15225_00-VHCOMLPTRILOGYUS,1499,1499
10,UP2187-CUSA16819_00-GM2PS4SIEADIGI00,1199,1199
10,UB0129-PPSA17750_00-0025445201910016,1449,1449
10,UP3385-PPSA02566_00-DARKSIDE1NAPS500,1299,1299
10,UP3864-PPSA23108_00-MONACO2PS50000NA,1499,1499
10,UP4530-CUSA01414_00-GAMEOFTHEYEAREDI,1199,1199
10,UP1519-CUSA08085_00-ICEYPS4VER000001,1499,1499
10,UP4389-CUSA13660_00-SKYDRIFTHDUS0000,1499,1499
10,UP3252-PPSA22240_00-JANDUSOFT0000001,1249,1249
10,UP0063-CUSA05238_00-ROLLERCOASTER523,1999,1999
10,UP2500-PPSA37517_00-US0MVIATOR000PS5,1499,1499
10,UP4174-CUSA19388_00-VAMPIRECOTERIES1,1999,1999
10,UP2388-CUSA07282_00-SUNDEREDENG00001,1999,1999
10,UP4416-CUSA20529_00-HT00POLICESTORIE,1499,1499
10,UP1681-CUSA09838_00-ABYSSWRAITHSSIEA,1499,1499
10,UP4199-CUSA40255_00-0330845764978105,1999,1999
10,UP1482-CUSA15640_00-SIEAWINDJAMMERS2,1999,1999
10,UP4403-PPSA04035_00-6072143186747259,1699,1699
10,UP0458-PPSA13292_00-0799202666172528,1999,1999
10,UP1681-PPSA15632_00-GF1000523PS5SIEA,1799,1799
10,UP2107-CUSA27605_00-KLEIPS4GRIFTLAND,1999,1999
10,UP4389-CUSA09934_00-DEBLOBONEUS00001,1999,1999
10,UP1898-CUSA05385_00-TFEDANGEROUSGOLF,1999,1999
10,UP2080-CUSA02789_00-0000000000000001,1999,1999
10,UP2107-CUSA13369_00-MARKOFTHENINJARA,1999,1999
10,UP1274-CUSA09583_00-ICONOCLAST000001,1999,1999
10,JP0571-PPSA36025_00-HAMPRDC000000001,1699,1699
10,UP0082-CUSA08169_00-BLACKTHEFALL0000,1499,1499
10,UP6691-PPSA02513_00-2609580604908226,1499,1499
10,UB0771-PPSA24276_00-0873087474605716,1499,1499
10,UP4199-PPSA23696_00-0789037219289076,1799,1799
10,UP2141-CUSA01008_00-JAMESTOWNPLUS000,1799,1799
10,EB1338-PPSA28256_00-0493842531303702,1199,1199
10,UP5526-CUSA38150_00-KAIRO00000167000,1199,1199
10,UP2514-PPSA03766_00-FARCHANGINGTIDES,1999,1999
10,UP0001-CUSA04900_00-EAGLEFLIGHTGAME0,1999,1999
10,UP4382-PPSA03080_00-TINHEARTS0000000,1999,1999
10,UP1295-CUSA03819_00-ENCALADRIUSBLAZE,1999,1999
10,UP1050-CUSA04041_00-HARDRESET0000000,1999,1999
10,UP2470-PPSA01831_00-MAQUETTESIEA0000,1999,1999
10,UP1458-CUSA03729_00-CARMAGEDDONREINC,1999,1999
10,UP7949-PPSA16179_00-0752925303564350,1999,1999
10,UP1470-CUSA12695_00-MONSTRUMUS000000,1999,1999
10,UP9000-CUSA15404_00-G2PGTINMAN000001,1999,1999
10,UP4774-CUSA14928_00-AISOMNIUMFILES00,1999,1999
10,UP0283-CUSA04729_00-CARTOONNETWORKBR,1999,1999
10,UP4395-CUSA11585_00-RACINGAPEX000000,1999,1999
10,UP3162-CUSA07720_00-SNAKEPASSPSSA001,1999,1999
10,UP6965-PPSA04049_00-7687793675498205,1999,1999
10,UP9000-CUSA04179_00-0000000000000000,1999,1999
10,UP1260-PPSA02483_00-4653158974428182,1999,1999
10,UP0977-CUSA20082_00-LBWBASEGAME00000,1999,1999
10,UP4459-PPSA15877_00-MATDPPS5SIEA0000,1299,1299
10,EP8040-CUSA51207_00-0878243537760264,1599,1599
10,UP8448-CUSA45899_00-0759016753399534,1699,1699
10,UP5805-CUSA32728_00-0912167204033884,1549,1549
10,UP5480-PPSA12441_00-8276158147379891,1499,1499
10,UP6893-PPSA28061_00-0915939163111992,1999,1999
10,UP0604-PPSA08799_00-9817173982688982,1499,1499
10,UP1725-PPSA22831_00-0891967828678859,1099,1099
10,UP3080-PPSA12770_00-NOCKNOCKNOCKNOCK,1999,1999
10,UP4773-PPSA16771_00-0683240041941835,1499,1499
10,UP2715-CUSA29675_00-BDSCOUNTRYPS4NA0,1499,1499
10,UP2187-CUSA24083_00-9997645169937208,1499,1499
10,UP0825-PPSA06620_00-INDUSTRIA00PS5US,1999,1999
10,UP1309-PPSA04319_00-7393268510693622,1999,1999
10,UP4474-CUSA00507_00-BRG0SSZ000000001,1999,1999
10,UP0814-PPSA09150_00-8488767161305579,1999,1999
10,UP3113-CUSA07134_00-THESEXYBRUTALE01,1999,1999
10,UP1291-CUSA14864_00-0000000000000005,1499,1499
10,UP0067-CUSA14542_00-10000ULTRAWINGSF,1499,1499
10,UB0439-CUSA54739_00-0252335711152235,1499,1499
10,UP2500-CUSA13714_00-US0MARENIAN00PS4,1999,1999
10,UP2103-CUSA15011_00-THEENDISNIGH0000,1499,1499
10,UP5805-CUSA24942_00-8426046240301364,1999,1999
10,UP2500-PPSA27934_00-US0FRANEDO000PS5,1499,1499
10,UP1056-CUSA10994_00-RIVALMEGAGUNUS00,1499,1499
10,UP4133-CUSA17136_00-AEONMUSTDIE00000,1999,1999
10,UP6084-PPSA05809_00-3162895537551176,1999,1999
10,UP5480-PPSA19500_00-0761038564279282,1499,1499
10,UP1564-CUSA25955_00-CLABS0RCM2020101,1499,1499
10,UP2114-CUSA38405_00-5976259012814276,1499,1499
10,UP4409-CUSA00793_00-OLLIOLLIOLLITWO2,1499,1499
10,UP2320-PPSA13582_00-0133071801618436,1199,1199
10,UP0736-CUSA05478_00-FREEDOMPLN000001,1499,1499
10,EP5279-PPSA27533_00-PIRATESVRJOLLYUS,1999,1999
10,UP2292-PPSA03712_00-PBRELEASE0000001,1999,1999
10,EP6337-PPSA25931_00-0000000000000000,1999,1999
10,UP2011-CUSA23268_00-2872731942285660,1499,1499
10,UP2500-PPSA06179_00-US0ELPISIA000PS5,1499,1499
10,UP1676-PPSA02667_00-8422559889677992,1999,1999
10,UP0781-PPSA30114_00-ROBOTSATMIDNIGHT,1999,1999
10,UP2500-PPSA13611_00-US0HEIRSK0000PS5,1499,1499
10,UP2355-CUSA04963_00-TOKITORI2PLUS000,1499,1499
10,UP2212-CUSA27285_00-1112267520238008,1499,1499
10,UP4395-CUSA09931_00-BEHOLDER00000USA,1499,1499
10,UP3165-PPSA19600_00-3DARCADFISHPS5US,1999,1999
10,HP2711-CUSA44719_00-0177060643845506,1999,1999
10,UP5333-CUSA29100_00-CWBH000000000001,1999,1999
10,UP3643-CUSA23171_00-BLIGHTBOUNDUS000,1999,1999
10,UP0379-PPSA10976_00-2501734834468143,1999,1999
10,UP1440-CUSA17236_00-DAENAHARVEY00001,1999,1999
10,UP2470-PPSA02616_00-IAMDEADSIEA00000,1999,1999
10,UP1309-CUSA32038_00-5046298085304544,1999,1999
10,UP2329-PPSA15746_00-0911368838775149,1999,1999
10,UP0794-PPSA23052_00-0241254237769839,1999,1999
10,UP8052-PPSA05948_00-0940238972202271,1499,1499
10,UP0825-CUSA08827_00-EARTHATPS4SIEA00,1499,1499
10,UP1681-CUSA12298_00-ISLEEP000000SIEA,1499,1499
10,UP7872-CUSA42963_00-0548148694273836,1499,1499
10,UP4293-CUSA26134_00-TEARSOFAVIASIEA4,1499,1499
10,UP4770-CUSA45583_00-0430010962361689,1999,1999
10,JP0013-PPSA21884_00-JP0AACADEMY00PS5,1499,1499
10,EP3948-PPSA26875_00-0203959146993011,1499,1499
10,UP1309-CUSA12693_00-KOPP2DELUXIESTED,1499,1499
10,UP2187-CUSA16818_00-SNKBPS4SIEADIGI0,1199,1199
10,UP2598-CUSA06931_00-STATIKSIEA000001,1499,1499
10,UP0097-CUSA06151_00-THEFINALSTATION0,1499,1499
10,UP4361-PPSA06003_00-SOUTHOFTHECIRCLE,1299,1299
10,UP2397-CUSA05962_00-EVERYTHINGPS4000,1499,1499
10,UP5358-CUSA14656_00-BLAZINGCHROMEPS4,1699,1699
10,UP5526-CUSA29152_00-KAIRO00000149000,1399,1399
10,UP1263-CUSA09370_00-INCREDIBLEAVH2EA,1499,1499
10,UP3483-PPSA19720_00-0169738270613469,1999,1999
10,UP1309-CUSA42250_00-LOEPS4SIEA000000,1999,1999
10,UP1475-CUSA20415_00-NORTHANDSOUTHUS0,1999,1999
10,UP0814-PPSA08405_00-9359373677649934,1999,1999
10,UP2144-CUSA01162_00-AARUSAWAKENINGA4,1499,1499
10,UP4770-CUSA30174_00-6594522600800508,1499,1499
10,UP2500-PPSA31650_00-US0BOFTHES000PS5,1499,1499
10,UB0227-PPSA18759_00-FORKLIFTD5A00001,1499,1499
10,UP4395-PPSA15477_00-0000FROMSPACEPS5,1499,1499
10,UP3589-PPSA19369_00-0017764527826386,1499,1499
10,JP4108-PPSA29600_00-LOVISHGLOBAL0000,1499,1499
10,UB0714-CUSA54213_00-0712143301341116,1499,1499
10,UP4101-CUSA00856_00-SOCIALSHAREARENA,1399,1399
10,UP3876-PPSA18172_00-LASTBREATHPS5SAM,1799,1799
10,UP1681-PPSA20489_00-BWE002024PS5SIEA,1799,1799
10,EP0896-PPSA31535_00-VIDEOVERSERATGAM,1299,1299
10,UP2070-CUSA11954_00-0000000000000000,1299,1299
10,UP5843-PPSA20666_00-0719905930009619,1299,1299
10,UP7592-PPSA06483_00-3757252565384099,1299,1299
10,UP0891-PPSA19864_00-FINDLOVEORDIETRG,1299,1299
10,UP2106-CUSA28868_00-PIRATESOUTLAWS00,1699,1699
10,UP2470-CUSA11634_00-GOROGOASIEA00000,1499,1499
10,UP1681-CUSA13811_00-NOIR00000000SIEA,1499,1499
10,UP9000-CUSA06171_00-UCUS987110000001,1499,1499
10,UP4395-CUSA05091_00-HUESCEA000000000,1499,1499
10,UP2500-PPSA24041_00-US0REVESAGA00PS5,1499,1499
10,UP4525-CUSA01237_00-00APOTHEONFORPS4,1499,1499
10,UP3385-PPSA02564_00-DARKSIDE2NAPS500,1499,1499
10,UP7805-PPSA27924_00-0885687350166649,1699,1699
10,EB0310-PPSA28908_00-KINNIKUNEKO00000,1799,1799
10,JP5441-PPSA29491_00-0340325989894225,1249,1249
10,UP2470-PPSA19347_00-LUSHFOILSIEA0000,1499,1499
10,UP4780-CUSA35833_00-4675751179154495,1499,1499
10,UP2591-CUSA05049_00-SOTD000000000000,1499,1499
10,UP2038-CUSA14355_00-RTYPEDIMENSIONSA,1499,1499
10,UP4133-CUSA11101_00-SPACEHULKTACTICS,1499,1499
10,UP5634-PPSA09567_00-7849572027935265,1499,1499
10,UP4361-CUSA13615_00-BEATCOP000000000,1499,1499
10,UP1675-CUSA15797_00-SYPS47THSECTORBU,1999,1999
10,UP1260-CUSA13056_00-RIOTUS0000000001,1999,1999
10,UP6113-CUSA24732_00-3943159837536656,1199,1199
10,UP4713-CUSA24418_00-3116392377832344,1299,1299
10,UP0884-CUSA06270_00-ATVRENEGADESSIEA,1999,1999
10,UP4744-CUSA15785_00-LOTRLCG000000000,1999,1999
10,UP0604-CUSA16372_00-0000000000WTWTLW,1999,1999
10,UP2187-PPSA03273_00-3937104574291168,1999,1999
10,UP1994-CUSA09774_00-JUPITERMARSPSVR0,1499,1499
10,UP0182-PPSA23240_00-ADVENTURESAMSARA,1999,1999
10,UP2632-CUSA15441_00-0619817005619565,1499,1499
10,UP2187-CUSA12403_00-FOLPS4SIEADIGI00,1499,1499
10,UP5258-PPSA07052_00-2240926562133962,1499,1499
10,UP2500-PPSA30748_00-US0SEEKH00000PS5,1499,1499
10,UP4293-PPSA22592_00-BEYONDTHEIP2SIEA,1999,1999
10,UP8533-PPSA20494_00-0521813657888120,1199,1199
10,UP1980-PPSA06861_00-GIGANTIC00000000,1999,1999
10,UP4252-CUSA02842_00-AETERNOBLADE0001,1499,1499
10,UP1440-PPSA08688_00-XXXXXXXXXXXXXXXX,1999,1999
10,UP4729-PPSA05062_00-2277021535065990,1999,1999
10,UP4459-CUSA06502_00-DONTKNOCKTWICE00,1999,1999
10,UP4008-CUSA01151_00-MOTORCYCLECLUB00,1999,1999
10,UP2187-CUSA12324_00-GMPS4SIEADIGI000,1199,1199
10,UP0964-CUSA07747_00-AKASHPATHOFTHE05,1299,1299
10,UP4293-CUSA11359_00-0000000000000000,1499,1499
10,UP1421-PPSA14144_00-0903388171518690,1499,1499
10,UP0634-CUSA11099_00-RUSSUBDOGSPS4000,1499,1499
10,UP0209-CUSA12952_00-012345678PATOBOX,1499,1499
10,UP1681-CUSA15384_00-QUEENSQUEST3SIEA,1499,1499
10,UP0773-CUSA29904_00-9197598572579016,1499,1499
10,UP1470-CUSA08130_00-8BITHORDESUS0000,1499,1499
10,UP2500-PPSA23932_00-US0AHEARTS000PS5,1499,1499
10,UP1681-PPSA05136_00-DHRIDDLESPS5SIEA,1499,1499
10,UP2500-PPSA21393_00-US0GSAVIOR000PS5,1499,1499
10,UP7664-PPSA22267_00-0571649923727508,1499,1499
10,UP1681-CUSA17174_00-QUEENSQUEST4SIEA,1499,1499
10,UP2035-CUSA44895_00-0957254815119568,1499,1499
10,UP0167-CUSA06627_00-EARTHNIGHTGAME12,1499,1499
10,UP3528-PPSA28842_00-0880983279203573,1499,1499
10,JP6928-PPSA29902_00-SPCF000000000000,1499,1499
10,UP4713-CUSA30984_00-9549475246219758,1999,1999
10,UP2060-CUSA04056_00-0000000DUNGEONS2,1999,1999
10,UP7788-PPSA30487_00-OLDSCHOOLRALLYP5,1999,1999
10,UB0827-CUSA50829_00-0207746041405909,1999,1999
10,UP1482-PPSA07326_00-WBDRAGONSTRAPPS5,1999,1999
10,UB0683-PPSA32540_00-0142963766933020,1199,1199
10,UP1681-CUSA23877_00-SECRETORDER8SIEA,1499,1499
10,EP1936-PPSA29135_00-0330284603946688,1999,1999
10,UP4252-PPSA17037_00-AETERNOBLADE2001,1499,1499
10,UP6007-CUSA27192_00-8428220815582479,1499,1499
10,UP2005-PPSA16959_00-RICHMANELEVEN000,1899,1899
10,UP0576-CUSA03784_00-SLPS257810000001,1499,1499
10,UP2500-PPSA07316_00-US0IXTONA0000PS5,1499,1499
10,UP2557-CUSA06051_00-LETHALLEAGUE0000,1499,1499
10,UP0287-CUSA23801_00-NEKOPARA040000US,1499,1499
10,UP1161-CUSA07072_00-PS4SIRALIM200000,1499,1499
10,UP0458-PPSA21638_00-SKYCLIMBSKYCLIMB,1499,1499
10,UP4140-CUSA16373_00-STORYOFGLADIATOR,1099,1099
10,UP5258-PPSA07415_00-1333533500960721,1699,1699
10,UP4396-CUSA19595_00-SHINGTHEGAME0001,1999,1999
10,UP4403-PPSA13724_00-UH20000000000000,1699,1699
10,UP4064-PPSA08046_00-THEKNIGHTWITCH00,1999,1999
10,UP1003-CUSA13436_00-CBRPLT0000000000,1999,1999
10,UP1470-CUSA14475_00-MONSTERCROWNUS00,1999,1999
10,UP0794-CUSA28962_00-7106767742381934,1799,1799
10,UP4256-PPSA07354_00-5464086580600573,1999,1999
10,UP2746-CUSA06279_00-SHAQFU1632343336,1999,1999
10,UP8448-PPSA20138_00-0994471406853899,1799,1799
10,UP5155-PPSA07166_00-SYNERGIA00000000,1999,1999
10,UP2080-PPSA06108_00-INNIGHTMARE00000,1999,1999
10,UP0097-CUSA10965_00-PARTYHARD2TBSIEA,1999,1999
10,EP3948-PPSA31187_00-0417527281454980,1999,1999
10,UP2187-CUSA11750_00-1979BFRPS4SIEADI,1199,1199
10,UP1981-CUSA04461_00-SLREVOFULLGAME00,1999,1999
10,UP4713-CUSA15425_00-WE0THEREVOLUTION,1999,1999
10,UP1023-CUSA16501_00-AKIBASTRIPHD0000,1999,1999
10,UP1561-CUSA04464_00-KHOLATGAME000000,1999,1999
10,UP4127-PPSA18690_00-LOSTRUINSUS00000,1999,1999
10,UP5097-CUSA18503_00-0000000000000000,1999,1999
10,UP4906-PPSA15234_00-0885970695077912,1999,1999
10,UP0182-CUSA09879_00-RCTJOYRIDE0SKUUS,1999,1999
10,UP7034-CUSA28681_00-7215395197726184,1899,1899
10,UP4256-PPSA09993_00-4884469890022134,1699,1699
10,UP2047-CUSA16016_00-ASHOFGODSGAME0US,1999,1999
10,UP4034-CUSA04727_00-ASLEYNOS00000000,1999,1999
10,UP1898-CUSA12165_00-3FE1234500000000,1999,1999
10,UP0006-CUSA09058_00-ZOINKGAMESFE0000,1999,1999
10,UP3385-CUSA08001_00-METRONOMGAME0000,1999,1999
10,UP0134-CUSA27670_00-9903242160180130,1999,1999
10,EP6839-PPSA33458_00-0608280025675876,1249,1249
10,UP1475-CUSA03265_00-THEABCMURDERS011,1999,1999
10,EP4459-PPSA27589_00-RESTLESSRUINSPS5,1499,1499
10,UP2206-CUSA01308_00-THECASTLEGAMEENG,1499,1499
10,UP1309-PPSA20145_00-SAVIORLESS0SIEA0,1299,1299
10,UP2686-CUSA05591_00-BRUTALGAME000000,1499,1499
10,UP3971-PPSA15428_00-0434180303206305,1499,1499
10,UP1681-CUSA11136_00-ENIGMATIS300SIEA,1499,1499
10,UP1681-CUSA09427_00-EVENTIDE2000SIEA,1499,1499
10,UP5258-CUSA17919_00-CHORUS0000000000,1399,1399
10,UP4912-PPSA07039_00-4438286929424106,1499,1499
10,UP0903-CUSA02325_00-0000000000000001,1499,1499
10,UP3141-PPSA03931_00-USPS500000GIBBON,1499,1499
10,UP4040-CUSA02221_00-PIXELPIRACY00000,1499,1499
10,UP1470-CUSA12724_00-DOLLHOUSEEU00000,1999,1999
10,UP3868-CUSA12406_00-D000000000001001,1499,1499
10,UP2011-CUSA32301_00-4190169169288913,1499,1499
10,UP6965-PPSA04958_00-6159782706835342,1999,1999
10,UP5857-CUSA19104_00-PBOMNIAGAME00001,1999,1999
10,UP0704-CUSA05907_00-FLPS4IVITABUNDLE,1999,1999
10,UP4773-CUSA12826_00-PRISONBOSSVRAMER,1999,1999
10,UP4389-CUSA08955_00-RADRODGERSUS0001,1999,1999
10,UP0319-CUSA02049_00-GALAKZUSPS456789,1999,1999
10,UP1470-CUSA17979_00-KAZEWILDMASKUS00,1999,1999
10,UP4266-PPSA04579_00-GARDENSBETWEEN00,1999,1999
10,UP2186-CUSA00599_00-GRIMMBROS1DFS001,1999,1999
10,UP1470-PPSA06650_00-AIROHEART0000000,1999,1999
10,UP9000-CUSA05018_00-DANA000PS4000123,1999,1999
10,UP1981-CUSA14888_00-MOTOGP19FULLGAME,1999,1999
10,UP0006-CUSA14107_00-JOMEISOS00000000,1999,1999
10,UP2047-CUSA10216_00-AGONY666AMERICAS,1999,1999
10,UP2047-CUSA02495_00-MIGHTYNUMBERNINE,1999,1999
10,UP0097-PPSA13857_00-0384782198093985,1999,1999
10,UP2035-CUSA09452_00-BUBSY00000000001,1999,1999
10,UP3693-CUSA16805_00-0000330000000001,1999,1999
10,UP4774-CUSA26706_00-7475318722815223,1999,1999
10,UP1470-CUSA08129_00-8BITINVADERSUS00,1499,1499
10,UP3455-CUSA16720_00-CORPSEKILLERANNI,1499,1499
10,UP0794-CUSA28960_00-6655764226546372,1799,1799
10,UP1475-CUSA19411_00-FORTBOYARD2020US,1499,1499
10,UP0977-CUSA20142_00-TTDOTBASEGAME000,1499,1499
10,UP1681-CUSA12310_00-EVENTIDE3000SIEA,1499,1499
10,UP0810-CUSA14660_00-BEDTIMEDGFIGMENT,1999,1999
10,UP2107-CUSA04254_00-INVISINCPS4A0001,1999,1999
10,UP4008-CUSA09935_00-TWTSIEA000000000,1999,1999
10,UP4064-CUSA04182_00-THEESCAPISTSWD00,1999,1999
10,UP0001-CUSA05323_00-WEREWOLVSWTHIN01,1999,1999
10,UP4459-PPSA16928_00-NIGHTBOOKPS5US00,1299,1299
10,EP6960-PPSA23317_00-0086063057913198,1799,1799
10,UP8556-PPSA38334_00-0928103107824100,1499,1499
10,UP2500-PPSA04343_00-US0ALPHAG0000PS5,1499,1499
10,UP0097-CUSA04069_00-1231231231231231,1499,1499
10,UP1681-CUSA35687_00-9CLWARD22PS4SIEA,1499,1499
10,UP1681-CUSA08685_00-LOSTGRIMOIRESIEA,1499,1499
10,UP2053-PPSA04827_00-RIVERCITYGIRLS00,1499,1499
10,UP2205-CUSA02790_00-VALLEYEXPERIENCE,1499,1499
10,UP1681-CUSA25994_00-DEMONHUNTER3SIEA,1499,1499
10,EP6170-PPSA23728_00-ELDERBORNSONYPS5,1499,1499
10,UP4538-CUSA20630_00-GREYSKIESWOTWS01,1499,1499
10,UP0700-CUSA04686_00-BUILDVERSION1000,1499,1499
10,UP7076-CUSA29263_00-9682077015221990,1299,1299
10,UP2187-CUSA14285_00-OTDCPS4DIGISIEA1,1299,1299
10,UP4459-PPSA16926_00-UNCLEMARCUSPS5US,1299,1299
10,UP1482-PPSA09579_00-1170870901044929,1699,1699
10,UP7168-PPSA29572_00-0501991777542894,1799,1799
10,UP0881-CUSA18265_00-0000000000MECHUS,1199,1199
10,UP2011-PPSA09728_00-6292018448157346,1499,1499
10,UP1681-CUSA28894_00-LOSTGRIM3PS4SIEA,1499,1499
10,UP3385-PPSA16711_00-0789208744064172,1499,1499
10,UB0190-PPSA38685_00-0281764931623631,1399,1399
10,UP2047-CUSA15976_00-REDEEMERENHANCUS,1499,1499
10,UP0358-CUSA04137_00-NEVERENDINGNIGHT,1499,1499
10,UP7793-CUSA49244_00-0367946665156195,1499,1499
10,UP2154-CUSA01990_00-BROKENAGEPLAYS04,1499,1499
10,EP3643-PPSA23280_00-PEPPGRINPS5SIEE1,1499,1499
10,UP0102-CUSA00057_00-STRUSHG4TRIAL001,1499,1499
10,UP5843-CUSA28639_00-0245012548266938,1299,1299
10,UP1360-CUSA12219_00-0000000000000000,1299,1299
10,UP4127-CUSA18837_00-ARAFELLUS0000000,1499,1499
10,UP2388-CUSA04881_00-JOTUNVALHALLAED1,1499,1499
10,UP0977-CUSA20360_00-9781553436378311,1499,1499
10,UP1476-CUSA03970_00-ONEWAY0000000000,1499,1499
10,UP4078-CUSA02738_00-SUPEREXPZOO00001,1099,1099
10,UP4403-PPSA02752_00-CRIMSONLAND00000,1399,1399
10,UP2935-CUSA12763_00-CLAYBOOKSCEA0001,1499,1499
10,UP4174-CUSA23457_00-VAMPIRESHADOWSUS,1299,1299
10,UP3616-CUSA12080_00-0000000000000000,1499,1499
10,UP0812-CUSA11709_00-RAINBITESREVERIE,1299,1299
10,UP0082-CUSA11757_00-THEQUIETMANGAME1,1499,1499
10,UP2177-CUSA01547_00-STARWHALJTT50000,1199,1199
10,UP2775-CUSA06219_00-0000000000000001,1499,1499
10,UP1681-CUSA14282_00-ENCHANTED000SIEA,1499,1499
10,UP1263-CUSA09586_00-WOFVHDEATHTRAPUS,1999,1999
10,UP3385-CUSA12296_00-DECHILD000000000,1199,1199
10,UP4475-CUSA11925_00-ROOMS20180506V00,1399,1399
10,UP4635-CUSA11631_00-SHIFTQUANTUM0001,1999,1999
10,UP0001-CUSA04198_00-TRIALSBDGAME1234,1499,1499
10,UP1470-CUSA03524_00-AV00000000000000,1499,1499
10,UP2103-CUSA00199_00-1001SPIKESPS4V01,1499,1499
10,UP2844-CUSA11956_00-18FLOORSAOGAUSAA,1499,1499
10,UP0259-CUSA11056_00-20XX000000000000,1799,1799
10,UP2005-PPSA04583_00-41HOURSGAME00000,1999,1999
10,UP1685-PPSA07175_00-8054878199970457,1999,1999
10,UP1688-CUSA10509_00-AAERO11MFVERSION,1499,1499
10,EP4382-PPSA29535_00-AAERO20000000000,1999,1999
10,UP2565-PPSA18293_00-0870913542238428,1499,1499
10,EP0546-PPSA26420_00-ACCOLADESCAPS5NA,1999,1999
10,UP1847-CUSA06055_00-ACEBANANAVR00001,1499,1499
10,UB0733-PPSA30820_00-0623135692477115,1499,1499
10,UP4395-CUSA02892_00-ACTIONHENKPS4US0,1499,1499
10,UP7788-PPSA10406_00-BRUSSTPS50000000,1999,1999
10,EP6138-CUSA55793_00-0346080086938316,1299,1299
10,UP0576-CUSA03783_00-SLPS259060000001,1499,1499
10,UP4912-CUSA33315_00-3457690791776511,1499,1499
10,UP0674-CUSA02609_00-0ADVENTURESOFPIP,1399,1399
10,UP3864-CUSA09911_00-AEGISDEFENDERS00,1999,1999
10,UB1704-PPSA34133_00-0168584491611582,1999,1999
10,EP0822-PPSA22940_00-WENEVERYIELDPS5E,1499,1499
10,UP5958-CUSA34758_00-1435478149653997,1499,1499
10,UP6718-PPSA23493_00-0605979452346263,1199,1199
10,UP5482-CUSA16212_00-0000000000000000,1199,1199
10,UP1882-CUSA12104_00-YAKAGENTAFG00001,1999,1999
10,UP1681-CUSA49565_00-AGENT2024PS4SIEA,1799,1799
10,UP6718-PPSA21624_00-0074040351104335,1499,1499
10,UP0977-CUSA31538_00-0875806688425289,1999,1999
10,UP2552-CUSA13120_00-THEAIRHEARTGAMEA,1799,1799
10,UP0182-PPSA10083_00-7519151378363775,1999,1999
10,UP1260-CUSA02883_00-0000000000000000,1499,1499
10,UP2187-CUSA09011_00-AOPS4DIGISIEA000,1199,1199
10,UP2011-CUSA35708_00-1452288202273233,1999,1999
10,UP5729-CUSA20608_00-CHEMISTADVENTURE,1999,1999
10,UP7375-CUSA47918_00-0508750927198422,1799,1799
10,UP3252-PPSA16067_00-JANDUSOFT0000001,1299,1299
10,UP6673-CUSA30730_00-0957437476024690,1999,1999
10,UP0737-CUSA17248_00-0000000000000000,1999,1999
10,UP4127-PPSA18434_00-ALINAOTARENAUS00,1499,1499
10,UP0891-PPSA03822_00-RGALITTLELILYPRI,1499,1499
10,EP0896-PPSA28187_00-ALLTHEWORDSSHERG,1299,1299
10,UP0721-CUSA12124_00-ALONGTOGETHERTHE,1499,1499
10,UP4907-CUSA27022_00-ALWASLEGACY00001,1799,1799
10,UP1741-CUSA03926_00-0000000000000001,1199,1199
10,UP2500-PPSA06520_00-US0AMBITION00PS5,1499,1499
10,UP1502-CUSA14607_00-0000000000000001,1499,1499
10,EB1062-PPSA26333_00-0537498887254023,1499,1499
10,UP2187-CUSA29486_00-3220296841489860,1499,1499
10,JB1401-PPSA29208_00-0193412384225374,1199,1199
10,UP3874-CUSA09308_00-ANAMORPHINE00001,1999,1999
10,UB1029-PPSA26857_00-0727870022865047,1199,1199
10,UP6687-PPSA18127_00-HOLLYMAINGAME001,1799,1799
10,UP2212-CUSA32059_00-4224762369613239,1799,1799
10,UP6259-CUSA28105_00-3370768762015872,1399,1399
10,UP1340-CUSA04586_00-GATE0OF0MEMORIES,1999,1999
10,UP1340-CUSA12142_00-ANIMAARCANEEDITI,1999,1999
10,UP1847-CUSA12538_00-ANIMALFORCEUS001,1599,1599
10,UP6021-CUSA29677_00-7116761591694942,1499,1499
10,UP6422-CUSA31655_00-6440425238243035,1499,1499
10,UP3868-CUSA35000_00-9474898074952866,1999,1999
10,UP1440-CUSA07826_00-DAENAAQ000000001,1999,1999
10,UP0891-PPSA02701_00-RATALAIKANODYNE2,1999,1999
10,UP4361-CUSA00082_00-ANOMALY200000001,1499,1499
10,UP7939-PPSA26184_00-0131791012611868,1499,1499
10,UP5631-CUSA26203_00-1234123412341234,1699,1699
10,UP3797-CUSA14100_00-ANTIGRAVIATOR00F,1999,1999
10,UP4223-PPSA10205_00-6648789013427507,1999,1999
10,UP4034-CUSA05890_00-APIXELSTORY00000,1199,1199
10,UP6107-CUSA23213_00-US00000UNWILLING,1499,1499
10,UP2187-PPSA03083_00-1950767877866070,1999,1999
10,UP0891-PPSA08624_00-RATALAIKAQUADINE,1999,1999
10,UP6718-PPSA34315_00-0454918447138725,1999,1999
10,HB1576-PPSA31873_00-0PS5ARASHIGAIDEN,1449,1449
10,JP0571-CUSA55591_00-0879826290157474,1499,1499
10,JP0571-CUSA53672_00-HAMPRDC000000001,1499,1499
10,JP0571-CUSA55661_00-HAMPRDC000000001,1499,1499
10,UP0604-PPSA18297_00-0152288128844050,1999,1999
10,UP4363-CUSA11701_00-ARCADREAMRIPVR01,1999,1999
10,UP0031-CUSA14514_00-ARCOFALCHEMIST00,1999,1999
10,UP7698-PPSA31393_00-0084794517690682,1999,1999
10,EB1062-PPSA26115_00-0100308000040563,1999,1999
10,UP6253-PPSA21285_00-ARIOPS5NA0000000,1249,1249
10,UP6253-PPSA22415_00-ARITEFROMTHPS5US,1199,1199
10,UP1475-PPSA06328_00-ARKEBPS5000000US,1999,1999
10,UP1079-CUSA03255_00-ARMEDGELATINOUS1,1499,1499
10,UP5099-CUSA17106_00-0000ARTPULSE11US,1299,1299
10,UP6893-PPSA17887_00-0907873671123663,1999,1999
10,UP2500-PPSA08155_00-US0ACROSS0000PS5,1499,1499
10,UP1564-CUSA32572_00-CLABS0ASD2022031,1099,1099
10,UP5258-PPSA12230_00-6374691671740551,1999,1999
10,UP6963-CUSA34920_00-ASPIREINASTALEUS,1299,1299
10,UP7992-CUSA45479_00-0364159179912883,1299,1299
10,UP6665-PPSA16710_00-AOH0000000000000,1999,1999
10,UP1475-PPSA08165_00-AOXXL2PS500000US,1999,1999
10,UP1475-PPSA07499_00-ASTERIXXXL3PS5US,1999,1999
10,UP1475-PPSA08163_00-0402933591686200,1999,1999
10,JP0013-PPSA29926_00-JP0ATAKERS000PS5,1999,1999
10,UP4501-PPSA06424_00-5281357436833440,1499,1499
10,UB1264-CUSA54406_00-0223293269574460,1499,1499
10,UP3252-PPSA08287_00-JANDUSOFT0000001,1499,1499
10,UP4057-CUSA15911_00-ATECHCYBERNETIC0,1999,1999
10,UP6963-CUSA40869_00-0002575215184082,1499,1499
10,UP4459-CUSA13601_00-ATTACKOFTHEEARTH,1999,1999
10,UP0814-PPSA13703_00-0290781771739510,1499,1499
10,UP8120-PPSA30178_00-0032087640013026,1499,1499
10,UP1309-CUSA08327_00-AWAYEU0000000000,1699,1699
10,UP0829-CUSA05111_00-0000000000000001,1199,1199
10,UP4770-CUSA37323_00-8859849565805740,1999,1999
10,UP8376-PPSA15785_00-0091965335315874,1499,1499
10,UP4199-CUSA40629_00-0865297194055360,1999,1999
10,UP6044-PPSA13698_00-0867728353618308,1999,1999
10,UP1181-CUSA26185_00-2240043536322697,1199,1199
10,UP0814-PPSA14955_00-0192604961482671,1499,1499
10,EP8062-PPSA36652_00-0896853866127829,1449,1449
10,HP6885-CUSA54045_00-BAHAMUTPST4FINAL,1999,1999
10,UP4357-CUSA19066_00-CEASIAAFBOTMA001,1699,1699
10,UP4480-CUSA26218_00-2679946741146799,1999,1999
10,UP7916-PPSA13936_00-0063922375662149,1999,1999
10,EB1445-PPSA27770_00-0391064227671539,1299,1299
10,UP4176-CUSA00043_00-BASEMENTCRAWL001,1999,1999
10,UP5526-CUSA24635_00-KAIRO00000143000,1399,1399
10,UP4127-CUSA24965_00-BATBARIANUS00000,1499,1499
10,UP0794-CUSA39418_00-8827524481068527,1999,1999
10,UP4389-CUSA04483_00-BATTLEWORLDSKNA1,1999,1999
10,UP5526-CUSA25563_00-KAIRO00000079000,1399,1399
10,UP2787-CUSA15497_00-0000000000000000,1999,1999
10,UP3329-CUSA14646_00-BEATSFEVER0000AM,1999,1999
10,UP6963-CUSA27379_00-4416322135505903,1999,1999
10,UP2395-CUSA06123_00-BEEPBEEPDELIVERY,1299,1299
10,UP3385-PPSA13825_00-0072061406527584,1999,1999
10,UP4395-CUSA17205_00-BEHOLDER2US00000,1499,1499
10,EP3024-PPSA30493_00-BIBIBLOCKHBR4PS5,1999,1999
10,UP3165-PPSA19598_00-BUTKINOFILMPS5US,1999,1999
10,UP3165-CUSA16752_00-BUTONHORSEFARMUS,1999,1999
10,UP3165-PPSA04956_00-BUTHORSEADVPS5US,1999,1999
10,UP1421-PPSA14127_00-0308235550809589,1199,1199
10,UP1421-PPSA14129_00-0141740327796459,1499,1499
10,UP1421-PPSA14131_00-0477362038856147,1499,1499
10,UP1421-PPSA18233_00-0459486718293149,1499,1499
10,UP7085-PPSA19258_00-0294026655388531,1999,1999
10,UP2775-PPSA16938_00-0553353247198132,1999,1999
10,EB1075-PPSA23451_00-BFRAMEOUTPOSTPS5,1499,1499
10,UP4780-CUSA20549_00-BTBPS40000000001,1499,1499
10,UP5526-CUSA24137_00-KAIRO00000109000,1399,1399
10,UP5584-CUSA23653_00-0974102377921659,1899,1899
10,UP2769-CUSA07080_00-BLACKHOLE001COMP,1499,1499
10,UP5855-CUSA18678_00-0000000000111111,1999,1999
10,UP2187-CUSA15031_00-BPPS4SIEADIGI001,1499,1499
10,UP0963-CUSA04880_00-BLACKWOODCROSSIN,1599,1599
10,UP2011-PPSA08792_00-9124772547259082,1799,1799
10,UP2011-CUSA23258_00-4018782885559073,1999,1999
10,UP2282-PPSA05498_00-2921633993618946,1999,1999
10,UP3760-CUSA13966_00-0000000000000001,1999,1999
10,UP2005-PPSA28525_00-BLAZINGTRAIL0000,1299,1299
10,UP2187-CUSA08889_00-BLEEDDIGERATIDIS,1299,1299
10,UB0675-PPSA25675_00-0792379009763368,1199,1199
10,UB0618-CUSA47335_00-0978700590782850,1099,1099
10,UP4459-PPSA16924_00-BLOODSHOREPS5US0,1299,1299
10,UP2187-CUSA28375_00-5474090373980833,1999,1999
10,EP3540-PPSA35624_00-BLUEBERRY0000PS5,1249,1249
10,UP1309-CUSA07280_00-BOILINGBOLT00000,1199,1199
10,UP2998-CUSA07479_00-BOKOSUKAWARS2000,1349,1349
10,UP0438-CUSA14281_00-0000000000000001,1499,1499
10,UP2005-PPSA34209_00-BOOKOFKORVALD000,1999,1999
10,UP1220-CUSA18627_00-BOSSGARD00000000,1999,1999
10,EP3729-CUSA50499_00-BOTTLEPILGRIMPS4,1099,1099
10,UP7359-CUSA47785_00-0229783977929872,1499,1499
10,UP9000-CUSA04193_00-SANTAMONICAB0001,1999,1999
10,UP3669-CUSA09964_00-BOWTOBLOOD000001,1999,1999
10,UP4466-CUSA11629_00-0000000000BOXAPO,1999,1999
10,UP4176-CUSA01719_00-BASEMENTBRAWL001,1499,1499
10,UP0438-CUSA03742_00-BNCDEADLINEDGTL1,1499,1499
10,UP4264-CUSA35214_00-0633134519109599,1999,1999
10,UP0182-CUSA52930_00-BREAKOUTBEYOND00,1499,1499
10,UP5124-CUSA13780_00-BBATTLESFULLPS4E,1499,1499
10,UP1649-CUSA13527_00-BRINGTOLIGHT0001,1999,1999
10,UP5634-CUSA19427_00-BRUNCHCLUB000000,1449,1449
10,EP6325-PPSA28078_00-0606757911085072,1499,1499
10,UP1355-CUSA08501_00-BUGSBOX000000000,1499,1499
10,UP1355-CUSA10847_00-BUGSBOXVR0000000,1699,1699
10,UP1675-PPSA25350_00-SYPS5BUILDEST000,1299,1299
10,UP1260-CUSA15426_00-BHFT000000000001,1999,1999
10,UP3803-CUSA28500_00-4598213714340742,1299,1299
10,UP8791-PPSA16658_00-0973953919701822,1999,1999
10,UP2535-CUSA07860_00-BUNNYMUSTDIEBUDL,1499,1499
10,UP1470-CUSA33486_00-BUNNYPARKUS00000,1999,1999
10,UP5526-CUSA29123_00-KAIRO00000123000,1399,1399
10,UP2005-PPSA13318_00-BURROWFALLENBEAR,1999,1999
10,UP0131-CUSA03798_00-7777777777777777,1199,1199
10,UP6408-CUSA25181_00-6675510977993822,1499,1499
10,UP6408-PPSA02378_00-0763944390730495,1499,1499
10,UP0891-PPSA02938_00-RATAGAMC14DATING,1999,1999
10,UB0538-PPSA25304_00-CAFE0BEASTREMPS5,1999,1999
10,UP5526-CUSA23777_00-KAIRO00000043000,1399,1399
10,UP0891-PPSA04150_00-RGCAFFEINEVICTOR,1799,1799
10,UP3252-PPSA20867_00-JANDUSOFT0000001,1249,1249
10,UP1260-CUSA12453_00-CANDLE0000000001,1799,1799
10,UP3252-PPSA32532_00-JANDUSOFT0000001,1499,1499
10,UP7945-CUSA35269_00-2797701118320550,1499,1499
10,UP2545-CUSA15587_00-0000000000000000,1999,1999
10,UP1309-PPSA06078_00-4379992031910149,1699,1699
10,UP2379-CUSA12149_00-0000000000000000,1499,1499
10,EP5112-PPSA27775_00-0589080011846458,1499,1499
10,UP4713-CUSA29628_00-5895376036557842,1499,1499
10,UP4042-CUSA08567_00-CASTLESTORMVR001,1499,1499
10,UP2294-CUSA14126_00-CATANVRPSVRE7001,1499,1499
10,HB1179-PPSA31328_00-0211015196244537,1299,1299
10,UP4907-CUSA29446_00-CATHEDRAL0000001,1499,1499
10,UP5552-PPSA03385_00-9606804054311366,1499,1499
10,UP6607-CUSA42857_00-0637613789135967,1999,1999
10,UP7862-PPSA18365_00-CODTMGPS500000US,1599,1599
10,EP0822-PPSA33293_00-CAUSALLOOP000PS5,1999,1999
10,UP3252-CUSA09015_00-0000000000000001,1499,1499
10,UP3252-PPSA11542_00-JANDUSOFT0000001,1249,1249
10,UP0036-CUSA07545_00-CHAOSCODENA00001,1999,1999
10,UP1470-PPSA06604_00-CHARONSSTAIRCASE,1999,1999
10,UP0082-CUSA08336_00-COZBASEGAME10001,1799,1799
10,UB0837-CUSA54371_00-0267956041076803,1499,1499
10,UP1147-CUSA10840_00-CGPSVRFLATBUNDLE,1999,1999
10,UP2500-PPSA04270_00-US0CHROMAQ000PS5,1499,1499
10,UP1421-PPSA14075_00-0738406884073747,1499,1499
10,UP1024-CUSA03351_00-FT20000000000001,1499,1499
10,UP2500-PPSA31754_00-US0CHRONUSA00PS5,1499,1499
10,UP6974-PPSA21251_00-0380205174365546,1499,1499
10,UP2764-CUSA16226_00-CINDERSGAME00000,1999,1999
10,UP1290-CUSA10807_00-CITYOFBRASS00002,1999,1999
10,UP4856-CUSA18860_00-0000000000000001,1499,1499
10,UP0819-CUSA20433_00-00000000MAINGAME,1499,1499
10,UP0737-CUSA27407_00-2950885382369799,1499,1499
10,UP5482-PPSA23006_00-0231412812571941,1599,1599
10,UP0794-CUSA30071_00-0079333001594374,1499,1499
10,UP1681-CUSA06767_00-CLOCKWORK000SIEA,1499,1499
10,UP6718-CUSA57969_00-0959040551388503,1999,1999
10,UP1421-PPSA14117_00-0953481977224907,1199,1199
10,UP1421-PPSA14121_00-0164485081499575,1199,1199
10,UP3443-CUSA11282_00-0000000020180323,1999,1999
10,UP0036-CUSA16149_00-CODESHIFTERUS010,1499,1499
10,UP4459-CUSA04084_00-COFFINDODGERSPS4,1199,1199
10,UP3465-CUSA08345_00-COLDIRON00000000,1399,1399
10,UP6607-CUSA27092_00-1423026363436064,1499,1499
10,UP8302-PPSA26017_00-0141954785871336,1499,1499
10,UP5482-CUSA25544_00-9847793397336220,1799,1799
10,UP0825-CUSA24886_00-COLTCANYON4SIEA0,1499,1499
10,UP1355-CUSA25242_00-COMEONKITTY00000,1499,1499
10,UP8654-PPSA17105_00-0727371736068839,1499,1499
10,UP3797-CUSA14099_00-CONARIUM10037XXX,1999,1999
10,UB0837-CUSA52019_00-0149914563922286,1999,1999
10,JP0571-PPSA31724_00-HAMPRDC000000001,1199,1199
10,UP4037-CUSA14667_00-CONSTRPLUSPS4USD,1999,1999
10,UP0944-CUSA15810_00-CONVOYUS00000000,1499,1499
10,UP1207-CUSA17889_00-1630STEWARTWE200,1999,1999
10,EP3024-CUSA49809_00-MHINVASIONPS44WW,1999,1999
10,UP3165-CUSA33013_00-CRAZYCHICKENJUMP,1649,1649
10,UP3165-CUSA45503_00-MOORHUPIRATPS4US,1999,1999
10,EP3024-PPSA27228_00-CCTREASUREHU3PS5,1999,1999
10,UP3165-PPSA02825_00-0567691425343910,1499,1499
10,UP3165-CUSA44860_00-MOORHUHNXPS45AME,1999,1999
10,UP4252-CUSA04448_00-CSBEX00000000001,1299,1299
10,UP2300-CUSA14035_00-CREEPYROADGAME00,1299,1299
10,UP2005-PPSA28291_00-CRIMEOPERATWO000,1499,1499
10,UP1260-CUSA14406_00-CRIMSONKEEP00001,1999,1999
10,UP2005-PPSA03568_00-CRIMSONSPIRES000,1999,1999
10,EP3877-PPSA34484_00-FULLGAMECROSAKPA,1799,1799
10,UP3643-CUSA10268_00-CROSSINGSOULS000,1499,1499
10,EP0822-PPSA25784_00-CROWNSANDPAWNS5G,1999,1999
10,UP2103-CUSA14981_00-CRYSTALCRISISNNA,1999,1999
10,UP2500-PPSA08375_00-US0CORTHA0000PS5,1499,1499
10,UP1512-CUSA06766_00-0000000000000001,1299,1299
10,JB1263-PPSA26936_00-0776706959062105,1499,1499
10,UP6206-PPSA26470_00-0425688666581995,1999,1999
10,UP5180-CUSA15962_00-0000000000000000,1499,1499
10,UP5180-CUSA28402_00-CURIEXPEDITIO2US,1999,1999
10,UP2080-PPSA02817_00-CURVEDSPACE00000,1999,1999
10,UP0891-PPSA20498_00-CUTEBITERATAGAME,1499,1499
10,UB0714-CUSA53912_00-0956508586267780,1499,1499
10,UP3473-PPSA10861_00-0HOTIMPORTNIGHTS,1999,1999
10,UP4780-CUSA26223_00-2308713217674858,1499,1499
10,EP0435-PPSA24912_00-0201553772358015,1299,1299
10,UB0169-PPSA26440_00-0333695470404315,1999,1999
10,UP0036-CUSA10252_00-DGEAR2HD00000000,1999,1999
10,UP3686-CUSA27333_00-DANCEOFGAMEPS4NA,1599,1599
10,UP2320-CUSA10749_00-DANDARALONGHATH1,1499,1499
10,UP1681-CUSA08684_00-DARKARCANA00SIEA,1499,1499
10,UP5003-CUSA16176_00-DSTCMB00000000US,1499,1499
10,UP1264-CUSA07549_00-4152434849414354,1499,1499
10,UP4140-CUSA15909_00-DQ25778149429664,1499,1499
10,UP4140-CUSA42293_00-0750345372613197,1899,1899
10,EP3921-CUSA57185_00-0146263769783219,1999,1999
10,EP1411-PPSA31421_00-0409254398118804,1499,1499
10,UP1675-CUSA28522_00-SYPS4DATEJOURNAL,1499,1499
10,UB0675-PPSA28208_00-0789573719366761,1499,1499
10,UP8339-PPSA22379_00-0976996144231294,1999,1999
10,UP8767-PPSA30033_00-0664646499030614,1499,1499
10,UP0825-CUSA08349_00-DEADAGEPS4SIEA00,1499,1499
10,JP0013-PPSA26192_00-JP0DDRAGONS00PS5,1499,1499
10,UP2005-PPSA15530_00-DEADENDCITY00000,1499,1499
10,UP0825-CUSA13453_00-DEADENDJOPS4SIEA,1699,1699
10,UP5290-CUSA27619_00-1547824107628672,1999,1999
10,UP1340-CUSA05524_00-DEADSYNCHRONICIT,1499,1499
10,UP6165-CUSA24035_00-7429424722453553,1599,1599
10,UP3589-PPSA15686_00-0252925950983359,1999,1999
10,UP1260-PPSA07045_00-8316834925308654,1499,1499
10,UP5006-CUSA14038_00-MRPSGAMEDEBRIS01,1299,1299
10,UP1139-CUSA32727_00-5169176745194337,1999,1999
10,UP0977-PPSA03680_00-9676957448653284,1999,1999
10,UP0355-CUSA12923_00-DEFENDERSOFEKRON,1299,1299
10,UP0410-CUSA09127_00-DEFENDERSQUEST01,1499,1499
10,UP0814-PPSA14753_00-0235119108832393,1299,1299
10,UP8616-PPSA32538_00-0568637601370104,1499,1499
10,UP4729-CUSA36624_00-1592489292711761,1999,1999
10,UP3287-CUSA29000_00-4991438204990382,1299,1299
10,UP4725-PPSA20477_00-DEMENTIUMTHEWARD,1999,1999
10,UP2005-PPSA04914_00-DEMONIACA0000000,1499,1499
10,UP2187-CUSA09587_00-DWPS4DIGISIEA000,1299,1299
10,UB0613-PPSA21041_00-0706715423310613,1999,1999
10,UP2011-CUSA32332_00-2712619644587735,1499,1499
10,UP6607-CUSA27395_00-0154333030794022,1099,1099
10,UP3252-PPSA27546_00-JANDUSOFT0000001,1249,1249
10,UP1421-PPSA18237_00-0681699748160669,1499,1499
10,UP4487-CUSA12734_00-00DETECTIVEGALLO,1499,1499
10,UP3252-PPSA22700_00-JANDUSOFT0000001,1049,1049
10,UP3252-PPSA19650_00-DETECTIVEBUNDLE1,1049,1049
10,UP3252-PPSA25567_00-JANDUSOFT0000001,1299,1299
10,UP3252-PPSA28275_00-JANDUSOFT0000001,1049,1049
10,UP7276-PPSA33601_00-DEVIDICON0000000,1499,1499
10,UP1340-CUSA04587_00-0000000000000000,1999,1999
10,UP2535-CUSA17465_00-DIADRAEMPTY00000,1199,1199
10,UP1355-CUSA16585_00-DICEISCAST000000,1299,1299
10,UP3639-CUSA08638_00-0000000000000000,1499,1499
10,UP3639-CUSA14269_00-0000000000000000,1999,1999
10,UP4293-PPSA09147_00-7946908031771975,1999,1999
10,UP3876-CUSA42561_00-DIEAGAIN0000PS4A,1499,1499
10,UP2860-CUSA08084_00-DIEFORVALHALLA00,1199,1199
10,EP5098-PPSA28406_00-0382348723155286,1499,1499
10,UP4830-CUSA12364_00-0001111222233334,1299,1299
10,UP6088-CUSA45141_00-0903683843686790,1999,1999
10,EP6922-PPSA27853_00-0836975314325475,1499,1499
10,EP6922-PPSA27850_00-0425423502699251,1499,1499
10,UP2660-CUSA23291_00-2248243448133775,1599,1599
10,UB0532-PPSA27712_00-0376036431259406,1399,1399
10,UP0756-CUSA03799_00-1601197619764444,1499,1499
10,UP2608-CUSA05702_00-OPQAMDOGOSPS4000,1199,1199
10,UP1355-CUSA16591_00-DOORSNROOMS00000,1499,1499
10,JP5361-CUSA51525_00-KAIRO00000998000,1999,1999
10,UB0946-PPSA24261_00-DORFS00000000PS4,1499,1499
10,UP5579-CUSA17461_00-CORTOPIADTRHSIEA,1999,1999
10,UP3057-CUSA11221_00-0000000000000000,1999,1999
10,UP2500-PPSA06522_00-US0DLAPIS0000PS5,1499,1499
10,UP0969-CUSA40806_00-000DRAGONOKASIEA,1999,1999
10,UP4042-CUSA14957_00-DREADNAUTICAL001,1999,1999
10,UP0063-CUSA10309_00-DREAMMATCHTENNIS,1499,1499
10,UP1681-CUSA18096_00-DREAMWALKER0SIEA,1499,1499
10,UP5805-CUSA31614_00-2271984038521826,1499,1499
10,UP2641-CUSA16065_00-DRIVENOUT0000002,1499,1499
10,EB0685-CUSA55724_00-0577262456583010,1199,1199
10,UB0883-PPSA23828_00-0536158776475011,1499,1499
10,UP5002-CUSA19437_00-DOTE00000000SIEA,1999,1999
10,UP1309-CUSA07642_00-0DUNGEONRUSHERS0,1499,1499
10,UP2833-CUSA25751_00-DUNGEONTOPPS4V10,1399,1399
10,UP5526-CUSA23673_00-KAIRO00000064000,1399,1399
10,UP7788-CUSA52678_00-DUNJUNGLEPS4FULL,1999,1999
10,UP1629-CUSA20450_00-IS00012516000111,1199,1199
10,UP1952-PPSA04262_00-8372473865253094,1799,1799
10,UP3682-CUSA11374_00-DUSTYRAGINGFIST0,1499,1499
10,HP7021-CUSA51292_00-0981201891627179,1149,1149
10,UP3089-CUSA09805_00-000000000000DWVR,1499,1499
10,UP5958-CUSA34691_00-8754374506030389,1499,1499
10,UP2855-CUSA09967_00-KSPS400000000001,1499,1499
10,UP8624-CUSA43305_00-0000000000000001,1999,1999
10,UP1207-CUSA17536_00-1630STEWARTWE200,1499,1499
10,UP2436-CUSA14340_00-ET00000000000005,1999,1999
10,UB0249-CUSA45581_00-0866429431271882,1199,1199
10,UP1291-CUSA41319_00-0383158138052372,1999,1999
10,UP2500-PPSA20539_00-US0ELDGEAR000PS5,1999,1999
10,UP8026-CUSA20617_00-ELDRADORGAME01US,1999,1999
10,UP2292-CUSA11387_00-EN1RELEASE000001,1999,1999
10,UP6883-PPSA27607_00-0415689366351120,1499,1499
10,UP5880-PPSA08730_00-ELEMENTALWAR0000,1499,1499
10,UP2941-CUSA13741_00-ELEVENELEVENVR01,1999,1999
10,UP0977-CUSA17058_00-BASEGAME00000000,1999,1999
10,UP1309-PPSA14011_00-0620048428044620,1999,1999
10,UP0190-CUSA07552_00-MIRRIMGAMEPS4000,1499,1499
10,UP6171-PPSA21456_00-EMPTYSHELSIEAPS5,1599,1599
10,UP0904-CUSA02596_00-XGAMES1200010100,1499,1499
10,UP1681-CUSA20020_00-AOTWBUNDLE00SIEA,1499,1499
10,UP2814-CUSA07102_00-ENDSPACE00000001,1999,1999
10,UP0315-CUSA04817_00-ENERGYHOOK00SCEA,1499,1499
10,UP5526-CUSA23809_00-KAIRO00000019000,1399,1399
10,UP4286-CUSA26547_00-3786518671555366,1499,1499
10,UP5265-PPSA17742_00-0167027429309735,1999,1999
10,UB0675-PPSA27974_00-0577923818972343,1499,1499
10,UP4551-CUSA25606_00-0567345231510190,1999,1999
10,EP6681-PPSA20900_00-0761770474540367,1099,1099
10,UP4597-CUSA25524_00-5363953339860061,1999,1999
10,UP7076-PPSA19318_00-ETERNALTHREADS01,1999,1999
10,UP2769-CUSA08257_00-142030ETERNITY17,1999,1999
10,UP2929-CUSA15516_00-ETHERBORN0000001,1699,1699
10,UP1264-CUSA12204_00-4152434849414354,1999,1999
10,UP1681-CUSA08197_00-EVENTIDE1000SIEA,1499,1499
10,JB0500-PPSA32312_00-0805068185017813,1999,1999
10,UP2011-CUSA26435_00-6103897904401634,1499,1499
10,UP4127-CUSA28069_00-EVERTRIEDPS4US00,1999,1999
10,UP5869-PPSA20610_00-0139183875962116,1499,1499
10,UP8090-PPSA17507_00-0884115708813970,1999,1999
10,UP4469-CUSA12827_00-EXCEPTION0000001,1499,1499
10,UP3252-PPSA03156_00-JANDUSOFT0000001,1299,1299
10,EP6257-PPSA33617_00-0000EXTRACOINPS5,1999,1999
10,UP1421-PPSA14065_00-0366794174774029,1499,1499
10,UP1421-PPSA14067_00-0340493457402060,1499,1499
10,UP4293-CUSA25999_00-6308420725020965,1499,1499
10,UP0551-CUSA07387_00-FCNA000000000001,1999,1999
10,UP8016-CUSA25042_00-FANTA00GAMEUSAWR,1499,1499
10,UP0097-PPSA13376_00-0944907986599879,1499,1499
10,UP0737-CUSA14222_00-0000000000000000,1499,1499
10,UP0082-CUSA10032_00-FESEDNA000000000,1999,1999
10,UP0891-PPSA17524_00-FEARMONIUMRATGAM,1299,1299
10,UP3580-CUSA15111_00-0000000000000000,1299,1299
10,UP2059-CUSA02223_00-FENIXFURIA002915,1499,1499
10,UP7092-PPSA32187_00-0254129622262331,1499,1499
10,UP5177-CUSA39298_00-7834795214922441,1499,1499
10,UP1743-CUSA06434_00-1234567890123456,1799,1799
10,UP0842-CUSA13414_00-IASEUROFIMBULEA0,1499,1499
10,UP4168-CUSA00958_00-FINALHORIZON0PS4,1299,1299
10,UP6739-CUSA34694_00-7523191361118409,1799,1799
10,UP3252-PPSA18587_00-JANDUSOFT0000001,1099,1099
10,UP1421-PPSA14069_00-0531219639096559,1499,1499
10,UP1421-PPSA14071_00-0303175443317455,1499,1499
10,UP4132-CUSA02222_00-FLAMEOVERLLJ2015,1199,1199
10,UP1139-CUSA38152_00-1178045723949343,1999,1999
10,UP2114-CUSA07390_00-FLINTHOOKPS4SONY,1499,1499
10,UP6673-CUSA31831_00-6358444915624406,1199,1199
10,UP4203-CUSA11251_00-1312201720171213,1499,1499
10,UP2470-PPSA16582_00-FLOCKPS5SIEA0000,1999,1999
10,UP4199-CUSA45180_00-0007347630151094,1299,1299
10,UP5446-CUSA16660_00-SM00002222333344,1999,1999
10,UP4035-CUSA20600_00-FLYINGBASEGAME00,1799,1799
10,UP3985-CUSA11953_00-FANDF00000000100,1999,1999
10,UP3864-CUSA27766_00-FLYNN0000000000A,1999,1999
10,UP4127-PPSA27993_00-FOMOGGLOBAL00000,1999,1999
10,UB1264-CUSA51876_00-0466326390100312,1499,1499
10,UP5526-CUSA32772_00-KAIRO00000165000,1199,1199
10,UP7299-PPSA17107_00-0714546143048644,1999,1999
10,UP7213-CUSA51178_00-0593457979694168,1099,1099
10,UP1738-CUSA18727_00-FORM000000000001,1499,1499
10,UB0111-CUSA48224_00-0017679928235094,1399,1399
10,UP5580-CUSA26250_00-FORTTRIUMPH0SIEA,1999,1999
10,UP3151-CUSA10768_00-0000000000000000,1699,1699
10,UP2035-CUSA44922_00-0601124467706961,1499,1499
10,UP1264-CUSA17360_00-4152434849414354,1499,1499
10,UP5155-PPSA07445_00-0126802058141672,1499,1499
10,UP0814-PPSA09079_00-7377893988458952,1499,1499
10,UP2187-CUSA09146_00-CGBV1SIEAPS4DIGI,1299,1299
10,UP2103-CUSA03532_00-FULLMOJORAMPAGE1,1299,1299
10,UP7407-PPSA09393_00-8313683304965713,1499,1499
10,UP6705-PPSA08428_00-8537346595762036,1499,1499
10,UP2199-CUSA17693_00-FUNTIMENA0000000,1499,1499
10,UP2387-CUSA15927_00-FURYUNLEASHED000,1999,1999
10,UP1061-CUSA08534_00-FUTUREUNFOLDING0,1999,1999
10,UP1493-CUSA18857_00-0000000000000000,1449,1449
10,UP1309-CUSA11955_00-GALAXYOFPEN0SIEA,1499,1499
10,UP2500-PPSA08536_00-US0WINDORIA00PS5,1499,1499
10,UP8016-CUSA32759_00-GANRYUGAMEUSAPS4,1799,1799
10,UP4983-CUSA31562_00-5325393098479383,1999,1999
10,UP0891-PPSA15831_00-GARLICRATALAIKAG,1499,1499
10,UP3797-CUSA15664_00-GASGUZZLERS00001,1999,1999
10,UP0891-PPSA15463_00-GEMATOMBERATAGAM,1499,1499
10,UP0514-CUSA02352_00-TRAVELERGAMEXXXX,1499,1499
10,EP3594-PPSA27736_00-0937535379561099,1299,1299
10,UP2535-CUSA13738_00-TOHOATDNO1002018,1899,1899
10,UP6881-PPSA17307_00-0290807864097366,1049,1049
10,UP1681-CUSA19506_00-GHOSTFILES20SIEA,1499,1499
10,UP2500-PPSA05744_00-US0GHOSTSYNC0PS5,1499,1499
10,UP4034-CUSA19572_00-0000000000000000,1999,1999
10,EP7990-CUSA53256_00-0852375502500487,1499,1499
10,UP5469-CUSA28620_00-8882019309226074,1099,1099
10,UP2908-CUSA29975_00-BUSTERSGAME00000,1999,1999
10,UP6253-CUSA50544_00-GLITCHHEROOPS4NA,1199,1199
10,UP1564-CUSA32574_00-CLABS0GAO2022032,1849,1849
10,UP8555-PPSA17870_00-0000000000000003,1999,1999
10,UP3050-CUSA08439_00-TRIGGERSTHGAMEUS,1499,1499
10,UP6705-CUSA28427_00-GODSTRIKEGAME002,1499,1499
10,UB0675-PPSA30732_00-0530480555906801,1499,1499
10,UP4713-CUSA16589_00-GOLAZOFOOTBALLUS,1499,1499
10,JP6898-PPSA23369_00-0173086817516423,1999,1999
10,UP2320-CUSA23371_00-9326626054356868,1299,1299
10,UP2011-PPSA13796_00-0475824107230502,1199,1199
10,UP2840-PPSA02009_00-8835513617703741,1449,1449
10,UP2840-PPSA06908_00-GNMONSTER0000000,1999,1999
10,UP5605-CUSA20544_00-GORSDGAME0000000,1699,1699
10,UP2195-CUSA07230_00-GRACEFULEXPLOSIO,1299,1299
10,UP2500-PPSA19304_00-US0GLETOILE00PS5,1499,1499
10,EP5206-PPSA32252_00-0139077868031268,1649,1649
10,UP3589-CUSA28201_00-GRAVITATIONALVR1,1099,1099
10,UP4293-CUSA25327_00-0000000000000000,1499,1499
10,UP7494-PPSA08263_00-SANUKINC0001GCGM,1499,1499
10,UP4064-PPSA02850_00-0097635344379305,1999,1999
10,UP2264-CUSA12883_00-GRIDDRETROMAIN01,1199,1199
10,UP2187-CUSA30754_00-1361301030224893,1299,1299
10,UP3455-CUSA18253_00-GROUNDZEROTEXAS1,1499,1499
10,UP0591-CUSA20619_00-GRYPHONKNDEFEDIT,1299,1299
10,UP0794-CUSA28964_00-3420828887245970,1799,1799
10,UP2660-PPSA34003_00-0185371045862545,1299,1299
10,UP4912-PPSA06530_00-GUNBORGDARKMATTE,1499,1499
10,UP2212-CUSA29376_00-0114820782955376,1199,1199
10,UP1104-CUSA16446_00-GVIXPS4APPUS0000,1499,1499
10,UP1104-PPSA17589_00-GVRCC000APPUS000,1499,1499
10,UP2011-PPSA04387_00-1024246769795838,1499,1499
10,UP2769-CUSA10203_00-HAIMRIKSIEA00001,1999,1999
10,HB1728-CUSA56914_00-0362443160483002,1599,1599
10,UB2022-PPSA33040_00-0085242355894277,1549,1549
10,UB2022-CUSA56535_00-0199823598432068,1549,1549
10,UP6989-CUSA40815_00-0109530238808351,1499,1499
10,UP7013-PPSA34566_00-0124838367789595,1499,1499
10,UP2158-PPSA28858_00-HANNAHQUBYTPS5NA,1999,1999
10,HB1063-PPSA29124_00-0689716916788567,1699,1699
10,UP2759-CUSA17478_00-HARDCOREMECHAUS0,1999,1999
10,UP4199-CUSA18105_00-HARDWEST00000001,1999,1999
10,UP7594-PPSA16822_00-HARMONYPS5USA000,1499,1499
10,UP8517-PPSA26096_00-0154316970441540,1999,1999
10,UP2591-CUSA06643_00-HASBEENHEROES00A,1999,1999
10,UP1629-CUSA18299_00-0000000000000000,1499,1499
10,UP5258-CUSA17606_00-CHORUS000000008D,1399,1399
10,UP0940-CUSA05810_00-HEADMASTER100000,1999,1999
10,UP3797-CUSA14098_00-HS01930482756932,1499,1499
10,UP4459-CUSA16991_00-HEADSPUNPS400000,1299,1299
10,UP1340-CUSA04644_00-HEARTANDSLASHUSA,1499,1499
10,JP0281-CUSA50058_00-0886152352236065,1999,1999
10,UP6234-CUSA24988_00-8265982193921099,1999,1999
10,UP2744-CUSA17642_00-HELLMUT000000000,1249,1249
10,UP4293-CUSA13538_00-0000000000000000,1499,1499
10,UP4713-CUSA19243_00-000000000000HWCT,1999,1999
10,UP4912-CUSA31802_00-8700613438224620,1699,1699
10,UP1384-CUSA07386_00-BGEHMS0000000001,1849,1849
10,UP1919-CUSA06916_00-HEROCADE00000000,1499,1499
10,UP6989-PPSA16009_00-0513494356829247,1999,1999
10,UB0592-PPSA29070_00-0464125044529467,1299,1299
10,EP8073-PPSA24763_00-HEXASCAPECD00000,1499,1499
10,UP1847-CUSA09402_00-HIDDENDRAGON0001,1999,1999
10,UP4266-PPSA31362_00-0882413874901446,1999,1999
10,UP3252-PPSA32091_00-JANDUSOFT0000001,1249,1249
10,UP6163-PPSA14281_00-0796569729505678,1999,1999
10,UP2470-PPSA08895_00-HINDSIGHTSIEA000,1499,1499
10,UP4391-PPSA03010_00-HINDSIGHT2020PS5,1499,1499
10,UP0585-CUSA08079_00-HOBGAME000000000,1999,1999
10,UP0109-CUSA06248_00-0000000000000001,1499,1499
10,UP4034-CUSA12073_00-HPWEAPONSHOPUS00,1499,1499
10,UP4034-CUSA12072_00-HPBUNDLEAWSWIS00,1499,1499
10,UP4034-CUSA12071_00-HPWHATTHEHELLUS0,1499,1499
10,UP6163-PPSA09749_00-7798186334823127,1999,1999
10,EB0390-PPSA18931_00-0437768181756935,1999,1999
10,UP4040-CUSA36376_00-HORACE0000000000,1499,1499
10,UP4731-CUSA27246_00-5001059745784513,1999,1999
10,UP6927-PPSA19894_00-0449560864396378,1199,1199
10,UP3252-PPSA22251_00-JANDUSOFT0000001,1699,1699
10,UP3252-PPSA03637_00-JANDUSOFT0000001,1499,1499
10,UP5526-CUSA23666_00-KAIRO00000025000,1399,1399
10,UP6842-CUSA33045_00-0261211256769823,1799,1799
10,UP1421-PPSA18695_00-0444361797924012,1499,1499
10,UP0891-CUSA25141_00-RGTAKEOFFYOURMAS,1499,1499
10,UP1451-CUSA06889_00-HOWWESOARPS40002,1999,1999
10,UP4958-PPSA21761_00-0787551574014672,1499,1499
10,UP1229-CUSA05990_00-0000000000000000,1499,1499
10,UP9000-CUSA06003_00-UHUSTLEKIN000001,1999,1999
10,UP4575-CUSA12691_00-HYPERJAMPS4FULL0,1499,1499
10,UP1951-CUSA19108_00-HYPERPARASITEANA,1799,1799
10,UB0429-PPSA32717_00-0309146415556657,1499,1499
10,UB0592-PPSA29069_00-0732157375134260,1299,1299
10,UP3864-CUSA23936_00-IKENFELL0000000A,1999,1999
10,EB1445-PPSA29203_00-0054272835662431,1999,1999
10,UP2500-PPSA27943_00-US0LPHALCIA00PS5,1499,1499
10,UP1421-PPSA14105_00-0696652124835957,1499,1499
10,UP1421-PPSA14107_00-0591701138593619,1499,1499
10,UP1421-PPSA14109_00-0843514413608163,1499,1499
10,UP1421-PPSA14103_00-0167472272951978,1499,1499
10,UP9000-CUSA15237_00-KILLX00000000000,1999,1999
10,UP2860-CUSA17117_00-IMMORTALPLANET00,1499,1499
10,UP2660-PPSA05974_00-5230340759857446,1999,1999
10,EP0822-PPSA31250_00-INAYAH0000000PS5,1799,1799
10,UP6718-PPSA21626_00-0006182538208503,1299,1299
10,UP2011-CUSA25264_00-7448993362165659,1499,1499
10,UP3252-CUSA19528_00-JANDUSOFT0000001,1249,1249
10,UP6718-PPSA08580_00-0702045480047861,1299,1299
10,UP0036-CUSA12610_00-INFERNOCLIMBERUS,1399,1399
10,UP3674-CUSA12096_00-INFINITEADVE0001,1499,1499
10,UP2500-PPSA07344_00-US0INFINITEL0PS5,1499,1499
10,UB0851-PPSA36526_00-INKLINGCATSBTD00,1499,1499
10,UP6607-CUSA30271_00-2818371833794903,1199,1199
10,UP6326-PPSA12379_00-4048959180355327,1499,1499
10,UP1032-CUSA07641_00-INNERSPACEFLIGHT,1999,1999
10,UP2637-CUSA35609_00-2537262191738238,1999,1999
10,UP4912-CUSA30540_00-INSPECTORWAFFLES,1399,1399
10,UP1309-PPSA08072_00-9289434640934386,1999,1999
10,UP1440-CUSA14171_00-DAENAINTRUDERS01,1999,1999
10,UP1435-CUSA03595_00-INVERSUSPS400000,1499,1499
10,UP2011-CUSA23259_00-2904007070879764,1999,1999
10,UP2070-CUSA02579_00-IRONCASTMAINUS01,1499,1499
10,UP2162-CUSA01259_00-IRONCLADTACTICS0,1499,1499
10,UP0968-CUSA27556_00-0745108039344675,1499,1499
10,UP5580-CUSA18139_00-ITCAMEFROMSIEA00,1499,1499
10,UP4416-CUSA32154_00-8667761992349718,1999,1999
10,UB1005-PPSA25728_00-0312565586510109,1399,1399
10,UP3252-PPSA20378_00-JANDUSOFT0000001,1249,1249
10,UP1421-PPSA14136_00-0234561798173626,1499,1499
10,UP0773-CUSA40345_00-0475261718056186,1499,1499
10,UP2500-PPSA19427_00-US0JINSHIN000PS5,1499,1499
10,UP2158-CUSA33973_00-JOSHJOURNEYPS4NA,1399,1399
10,JP0013-PPSA24120_00-JP0JKREISIA00PS5,1499,1499
10,HP6885-PPSA32300_00-0289630304565298,1999,1999
10,UP4616-CUSA13977_00-SPGJDWI461810001,1999,1999
10,UP0097-PPSA06712_00-2659229808395620,1999,1999
10,UP5526-CUSA23954_00-KAIRO00000049000,1399,1399
10,UP5387-CUSA33422_00-0643077258689066,1299,1299
10,UP6139-PPSA06544_00-8714400477432109,1499,1499
10,EP3111-PPSA24320_00-JANDUSOFT0000001,1499,1499
10,UP1440-CUSA08329_00-DAENAPOTE0000001,1999,1999
10,UP4126-CUSA03480_00-KICKANDFENNIC000,1499,1499
10,UP5740-CUSA23049_00-8299440971270053,1999,1999
10,EP5206-PPSA28374_00-0986649489083680,1899,1899
10,UP7116-CUSA28331_00-3875482415133107,1999,1999
10,UP5034-CUSA16939_00-KITTEND100000000,1449,1449
10,UP4459-CUSA06056_00-KNEEDEEPGAMEPS40,1499,1499
10,UP2500-PPSA20366_00-US0KGRAYFANG0PS5,1499,1499
10,UP1309-CUSA11957_00-KNIGHTSPENPAPER1,1999,1999
10,UP1502-CUSA09592_00-0000000000000001,1999,1999
10,UP1330-CUSA29622_00-4299851059039183,1949,1949
10,UP5898-PPSA24757_00-0495103582834421,1799,1799
10,UP1834-CUSA06496_00-0000000000100001,1999,1999
10,EB1509-PPSA30209_00-0619161033664805,1699,1699
10,UP4199-CUSA28018_00-6234229945085159,1999,1999
10,EP6075-PPSA26856_00-0166018951332088,1999,1999
10,UP4965-CUSA19485_00-LAIRCLOCKPS4SIEA,1999,1999
10,UP4338-CUSA28314_00-9599798928620354,1599,1599
10,UP2005-PPSA10518_00-LASERPITIUM00000,1499,1499
10,UP5489-PPSA09197_00-LASTDAYSLAZARUSA,1999,1999
10,UP1066-CUSA04447_00-LASTFIGHTRICHARD,1499,1499
10,UP3415-CUSA09970_00-0000000000000001,1999,1999
10,UP3125-CUSA07190_00-COMKAIOINTLEAVE1,1299,1299
10,HP8289-CUSA50234_00-0840687363333694,1499,1499
10,UB0675-PPSA33050_00-0299458185758124,1499,1499
10,UP2500-PPSA32306_00-US0FOURLEGE00PS5,1499,1499
10,UP1014-CUSA24878_00-LOEUS00000000001,1499,1499
10,UP7939-PPSA28619_00-0265528575819244,1299,1299
10,UP4735-PPSA26768_00-LEOANDMIA0000000,1999,1999
10,UP1309-PPSA03690_00-4818503063859335,1999,1999
10,UP4179-CUSA20123_00-0000000000000000,1999,1999
10,HP7021-CUSA56568_00-0921120509579607,1199,1199
10,UP5702-CUSA26979_00-4288846991742070,1999,1999
10,UP0359-CUSA03079_00-LIFEGOESOND2D000,1299,1299
10,UB0714-CUSA49556_00-0028872756332302,1499,1499
10,UP2429-CUSA07946_00-0000000000000001,1499,1499
10,UP1847-CUSA09629_00-LIGHTTRACERNA001,1499,1499
10,UP0505-CUSA08091_00-LILICHILDOFGEOS0,1499,1499
10,UP5460-CUSA34035_00-LNAMSPSET0000001,1499,1499
10,UP3165-PPSA13397_00-LIVINGWIHORSESUS,1999,1999
10,EP0822-PPSA32542_00-LOOKMUMNOCOMPUT5,1499,1499
10,EP4405-CUSA57886_00-0256423591708385,1499,1499
10,UP4127-PPSA19742_00-LORETTAUS0000000,1499,1499
10,UP0825-PPSA03339_00-LOSTATSEASIEA500,1499,1499
10,UP1681-CUSA10113_00-LGRIMOIRES20SIEA,1499,1499
10,EB0495-CUSA48128_00-0884315215291709,1999,1999
10,UP2005-CUSA00589_00-LOSTSEA000000000,1499,1499
10,UP7892-PPSA23552_00-0550496421809705,1999,1999
10,UP7071-CUSA30866_00-9724047982419938,1299,1299
10,UP1340-CUSA14740_00-0000000000000000,1499,1499
10,UP0751-CUSA11624_00-LUMINESREMASTERE,1499,1499
10,UP4034-CUSA04274_00-LUMO000000000000,1999,1999
10,UP2053-PPSA12664_00-LUNARK0PS50US000,1999,1999
10,UP2005-CUSA19059_00-MACROTIS00000000,1199,1199
10,UP6975-PPSA15430_00-0734382919642410,1499,1499
10,UP7847-CUSA46267_00-0816126695279243,1299,1299
10,UP1564-CUSA31511_00-CLABS0MBV2021121,1499,1499
10,UP5526-CUSA24017_00-KAIRO00000094000,1399,1399
10,UP1709-CUSA08083_00-0000000000000004,1999,1999
10,UP6253-PPSA28984_00-MAGICTWINSPS5USA,1299,1299
10,UP3252-CUSA25546_00-JANDUSOFT0000001,1499,1499
10,UP5325-CUSA28327_00-MAINFRAMEDEFEND0,1199,1199
10,UP5526-CUSA23871_00-KAIRO00000024000,1399,1399
10,UP2158-PPSA14673_00-2120MARSPS5QUBNA,1499,1499
10,UP2844-CUSA14979_00-MARSALIVEASIA001,1699,1699
10,UP1675-CUSA20149_00-SYPS4MASKOFMISTS,1499,1499
10,UP2251-CUSA07449_00-MASQUERADA17WHS1,1999,1999
10,UP4249-CUSA03645_00-MASQUERADE000000,1499,1499
10,UP5642-CUSA16626_00-MASSIRA123456789,1299,1299
10,UP8499-PPSA15590_00-0579807395960850,1499,1499
10,UP1421-PPSA14099_00-0822040193847233,1199,1199
10,UP8431-PPSA15384_00-0346250840714293,1499,1499
10,UP9000-CUSA07765_00-MATTERFALLUS0001,1999,1999
10,UP0097-CUSA32652_00-8857966444418353,1499,1499
10,UP4713-CUSA29159_00-7125911017230619,1499,1499
10,UB0536-PPSA21250_00-0095687172568461,1999,1999
10,UP6667-PPSA07395_00-MECHARMADA123456,1999,1999
10,UP3252-PPSA10916_00-JANDUSOFT0000001,1299,1299
10,UP6266-PPSA18007_00-0374061771394535,1499,1499
10,UP5526-CUSA23775_00-KAIRO00000030000,1399,1399
10,UP4791-CUSA12243_00-MELBITSWORLD0000,1499,1499
10,UP1483-CUSA25730_00-0729675206221491,1499,1499
10,UP3165-CUSA39443_00-MEMORYAMERICAPS5,1999,1999
10,UP4549-CUSA15021_00-MEOWMOTORS000001,1499,1499
10,UP1978-CUSA05923_00-MERVILSPSVR00001,1999,1999
10,UP7276-PPSA07002_00-8081862675154770,1499,1499
10,UP4480-CUSA16835_00-MTO0000000000000,1499,1499
10,UP0814-PPSA08495_00-8264559284767881,1999,1999
10,UP2116-CUSA04745_00-METRICOPLUSPS4US,1399,1399
10,UP2500-PPSA19429_00-US0MQUESTER00PS5,1999,1999
10,JP0013-PPSA24124_00-JP0MQOSAKA000PS5,1999,1999
10,EP3024-PPSA26065_00-MIAANDMEPS5WORLD,1999,1999
10,UP2500-PPSA30751_00-US0MIDEN00000PS5,1499,1499
10,UP2053-CUSA12759_00-MSFCOLLECTION1US,1999,1999
10,UP1050-CUSA11458_00-MILANOIRPS4US000,1299,1299
10,UB0444-PPSA19465_00-0820190653361924,1699,1699
10,UP4802-PPSA06751_00-7813114308696671,1499,1499
10,UP6326-PPSA14354_00-0409313594149492,1499,1499
10,EB0235-PPSA22579_00-MINDCOPDEMOPS500,1499,1499
10,EP6016-PPSA30405_00-0179477302679041,1499,1499
10,UP4143-CUSA09624_00-MMMGAMEXXUSXXXXX,1999,1999
10,UP1564-PPSA33153_00-CL0MRCSS20250902,1299,1299
10,UP4127-CUSA19057_00-MINORIAUS0000000,1999,1999
10,UP4461-CUSA15875_00-LLAMASOFTMARCADE,1499,1499
10,UP0287-CUSA34551_00-MIRACLE0000000US,1999,1999
10,HB1316-PPSA30944_00-0502122127345786,1999,1999
10,UP7939-PPSA24764_00-0672630872911952,1149,1149
10,EB0685-CUSA46994_00-0097649297678238,1199,1199
10,UP3562-CUSA13810_00-GUARDADOSCOELHOS,1499,1499
10,UP2500-PPSA31730_00-US0MONOCHRO00PS5,1499,1499
10,UP1260-CUSA23740_00-MONSTERHARVESTUS,1999,1999
10,UP2187-CUSA08626_00-NCSIEAPS4DIGI001,1499,1499
10,EP0896-PPSA28252_00-MONSTROUSLOVERRG,1299,1299
10,UP1421-PPSA14077_00-0237875009877611,1499,1499
10,UP1421-PPSA14080_00-0099669747965195,1499,1499
10,UP1421-PPSA14082_00-0664951227046506,1499,1499
10,UP0379-CUSA05691_00-MOONHUNTERSPS401,1499,1499
10,EB0357-CUSA48626_00-0019950368864406,1799,1799
10,EP3024-PPSA34749_00-MHWINTEREDITIPS5,1999,1999
10,UP4461-CUSA26622_00-7260398846424284,1249,1249
10,JB0500-PPSA34060_00-0499406078679878,1499,1499
10,UP6326-PPSA21606_00-0097242544054273,1799,1799
10,UP1195-CUSA09483_00-MORPHITEPS400000,1499,1499
10,UB0111-CUSA47677_00-0979119162740183,1299,1299
10,UP2320-CUSA15258_00-KRILLBITEMOSAIC0,1999,1999
10,UP0287-PPSA17442_00-0901037013231839,1999,1999
10,UP0287-CUSA47060_00-0417586990146417,1999,1999
10,UP5021-CUSA15069_00-MOWINTHROWINGAME,1999,1999
10,UP0097-CUSA08158_00-MRSHIFTY00000000,1499,1499
10,UP1111-CUSA08627_00-MULAKA0000000000,1999,1999
10,UB0675-PPSA22552_00-0179366039982533,1199,1199
10,UP3385-CUSA14188_00-0000DGFMUTAZIONE,1999,1999
10,UP8654-PPSA24032_00-0627962515370550,1499,1499
10,UP6665-PPSA08421_00-MFR0000000000000,1999,1999
10,UP1421-PPSA14111_00-0299700238510675,1499,1499
10,UP2060-CUSA13593_00-00000000MYRIDING,1999,1999
10,UP2053-CUSA04436_00-MYSTIKBELLEWFPB1,1499,1499
10,UP6162-CUSA26480_00-5801224333873878,1499,1499
10,UB1730-PPSA30239_00-0038004691580475,1499,1499
10,JP0741-CUSA57026_00-NAGINOKOIZZZZZZZ,1999,1999
10,UP1643-PPSA13585_00-NAMARIELLJDPS5US,1999,1999
10,UP2140-CUSA02087_00-NEBULOUS00000001,1499,1499
10,UB0865-PPSA23983_00-0938812903388382,1499,1499
10,UP2187-CUSA12609_00-NEFPS4SIEADIGI00,1499,1499
10,UP2150-CUSA43599_00-NEOHARBOR0000001,1999,1999
10,UP0814-PPSA07766_00-0089603232616730,1999,1999
10,UP0814-CUSA25750_00-9422057028560464,1249,1249
10,UP2005-PPSA24693_00-NEONNOODLES00000,1999,1999
10,UP4774-CUSA51474_00-0084240902851173,1999,1999
10,UP0604-CUSA16527_00-ONCEUPONACOMAPS4,1499,1499
10,UP3688-CUSA17109_00-NEWSTARMANAGERNA,1999,1999
10,UP0891-CUSA23684_00-RATALAIKAGNICOLE,1899,1899
10,UP4760-CUSA16662_00-NIFFELHEIMENG000,1999,1999
10,UP3589-CUSA20668_00-NINJALEGENDS0001,1099,1099
10,UP2014-CUSA15755_00-NOBLEARMADA00000,1399,1399
10,UP7592-PPSA24975_00-0633379280128197,1499,1499
10,UB2370-PPSA36404_00-0622232950718541,1999,1999
10,JP5134-PPSA29621_00-0695327392993730,1999,1999
10,UB0809-CUSA51464_00-0220562974068960,1999,1999
10,JP0055-PPSA23888_00-NOMOSGIRLSPS5PRO,1999,1999
10,UP3528-PPSA17790_00-0248967303479729,1499,1499
10,UP1181-CUSA28266_00-2549063681173964,1399,1399
10,JP0013-PPSA29891_00-JP0NROGUE0000PS5,1999,1999
10,UP0814-PPSA10824_00-1552779866069178,1299,1299
10,UP5793-CUSA25370_00-2944949872553364,1299,1299
10,HP6701-PPSA32528_00-0794106916020742,1399,1399
10,UP4912-PPSA15868_00-0732258547545763,1999,1999
10,UP0082-CUSA10276_00-OCTAHEDRON000001,1299,1299
10,EB1389-PPSA28803_00-0851019657934624,1299,1299
10,UP0082-CUSA09389_00-OMGHBASEGAME1001,1499,1499
10,UP5992-CUSA19593_00-ODDL001OHSHAPE01,1999,1999
10,UP7698-PPSA29307_00-0261982299442345,1799,1799
10,UP5744-CUSA20579_00-OKUNOKAMADNESS20,1499,1499
10,UP4409-CUSA01217_00-OLLIOLLIOLLIOLLI,1299,1299
10,UP4912-PPSA09170_00-3499262888915149,1299,1299
10,UP0632-CUSA10769_00-OMENSIGHTTHEGAME,1999,1999
10,UP1643-CUSA42668_00-OMINOUSTALEPS4US,1999,1999
10,UP5325-CUSA20242_00-ONEDOGSTORY00000,1499,1499
10,UP0977-CUSA24081_00-ONEHANDCLAPPING0,1499,1499
10,HP6701-PPSA24082_00-0567850101076942,1999,1999
10,UP0891-PPSA15474_00-ONEMOREDUNGEONRG,1499,1499
10,UP6673-CUSA36252_00-1557769816605376,1499,1499
10,UP0059-CUSA01958_00-ONEWAYTRIPMAIN16,1499,1499
10,UP2470-PPSA02722_00-OPENROADSSIEA000,1999,1999
10,HP6978-PPSA23230_00-0678927974267743,1499,1499
10,UP2787-CUSA10595_00-0000000000000001,1999,1999
10,UP1564-CUSA27472_00-CLABS0ORC2021021,1499,1499
10,UP4713-PPSA05564_00-7598197620366054,1999,1999
10,JB0500-CUSA50400_00-0731525920408531,1999,1999
10,UP4103-CUSA09918_00-OURETHEGAMEUS000,1999,1999
10,UP6088-CUSA48405_00-0552005053868419,1999,1999
10,UP0825-CUSA20235_00-OUTBUDDIESDXSIEA,1799,1799
10,UP4042-CUSA09509_00-OUTOFAMMO0000000,1499,1499
10,UP3938-CUSA12326_00-OUTOFTHEBOX00001,1499,1499
10,UP5806-CUSA19413_00-OPDELTAEFSP00000,1699,1699
10,UP4199-PPSA22877_00-0220780777839354,1499,1499
10,UB0592-PPSA33845_00-0897707716114113,1499,1499
10,UP2187-PPSA09144_00-6603026684154409,1499,1499
10,UP4064-CUSA01376_00-OVERRULED0000000,1499,1499
10,UP3622-CUSA16770_00-ELIOT0001PANCAKE,1499,1499
10,UP3165-CUSA14623_00-PANDAHEROAMERIKA,1499,1499
10,UP1309-CUSA09098_00-PANKAPUPS4SIEA00,1199,1199
10,UP2114-CUSA38411_00-7469833946475222,1999,1999
10,UP5180-CUSA33322_00-PAPERCUTMANPS4US,1999,1999
10,UP2844-CUSA28273_00-PAPERDOLLS2SIEA4,1999,1999
10,JP0211-PPSA16486_00-0838570216359996,1699,1699
10,UP5580-CUSA24438_00-PARADISELOSTSIEA,1499,1499
10,UP8012-CUSA43731_00-PARASOLSTARSP4US,1299,1299
10,EB1445-PPSA27899_00-0425220605141708,1999,1999
10,UP1250-CUSA12965_00-6665666466636662,1499,1499
10,UP1250-CUSA06847_00-6664666366626661,1499,1499
10,EP1246-PPSA18904_00-0526134922671039,1499,1499
10,UP5663-CUSA19303_00-PPUSPSVR28041989,1699,1699
10,UP1681-CUSA16376_00-FSBUNDLE0000SIEA,1499,1499
10,UP3784-CUSA18138_00-0000000000000000,1499,1499
10,UP0292-CUSA11462_00-PENNANDTELLERVR0,1999,1999
10,UP1681-CUSA25038_00-HEROESANDVILSIEA,1499,1499
10,UP1681-CUSA13148_00-GLOBETROTTERSIEA,1499,1499
10,UP0736-CUSA19545_00-PETALCRASH000001,1399,1399
10,UP3607-CUSA13918_00-PETOONS201800001,1999,1999
10,UP2680-CUSA47016_00-0226433641075989,1999,1999
10,UP0097-CUSA10726_00-PHANTOMTRIGGER00,1499,1499
10,UP0903-CUSA05113_00-PHAUSDIGITAL0001,1599,1599
10,UP0881-CUSA28690_00-2406084891948323,1999,1999
10,UP1264-CUSA08691_00-4152434849414354,1499,1499
10,UP0446-CUSA10254_00-PIGEATBALLGAME01,1499,1499
10,UP7092-PPSA12253_00-9765807986352502,1099,1099
10,UP1847-CUSA06438_00-PIXELGEARVR00001,1099,1099
10,UP0825-CUSA04422_00-PIXELHRPS4SIEA00,1499,1499
10,UP2177-CUSA12927_00-PIZZATITANULTRA1,1499,1499
10,EP3024-PPSA33102_00-PLANETWOWADVEPS5,1999,1999
10,UP1675-PPSA23025_00-SYPS5PLEASEBEHAP,1999,1999
10,UP6893-PPSA17948_00-0543282478326414,1999,1999
10,UP0904-CUSA06781_00-XGAMES01XG040100,1499,1499
10,UP5526-CUSA23477_00-KAIRO00000029000,1399,1399
10,UP4293-PPSA14290_00-POCKBASESIEAPS50,1999,1999
10,UP5526-CUSA23868_00-KAIRO00000067000,1399,1399
10,UP5526-CUSA23957_00-KAIRO00000103000,1399,1399
10,UP5526-CUSA23521_00-0000000000000000,1399,1399
10,UP1103-CUSA08080_00-POLARITYULTIMATE,1299,1299
10,UP5246-PPSA17079_00-0214335746853598,1299,1299
10,UP0182-CUSA18661_00-PONGQUEST0000000,1499,1499
10,UP1629-CUSA19476_00-0000000000000000,1499,1499
10,UP5526-CUSA23476_00-KAIRO00000135000,1399,1399
10,UP6253-CUSA45519_00-POPSLINGEROPS4NA,1249,1249
10,EP1411-PPSA34766_00-0706204072463423,1499,1499
10,UP1675-PPSA17355_00-SYPS5POTATAFAIRY,1499,1499
10,UP7605-PPSA19351_00-0296548738105298,1999,1999
10,EP6768-PPSA25458_00-0580307337731029,1999,1999
10,UP8785-CUSA44474_00-0879727263378915,1199,1199
10,UP6927-PPSA22752_00-0401473522718878,1499,1499
10,UB0192-PPSA30142_00-0189891809928772,1499,1499
10,UP1606-CUSA09288_00-CC2016POVERDRIVE,1299,1299
10,UB0683-PPSA26823_00-0373114245061384,1599,1599
10,UP5863-CUSA30663_00-6659871407405658,1799,1799
10,UP3864-CUSA40937_00-PROTODROIDPS4NA0,1999,1999
10,UP3252-PPSA23146_00-JANDUSOFT0000001,1049,1049
10,EP5098-PPSA33251_00-0362504049579324,1999,1999
10,UP8448-PPSA24148_00-0365126564213846,1799,1799
10,UP1663-CUSA04615_00-00000000PMPYSCEA,1499,1499
10,UP6139-CUSA25608_00-0918782714568808,1199,1199
10,UP2035-CUSA35526_00-3781972145399528,1499,1499
10,UP1421-PPSA14113_00-0515737945617290,1499,1499
10,UP0182-PPSA14228_00-0833629153475552,1999,1999
10,UP8016-CUSA44443_00-QUADR00GAMEUSA01,1199,1199
10,UP1681-CUSA14869_00-QUEENSQUEST2SIEA,1499,1499
10,EP2723-PPSA23883_00-0944346631053474,1999,1999
10,UP2327-CUSA07126_00-QUIZNIGHTTONIGHT,1499,1499
10,UP8344-CUSA47178_00-0513241677070800,1999,1999
10,UP4138-CUSA11177_00-RF2017RELEASE001,1999,1999
10,UP0700-CUSA13879_00-RADTHEGAME000000,1999,1999
10,UP3630-CUSA07573_00-RADIALGPS4PSVRUS,1499,1499
10,UP2660-CUSA23225_00-2210151912515692,1599,1599
10,UP4064-CUSA11805_00-RAGINGJUSTICE000,1499,1499
10,HP5035-PPSA28760_00-0949411176273105,1299,1299
10,HP5035-PPSA28761_00-0272864766810005,1299,1299
10,UP2908-CUSA28644_00-RAINBOWBILLYGAME,1999,1999
10,UP8012-PPSA18902_00-RAINBOWCTTNPS5US,1999,1999
10,UP3640-CUSA08447_00-0000000000000000,1499,1499
10,UP0471-CUSA04046_00-0000000000000ABC,1399,1399
10,UP1842-CUSA05586_00-RAYONRIDDLESGAME,1199,1199
10,UP2093-CUSA18516_00-RAYSTHEDEADGOLD1,1999,1999
10,UP4293-CUSA11428_00-RAZED00000000000,1199,1199
10,UP5258-PPSA10269_00-7337176137873300,1499,1499
10,UP4127-PPSA26162_00-RECALLGLOBAL0000,1499,1499
10,UP6129-CUSA23969_00-5868330815389375,1299,1299
10,UP1429-CUSA11430_00-XVLADIMIRKUDELKA,1499,1499
10,EP0207-PPSA30046_00-0655982585426951,1499,1499
10,UP3528-PPSA17786_00-0014281227601249,1999,1999
10,UP0891-PPSA07487_00-RATAGAREMOTELIFE,1899,1899
10,UP1476-PPSA03459_00-2028250116271577,1999,1999
10,EP1411-PPSA32099_00-0495566589103734,1499,1499
10,UP5729-CUSA26101_00-RETROMACHINAGAME,1999,1999
10,EB1840-PPSA29420_00-0472010079387381,1499,1499
10,UP3573-CUSA25226_00-000000RETURNSIEA,1199,1199
10,UP8445-PPSA17642_00-0155347648934295,1449,1449
10,UP2005-PPSA09411_00-9376436529397520,1299,1299
10,UP2187-CUSA12325_00-RCPS4SIEADIGI000,1299,1299
10,UP6511-CUSA30434_00-2727002748606708,1499,1499
10,UP1496-PPSA13998_00-RANCHPLANETPS5VR,1999,1999
10,UP0963-CUSA06478_00-RIFTSTARRAIDERS1,1999,1999
10,UP9000-CUSA02983_00-RIGS000000000000,1999,1999
10,UP4199-CUSA28794_00-7483809334785395,1999,1999
10,UP5387-CUSA16030_00-0000332533253325,1299,1299
10,UP3639-CUSA28304_00-5558780940114914,1499,1499
10,UP3528-CUSA18424_00-RITUALCOH000DDFD,1999,1999
10,UP0814-PPSA22073_00-0446523784723010,1499,1499
10,UP2355-CUSA03520_00-RIVEPS4000000000,1499,1499
10,UP4500-CUSA01046_00-ROADNOTTAKEN0100,1499,1499
10,UP0809-CUSA23257_00-9661786360656674,1999,1999
10,UP6964-PPSA23721_00-SIEARBBTPS500000,1999,1999
10,EB0966-CUSA48431_00-0955814467008233,1499,1499
10,UP4395-CUSA02927_00-ROGUEACES0000000,1299,1299
10,UP4008-CUSA19310_00-RLSIEA0000000000,1999,1999
10,UP8552-PPSA28156_00-0600739028430853,1999,1999
10,UP4402-CUSA06052_00-ROGUESTORMERS000,1999,1999
10,UP2488-CUSA07314_00-MFROLLINGBOB0002,1499,1499
10,UP6805-CUSA30008_00-7127188064776497,1799,1799
10,UP5805-CUSA30325_00-4969679251419408,1399,1399
10,HB1728-CUSA54840_00-0779958949239226,1899,1899
10,HB1728-PPSA30966_00-0394147268364732,1749,1749
10,JB1262-PPSA26650_00-0443086343196722,1999,1999
10,JB0500-PPSA34747_00-0421229207903848,1799,1799
10,UP0825-CUSA07030_00-RUNBOWPS4SIEA000,1499,1499
10,UP3724-CUSA09439_00-0000000000000007,1999,1999
10,UP1421-PPSA14089_00-0693127334440249,1499,1499
10,UP2148-CUSA12098_00-RUNNER3000000000,1999,1999
10,JP5441-PPSA32569_00-0992504114267051,1399,1399
10,EP3729-PPSA23567_00-0RUNTEKILARUNPS5,1099,1099
10,UP3165-PPSA12437_00-RUSHHOURPS5AMERI,1999,1999
10,UP7564-PPSA17924_00-RABBITNEJ0000001,1999,1999
10,UP2158-PPSA30690_00-SABORUSQUBYPS5NA,1499,1499
10,UP4983-CUSA24850_00-5072351261445891,1099,1099
10,UP3725-CUSA13040_00-FPGSABREGAMEPACK,1999,1999
10,UP8016-CUSA36574_00-SINP400GAMEUSA01,1999,1999
10,UP2199-PPSA11005_00-SAILFORTHPS5NA00,1999,1999
10,UP1470-PPSA06717_00-0011391390774421,1999,1999
10,UP7237-PPSA09369_00-0578541784819803,1199,1199
10,UP6472-PPSA04918_00-SAKURANOVA000000,1199,1199
10,UP1847-CUSA12489_00-SMESIEA000000001,1599,1599
10,UP0773-CUSA11894_00-0000000000000000,1499,1499
10,UB0714-CUSA48958_00-0144287338527997,1499,1499
10,UP5916-CUSA20531_00-0000000000000001,1499,1499
10,EP6138-PPSA25436_00-0480367277958113,1499,1499
10,UP3287-CUSA48306_00-0223445672096319,1449,1449
10,UP6893-CUSA36264_00-9178192841694556,1499,1499
10,UP1181-PPSA36982_00-0050775809389403,1099,1099
10,EP1411-PPSA32106_00-0686822291656754,1499,1499
10,UP3511-PPSA19113_00-0214201306192011,1999,1999
10,UP1681-CUSA17560_00-SCARLETT0000SIEA,1499,1499
10,UP2005-PPSA12434_00-SCHILDMAIDMX0000,1999,1999
10,UP0702-CUSA02559_00-SCORERUSH0000000,1199,1199
10,UP3165-CUSA48072_00-SOCTLANDYARPS4US,1999,1999
10,UP2005-PPSA09601_00-SEAHORIZON000000,1499,1499
10,UP1643-CUSA14674_00-SEASONMATCH1A2A3,1999,1999
10,UP5831-CUSA45257_00-SEEDOFLIFEPS4USA,1999,1999
10,UP4199-CUSA25868_00-8045343880742294,1399,1399
10,JB0574-PPSA22915_00-0927982866436471,1999,1999
10,UP1675-PPSA20699_00-SYPS5SELFDELUSIO,1499,1499
10,UP5155-CUSA19359_00-SENSEACPGS000001,1999,1999
10,UP2005-PPSA09039_00-SENSESMIDNIGHT00,1499,1499
10,UP2500-PPSA27937_00-US0SEPHIRO000PS5,1499,1499
10,UP0931-CUSA05723_00-SERAPHMAINXEUXXX,1499,1499
10,UP4395-CUSA08171_00-SERIALCLEANERUSX,1499,1499
10,UP0825-CUSA08828_00-SEUMSRHPS4SIEA00,1499,1499
10,UP4126-CUSA06961_00-000SHADOWGATEPS4,1999,1999
10,UP2680-CUSA29318_00-1601212840657471,1999,1999
10,UP4029-CUSA04571_00-SHADWENSCEA00000,1699,1699
10,UP1963-PPSA13746_00-SHAMELEGACYPS5US,1999,1999
10,UP7788-PPSA10598_00-SHSUMMERPS5SIEUS,1499,1499
10,UP1309-PPSA02354_00-1024422330615562,1499,1499
10,UP4064-CUSA04296_00-SHELTERED0000000,1499,1499
10,UP6974-PPSA19139_00-0120845403897450,1499,1499
10,UP4912-PPSA09527_00-3040641865352769,1999,1999
10,UP0891-PPSA05124_00-RGSHINRAIBROKENB,1499,1499
10,UP5526-CUSA23951_00-KAIRO00000113000,1399,1399
10,UP4223-CUSA09511_00-COCONUTGAMESSHIO,1299,1299
10,UP1421-PPSA10375_00-7297541887537540,1499,1499
10,UP7922-PPSA23034_00-0533265296725879,1999,1999
10,UP2200-CUSA24212_00-SKPOCKETDUNGEON1,1999,1999
10,UP7862-CUSA44194_00-SAGAMBPS400000US,1499,1499
10,UP1195-CUSA05442_00-SCCOMMANDERPS400,1999,1999
10,UP0912-CUSA27591_00-8672807429419971,1199,1199
10,UB0675-PPSA25671_00-0230290400190310,1999,1999
10,UP2500-PPSA09514_00-US0SNORNIR000PS5,1499,1499
10,UP5526-CUSA24134_00-KAIRO00000129000,1399,1399
10,UP4389-CUSA08149_00-SINEMORA0DE0US00,1999,1999
10,UP4338-CUSA11129_00-SINNERSACRIFICEF,1899,1899
10,JP5361-CUSA53696_00-KAIRO00000183000,1399,1399
10,EP5098-PPSA18716_00-0634520781407326,1499,1499
10,UP0101-CUSA17789_00-SKELATTACK201719,1999,1999
10,HB1334-CUSA52564_00-0794463473258653,1299,1299
10,UP1594-PPSA02661_00-2178134253730914,1999,1999
10,UP3472-CUSA43795_00-0598795703139423,1399,1399
10,UP1681-PPSA03164_00-SKYLAND00PS5SIEA,1499,1499
10,UP2840-CUSA07752_00-SR00000MASTER000,1499,1499
10,UP3535-CUSA11539_00-0000000000000000,1499,1499
10,UP0036-CUSA09828_00-SLICEDICERICEA01,1799,1799
10,UP0825-CUSA08238_00-SLIMESAPS4SIEA00,1499,1499
10,UP4546-CUSA14930_00-1486547295186347,1499,1499
10,UP0151-CUSA05471_00-SMALLRADIOS00000,1199,1199
10,UP0864-CUSA11263_00-SMASHHITPLUNDER1,1499,1499
10,UP3252-PPSA32165_00-JANDUSOFT0000001,1049,1049
10,UP3700-PPSA23926_00-PUPRUNNERSNPS501,1099,1099
10,UP2820-CUSA06486_00-0000000000081601,1499,1499
10,UP4256-PPSA06313_00-SOCCERSTORYPS5US,1999,1999
10,UP1260-CUSA14666_00-SOLO000000000001,1999,1999
10,UP6974-PPSA13489_00-0634638259078141,1999,1999
10,UP2728-CUSA06825_00-SOMANYME00000000,1499,1499
10,UP4293-CUSA16536_00-SONGBIRDSYMPHONY,1699,1699
10,UP4415-CUSA05851_00-SONGBRINGERBUND1,1999,1999
10,UP4912-PPSA08447_00-3138460736930419,1299,1299
10,UP4459-CUSA00842_00-SOULAXIOMPS4SCEA,1199,1199
10,UP7788-PPSA10599_00-SOCPS5US00000000,1999,1999
10,UP5180-CUSA32720_00-SOURCEOFMADNEUS4,1999,1999
10,EB1389-PPSA28852_00-0637592545194478,1299,1299
10,HP2362-PPSA25147_00-0594993907164609,1449,1449
10,UP0001-CUSA14074_00-SPACEJUNKIESGAME,1999,1999
10,UP4760-CUSA18088_00-SPACELANDGAME000,1999,1999
10,UP2199-CUSA25396_00-SPACEOTTERNA0000,1499,1499
10,UP4528-CUSA12885_00-SPTRELEASE000100,1499,1499
10,UP0773-CUSA06214_00-0000000000000000,1499,1499
10,UP6718-CUSA42448_00-0820802077960533,1299,1299
10,UP2187-CUSA10837_00-SPECPS4SIEADIGI0,1199,1199
10,UP2053-PPSA06612_00-8365990558460670,1999,1999
10,UB0045-PPSA24065_00-SPIRITMANCERBASE,1999,1999
10,JP0013-PPSA27912_00-JP0SPIRITV000PS5,1999,1999
10,UP1844-CUSA12077_00-CUSA113240000000,1499,1499
10,UP1309-CUSA06396_00-0000000000000000,1499,1499
10,UP2094-CUSA00995_00-0000000000000000,1499,1499
10,UP6927-PPSA20099_00-0606508233962189,1199,1199
10,JP1309-PPSA34214_00-SPYDROPSPS500000,1499,1499
10,UB0675-PPSA27531_00-0195319834187024,1499,1499
10,UP7103-PPSA04330_00-PPGSHORESXXXXXXX,1199,1199
10,UB2090-PPSA33916_00-0375848094285363,1999,1999
10,UP0036-CUSA14105_00-0000000000000000,1399,1399
10,UP4395-CUSA00296_00-STEALTHINCPS4000,1499,1499
10,UP7698-CUSA46626_00-0506211124695112,1499,1499
10,UP5983-CUSA31781_00-4355429103847776,1499,1499
10,UP9000-CUSA10338_00-8888888888888888,1999,1999
10,UP8756-CUSA51480_00-0372195741456439,1499,1499
10,UP2310-CUSA08346_00-STILLTIMESIAEPS4,1899,1899
10,EP8040-CUSA50139_00-0330077632124884,1299,1299
10,UP7788-PPSA22442_00-SFSGUNDOGPS5US00,1999,1999
10,UP0632-CUSA04101_00-STORIESGAME00001,1499,1499
10,UP2187-CUSA14990_00-SIPS4SIEADIGI001,1199,1199
10,UP6896-CUSA28581_00-6225505685866685,1999,1999
10,UP6195-CUSA25130_00-6556661881407173,1999,1999
10,UP1309-CUSA06624_00-STRIKERSEDGEAMER,1499,1499
10,UP2335-CUSA03009_00-STRIKEVECTOREX75,1499,1499
10,UP8188-PPSA25186_00-0908249910554407,1499,1499
10,EP5987-PPSA28029_00-ULGSTUNTFLYER001,1499,1499
10,UP1260-CUSA07071_00-0000000000000000,1999,1999
10,UP1290-CUSA02931_00-SUBMERGED0000002,1999,1999
10,UP5642-CUSA16593_00-0000000000000101,1499,1499
10,EB2055-CUSA58470_00-0024513487723480,1499,1499
10,UP7756-CUSA36205_00-9671328998227128,1499,1499
10,UP6472-PPSA24562_00-SUMMERINTRIGUE00,1499,1499
10,UP1675-CUSA27831_00-SYPS4SUMMERTIMEM,1499,1499
10,UP2005-PPSA16873_00-SUNNYCAFE0000000,1499,1499
10,UP6883-PPSA27611_00-0251231861754527,1499,1499
10,UP4293-CUSA31616_00-SBBRPS4SIEA00000,1999,1999
10,UP1096-CUSA05191_00-FMGLSCM00000SIEA,1499,1499
10,UP2689-CUSA07948_00-FULLGAME00000001,1999,1999
10,UP8462-PPSA17086_00-0799460596400382,1427,1427
10,UP3639-CUSA17403_00-0000000000000002,1299,1299
10,UP4382-CUSA06227_00-SUPERDUNGEONBROS,1999,1999
10,UP5756-CUSA18140_00-SUPEREPIC0000001,1499,1499
10,UP3059-CUSA09410_00-0000000000000011,1999,1999
10,UP4427-CUSA04894_00-SUPERHYPERCUBE01,1499,1499
10,UP4293-CUSA23531_00-7297368362406931,1999,1999
10,UP2479-CUSA14386_00-SSMASH0417986531,1999,1999
10,UP2095-CUSA00045_00-SMLPS40000000000,1499,1499
10,UP4293-CUSA11360_00-SUPERPIXELRACERS,1499,1499
10,UP3252-PPSA23207_00-JANDUSOFT0000001,1049,1049
10,UP1490-CUSA02928_00-RUDEBEAR00000004,1499,1499
10,UP8052-PPSA03491_00-0325466788277176,1499,1499
10,UP9000-CUSA06024_00-SUPRSTARDULTVRUS,1999,1999
10,UP2003-CUSA01938_00-STFU1A0000000000,1499,1499
10,UP1716-CUSA17647_00-STC1AND2BUNDLE00,1499,1499
10,UP4873-CUSA12160_00-0000000000000000,1499,1499
10,UP3165-PPSA13623_00-SVENBOMWOLLENUS5,1999,1999
10,UP0202-CUSA14304_00-0000000000000011,1449,1449
10,UP4460-CUSA00789_00-SGUPS401ATOMICOM,1199,1199
10,UP6869-PPSA15520_00-SWOONPS5USA00000,1999,1999
10,UP0773-CUSA09014_00-0000000000000000,1499,1499
10,UP6486-PPSA04749_00-GRIMORIOOFGAMES1,1499,1499
10,UP5180-PPSA07964_00-SWORDSHIP00005US,1999,1999
10,UP5507-PPSA18591_00-0294941250517524,1199,1199
10,UP2623-CUSA06436_00-SYLVIO8880000002,1299,1299
10,UP1561-CUSA11303_00-SYM0000000000001,1799,1799
10,EP0822-PPSA25714_00-SYMPHONIA0000PS5,1999,1999
10,UP3491-CUSA07952_00-0000000000000000,1399,1399
10,EP0896-PPSA28367_00-SYNESTHESIARATGA,1499,1499
10,UP0814-PPSA09509_00-4748046787364626,1999,1999
10,UP0814-PPSA14728_00-0253868145764391,1299,1299
10,UP2011-PPSA30467_00-0742028938322392,1499,1499
10,UP2630-CUSA11137_00-0000000000000000,1999,1999
10,UP3528-PPSA20392_00-0203541530432214,1199,1199
10,UP0134-PPSA15638_00-TAMARAKTRAIL0000,1499,1499
10,UP1421-PPSA14086_00-0785545245005542,1199,1199
10,UP2212-CUSA27272_00-0929041076591451,1499,1499
10,UP0814-PPSA08391_00-0043325402591645,1199,1199
10,EP2627-PPSA25519_00-TECHNOBANTERPS50,1799,1799
10,UP4745-CUSA15662_00-GALACTICBUNDLEUS,1999,1999
10,UP0177-CUSA02438_00-TEMBO00000000000,1499,1499
10,UP1060-PPSA17114_00-0524781665241148,1999,1999
10,UP1421-PPSA18250_00-0025747768592315,1499,1499
10,UP2005-CUSA20357_00-TERATOPIA0000000,1499,1499
10,UP6261-CUSA36772_00-9890245814568828,1199,1199
10,UB0045-PPSA17210_00-TERRAMEMORIASIEA,1999,1999
10,UP6682-PPSA20506_00-0367641433457816,1499,1499
10,UP4513-CUSA01670_00-TESLAGRAD0000001,1499,1499
10,UP4735-PPSA07608_00-TESLAGRAD2000000,1999,1999
10,UP2148-CUSA02096_00-THARSIS000000000,1499,1499
10,UP7356-CUSA41269_00-0920342253645288,1999,1999
10,UP3310-CUSA09692_00-0123012301234567,1499,1499
10,UP4401-PPSA15391_00-0165430254756839,1499,1499
10,UP4389-CUSA02030_00-BOUT2SCEA0000001,1999,1999
10,UP0097-PPSA10291_00-0094789907692300,1499,1499
10,UP4491-CUSA15813_00-THEBRADWELLCON01,1999,1999
10,UP4459-PPSA18900_00-THEBUNKERGAMEPS5,1999,1999
10,UP5480-CUSA15830_00-THECHURCHINTHEDA,1999,1999
10,UP7399-PPSA06631_00-2674272279607280,1999,1999
10,UP1260-CUSA07937_00-THECOUNTLUCANORM,1749,1749
10,UB2216-PPSA35862_00-0895827558353103,1999,1999
10,UP2492-CUSA17833_00-DRKCRYSTALTACTIC,1999,1999
10,UP4851-CUSA35007_00-7213947882606848,1999,1999
10,UP1440-CUSA19099_00-DAENATDES0000001,1999,1999
10,UP1440-CUSA19100_00-DAENATDEM0000001,1999,1999
10,EP0981-PPSA34587_00-0948365632209716,1999,1999
10,JB1734-PPSA30853_00-0731245943397786,1299,1299
10,UP4293-PPSA08830_00-DRAGPS5SIEA00000,1999,1999
10,UP0502-CUSA07751_00-THEFALLONTBUNDLE,1699,1699
10,UP0814-PPSA11202_00-4998229929682834,1299,1299
10,UP5223-PPSA16035_00-TFCPS5SIEAFULL00,1499,1499
10,UP3573-CUSA34286_00-6249207075517613,1699,1699
10,UP2764-PPSA10001_00-MINDSDESCENT0000,1999,1999
10,UP0268-CUSA08464_00-THEGIRLANDTHEROB,1499,1499
10,UP6417-PPSA19858_00-0740973468058055,1399,1399
10,UP0700-CUSA07715_00-IDOLMCGVRLAUNCH0,1999,1999
10,UP2884-CUSA14480_00-THEINNERFRIEND01,1499,1499
10,UP0825-CUSA07362_00-INNERWDPS4SIEA00,1499,1499
10,UP4459-PPSA16648_00-TITHPS5SIEA00000,1999,1999
10,UP4780-CUSA14870_00-THEKINGSBIRDPS41,1999,1999
10,UP1309-PPSA20389_00-LBU0DEMO0SIEA000,1499,1499
10,UP0891-CUSA24455_00-RGLANGUAGEOFLOVE,1199,1199
10,UP5609-PPSA05477_00-7651093324572349,1999,1999
10,UP4338-PPSA07845_00-34378257LOTPS5NA,1999,1999
10,UP1260-CUSA08983_00-THELONGREACHUS01,1449,1449
10,UP1743-CUSA09409_00-1234567890123456,1299,1299
10,UP2371-CUSA04256_00-THEMAGICCIRCLE01,1999,1999
10,UP5526-CUSA23675_00-KAIRO00000020000,1399,1399
10,UB0322-PPSA21138_00-0906547376126401,1349,1349
10,UP1681-PPSA16958_00-TMS1BUND2023SIEA,1799,1799
10,UP1204-CUSA07309_00-ONIONKNIGHTS5678,1499,1499
10,EP3024-PPSA30497_00-MOORHUORIGIPS5WW,1999,1999
10,UP1340-PPSA07932_00-2310700068918792,1999,1999
10,UP3528-CUSA12914_00-THEPADRE00000000,1999,1999
10,UP2153-CUSA10075_00-MICHAELHICKSCO18,1499,1499
10,UP2005-PPSA07407_00-TPRISONEROFNIGHT,1499,1499
10,UP5526-CUSA23813_00-KAIRO00000076000,1399,1399
10,UP5526-CUSA24021_00-KAIRO00000115000,1399,1399
10,UP2765-PPSA20981_00-0228773284216841,1799,1799
10,UP0368-CUSA04611_00-THERECAMEANECHO0,1499,1499
10,UP1681-CUSA18992_00-SECRETORDER7SIEA,1499,1499
10,UP4064-PPSA05365_00-2393547676612415,1999,1999
10,UB0867-PPSA27102_00-0714055995746746,1299,1299
10,UP2500-PPSA13609_00-US0SMILEA0000PS5,1999,1999
10,UP2005-PPSA04598_00-THESORROWVIRUS00,1499,1499
10,UP0969-PPSA20651_00-0313666065620EOS,1499,1499
10,UP3926-CUSA10480_00-0000000000000000,1499,1499
10,UP4395-CUSA00315_00-THESWAPPER000000,1499,1499
10,UP4395-CUSA02329_00-THESWINDLEUSAPS4,1499,1499
10,EP1546-PPSA24424_00-0931528715604240,1799,1799
10,UP6699-CUSA50358_00-0921194819133442,1899,1899
10,UP6699-CUSA54906_00-0910145080367193,1899,1899
10,UP6699-CUSA42696_00-0739311907500075,1099,1099
10,JB0500-PPSA32314_00-0589041591263793,1299,1299
10,UP1260-CUSA14250_00-THEWALKINGVEG001,1299,1299
10,UP3686-PPSA03362_00-WANDERERGAMPS5NA,1499,1499
10,UP4416-CUSA20528_00-THEWILDEIGHT2020,1999,1999
10,UP7841-PPSA11377_00-5728523460583668,1999,1999
10,UP5120-CUSA40291_00-THISMEANSWARP000,1999,1999
10,EP8247-PPSA28510_00-0829750979031612,1999,1999
10,UP2769-CUSA09253_00-THROUGHTHEWOODS2,1999,1999
10,UP4649-CUSA16985_00-0000000000000001,1899,1899
10,UP6007-CUSA30590_00-3215542460413190,1499,1499
10,UP8121-PPSA16581_00-0431766361275903,1499,1499
10,UP4403-CUSA08993_00-TIMERECOIL000000,1399,1399
10,UP5480-PPSA18384_00-TIMESANDGALAXY00,1999,1999
10,EP3024-PPSA34187_00-TIMOBOLLBEATSPS5,1999,1999
10,UP4035-CUSA11586_00-0004550011846175,1699,1699
10,UP0147-CUSA08275_00-TINERTIAGAME0000,1199,1199
10,EP3540-PPSA30272_00-0TINYLANDS1PS5EU,1299,1299
10,UP1681-PPSA21570_00-TGEMSBUN2024SIEA,1799,1799
10,UP4143-CUSA06053_00-FLTINYTRAXPSVRUS,1999,1999
10,UP6607-CUSA40182_00-0142285952062722,1499,1499
10,UP3305-CUSA07639_00-TOKYO42000000000,1999,1999
10,UP7172-CUSA29974_00-8533737932775418,1999,1999
10,UP7552-PPSA20859_00-0840392565493959,1999,1999
10,UP0505-CUSA11541_00-TOTHETOPVR000000,1999,1999
10,UP6665-PPSA03341_00-TDF2100000000000,1999,1999
10,UP6665-PPSA06480_00-TDF2200000000000,1999,1999
10,UP2787-CUSA13924_00-0000000000000000,1999,1999
10,UP4416-CUSA32062_00-9983851152263298,1999,1999
10,UP7738-PPSA19150_00-0307812807584947,1499,1499
10,UP1844-CUSA04818_00-TOYODYSSEYFULL00,1499,1499
10,UP9000-CUSA13205_00-TRACKLAB000000US,1999,1999
10,UP6872-CUSA29468_00-TRADBRAVESPS4PRO,1999,1999
10,JP0055-PPSA34095_00-TRABRAVE20PS5PJP,1999,1999
10,UP2565-PPSA18645_00-0758381551360132,1999,1999
10,UP3797-CUSA30268_00-5515026107104825,1999,1999
10,UP0881-CUSA32150_00-4513144489174530,1499,1499
10,UP0097-CUSA28641_00-8023768753185621,1999,1999
10,UP5756-PPSA05016_00-TREASURES0AEGPS5,1999,1999
10,UP0968-CUSA17684_00-00000000RLV932NA,1999,1999
10,UP3657-CUSA11020_00-TRICKSTERVR00100,1499,1499
10,UP5834-PPSA06407_00-7129298168610794,1999,1999
10,UP8068-PPSA14732_00-0000000000000000,1399,1399
10,EP0896-PPSA31537_00-TROPICALIARATGAM,1499,1499
10,UP5526-CUSA34713_00-KAIRO00000171000,1199,1199
10,UP0825-CUSA07716_00-TRULONTPS4SIEA00,1999,1999
10,UP7592-CUSA43858_00-0440679109546686,1299,1299
10,UP2444-CUSA05538_00-TUMBLESEEDGAMEUS,1499,1499
10,UP4416-CUSA28715_00-7796459196964798,1999,1999
10,UP5526-CUSA46609_00-KAIRO00000175000,1199,1199
10,UP2005-PPSA10994_00-TWICEREBORN00000,1499,1499
10,UP1738-CUSA20646_00-TWILIGHTPATH0001,1499,1499
10,UP4591-CUSA11172_00-FINITEREFTWINCOP,1499,1499
10,UP6591-CUSA26589_00-4174543906305703,1499,1499
10,UP3423-CUSA11969_00-8632143394782051,1099,1099
10,UP0067-CUSA07445_00-100000ULTRAWINGS,1499,1499
10,UP2187-CUSA03868_00-UNCVALLEYPS4000U,1299,1299
10,UP8597-PPSA16996_00-0377119468363099,1999,1999
10,UP6607-CUSA47988_00-0881091282043478,1499,1499
10,UP6026-PPSA24277_00-UNDERDEFEATHDPS5,1999,1999
10,UP2187-CUSA16815_00-UHPS4SIEADIGI001,1499,1499
10,UP0097-CUSA32424_00-3082432287484353,1999,1999
10,UP2844-CUSA11635_00-UNEARTHINGMARS2A,1999,1999
10,UP2187-CUSA09676_00-NEPHILIMDIGERATI,1499,1499
10,EB1450-PPSA26476_00-0191590346738865,1999,1999
10,UP4892-CUSA34700_00-0798645728211369,1499,1499
10,UP7552-PPSA20531_00-0797494495407835,1499,1499
10,UP5249-CUSA15100_00-0242121UNF919498,1499,1499
10,UP8573-PPSA24272_00-0769030164872023,1399,1399
10,UP0891-PPSA20504_00-UNLIFERATALAIGAM,1099,1099
10,UB0797-CUSA50769_00-0135669629644968,1499,1499
10,UP2081-CUSA23269_00-0347361385402888,1999,1999
10,UP5834-CUSA43553_00-0322838551123283,1999,1999
10,UP5526-CUSA23773_00-KAIRO00000061000,1399,1399
10,UP3398-CUSA15196_00-0000111122223333,1299,1299
10,EP0822-PPSA27154_00-VESSELSOFDECAY05,1799,1799
10,UP6624-PPSA18273_00-0970521690771067,1499,1499
10,UP0621-CUSA01265_00-VIKINGSQUADPS400,1499,1499
10,UP2005-PPSA19826_00-VIOLETWISTERIA00,1499,1499
10,UB0067-PPSA16973_00-0318386289274421,1999,1999
10,UP6333-CUSA25308_00-4412576553603027,1499,1499
10,UP2158-PPSA17550_00-VISCOCOLLECPS5NA,1999,1999
10,HB1411-PPSA27796_00-0100621081913769,1999,1999
10,UP1261-CUSA02943_00-VOLUMEPS4GAME001,1999,1999
10,UP2520-CUSA12455_00-VOYAGEOFTHEDEAD1,1999,1999
10,UP2282-CUSA07859_00-0000000000000001,1799,1799
10,UP3900-CUSA09670_00-VROOMKABOOM00001,1999,1999
10,UP1260-CUSA06048_00-0000000000000000,1499,1499
10,UP2792-CUSA06658_00-0000000000000001,1199,1199
10,UP2212-CUSA27273_00-7287370064304988,1499,1499
10,UP7630-CUSA33390_00-3450529411798281,1499,1499
10,UP5579-CUSA17460_00-CORTOPIAWANDS001,1999,1999
10,UP1907-CUSA05658_00-WANDWARSM00NRD5H,1199,1199
10,UP2531-CUSA14944_00-WARGROOVE0000000,1999,1999
10,UP1440-PPSA08828_00-6619240372559303,1999,1999
10,UP7249-CUSA39634_00-0399389443240202,1849,1849
10,UP4133-PPSA08209_00-WARSTRIDECHALLEN,1999,1999
10,UP7675-CUSA33459_00-2319866534442516,1999,1999
10,UP8157-CUSA37634_00-WATCHOVERAPP0000,1699,1699
10,UP2518-CUSA08451_00-WAYOFREDEMPTION0,1499,1499
10,UP2549-CUSA05924_00-0000000000000000,1499,1499
10,UP0125-CUSA05870_00-WAYWARDSKY100000,1999,1999
10,UB0371-PPSA27990_00-0163711480236591,1499,1499
10,UP6555-PPSA22820_00-0785049142323473,1899,1899
10,UB0820-CUSA48960_00-0330542278345735,1499,1499
10,UB0561-PPSA21777_00-0714047252043803,1999,1999
10,UB0683-PPSA32841_00-0588210984296103,1499,1499
10,UP6963-CUSA30765_00-3583227174296079,1499,1499
10,UP4487-CUSA06181_00-WHEELSOFAURELIAB,1499,1499
10,UP1359-CUSA11799_00-COOKIE0000000000,1499,1499
10,UP3390-CUSA20449_00-AAAAAAA000000001,1499,1499
10,UP2135-CUSA01772_00-WHISPERINGWILLOW,1249,1249
10,UP7180-PPSA08028_00-8332479684642529,1249,1249
10,UP0312-CUSA05605_00-WHITESTONEHUMORI,1999,1999
10,EP3024-PPSA33329_00-WHOOWASITRAPS5WW,1999,1999
10,UP1440-CUSA29645_00-0058213943262133,1499,1499
10,UP3864-CUSA23232_00-WILDFIRE0000000A,1499,1499
10,UP5526-CUSA24629_00-KAIRO00000122000,1399,1399
10,UP6718-PPSA30457_00-0845579821801329,1499,1499
10,UP6791-CUSA32560_00-9516964242435722,1999,1999
10,UP0814-CUSA24608_00-2003221430402775,1099,1099
10,UP1482-CUSA06216_00-DOTWINDJAMMERS01,1499,1499
10,UP4196-CUSA34324_00-8141142985868502,1999,1999
10,UP3622-CUSA25719_00-6535293557486670,1999,1999
10,UP2005-PPSA04950_00-WINGSOFBLUESTAR0,1499,1499
10,EP3945-PPSA30321_00-0782340214737687,1499,1499
10,UP4880-CUSA15812_00-WITCHINGTOWER001,1999,1999
10,UB0675-PPSA27903_00-0970822251266614,1499,1499
10,UP0287-CUSA07550_00-US16XH15OI201XC2,1499,1499
10,UP0287-CUSA16716_00-US203G06190DINJU,1499,1499
10,UP0844-CUSA04465_00-WONDERSHOT000000,1299,1299
10,UP8754-CUSA48538_00-0274281353265896,1749,2499
10,UP2796-CUSA17911_00-CHUBBYPIXEBUNDLE,1299,1299
10,UP1466-CUSA14059_00-WORDHUNTERS00001,1999,1999
10,UP9000-CUSA08020_00-WORLDOFWARRIORSH,1999,1999
10,UP6955-CUSA27568_00-7144001599297976,1999,1999
10,UP4513-CUSA07347_00-WORLDTOTHEWEST01,1999,1999
10,UP0198-CUSA09359_00-0000000000000000,1499,1499
10,UP6687-PPSA16906_00-XALADIAMAINGAME0,1799,1799
10,UP2187-CUSA16817_00-XRPS4SIEADIGI001,1499,1499
10,UP2400-CUSA10976_00-XINGTLBMAINUS001,1999,1999
10,UP5552-CUSA18409_00-YESTERMORROWPS41,1999,1999
10,UP2251-CUSA13180_00-YIIKPOMORPGACKK1,1999,1999
10,UP4064-CUSA10654_00-YOKUSISLANDEXP00,1999,1999
10,UB0300-PPSA18436_00-0822517423423925,1199,1199
10,UP0739-CUSA13862_00-YOURTOYGAMES1803,1999,1999
10,UP5258-PPSA02511_00-CHOR000000020DUS,1299,1299
10,UP4818-CUSA24780_00-8493795692944248,1499,1499
10,UP3252-PPSA11033_00-JANDUSOFT0000001,1299,1299
10,UP4293-CUSA19440_00-ZENGEONUS0000100,1999,1999
10,EP8923-PPSA23265_00-ZOMBIEROLLERZPS5,1499,1499
10,UP7788-PPSA15903_00-ZOMBIESOUPUS0000,1999,1999
10,UP5788-CUSA18842_00-ZOMBIOTIKREL0001,1199,1199
10,UP5526-CUSA43611_00-KAIRO00000173000,1199,1199
10,UP6665-PPSA06509_00-ZTC0000000000000,1999,1999
10,UP0002-PPSA34502_00-CODBO2GAME000001,3999,3999
10,UP0002-PPSA34501_00-CODBO1GAME000001,3999,3999
10,UP6360-PPSA23126_00-0112788005082769,2999,2999
10,UP3509-PPSA02048_00-DEADBYDAYLIGHT00,2999,2999
10,UP9000-PPSA01413_00-HELLDIVERS200000,3999,3999
10,EP4064-PPSA28869_00-HLLV000000000000,3999,3999
10,EP6665-PPSA26223_00-MND0000000000000,2999,2999
10,UP2011-PPSA36891_00-0021205295418892,2999,2999
10,EP6848-PPSA04998_00-4085881659726287,3999,3999
10,UP3095-PPSA29340_00-HALLOWEENDELUXED,3999,3999
10,UP0001-CUSA12639_00-TD2ULTEDITION000,2999,2999
10,UP0727-PPSA16645_00-0184103882519534,2474,4499
10,EP4399-PPSA19644_00-FARMSIMULAT25PS5,3999,3999
10,UP0102-PPSA07862_00-MHWILDSSTANDARD0,3999,3999
10,UP4781-PPSA22040_00-SP00710000000000,2999,2999
10,EP4389-PPSA17911_00-WOTH2DELUXEDITIO,3999,3999
10,EP4122-PPSA21255_00-0888672453602469,3999,3999
10,UP2113-PPSA05003_00-2441492154131447,3999,3999
10,UP5652-PPSA04537_00-7124458556094786,2999,2999
10,JP0215-PPSA27093_00-TFSHVCDRPS500084,2499,2499
10,HB2212-PPSA35396_00-0436554762722435,2399,2399
10,HP7386-PPSA27158_00-0022337374597692,2999,2999
10,EP2601-PPSA24605_00-0538909601464686,3999,3999
10,UP0102-PPSA07411_00-RE4RMAINGAME0000,3999,3999
10,UP5460-PPSA06954_00-GBRELINKERDGSCL1,3999,3999
10,UP0700-PPSA25380_00-ERSL000000000000,3999,3999
10,EP4638-PPSA33862_00-0355584296320741,2999,2999
10,UP6312-PPSA17525_00-0219247498273183,3999,3999
10,UP0102-PPSA09663_00-DD2DA00000000000,3999,3999
10,UP0006-CUSA07995_00-HAZELIGHTAWAYOUT,2999,2999
10,HB1062-PPSA26764_00-0044500981385751,2499,2499
10,UP1456-PPSA28723_00-NASCAR25BASEGAME,3999,3999
10,JP9200-PPSA24487_00-MARBUNDLE0000001,3999,3999
10,UP2565-PPSA05830_00-6357358955359147,2999,2999
10,EP4484-PPSA36082_00-0912328937643383,2999,2999
10,UP4291-PPSA16358_00-0708166676236847,2999,2999
10,UP3731-PPSA08380_00-PS5TRAILMAKESIEA,2999,2999
10,EP4143-PPSA23671_00-0913383672682674,2499,2499
10,UP9000-PPSA17085_00-MLBTHESHOW24SHIP,2999,2999
10,UP4664-PPSA04159_00-GS3MAINGAMEPACK0,2999,2999
10,UP6312-PPSA15547_00-OGUNQUIT00000000,3999,3999
10,UP7540-PPSA23241_00-0438218401573452,2499,2499
10,UP7742-PPSA29413_00-0632159817352246,2499,2499
10,UP4139-PPSA09193_00-CITIESSKYLINESNA,3999,3999
10,UP4664-PPSA16634_00-SATISFACTORYGAME,3999,3999
10,EP4433-PPSA16064_00-0424848725030098,2999,2999
10,UP4399-PPSA02426_00-1548339055872147,3999,3999
10,EP2430-PPSA17456_00-0206793519245545,3499,3499
10,UP5167-PPSA11332_00-HOUSEFLIPPER02US,3999,3999
10,EP1470-PPSA29629_00-MARVELADOTEMUPS5,2999,2999
10,UP4882-PPSA14734_00-BEATSABERFULLPS5,2999,2999
10,UP0102-PPSA04288_00-BH2R000000000001,3999,3999
10,UP0036-PPSA02181_00-GGSTPS5US0000100,3999,3999
10,UP1564-PPSA02400_00-00CARMECHSIM2021,2999,2999
10,UP2139-CUSA06239_00-JBGPARTYPACK3PS4,2499,2499
10,UP5245-PPSA02452_00-6063362694848820,2999,2999
10,EP4151-PPSA27311_00-0338245924855608,3999,3999
10,UP0700-CUSA08692_00-DARKSOULSHD00000,3999,3999
10,UP7702-PPSA18176_00-0562161431188006,3999,3999
10,EP4910-PPSA25972_00-0195277423964282,2999,2999
10,UP2430-PPSA26578_00-PLYXFUMIMOUSEPS5,2999,2999
10,UP0001-CUSA00663_00-AC4GAMEPS4000001,2999,2999
10,UP0082-PPSA28099_00-0080378134598239,3999,3999
10,UP0102-PPSA01556_00-VILLAGEFULLGAMEX,3999,3999
10,UP0781-PPSA36585_00-0855472689709905,2999,2999
10,UP4064-PPSA01529_00-4759077947287005,3999,3999
10,HP3768-PPSA28676_00-PROJECTWILDS0000,3999,3999
10,UP2470-PPSA02100_00-STRAYSIEA0000000,2999,2999
10,UP1456-PPSA22583_00-WOO2024BASEPS5US,2999,2999
10,UP6312-PPSA29642_00-0031868794271950,3999,3999
10,UP4139-PPSA27597_00-STELLARDELUXEPS5,3999,3999
10,UP6856-PPSA05424_00-WWZGAME000000PS5,3999,3999
10,UP0002-CUSA12125_00-SPYROTRILOGY0001,3999,3999
10,UP2139-PPSA29371_00-0098826392284174,2999,2999
10,EP1470-PPSA32559_00-0311398312658520,2499,2499
10,UP3024-PPSA15388_00-0636789504534087,3999,3999
10,UP4395-PPSA23088_00-FORTHEKING200000,2499,2499
10,UP0082-PPSA04987_00-3528315769842001,2499,2499
10,UP2565-PPSA04379_00-8001017598364664,2999,2999
10,UP0700-CUSA01760_00-DARKSOULS2000003,3999,3999
10,UP6312-PPSA18654_00-0135174197988055,3999,3999
10,EP8021-PPSA37739_00-GNLCRAZYPARTYPS5,3999,3999
10,UP0001-CUSA02389_00-ACVICTORYGAMEPS4,2999,2999
10,UP0102-PPSA03952_00-BH3ROFF000000001,3999,3999
10,EP6764-PPSA27582_00-0630776202841609,2499,2499
10,UP3639-PPSA02868_00-6737177636262712,2999,2999
10,EP2058-PPSA33499_00-0309411176144374,3999,3999
10,UP1164-PPSA16467_00-0994952211238145,3349,3349
10,UP4040-PPSA01949_00-CONTROLUEPS50000,3999,3999
10,UP2125-PPSA03355_00-3466019145463410,2499,2499
10,UP4256-CUSA10441_00-DESCENDERSUSPS4V,2499,2499
10,UP1004-CUSA09084_00-LANOIRE000000PS4,3999,3999
10,UP1482-PPSA06732_00-PS5TMNTSRDOTSIEA,2499,2499
10,UP0001-CUSA00010_00-AC4GAMEPS4000001,2999,2999
10,UP4321-PPSA07064_00-4092020589534297,2999,2999
10,EP1018-PPSA22946_00-HARRYPOTTER17000,3999,3999
10,UP3824-PPSA09955_00-BUEYBASEGAME0001,2999,2999
10,UP2660-PPSA03858_00-MWARRIOR5SIEAPS5,2999,2999
10,UP0082-CUSA01227_00-FFX0FFX20USA0PS4,2499,2499
10,UP0001-CUSA05008_00-ACLEGACYHD000000,3999,3999
10,UP2712-CUSA29953_00-9367204981826190,2999,2999
10,UB1599-PPSA29140_00-LEGOPARTYSIEA000,3999,3999
10,EP1470-PPSA28311_00-ABSOLUMDOTEMUPS5,2499,2499
10,JP0106-PPSA32935_00-DW3CEREDDXE00000,3999,3999
10,UP2139-PPSA02134_00-JBGPARTYPACK7PS5,2999,2999
10,UP1032-PPSA16941_00-SWBATTLEFRONT000,3499,3499
10,UP4581-PPSA03748_00-KERBAL0EEPS50000,3999,3999
10,UP6758-PPSA03268_00-6401393671841114,3999,3999
10,JP0101-PPSA35399_00-CVBCDXDL00000000,2999,2999
10,UP5397-PPSA06094_00-9152601786774628,2499,2499
10,EP0001-PPSA34056_00-STBDLX0000000000,3999,3999
10,UP0700-PPSA02200_00-LITTLENIGHTS2000,2999,2999
10,EP0001-PPSA17419_00-GAME000000000000,2999,2999
10,UP1001-CUSA15322_00-CIV6BASE00000000,2999,2999
10,UP0102-PPSA08033_00-FULLGAME00000001,3999,3999
10,UP1001-CUSA18097_00-MAFIAONEREMASTER,3999,3999
10,UP0001-CUSA11711_00-AC3GAMEPS4000001,3999,3999
10,UP0177-PPSA05324_00-SONICORIGINS0000,2999,2999
10,EP3495-PPSA26012_00-0867930864684348,3499,3499
10,UP6893-PPSA35101_00-0199075743686152,2499,2499
10,UP2293-PPSA20152_00-0019683213812595,2999,2999
10,UP0102-CUSA04622_00-UMVC3FULLGAME000,2499,2499
10,UP0001-CUSA04311_00-SOUTHPARKTFBW000,2999,2999
10,UP2139-PPSA07636_00-JBGPARTYPACK9PS5,2999,2999
10,UP4389-CUSA14898_00-SPONGEBOBBFBBEU0,2999,2999
10,UB1685-PPSA30648_00-STVATUCAPTAINPS5,3999,3999
10,UB0511-PPSA25582_00-0453975088630674,2999,2999
10,EB1530-PPSA31599_00-0207512196744270,2499,2499
10,EP1549-PPSA28951_00-0398405101307776,2999,2999
10,UP3095-PPSA18743_00-KILLERKLOWNS0001,3999,3999
10,UP4321-PPSA03130_00-2478417276876954,3999,3999
10,UP4122-CUSA13595_00-VERMINTIDE2000US,2999,2999
10,UP0700-PPSA05922_00-SMGDARKPICTURESD,3999,3999
10,EP6625-PPSA28764_00-DDS2GAME00000000,2499,2499
10,UP1564-PPSA25775_00-CLABSCBP20240828,2999,2999
10,UP0097-PPSA35090_00-HNREMASTERED0000,2999,2999
10,UP0002-CUSA01654_00-PROTOTYPEPS42014,2999,2999
10,UP4432-PPSA13700_00-0829819787050433,2999,2999
10,UP4364-PPSA01746_00-KENAAMST00000005,3999,3999
10,EP2865-PPSA35887_00-0680505411322237,2499,2499
10,EP2187-PPSA25009_00-BLUEPRINCE000000,2999,2999
10,UP4415-CUSA31488_00-D11RIMWORLD00001,3999,3999
10,UP8274-PPSA13211_00-0497797529623691,2499,2499
10,UP0001-CUSA13917_00-FARCRYBOWMORE000,3999,3999
10,UP0002-CUSA01655_00-PROTOTYPE0022014,3999,3999
10,JB2191-PPSA36470_00-0035099204035712,2499,2499
10,UP7583-PPSA16617_00-0214089695784057,2499,2499
10,UP6951-PPSA03393_00-ALIENSFIRETEAMUS,2999,2999
10,UB0605-PPSA30598_00-0437057424734856,3499,3499
10,UP4389-CUSA06980_00-MXVSATVNEXTUS001,2999,2999
10,UP0082-CUSA01111_00-0000SLEEPINGDOGS,2999,2999
10,UP0102-CUSA06400_00-DUCKFULLBUNDLE00,3999,3999
10,UP0006-CUSA23264_00-NEEDFORSPEEDHPR0,3999,3999
10,UP0102-CUSA09407_00-DMCHDC0000000000,2999,2999
10,UB2044-PPSA33856_00-0977312686682747,3999,3999
10,JB0540-PPSA23430_00-0276171016886652,2999,2999
10,UP9000-PPSA09243_00-MLBTHESHOW23SHIP,2999,2999
10,UP4136-CUSA25075_00-BSECTORBAALSIEA1,3999,3999
10,UP0001-CUSA01810_00-THEDIVISION00001,2999,2999
10,UP0097-PPSA07425_00-2395303223172491,3999,3999
10,UP1981-PPSA02324_00-HWUNLEASHEDFGAME,3999,3999
10,EP0001-PPSA29182_00-ARTEMISPS5000001,2999,2999
10,UP7787-CUSA33851_00-1042987614787642,2999,2999
10,EP4389-PPSA31977_00-DSWARMASTEREDPS5,2999,2999
10,UP0082-PPSA01778_00-0083943153298814,2999,2999
10,UP0700-PPSA02595_00-SMGDARKPICTURESC,2999,2999
10,UP7458-PPSA20154_00-REVESAVAGEPLANET,2999,2999
10,UP2982-PPSA30658_00-TLDRKFULLGAMEPS5,3499,3499
10,UP5245-PPSA02456_00-BELOWZERSUB38637,2999,2999
10,UP3589-PPSA07369_00-1639940229541610,3499,3499
10,UP6094-PPSA26767_00-0001535859972007,2499,2499
10,UP7106-PPSA08255_00-8943562685177973,2499,2499
10,UP3864-PPSA17225_00-CORALISLANDPS5NA,2999,2999
10,UP5167-CUSA23090_00-HOUSEFLIPPER00US,2499,2499
10,UP1001-CUSA10455_00-BORDERLANDSHD001,2999,2999
10,UP4389-PPSA15656_00-EPICMICKEYREMAKE,3999,3999
10,UP3463-PPSA07586_00-8119804844737273,3499,3499
10,UP0922-PPSA28898_00-0065071705310741,3499,3499
10,UP2139-CUSA15888_00-JBGPARTYPACK6PS4,2999,2999
10,UP2514-PPSA13572_00-STRANDEDALIENDWN,3499,3499
10,UP7438-PPSA12460_00-2352165465353670,2499,2499
10,EP4361-PPSA16033_00-0158231446437401,3499,3499
10,JP4901-PPSA29104_00-TXEDIGITALDELUXE,2499,2499
10,UP0751-PPSA07923_00-TETRISEFFECT0001,3999,3999
10,UP0001-CUSA17876_00-FAMILYFEUDTVSHOW,2999,2999
10,UP4108-CUSA03804_00-AT1NAHDDGAME0000,3999,3999
10,EP6959-PPSA17732_00-0265718801274251,2999,2999
10,EP6853-PPSA22482_00-PROJECTBEE000000,2999,2999
10,UP2011-PPSA14717_00-0297864284132060,3999,3999
10,UP2011-PPSA35381_00-0565406793439341,3999,3999
10,HP1293-PPSA33625_00-0909834425645941,2699,2699
10,UP0082-CUSA23980_00-1951785847228082,3999,3999
10,UP0638-PPSA18328_00-0008371569751518,2999,2999
10,UP0182-PPSA08601_00-ATARI50GAMEDLC00,3999,3999
10,UP0097-PPSA20491_00-DEADSIDE00000000,2499,2499
10,UP0082-CUSA08877_00-FFIXDIGITALED000,2099,2099
10,UP4133-PPSA02388_00-APLAGUETALEGAME0,3999,3999
10,UP0102-CUSA07828_00-SF30FULLGAME0001,2999,2999
10,UP4139-PPSA26972_00-SUMARELAUNCHEDUL,3999,3999
10,UP3376-PPSA04697_00-4288127721514045,3499,3499
10,UP3385-PPSA08499_00-RAINWORLDNAPS500,2499,2499
10,UP3864-CUSA15289_00-SLAYTHESPIREGAME,2499,2499
10,UP0001-PPSA01518_00-STANDARDEDITION0,3999,3999
10,UP0082-CUSA10938_00-DEFINITIVE00SIEA,3999,3999
10,EP0856-PPSA26382_00-FRMTGETHR2EUPS5D,2599,2599
10,EP4060-PPSA25872_00-T2DNFMAINGAMEPS5,2999,2999
10,UP1470-PPSA14314_00-AMERICANDREAMUS0,3999,3999
10,UP0700-PPSA04996_00-KIZOKAPPLI000000,3999,3999
10,UP0182-PPSA32049_00-RCTCLASSIC000000,2499,2499
10,UP4064-PPSA13580_00-BLASPHEMOUS20000,2999,2999
10,EP5049-PPSA27103_00-0717490137052430,2299,2299
10,UP2611-CUSA14836_00-CFBDIGITALDELUXE,3999,3999
10,UP3613-PPSA06654_00-6644681382731206,2499,2499
10,UP6798-CUSA27997_00-3979602401675957,3599,3599
10,UP1063-CUSA06808_00-DANGANRONPARLDUS,3999,3999
10,UP9000-CUSA02945_00-HELLDIVERSSCEA00,3999,3999
10,UP2139-CUSA03183_00-JBGPARTYPACK2PS4,2499,2499
10,EP2114-PPSA28238_00-0142360474135633,2899,2899
10,UP5238-PPSA11406_00-0563726181923383,2499,2499
10,UP4581-CUSA13252_00-ANCESTORSVOLUME1,3999,3999
10,UP2470-PPSA23732_00-LB2SIEA000000000,2499,2499
10,UP0001-CUSA05489_00-STEEPSCEA0000000,2999,2999
10,UP4395-PPSA02593_00-THEASCENT00000US,2999,2999
10,UP2139-CUSA12000_00-JBGPARTYPACK5PS4,2999,2999
10,UP0001-CUSA10158_00-ACRGAMEPS4000001,2999,2999
10,EP9000-PPSA14632_00-LEGOHZNADVENTURE,3999,3999
10,UP4964-PPSA02986_00-FNORTHATLANTIC01,3799,3799
10,UP4581-CUSA16285_00-THEOUTERWORLDS01,2499,2499
10,UP0101-PPSA15367_00-GALUGA00PS5NA000,3999,3999
10,UP2139-CUSA08522_00-JBGPARTYPACK4PS4,2499,2499
10,UP3003-PPSA21261_00-0561087256411920,2999,2999
10,UP3475-PPSA18407_00-0959597852214058,3499,3499
10,UP1482-CUSA16237_00-00STREETSOFRAGE4,2499,2499
10,UB0029-PPSA17851_00-0065466272231194,3499,3499
10,UP0001-CUSA10357_00-FARCRY3REMASTER0,2999,2999
10,UP9012-CUSA01846_00-USF4DEV00104SCEA,2499,2499
10,EP1561-PPSA34465_00-0029725333339648,2999,2999
10,UP0102-CUSA01671_00-MAINRDOBXXXX0000,2499,2499
10,UP0700-PPSA26146_00-MAINGAME00000000,3999,3999
10,UP2006-PPSA19244_00-0702967789723886,2999,2999
10,UP1018-CUSA06549_00-LEGOCITYUNDERCOV,2999,2999
10,UP0922-PPSA28932_00-0611461640815149,3499,3499
10,UP1032-PPSA16901_00-TOMBRAIDER123224,2999,2999
10,EP4389-PPSA26049_00-GOTHIC1CLASSICWW,2999,2999
10,UP0001-PPSA04716_00-ANNODELUXE000000,3999,3999
10,UP4389-PPSA16526_00-THECOSMICSHAKPS5,3999,3999
10,UP9000-CUSA02522_00-JADBUNDLE0000001,3999,3999
10,EP6665-PPSA28297_00-RS00000000000000,2999,2999
10,EP6138-PPSA34594_00-0466293556111339,2999,2999
10,UP0700-CUSA06417_00-NARUTOUNST000000,3999,3999
10,UP4664-PPSA05566_00-GOAT000000000000,2999,2999
10,JP0102-CUSA49799_00-FULLGAME00000000,2999,2999
10,UP7076-PPSA07906_00-STILLWAKES00DEEP,3499,3499
10,UP2139-PPSA16376_00-0291995371042760,2999,2999
10,UP2516-CUSA16635_00-GOLDRUSH00000000,2499,2499
10,EP2866-PPSA32658_00-TFWONDERSSODORDE,3999,3999
10,JP0102-PPSA32239_00-FULLGAME00000000,3999,3999
10,EP4902-PPSA30037_00-0853523246720597,2199,2199
10,UP6915-PPSA10266_00-MWARCLANSSIEAPS5,2999,2999
10,UP4581-PPSA07148_00-TOWSPACERSCHOICE,3999,3999
10,UB0788-PPSA33042_00-0315813052436806,2499,2499
10,UP0082-CUSA05794_00-RISEOFTOMBRAIDER,2999,2999
10,UB0473-PPSA29714_00-GREATACTGAMEBBEE,2499,2499
10,UP4133-CUSA09936_00-MUDRUNNERAMWLDED,3499,3499
10,UP1003-PPSA17168_00-HIFIRUSH00000000,2999,2999
10,UP2565-PPSA06775_00-CESD663890000000,2999,2999
10,UP3824-PPSA05520_00-PAWRACER00000003,2999,2999
10,UP0700-PPSA21906_00-MAINGAME00000000,3999,3999
10,UP6131-PPSA20082_00-0273376769559459,2999,2999
10,UP9000-PPSA01416_00-MLBTHESHOW21SHIP,2999,2999
10,UP6878-PPSA08238_00-7368353631813174,2999,2999
10,UP3824-PPSA09189_00-0884984015825227,3999,3999
10,UP0177-CUSA16113_00-BAYONETTAPS4GAME,2499,2499
10,UP4415-CUSA03481_00-PRISONARCHITECT0,2499,2499
10,JP0102-CUSA44576_00-C2F2C20000000000,3999,3999
10,UP1475-PPSA04933_00-NEWWTBAMPS5000US,3999,3999
10,UP9000-CUSA02533_00-HRPS400000000001,2999,2999
10,HP3768-PPSA26016_00-GABBYBASEGAME000,3999,3999
10,UP7455-PPSA27997_00-0030004984351538,3499,3499
10,UP5898-PPSA19733_00-0147778939159705,3999,3999
10,UP2097-PPSA15561_00-0859089986686572,2499,2499
10,EP6853-PPSA22143_00-DOCKEDDELUXE0000,2999,2999
10,UP3003-PPSA18002_00-0171202496107409,2999,2999
10,UP8096-PPSA27033_00-0553381423825207,2499,2499
10,UP2388-CUSA20182_00-0000000000000000,2999,2999
10,UP7389-PPSA13853_00-0086680818243756,2299,2299
10,UP4389-PPSA23807_00-DARKSIDERS2PS5GP,2999,2999
10,EP3886-PPSA30821_00-0872944045739260,2499,2499
10,UP3864-PPSA07484_00-PROJECTWINGMAN0A,2999,2999
10,UP1082-PPSA06882_00-0404582794196364,3999,3999
10,UP3883-CUSA28065_00-BATTLEBROTHERSUS,2999,2999
10,EP4337-PPSA28502_00-PUREPOOLPROGAME0,2499,2499
10,UP0101-PPSA28608_00-0462393240028802,2499,2499
10,UP4133-PPSA02982_00-GREEDFALL0000000,3499,3499
10,UP9000-PPSA04786_00-MLBTHESHOW22SHIP,2999,2999
10,UP9000-CUSA00495_00-GBEYONDTWO000001,2999,2999
10,UP2565-PPSA06404_00-CESD663730000000,2999,2999
10,UP4133-PPSA07301_00-HARDSPACESHIPBRK,3999,3999
10,UP6785-PPSA20724_00-0274786489650505,2999,2999
10,UP1260-PPSA17371_00-0223554971227129,3499,3499
10,UP2047-CUSA13473_00-WL3USDEEPS000002,3999,3999
10,UP8448-PPSA34032_00-0232861597218634,3499,3499
10,UP4389-CUSA01704_00-MXSXEEPSNHDDNA01,2999,2999
10,EP2025-PPSA23742_00-0313203602616166,2499,2499
10,EP6665-PPSA28329_00-RRCUB00000000000,2999,2999
10,UP0283-PPSA15482_00-0556027350219949,3999,3999
10,UP4040-CUSA00378_00-SNIPERELITE30000,2999,2999
10,UP6312-PPSA29586_00-0698156126484057,2499,2499
10,UP5430-PPSA28721_00-0359481320673204,2999,2999
10,UP2746-CUSA15493_00-GHOSTBUSTERS2019,2999,2999
10,UP2139-PPSA04139_00-JBGPARTYPACK8PS5,2999,2999
10,EP6719-PPSA21396_00-ROBOQUEST0000000,2499,2499
10,EP4492-PPSA06960_00-MANDRAPS50000001,3999,3999
10,UP0151-CUSA09971_00-RICKMORTYVR00000,2999,2999
10,UP3639-PPSA21262_00-0488973460527901,2799,2799
10,UP1032-PPSA18153_00-SOULREAVER120824,2999,2999
10,UP4321-CUSA04868_00-SPEDITION0000001,3999,3999
10,UP2200-CUSA01867_00-SHOVELKNIGHT0001,3999,3999
10,JP5784-PPSA37850_00-BACKTOTHEDAWN000,3499,3499
10,UP0101-CUSA07150_00-MAINGAME00000000,2999,2999
10,EB1674-PPSA28209_00-MINDSEYESTANDARD,3499,3499
10,UP8597-PPSA23282_00-0782876017635834,3999,3999
10,UP8522-PPSA23099_00-000000000000AGTS,2999,2999
10,UP0101-PPSA04489_00-TMNTCOWABUNGAXXX,3999,3999
10,UP4488-PPSA15173_00-0338975894246736,2499,2499
10,UP7641-PPSA10684_00-4198927603915696,3999,3999
10,EP8909-PPSA25758_00-0047300101977880,2499,2499
10,UP6665-PPSA08556_00-BB300DELUXE00003,3999,3999
10,UP0177-CUSA19345_00-SONICCOLORSULTIM,3999,3999
10,UP3643-PPSA29623_00-STARSKR000000001,2999,2999
10,UP4389-CUSA09622_00-REDFACTIONGDUS01,2999,2999
10,JP6576-PPSA24855_00-0963534990981173,2999,2999
10,UP0102-CUSA07385_00-DDDAFULLGAME0000,2999,2999
10,UP0101-CUSA17688_00-YGOLOTDLEXXXXXXX,3999,3999
10,UP0182-PPSA26698_00-RCT3COMPLETE0001,2999,2999
10,UP4389-PPSA14275_00-TRINE50000000000,2999,2999
10,UP0102-CUSA11513_00-AAT123FULLGAME00,2999,2999
10,HB1351-PPSA27025_00-0880146413321291,2499,2499
10,UP6856-PPSA19006_00-AQPBASEGAME00000,2999,2999
10,UB1664-PPSA33491_00-0667521371545820,3999,3999
10,UP2124-CUSA00498_00-THEWITNESSPS4PS4,3999,3999
10,UP4293-CUSA04675_00-GALGUNWAPP000000,2999,2999
10,EB0757-PPSA20548_00-0286086241569047,3999,3999
10,UP3824-PPSA08026_00-7603130782011854,2999,2999
10,UP0082-CUSA04647_00-WORLDOFFFPS40000,2499,2499
10,UP4133-PPSA07248_00-000000000BOLTGUN,2199,2199
10,UP0700-PPSA16953_00-MAINGAME00000000,3999,3999
10,JP0101-PPSA15645_00-DOMINUSCOLLECTIO,2499,2499
10,UP2032-CUSA01606_00-SG2NDENCORE00000,2499,2499
10,HP3768-PPSA23663_00-PROJECTCOWGIRL00,3999,3999
10,UP3824-PPSA08283_00-3036750958852048,2999,2999
10,UP2233-PPSA21994_00-FAEFARMDELUXEPS5,2999,2999
10,HP1597-PPSA28639_00-PCBUILDINGSIM200,2499,2499
10,UP9000-CUSA15345_00-MIMVRGAME0000001,3999,3999
10,UP2660-PPSA02210_00-KEYWEFULLGAME001,2499,2499
10,UP4139-CUSA06915_00-PILLARSPS4MAINUS,2999,2999
10,UP3824-PPSA15340_00-PATRICKSIM01SIEA,3999,3999
10,UP4291-CUSA18657_00-CRYSIS3REDUX0000,2999,2999
10,UP4064-PPSA07583_00-9168714881607318,2199,2199
10,UP1032-PPSA18154_00-TOMBRAIDER456225,2999,2999
10,UP2054-CUSA05297_00-INSIDE0000000000,2499,2499
10,UP3639-PPSA09347_00-9261584584478566,2799,2799
10,UP0700-PPSA06399_00-PACMANWORLDRE008,2999,2999
10,UP7904-PPSA34062_00-0169145972813904,3499,3499
10,UP4361-CUSA15716_00-FROSTPUNKGAME000,2999,2999
10,UP2611-CUSA12380_00-PDANENDLESSNIGHT,2999,2999
10,UP0036-CUSA46312_00-PS4LOR0000000000,3999,3999
10,UP6088-PPSA38777_00-0598984919214879,2499,2499
10,UP0102-CUSA31205_00-CFCBUNDLE0000002,2999,2999
10,EP4064-PPSA21617_00-SWORN00000000000,2999,2999
10,UP0177-PPSA02739_00-JUDGMENTRYUGAENG,3999,3999
10,UP0913-PPSA32852_00-0514267305546654,2999,2999
10,UP4389-CUSA12988_00-DARKSIDERSSSUS00,3999,3999
10,UP2557-PPSA11326_00-3935354892661937,3999,3999
10,UP1219-PPSA09681_00-8309342652723350,2999,2999
10,UP4939-PPSA16163_00-0802015519316336,2999,2999
10,UP7131-PPSA20422_00-ANOTHERCRABS4US5,2999,2999
10,UP1003-CUSA06166_00-PRJGDN0000000000,3999,3999
10,UP1192-CUSA40994_00-AMNESIATHEBUNKER,2499,2499
10,UP4581-PPSA21218_00-TOTSGAME0000SIEA,3499,3499
10,EP2430-PPSA17461_00-0168410833925060,3499,3499
10,UP6893-PPSA28542_00-0572321408712748,2999,2999
10,UP3003-PPSA04515_00-3419938300942480,2999,2999
10,JP0036-PPSA23000_00-DDRAGONREVIVE000,3499,3499
10,UP2619-CUSA05254_00-RHSDDPS400000001,2499,2499
10,UP1082-CUSA01705_00-DISNEYINFINITY03,2999,2999
10,UP6686-PPSA07432_00-5406709481723879,3999,3999
10,UP0134-PPSA02560_00-FIRSTCLASSTROUBL,2849,2849
10,UP6514-PPSA15236_00-0323940201017245,2999,2999
10,UP0006-PPSA29917_00-MYSIMSCOZYBUNDLE,3999,3999
10,UP2292-CUSA25572_00-RUMBLERELEASE001,3999,3999
10,UP2613-CUSA09143_00-USSUPERHOTVRGAME,2499,2499
10,UP4133-PPSA08313_00-ALIENSDARKDESCEN,3999,3999
10,UP3824-PPSA09805_00-3722619096106125,3999,3999
10,EP1053-PPSA26097_00-0454227768983271,2999,2999
10,UP0895-CUSA29546_00-2504169688645730,2499,2499
10,UP4363-CUSA12404_00-SNIPERELITEREDUX,3499,3499
10,UP1981-CUSA10074_00-RIDE3FULLGAME000,2999,2999
10,EP6625-PPSA29618_00-DDSGAME000000000,2499,2499
10,UP0177-CUSA27209_00-P4ARENAULTIMWEST,2999,2999
10,EP2907-PPSA24864_00-0657719756865376,2999,2999
10,UP6856-PPSA05827_00-DKRGAMEPS50000US,2999,2999
10,UP5522-PPSA18074_00-0385378199123682,2499,2499
10,JP6928-PPSA34673_00-0786583551129266,2799,2799
10,UP3864-CUSA09267_00-AHATINTIMEPS4000,2999,2999
10,UP4774-CUSA45759_00-QUINTUPLETSGAME2,3499,3499
10,UP0097-CUSA13974_00-HNHIDEANDSEEK4NA,2999,2999
10,JP5784-PPSA34054_00-WSDELUXEEDITION0,3499,3499
10,UP0082-CUSA16885_00-FFCCRE2003TO2020,2999,2999
10,UP1981-PPSA04052_00-MXGP2021FULLGAME,3999,3999
10,UP3864-PPSA24743_00-0078859640351172,2499,2499
10,UP5992-PPSA13207_00-0463658556330970,2999,2999
10,UP4064-CUSA04047_00-WORMSWMD00000000,2999,2999
10,EP0700-PPSA31228_00-LITTLENIGHTSVR01,2999,2999
10,EP4133-PPSA28509_00-VOIDCREWGAME0000,2999,2999
10,UP1024-CUSA07594_00-GGXRDREV2US00100,3999,3999
10,UP4139-CUSA17744_00-EMPIREOFSINNA001,3999,3999
10,EP2907-PPSA23650_00-0333380899762521,2999,2999
10,UP4389-CUSA13279_00-MONSTERJAM1US000,3999,3999
10,EP1481-PPSA32634_00-0092151181368739,2999,2999
10,UP4040-CUSA19101_00-UNT000000000GAME,2499,2499
10,UP2565-CUSA17703_00-C661330000000000,2499,2499
10,UP1981-PPSA04054_00-SUPERCROSS5FGAME,3999,3999
10,UP0001-CUSA06979_00-STARLINKBFADIGIT,2999,2999
10,UP1981-CUSA20488_00-RIDE4FULLGAME000,3999,3999
10,EP4293-PPSA17322_00-TORMENTED2SIEEPS,2999,2999
10,UP4321-CUSA14638_00-SGWCONTRACTS0002,3999,3999
10,UP4363-PPSA04170_00-EVILGENIUS200000,3999,3999
10,HP3768-PPSA27188_00-PAUPABASEGAME000,3999,3999
10,UP0170-PPSA07641_00-2867014427213696,2999,2999
10,UB1709-PPSA33802_00-0361355689242903,2499,2499
10,UP2470-PPSA23813_00-LORELEISIEA00000,2499,2499
10,UP6246-PPSA03608_00-7669987353540617,2499,2499
10,UP0751-PPSA27236_00-LUMINESARISE0001,3999,3999
10,UP4040-PPSA09911_00-GHOSTRUNNER2US00,3999,3999
10,EP3785-PPSA29875_00-OMDDEATHTRAPPS5V,2999,2999
10,UB1463-PPSA32573_00-0859816365253723,2499,2499
10,UP1470-PPSA03537_00-TRUCKDRIVERPEUS0,3999,3999
10,UP0182-PPSA35095_00-PARKASAURUSDXPS5,3299,3299
10,UP4380-PPSA03753_00-3992162449385066,2999,2999
10,UP7425-PPSA06799_00-9351926314516028,2499,2499
10,UP0006-CUSA15080_00-STARWARSQUADRONS,3999,3999
10,UP2660-PPSA21848_00-0569247932870698,2499,2499
10,UP0001-CUSA27237_00-GAME000000000000,3999,3999
10,UB0045-PPSA19943_00-BIGHELMETPS50000,2499,2499
10,UP0097-PPSA15513_00-0331313377975206,2999,2999
10,UP1018-CUSA13504_00-THELEGOMOVIE2019,3999,3999
10,UP8246-PPSA23910_00-0808281804384376,3999,3999
10,UP2533-PPSA04962_00-BEHEMOTH00000001,3999,3999
10,JP6928-PPSA36257_00-0188384155755715,2999,2999
10,UP3589-PPSA22298_00-0445903197507441,3499,3499
10,UP5452-CUSA26865_00-7582797769000004,2499,2499
10,UP2470-PPSA24028_00-WANDERSTOPSIEA00,2499,2499
10,UP1032-PPSA20783_00-NWN2ENHANCED0000,2999,2999
10,UP0134-CUSA13584_00-PILLARDEADFIREVE,2999,2999
10,EP2006-PPSA25256_00-CSDOREGONPS5SIEA,2999,2999
10,EB1267-PPSA28899_00-0454070817341208,2999,2999
10,UP0283-PPSA18571_00-0716744654853220,2999,2999
10,UP3589-PPSA16914_00-0240062840746313,3499,3499
10,UP1063-CUSA08537_00-DANGANV3PS400000,3999,3999
10,UP1978-PPSA19588_00-ARKENAGEVR000001,3999,3999
10,UP1564-PPSA21565_00-0857274377780230,2999,2999
10,UP2055-PPSA13726_00-0146925864854028,2499,2499
10,UP4389-PPSA06255_00-BIOMUTANTUSPS500,3999,3999
10,EP0292-PPSA25344_00-0946238103518617,2999,2999
10,UP4133-CUSA08982_00-SPACEHULKDEATHWI,2999,2999
10,UP1014-PPSA28625_00-HMHOMESE000000WW,3999,3999
10,UP7732-PPSA19253_00-0820641724141205,2999,2999
10,UP7782-PPSA19157_00-0997729108798940,3999,3999
10,UP2611-CUSA12636_00-PERSONA3DUS00000,2999,2999
10,UP3763-PPSA09375_00-LS2024INTBUNDLE0,3999,3999
10,UP1309-PPSA15633_00-0797359782165231,3499,3499
10,EP3945-PPSA25417_00-0151588138518854,3999,3999
10,UP0913-PPSA24381_00-0102018792321079,2999,2999
10,UP1981-CUSA16692_00-SUPERCROSS3FGAME,2499,2499
10,EP0822-PPSA31162_00-SUPERMEATBOY3D05,2499,2499
10,EP1270-PPSA24640_00-0300194408817029,2999,2999
10,UP4557-PPSA17069_00-0898349365338792,2499,2499
10,EP3948-PPSA24204_00-0545907925007602,2499,2499
10,UP4633-PPSA17818_00-0075138244833922,2999,2999
10,UB0480-PPSA28751_00-0505951283721337,2499,2499
10,UP1475-PPSA02772_00-STABLEGIRLPS50US,3999,3999
10,EB1267-PPSA32341_00-0883501571420595,2999,2999
10,UP0182-PPSA17329_00-0191342225304695,3999,3999
10,EP6960-PPSA20369_00-TOI2DLX000000000,2499,2499
10,EP8247-PPSA30930_00-0070188313760489,2499,2499
10,UP4291-CUSA18658_00-CRYSIS2REDUX0000,2999,2999
10,EP1470-PPSA32552_00-0859690747602807,2499,2499
10,UP2613-CUSA09030_00-USSUPERHOTGAME00,2499,2499
10,JB1678-CUSA56668_00-0309055791726481,2999,2999
10,UP2047-CUSA00683_00-MCOMPLREDUXDISC1,2999,2999
10,UP3589-PPSA28065_00-0693533924748457,2999,2999
10,EP3948-PPSA30599_00-0725921863315265,3499,3499
10,EP3295-PPSA34904_00-0299269811056549,2999,2999
10,UP5452-CUSA20268_00-7582797769000002,2499,2499
10,UP1578-PPSA02491_00-6595965087034801,3999,3999
10,UP0102-CUSA01013_00-DMCDEFINITIVE000,3999,3999
10,UP6074-CUSA29680_00-9727883167365802,2999,2999
10,UP5790-CUSA18859_00-0000000000000000,3999,3999
10,UP0283-PPSA30138_00-0833321861766077,2999,2999
10,UP6169-PPSA16487_00-0064852872664759,2499,2499
10,EP2187-PPSA27804_00-0000000000000STG,2499,2499
10,HB1739-PPSA30957_00-0837116012703941,2599,2599
10,UP2470-PPSA03058_00-12MINUTESIEA0000,2499,2499
10,UP1050-PPSA06368_00-2289808112335141,2499,2499
10,UP2047-PPSA19156_00-NOBODYWTD000SIEA,2499,2499
10,EP2865-PPSA26538_00-0200911618210344,2999,2999
10,EP4837-PPSA17182_00-SOCBASEOOOOOOOO1,2999,2999
10,UP3824-CUSA10445_00-PP10000000000000,2999,2999
10,UP0913-PPSA26809_00-0118100525181355,2999,2999
10,EP6170-PPSA25382_00-0556297062105956,3599,3599
10,EP8483-PPSA23760_00-0381575129701522,2999,2999
10,UP3003-PPSA33296_00-0188555891527740,3999,3999
10,UP4133-CUSA03293_00-000000VAMPYRGAME,3999,3999
10,EP4295-PPSA21607_00-SMURFSDREAMPS5EU,3999,3999
10,JP6421-PPSA22266_00-0520207623720492,2499,2499
10,UP5099-PPSA29932_00-THEVIRTUALHUNTER,2499,2499
10,UP3763-PPSA05584_00-LS2023INTBUNDLE0,3999,3999
10,UP9000-CUSA01130_00-GRAVITYRUSHHD000,2999,2999
10,UB0045-PPSA19657_00-FABLEDOMPS5SIAE0,2499,2499
10,UP5269-PPSA17931_00-0461305816740622,3999,3999
10,UP2058-PPSA23177_00-0976187587255408,2999,2999
10,UP7552-PPSA34573_00-0621310179817196,2999,2999
10,UP1082-PPSA17219_00-0870447033747384,2999,2999
10,UP4538-PPSA26338_00-0863060494618937,2999,2999
10,UP1063-CUSA02629_00-DISGAEA5COMPLETE,2999,2999
10,UP2184-PPSA05755_00-ORCSMUSTDIE3PS5V,2999,2999
10,UP3643-PPSA05887_00-1978298915551615,2999,2999
10,EP1470-PPSA36031_00-0552844424953124,2299,2299
10,EP5374-CUSA49952_00-0125272499443437,2999,2999
10,UP4008-CUSA15613_00-0000000000000000,3999,3999
10,UP0102-CUSA10784_00-MM11000000000000,2999,2999
10,UP0283-PPSA26501_00-0738925408974089,3999,3999
10,UP3528-PPSA08711_00-0611380116610869,2449,2449
10,UP2128-CUSA30296_00-1922487391630694,3999,3999
10,UP1643-PPSA16005_00-RUBBERDUCK0PS5US,2999,2999
10,UP9000-CUSA11227_00-MEDIEVILHD000001,2999,2999
10,UP4276-CUSA13280_00-EIGHTTOGLORYUS00,2999,2999
10,UP1475-PPSA07044_00-AGATHACOEPS500US,3999,3999
10,UP0259-PPSA22821_00-0573190523836592,2999,2999
10,EP4389-PPSA31114_00-SACRED2REMASTER0,2999,2999
10,UP5595-PPSA16006_00-0751377265010583,2499,2499
10,UP1564-PPSA18640_00-0381380112015651,2499,2499
10,EP1470-PPSA28002_00-NINJAGAIDENRBPS5,2499,2499
10,UP1987-PPSA13646_00-00000BIRDPS5SIEA,2499,2499
10,UP0082-CUSA16913_00-000STAROCEAN1FDR,2099,2099
10,UP2053-PPSA07249_00-RCG2DDDLCBUNDLEU,3999,3999
10,UB0045-PPSA21891_00-CARAVANSWPS5SIEA,2499,2499
10,UP4139-CUSA15501_00-STA0000000000000,2999,2999
10,UP4291-CUSA18659_00-CRYSISREMASTERED,2999,2999
10,UB0946-PPSA27577_00-BAKIHANMAGAMEPS5,2999,2999
10,UP7915-PPSA18401_00-0958765696097415,2299,2299
10,UP4064-CUSA16273_00-SURVIVALISTS0000,2549,2549
10,UP6714-PPSA06389_00-SYSTSHOCKREPS5US,3999,3999
10,UP3824-PPSA08503_00-RAINBOWHIGHSIEA1,3999,3999
10,UP1981-PPSA01607_00-SUPERCROSS4FGAME,2999,2999
10,UP7581-PPSA07849_00-SCORN000000PS5US,3999,3999
10,UP1260-PPSA09425_00-0863551605945340,2999,2999
10,EP2552-PPSA29035_00-FMF2000000000ALL,2999,2999
10,UP0001-CUSA03226_00-HASBROGAMESPS401,3999,3999
10,EP0900-PPSA22349_00-0323294931730322,2499,2499
10,UP0700-CUSA29214_00-TALESOFSYMPHONIA,3999,3999
10,EP5360-PPSA32175_00-0245312423848881,2799,2799
10,UP4199-PPSA04649_00-3575269706423269,2499,2499
10,UP1018-PPSA05834_00-QUIDDITCH0000000,2999,2999
10,UP4122-CUSA02133_00-VERMINTIDE000001,3999,3999
10,UP3824-PPSA14263_00-TESBASEGAME00001,3999,3999
10,UP2565-PPSA19289_00-0631136591009438,2999,2999
10,UP1309-CUSA14892_00-VGPILETSSING2019,3999,3999
10,UP0097-PPSA05587_00-1152168328532619,3499,3499
10,UP3589-PPSA16892_00-0073295541029295,2499,2499
10,UP4744-PPSA20141_00-0299100799350881,2999,2999
10,UP7818-PPSA25646_00-0489727546626150,3499,3499
10,UP4389-PPSA09823_00-WRECKCREATION000,3999,3999
10,UP0082-CUSA08636_00-FFXVVR0000000000,2999,2999
10,UP0097-PPSA11060_00-9427917386056492,2999,2999
10,UB1335-PPSA28617_00-0864738865418186,2999,2999
10,UP0292-CUSA07143_00-BULLETSTORMFC000,3999,3999
10,UP1056-CUSA17107_00-MIKUVRUS00000000,2499,2499
10,UP2470-CUSA14332_00-ASHENSIEA1111111,3999,3999
10,UP3165-PPSA07900_00-RIDINGSTABLES3US,2999,2999
10,UB0711-PPSA24149_00-0904121062386334,2999,2999
10,UP3864-PPSA05807_00-PRODEUS00000005A,2499,2499
10,UP0002-CUSA01447_00-KINGSQUESTCOMPLT,2999,2999
10,UP2789-CUSA17078_00-KETSUIDEATHTINY0,3499,3499
10,UB0311-PPSA26182_00-0585092113002802,3999,3999
10,UP0182-PPSA32393_00-TOTALCHAOS000000,2499,2499
10,UP1192-CUSA05882_00-AMNESIACOLECTION,2999,2999
10,UP2470-PPSA08765_00-COCOONSIEA000000,2499,2499
10,UP1309-PPSA03026_00-THEFORGOTTENCITY,2999,2999
10,JP6928-PPSA28765_00-0055241256606826,2499,2499
10,UP2050-CUSA30696_00-DDAWAKENED000000,2999,2999
10,JP1368-PPSA36065_00-IXDC0000APPWW000,2999,2999
10,EP4638-PPSA30449_00-0781563940287946,3499,3499
10,UP3086-PPSA34030_00-LOSTEMBERREKINDL,2999,2999
10,UP2047-CUSA12289_00-SHENMUEIII0000US,2999,2999
10,EP4295-PPSA23885_00-LBATWINSENPS50EU,2999,2999
10,UP1643-CUSA57514_00-3DMINIGOLFMOE4US,2499,2499
10,UP6597-PPSA02669_00-RUINEDKINGLOLNA0,2999,2999
10,UP0102-CUSA08540_00-DEADRISING4BUNDL,3999,3999
10,EP1549-PPSA30937_00-0281714758878187,2499,2499
10,UP3385-PPSA03276_00-7615705078937172,2499,2499
10,UP1260-PPSA02496_00-CLOUDPUNKPS50001,2499,2499
10,UP4139-PPSA04121_00-SHADOWRUNTRI00NA,3999,3999
10,UP4926-PPSA20288_00-0502933413354865,2499,2499
10,EP4382-PPSA22844_00-KARMADARKWORLD00,2499,2499
10,UP1564-PPSA19579_00-0629767617481403,2599,2599
10,UP1622-PPSA03686_00-0251614333719849,2499,2499
10,UP3643-CUSA06282_00-ABSOLVER00000001,2999,2999
10,UP7564-PPSA17858_00-K1GHM00000000001,2499,2499
10,EP6168-PPSA28111_00-0317487017125225,2499,2499
10,UP0082-CUSA02769_00-DQHGAME000000000,3999,3999
10,UP8765-PPSA20294_00-0468286247016892,3549,3549
10,UP3643-CUSA00910_00-00000000000TALOS,2999,2999
10,UP5146-PPSA05405_00-0276934369490096,2999,2999
10,UP0102-CUSA45441_00-AAIM12FULLGAME00,3999,3999
10,UB0532-PPSA37489_00-0330907084923644,3499,3499
10,UP4735-PPSA22924_00-BYESWEETCAROLE00,2499,2499
10,UP1643-PPSA13576_00-HIDOBJAB2JDPS5US,3999,3999
10,UP3003-PPSA09168_00-7285711464528987,3999,3999
10,UP8061-PPSA09737_00-SUPERMASSIVESBVR,2999,2999
10,UP2053-PPSA04075_00-RIVERCITYGIRLSNA,2999,2999
10,UP1198-PPSA13425_00-0719807527267656,2499,2499
10,HP6701-PPSA31964_00-0863078391184963,2499,2499
10,UP9000-CUSA03306_00-JOURNEYCE000SCEA,2499,2499
10,UP6714-PPSA03683_00-GGSTANDARDSIEA01,2999,2999
10,UP4512-PPSA22883_00-STRANGERTHINGSVR,2499,2499
10,UP0700-PPSA26180_00-MAINGAME00000000,2999,2999
10,UP0700-PPSA04796_00-KLONOA12ENCORE00,3999,3999
10,UP6305-PPSA05925_00-7392023519013002,2499,2499
10,UP4361-CUSA10862_00-1535695388936346,2199,2199
10,EP4731-PPSA27339_00-0495055373256752,2499,2499
10,UP6856-PPSA27676_00-PAINKILLERDE0000,3999,3999
10,UP2080-PPSA10795_00-PALEOPINESP5US00,2999,2999
10,UP6286-PPSA25211_00-0693061234797648,3999,3999
10,UP3004-CUSA23959_00-BASSPROSHOPSFULL,3999,3999
10,UP0097-PPSA08193_00-9706400071097566,3499,3499
10,UP0101-CUSA10631_00-MAINGAME00000000,2999,2999
10,UP3824-PPSA05729_00-MLPBASEGAME00001,3999,3999
10,UP1456-CUSA27116_00-SRX2021BASEPS4US,2999,2999
10,EP4361-PPSA13245_00-THETHAUMATURGE00,3499,3499
10,EP8204-CUSA55073_00-SIMONORIGINSPS4X,2499,2499
10,UP4395-CUSA12956_00-FORTHEKING000001,2499,2499
10,UP0102-CUSA15023_00-MMZZLC0000000001,2999,2999
10,UP0001-CUSA18990_00-UBISOFTSETTLERSR,3999,3999
10,EP4389-PPSA29986_00-TIDESOFTOMORROW1,2999,2999
10,UP5203-CUSA13827_00-ENDOFETERNITY000,3499,3499
10,UP2081-PPSA05595_00-5004344073364444,2999,2999
10,UP1564-PPSA28196_00-CLABS0RH20250116,2999,2999
10,UP4389-CUSA17424_00-DCLGAMEUS0000000,3999,3999
10,UP0903-PPSA06340_00-ZIG2US000000PS5D,2499,2499
10,UP6705-CUSA42743_00-0214801257473666,2499,2499
10,UP3887-CUSA07244_00-BOUNDLESSUS00000,3999,3999
10,UP4655-CUSA12877_00-0000000000000000,2499,2499
10,UP3824-CUSA09625_00-BEN1000000000000,2499,2499
10,UP0399-PPSA16241_00-GOODBYEVOLCANOHI,2999,2999
10,UP0177-CUSA27065_00-9558212560709500,2999,2999
10,UP5706-CUSA16398_00-DRIVINGESSENTIAL,2999,2999
10,UP1087-CUSA16538_00-NORTHGARD0000000,2999,2999
10,UP8486-PPSA24420_00-0041594521010746,3499,3499
10,EP8139-PPSA34829_00-CITYHUNTER000000,2499,2499
10,UP2898-CUSA09487_00-0000000000000001,2499,2499
10,UP3413-CUSA11885_00-HEAVENSVAULTGAME,2499,2499
10,UP3824-PPSA14145_00-PJM2BASEGAME0001,3999,3999
10,UP3864-PPSA14698_00-STRAYGODSPS500NA,2999,2999
10,UP6345-CUSA24211_00-TOYSOLDIERSHDPS4,2999,2999
10,UP0031-CUSA54119_00-NEPTUNEREBIRTH03,2999,2999
10,UP4774-CUSA45757_00-QUINTUPLETSGAME1,3499,3499
10,UP0283-CUSA11830_00-NICKKARTRACE4000,2999,2999
10,UP3824-PPSA08353_00-7202971474897046,2999,2999
10,UP2058-CUSA29900_00-7836719633402192,2999,2999
10,UP1981-PPSA01645_00-MXGP2020FULLGAME,2999,2999
10,JP0202-PPSA31451_00-LASTBOSSPS500001,2399,2399
10,UP1260-PPSA17236_00-0064410262317201,3499,3499
10,EP5253-PPSA22707_00-0437539253161351,2499,2499
10,UP2680-PPSA10064_00-4873227449157442,2999,2999
10,UP5217-CUSA14959_00-PODEGAMEPS400000,2499,2499
10,EP2006-PPSA34342_00-NICKXTREMETENNIS,2999,2999
10,UP0969-PPSA05347_00-LODOSSWARDEEDLIT,2499,2499
10,UP6665-PPSA06367_00-LRG0000000000000,2999,2999
10,UP4432-PPSA21226_00-0183889647879377,2999,2999
10,UP2690-CUSA40246_00-FMF00000000000US,2499,2499
10,UP2775-PPSA04460_00-6205314117447406,2499,2499
10,UP3385-PPSA22581_00-0815944490073734,2499,2499
10,UP7818-PPSA21515_00-0224804935268235,3999,3999
10,UP4389-CUSA04317_00-ELEXRPGPBNGUS001,3999,3999
10,UP4134-PPSA01590_00-8013847526978797,3999,3999
10,UB1428-PPSA33963_00-CARMAGEDDONRS000,3999,3999
10,UP5430-PPSA10634_00-2489336427118944,3999,3999
10,UP8299-CUSA43589_00-0792833251161643,3999,3999
10,UP5898-PPSA13446_00-0865980915793507,3499,3499
10,UP5358-PPSA09524_00-5750836768225709,2499,2499
10,UP4077-PPSA09483_00-2775491173946276,3499,3499
10,UP0097-CUSA18450_00-PATHOLOGIC200000,3499,3499
10,UP0438-CUSA15754_00-0000000000000001,3999,3999
10,UP5223-PPSA24093_00-SLIMEHEROESPS5WW,2999,2999
10,UP2638-PPSA23724_00-MADWDAWNOFMANUS5,2499,2499
10,UP1980-PPSA16516_00-HAVEANICEDEATH00,2499,2499
10,UP3458-PPSA34038_00-GHOSTMASTERRCORE,2499,2499
10,UP3059-PPSA22227_00-CITADELUM0000000,2899,2899
10,UP5463-PPSA14662_00-OOVIRTUALSURFING,3999,3999
10,UP1024-CUSA09750_00-ZHSG000000000000,3999,3999
10,UP6597-PPSA17354_00-SONGOFNUNULOLSTY,2999,2999
10,EP4529-PPSA13283_00-0833522970642858,2999,2999
10,UB0085-PPSA18837_00-0948967029670211,2499,2499
10,UP2980-PPSA04555_00-5810456757707052,2999,2999
10,UP5155-PPSA09768_00-LEGENDBOWL000000,2499,2499
10,UP4416-PPSA04242_00-2475552073730394,2999,2999
10,EP2865-PPSA24669_00-0629186324981783,2999,2999
10,UP0031-CUSA17504_00-AZURLANECROSSW12,3999,3999
10,UP2106-CUSA13463_00-THEYAREBILLIONS0,2999,2999
10,EP4405-CUSA57122_00-0790966767979660,2999,2999
10,UP1063-CUSA07293_00-ZETTAIZETUBOUPS4,2999,2999
10,UP4256-PPSA06437_00-0614939797190017,2699,2699
10,UB0013-PPSA28333_00-0879513114905054,3499,3499
10,UP4127-PPSA18453_00-DDRAFTERSUS00000,2499,2499
10,UP0913-PPSA19728_00-0109195796998797,2999,2999
10,UP2182-CUSA05304_00-0000000000000000,2999,2999
10,UP1482-PPSA20642_00-MSTSIEA000000000,2499,2499
10,UP1082-CUSA23298_00-1795287597856967,2999,2999
10,EB1843-PPSA30279_00-000000TAXICHAOS2,2499,2499
10,UP4133-PPSA02450_00-NECROMUMHIREDGUN,3999,3999
10,UP1475-PPSA02877_00-SMURFSPS500000US,2499,2499
10,UP4064-CUSA10924_00-MYTIMEATPORTIA00,2999,2999
10,UP1475-PPSA21878_00-FB202400000PS5US,3999,3999
10,EP1549-PPSA30103_00-0962431758524516,3499,3499
10,UP7013-PPSA04248_00-9699608821808536,2999,2999
10,UP3938-CUSA20595_00-SONGOFHORROR0002,3999,3999
10,UP4064-CUSA00192_00-WORMSBGS00000000,2499,2499
10,HP6978-PPSA30376_00-0190708419943016,2499,2499
10,JP6005-PPSA34122_00-GEPPYXPS50000000,3999,3999
10,EB1530-PPSA35557_00-0443084714201243,2499,2499
10,EP6665-PPSA19407_00-CRS0000000000000,3999,3999
10,EP4638-PPSA26345_00-0213670974976396,2499,2499
10,HP6885-CUSA49957_00-DOREMASTERCOLLEC,2999,2999
10,UP1264-PPSA16398_00-0890627075734035,3999,3999
10,UP7862-PPSA22483_00-AWAKMGPS500000US,2499,2499
10,UP4735-PPSA14052_00-AFTERIMAGEBASE00,2499,2499
10,UP7137-PPSA14248_00-0492146559940438,2499,2499
10,UP3824-PPSA08977_00-JUMANJI2USGAME01,3999,3999
10,UP0001-CUSA00339_00-CHILDOFLIGHT0001,2249,2249
10,UP5898-PPSA10263_00-4289150323068456,2499,2499
10,UP4735-PPSA25464_00-OVERTHROWN000000,2499,2499
10,UP0283-PPSA15536_00-0416153056714786,3999,3999
10,UP8732-PPSA24979_00-0122506066361649,2199,2199
10,UP0102-CUSA24159_00-MAKAIRE000000001,2999,2999
10,UP6256-PPSA05621_00-1156300142873167,2999,2999
10,UP1024-CUSA06861_00-ZEROESCAPE999ZEN,2999,2999
10,UP0913-PPSA28150_00-0732264165432134,2999,2999
10,UP2070-CUSA14687_00-SNOOKER000000002,3499,3499
10,UP0700-CUSA24361_00-KMDMCMGMMAINGAME,2999,2999
10,UP3824-PPSA03978_00-2517119461623984,2999,2999
10,UP3763-PPSA07224_00-LSABBA00USA00PS5,3999,3999
10,UP2047-CUSA15815_00-VGKMLETSSINGCS20,3999,3999
10,UP4735-PPSA06106_00-HAMMERWATCH20000,2499,2499
10,UB0202-PPSA29458_00-0629120263599285,2499,2499
10,UP7862-PPSA22570_00-SSSTMGPS500000US,3999,3999
10,UP4064-PPSA20053_00-WORMSARMAGEDDON0,2499,2499
10,EP1302-PPSA26754_00-SPORTSRENOVATION,2499,2499
10,UP3458-PPSA33874_00-0367891633057956,2499,2499
10,UP3528-PPSA15753_00-0889947282906504,2999,2999
10,EP4539-PPSA15326_00-0141943959873487,2999,2999
10,EP4200-PPSA28675_00-0371016237851868,2999,2999
10,UP0036-PPSA33152_00-QLIPHAH000010000,2499,2499
10,UP2053-PPSA04118_00-2435764090208248,2999,2999
10,UP6325-CUSA45771_00-0881145802075151,2149,2149
10,EP2552-PPSA31106_00-DEATHLESS0000001,2499,2499
10,EP2086-PPSA25024_00-BASEBALLDREAMSVR,2499,2499
10,UB1694-PPSA31340_00-0873655573149635,2599,2599
10,UP0751-PPSA09162_00-REZINFINITE00PS5,2999,2999
10,UP8012-CUSA20673_00-TURRICANAMIGACUS,3499,3499
10,UP1564-PPSA26306_00-0957456420755656,2499,2499
10,EP2946-PPSA23310_00-0797846115135541,2499,2499
10,UP2789-CUSA06734_00-BATTLEGAREGGAUSA,3499,3499
10,EP8204-PPSA34985_00-RTDIMENSIONS3EU5,3499,3499
10,UP1260-CUSA48087_00-0528174444395253,2999,2999
10,UP3643-PPSA10886_00-WEIRDWESTPS5US00,3999,3999
10,UP4382-PPSA02005_00-MARTHAISDEAD0000,2999,2999
10,UP3024-CUSA11053_00-TROVER0000EN2018,2999,2999
10,UP0922-CUSA09066_00-XXXOBDFULLGAME17,2999,2999
10,UP8580-CUSA54740_00-0165669038810490,3499,3499
10,UP0283-CUSA15244_00-STREETOUTLAWSPKG,3999,3999
10,UP7847-PPSA32524_00-0656613833451156,2549,2549
10,UP3824-PPSA03779_00-FFSPYRACERS00001,3999,3999
10,UB1478-PPSA28296_00-0581373574457760,3499,3499
10,UP3548-PPSA14636_00-000000REDMATTER2,2999,2999
10,UP6073-PPSA21877_00-0169987643017661,2299,2299
10,UP3824-PPSA16738_00-0607026709572232,3999,3999
10,UP2470-PPSA01825_00-PATHLESSSIEA0000,3999,3999
10,UP0760-PPSA04123_00-OCEANHORN2000001,2999,2999
10,EP4062-PPSA25636_00-ECHOESOFTHEEND25,3999,3999
10,JP1368-PPSA34577_00-MAJOGAMIAPPWW000,3499,3499
10,UP1063-CUSA28934_00-ZEROCROSSBELLKAI,3999,3999
10,UP1642-PPSA08056_00-SUB0000000000001,2999,2999
10,UP1063-CUSA29189_00-6642823320653104,3999,3999
10,UP7302-PPSA07172_00-WILDGATEGAME0001,2999,2999
10,UP1564-CUSA25896_00-CLABS0UFS2020100,2999,2999
10,UP7850-CUSA34585_00-GAME000000MAHOYO,3999,3999
10,UP0001-CUSA03008_00-TRACKMANIA001000,3999,3999
10,UP1475-PPSA14051_00-SMURFKARTPS500US,2999,2999
10,UP4389-CUSA07711_00-BAJAHDUS00000001,2999,2999
10,UP3824-PPSA18092_00-MONSTERHIGHBASE0,3999,3999
10,JP1368-PPSA29101_00-GVTE0000APPWW000,3999,3999
10,EP5098-PPSA36916_00-0906911301577227,2499,2499
10,UP6687-PPSA19030_00-CARDSRPGMAIN0003,3999,3999
10,UP8444-PPSA15607_00-0971853191791047,2999,2999
10,UP2470-PPSA29795_00-PEOPLEOFNOTE0000,2499,2499
10,EP1194-PPSA20805_00-0253136415402679,2499,2499
10,EP5098-PPSA21153_00-0725699013404195,2499,2499
10,HB0700-PPSA35929_00-0000826349952491,2099,2099
10,EB0235-PPSA24249_00-1348BASEGAME0000,2499,2499
10,UP8016-CUSA33559_00-ISUSA00GAMEUSA01,2499,2499
10,UP1981-CUSA06019_00-RIDE2FULLGAME000,2499,2499
10,UP7375-CUSA47952_00-0901437869525748,2199,2199
10,UP0134-CUSA02538_00-THEBANNERSAGAPS4,2449,2449
10,JP1368-PPSA27182_00-GGAC2PSAPP000000,2999,2999
10,UP6026-CUSA40396_00-0717218508175019,2999,2999
10,UP3589-PPSA15910_00-0089199614847523,3499,3499
10,UP4774-CUSA31379_00-AI20000000000000,3999,3999
10,UP4735-PPSA21711_00-34GAMESWORLD0000,2999,2999
10,UP2964-CUSA11320_00-0000000000000002,2999,2999
10,UP4293-CUSA11346_00-GALGUN3APP000000,2999,2999
10,EP8921-PPSA23616_00-CITIZENSLEEPER20,2499,2499
10,UP5167-CUSA46067_00-0984529113997415,2499,2499
10,UP2769-CUSA14688_00-IONFURY0000000US,2499,2499
10,UP0097-PPSA08715_00-0156529602674131,2499,2499
10,EP3385-PPSA34808_00-0145060337898672,2999,2999
10,UP0036-CUSA12262_00-0000000000000000,3999,3999
10,UP2769-CUSA13315_00-FELLSEALPSID2018,2999,2999
10,UP0751-PPSA03771_00-HUMANITYGAME0001,2999,2999
10,UP5099-PPSA12503_00-SEEKERMYSHADOWVR,2999,2999
10,UP3003-CUSA30254_00-1272653541714403,2999,2999
10,EP4295-PPSA30490_00-AOBABYLONPS500EU,2999,2999
10,UP0031-CUSA52731_00-DFCAFULLGAME0000,2999,2999
10,UP3003-PPSA06200_00-1841374701176057,2999,2999
10,UP8825-PPSA13333_00-0569954193530522,2999,2999
10,UP1003-CUSA08793_00-BLKHRT0000000000,2999,2999
10,UP1898-CUSA13965_00-DANGEROUSDRIVING,2999,2999
10,UP3332-CUSA33548_00-RPGTIMEGAME00001,2999,2999
10,UP7163-PPSA22684_00-0638043530157279,2999,2999
10,UP0283-PPSA27305_00-0292206666815801,3999,3999
10,UP2005-PPSA07612_00-5540106463966137,3999,3999
10,UP0977-PPSA08511_00-3064604549696432,2999,2999
10,UP4448-CUSA12030_00-RM1RELEASE000001,2999,2999
10,UP1981-PPSA10683_00-MOTOGP23FULLGAME,2999,2999
10,UB1294-PPSA27368_00-0639298246414713,2999,2999
10,UP2660-CUSA19204_00-0000000000010001,2499,2499
10,UP2005-PPSA10996_00-THEBRIDGECURSE00,2999,2999
10,HP6701-PPSA23704_00-0691986459296638,2499,2499
10,UP2500-PPSA24304_00-US000REIJINGLUP5,2999,2999
10,UP7161-PPSA19963_00-0941320692356621,3999,3999
10,UP1475-PPSA21459_00-SMURFSPARTYPS5US,3999,3999
10,UP0922-PPSA28342_00-0573262083992686,3499,3499
10,UP1980-PPSA28678_00-0936175442216995,2999,2999
10,UP2011-CUSA06894_00-SUPERBEATXONIC00,2999,2999
10,UP7729-PPSA16629_00-0934379819997990,2499,2499
10,UP3713-CUSA14848_00-0000000EASTSHADE,2499,2499
10,EP0001-PPSA28155_00-ROGUEPOPWWR00000,2999,2999
10,UP4249-PPSA05369_00-CRICKET220000000,2499,2499
10,HP6978-PPSA27567_00-BEESIMTHEHIVE001,2499,2499
10,UP1564-PPSA30126_00-CLAB0RCS20250417,2499,2499
10,UP0102-CUSA18254_00-GAAT12FULLGAME00,3999,3999
10,UP1981-PPSA02376_00-MOTOGP21FULLGAME,2499,2499
10,UP4138-PPSA18107_00-0267544728771429,2999,2999
10,UP9000-CUSA11834_00-CONCRETEGENIE000,2999,2999
10,UP2470-PPSA09864_00-NEONWHITESIEA000,2499,2499
10,UP0097-PPSA05406_00-7938456161372045,2499,2499
10,UP8600-PPSA18920_00-0472833820583559,2999,2999
10,EP4513-CUSA47869_00-0487765135402831,2999,2999
10,UP1475-PPSA10381_00-MYDRAGONPS5000US,2999,2999
10,EP8062-PPSA23961_00-0260990986464843,2999,2999
10,UP4389-CUSA05896_00-WESINGPS4US00001,2999,2999
10,UP0177-PPSA01937_00-TENPEXTENPEX0000,3999,3999
10,UP0977-PPSA08311_00-4462717252188557,3999,3999
10,UP7532-PPSA25051_00-0701547074748307,2299,2299
10,UP1260-PPSA02306_00-SPIRITPS5SIEA001,2499,2499
10,EP4186-PPSA18870_00-ONEMILITARYCAMP0,2499,2499
10,UP3643-PPSA07817_00-4807320155851529,3999,3999
10,HP5035-PPSA28754_00-0957590466546733,3499,3499
10,UP1980-CUSA10227_00-TORCHLIGHT000003,3999,3999
10,EP4295-PPSA25839_00-GRFLDKRT200PS5WW,2999,2999
10,UP2815-CUSA13242_00-DMVR000000000000,3999,3999
10,UP6597-PPSA06128_00-CONVERGENCELOLUS,2999,2999
10,UP2680-PPSA10581_00-0768263095042487,2499,2499
10,UP2011-CUSA14595_00-MWINGS0000000000,3999,3999
10,UP3589-PPSA13556_00-0200571616901376,3499,3499
10,JP4566-PPSA25219_00-FUGA3ULTIMATE000,3999,3999
10,UP4735-PPSA03936_00-SOULSTICE0000000,3999,3999
10,UP1715-PPSA38285_00-0991369598557994,2499,2499
10,UP1475-PPSA05027_00-GCUHDPS5000000US,3999,3999
10,EB1037-PPSA22894_00-YSVSSORANOKISEKI,3499,3499
10,UP4133-CUSA01063_00-00000BB2LEGENDED,2999,2999
10,UP6847-PPSA08270_00-ETERNIGHTS0PS5US,2999,2999
10,UP8058-CUSA33957_00-3992746892938517,3999,3999
10,UP8012-CUSA28755_00-SPELUNKERHDDLXUS,2499,2499
10,EP8208-PPSA35533_00-INSTANTSPORTS222,2999,2999
10,UP0700-CUSA12603_00-BSTUBCUSA1260300,2999,2999
10,UP1643-CUSA29684_00-HARVESTLIFEPS4US,2999,2999
10,UP3824-PPSA18089_00-MATCHBOXBASEGAME,3999,3999
10,UP0969-CUSA31467_00-3136337473497983,2499,2499
10,UP6532-PPSA07108_00-2284166217721576,2499,2499
10,UP5025-CUSA26738_00-2858303845837664,3999,3999
10,UP4660-PPSA06246_00-5779375925274179,2549,2549
10,EP8921-PPSA26642_00-WANDERSTARS00000,2499,2499
10,UP2028-CUSA02431_00-WASTELAND2GTYPS4,2999,2999
10,EP5449-PPSA33448_00-0791428391257160,2499,2499
10,EP1546-PPSA35085_00-0332967295331507,2499,2499
10,UP5552-PPSA09901_00-4868768336024731,2499,2499
10,UP0968-PPSA23349_00-0683569388883636,2499,2499
10,UP6578-PPSA17657_00-0543146361544057,2499,2499
10,UP1981-PPSA05761_00-MOTOGP22FULLGAME,2999,2999
10,UP0913-PPSA19936_00-0409369412769862,2999,2999
10,EP4363-PPSA16900_00-0490496934977945,2999,2999
10,UP4581-PPSA07948_00-AFUS00000000SIEA,2999,2999
10,EP5072-PPSA15874_00-0722273559192492,2999,2999
10,JP7253-PPSA21573_00-TWOFALLSTWOFALLS,2499,2499
10,UB0734-PPSA25933_00-0316736953753331,2499,2499
10,UP5857-PPSA13794_00-0516018046423206,2499,2499
10,UP1228-CUSA06587_00-TETHEREDSECRETSO,2499,2499
10,EP1499-PPSA07560_00-7658669899116124,2499,2499
10,EP1067-PPSA28376_00-0313651096142013,2999,2999
10,EP3464-PPSA35879_00-0801048962858993,2449,2449
10,EP7776-PPSA35444_00-NITROGENOMEGA000,2999,2999
10,UP2371-CUSA11540_00-BLACKOUTCLUB0001,2999,2999
10,UP2470-PPSA15801_00-KRZPS5SIEA000000,2499,2499
10,EP1053-PPSA26882_00-0717263378059655,2499,2499
10,UP2660-PPSA28503_00-SIEESIEAAILA0000,2999,2999
10,UP1120-CUSA03300_00-5748247852872551,2499,2499
10,UP0963-CUSA07360_00-0000000000000001,2499,2499
10,UP0082-PPSA07298_00-5867537234812861,2499,2499
10,UP8543-CUSA44405_00-0522087204827844,2499,2499
10,UP8068-CUSA26870_00-TH15500000000001,3499,3499
10,UP5222-PPSA05929_00-MARBLEITUPNAPS50,2999,2999
10,UP1475-PPSA15478_00-SURVIVORPS5000US,2999,2999
10,UP1014-PPSA19790_00-RFBOOK00000PS5US,2999,2999
10,UP1309-PPSA13935_00-0832639392306271,2499,2499
10,UP2470-PPSA23679_00-BOUNTYSTARSIEA00,2499,2499
10,UP4479-CUSA36180_00-0000000000000000,2499,2499
10,UP6520-PPSA06425_00-8440883895336757,2999,2999
10,UP8012-PPSA09829_00-JITSUSQUADPS5USX,2999,2999
10,UP0031-CUSA54117_00-NEPTUNEREBIRTH02,2999,2999
10,EB1727-PPSA31073_00-0809437638119720,2399,2399
10,UP2185-PPSA08356_00-7694272966095319,2399,2399
10,UP1475-CUSA19311_00-MYBABY00000000US,2999,2999
10,UP2053-PPSA29285_00-SHANTAEADVRRPS5U,2499,2499
10,UP3003-PPSA14201_00-0146022503404437,3499,3499
10,UP4029-CUSA10755_00-TRINE4NIGHTMARE0,2999,2999
10,UP1063-CUSA28950_00-NAYUTANOKISEKI00,3999,3999
10,EP3877-PPSA28979_00-OXIDE208BASEGAME,3499,3499
10,UP5936-PPSA18698_00-0508900005391867,2349,2349
10,UP4249-CUSA09111_00-AOT0000000000000,2499,2499
10,UP0134-PPSA08741_00-ASTORBLADE000000,2499,2499
10,UP2011-PPSA23957_00-0958524889330778,2499,2499
10,UP0895-CUSA28589_00-FARADAYPROTOCOLU,2499,2499
10,UP4273-PPSA15500_00-0214067416200640,2499,2499
10,UP3291-CUSA12921_00-THEWIZARDS000001,2499,2499
10,UP5025-CUSA18141_00-SH7CPFROGWARESUA,3999,3999
10,UP4064-PPSA21130_00-0013332423723409,2199,2199
10,JP0202-PPSA35472_00-APPRAISERPS50001,2399,2399
10,EP4295-PPSA23846_00-TSCYBERMISSPS5EU,3999,3999
10,UP4040-PPSA06628_00-SERIALCLEANERSP5,2499,2499
10,UP3824-PPSA08024_00-3138616344796179,3999,3999
10,UP8281-CUSA51902_00-0586666064379028,2449,2449
10,UP4389-PPSA04813_00-OUTCAST2US000000,3999,3999
10,UP1018-CUSA12563_00-SCRIBBLENAUTSSMP,3999,3999
10,UP0576-CUSA17134_00-SAMUSHOCOLLEUS00,3999,3999
10,UP0101-CUSA10667_00-MAINGAME00000000,3999,3999
10,UP0102-PPSA19576_00-KUNITSUGAMI00000,3999,3999
10,UP1024-CUSA16768_00-UNIEXEST20000000,3999,3999
10,UP3824-PPSA15569_00-NJPABASEGAME0000,3999,3999
10,HP5035-PPSA23836_00-LOVETOOEASILY000,2199,2199
10,UP1475-CUSA19312_00-MYFASHION00000US,2999,2999
10,UP2292-CUSA16278_00-PW1RELEASE000001,2999,2999
10,UP0031-CUSA28812_00-SENRANNINJANEPUS,3999,3999
10,UP0031-CUSA19163_00-DERQ200000000001,2999,2999
10,UP4729-PPSA17179_00-0285119200343176,2999,2999
10,UP3003-PPSA18005_00-0468084808930938,2999,2999
10,UP1475-PPSA16717_00-SMURFS2PS50000US,3999,3999
10,UP2236-CUSA11259_00-0000000000000001,2999,2999
10,HP3768-PPSA26396_00-0478573535976042,3999,3999
10,UP0001-CUSA26329_00-MONOPOLYGAME0000,2999,2999
10,UP2080-CUSA36592_00-KUKOOSBASEGAME00,2999,2999
10,UP2080-PPSA16018_00-DDGBASEGAME00000,2499,2499
10,UP4064-PPSA09523_00-KILLERFREQUENCY0,2499,2499
10,UP0031-CUSA07960_00-CYONMEGAMIONLINE,2999,2999
10,UP5381-CUSA28547_00-LOCKDOWN00000000,2199,2199
10,UP2613-CUSA18573_00-SUPERHOTMCD00000,2499,2499
10,UP2058-CUSA32326_00-1037917029514459,2999,2999
10,UP0182-PPSA30186_00-PROJECTWEDGE0000,2999,2999
10,UP0082-CUSA26054_00-5410119986676287,2499,2499
10,EP7305-PPSA24479_00-0436818627066310,3549,3549
10,UP5503-PPSA04479_00-6323379341464638,2999,2999
10,HB1359-PPSA31832_00-0654821047397754,2149,2149
10,EP4295-PPSA30797_00-KAKUSEALPS5000WW,2999,2999
10,UP1023-PPSA20939_00-0000000000000000,2999,2999
10,UP5898-PPSA24765_00-0097141555771465,2499,2499
10,UP3643-PPSA10122_00-RTMIPS5SIEA00000,2499,2499
10,UP7796-PPSA21354_00-0019034677233325,2999,2999
10,UP4064-CUSA08138_00-AVENCOLONY000000,2999,2999
10,UP2514-PPSA04520_00-5569621071826587,2999,2999
10,UP4361-PPSA16215_00-0000000000INDIKA,2499,2499
10,UP3824-CUSA12960_00-HTTYD3BASEGAME01,2999,2999
10,UP5580-PPSA04747_00-CHERNOBYLPS5SIEA,2999,2999
10,JP0305-PPSA26356_00-0280219085937929,3999,3999
10,UP5956-CUSA25147_00-9550879995002358,3999,3999
10,UP0036-CUSA43880_00-RCRSD000PS4US000,2499,2499
10,UP3824-PPSA09194_00-BSBASEGAME000001,3999,3999
10,UP1063-CUSA33843_00-0751342147394589,3999,3999
10,UP1475-PPSA08547_00-FLASHBACK2PS50US,3999,3999
10,UP2500-PPSA13613_00-US0CROSST0000PS5,2999,2999
10,UP0036-CUSA33391_00-1986202209203594,2999,2999
10,UP6091-PPSA15241_00-PMAKER2RPS5US001,3999,3999
10,JP0036-PPSA26818_00-TECHWORLD0000PS5,2999,2999
10,UP6597-PPSA05158_00-MAGESEEKERDXEDUS,2999,2999
10,JP3918-PPSA21349_00-0703449023643973,2999,2999
10,UP3589-PPSA18099_00-0464043880086364,2999,2999
10,EB2056-PPSA31831_00-0611731529140966,2099,2099
10,JP0365-PPSA22652_00-NOSLEEPFKANAMEDT,3999,3999
10,UP1963-PPSA06730_00-WARMONGRELSPS5US,3999,3999
10,EP0966-PPSA34612_00-0904639692480268,2999,2999
10,UP3918-PPSA13386_00-0883744377329406,2499,2499
10,UP5099-PPSA08478_00-7979797979797979,2499,2499
10,UP1475-CUSA23789_00-MYRESTAURANT00US,2999,2999
10,UB0675-PPSA31186_00-0096368905648073,2499,2499
10,UP0031-CUSA54075_00-NEPTUNEREBIRTH01,2999,2999
10,UP0794-CUSA30025_00-4058600052945049,3999,3999
10,UP1475-PPSA15459_00-SISTERS2PS5000US,2999,2999
10,UP4912-PPSA23805_00-0813411028609439,3999,3999
10,UP4382-CUSA26400_00-THEFALCONEERDIGI,2999,2999
10,UP4042-CUSA17445_00-OPERENCIA0000001,2999,2999
10,UP2081-PPSA21265_00-DEATHBOUND000001,2999,2999
10,UP0031-CUSA14503_00-VARNIR0000000000,2999,2999
10,HP8406-PPSA26287_00-0572754486218510,2599,2599
10,HP6701-PPSA30938_00-0840453691991196,2499,2499
10,UP6665-PPSA13695_00-AH00000000000000,3999,3999
10,UP2047-CUSA19598_00-LS2021GAMEUS0000,3999,3999
10,UP2060-PPSA06766_00-000000000TORTUGA,2999,2999
10,UP0822-CUSA18200_00-FGWJ34SV11Q6BVN1,2999,2999
10,UP7216-CUSA34946_00-0671145086068123,2499,2499
10,UP2005-PPSA32745_00-INCANTATION00000,2499,2499
10,UP3797-CUSA14097_00-THESOJOURNXXXXXX,2499,2499
10,UP6665-PPSA08926_00-WH00000000000000,3999,3999
10,UP4713-PPSA22094_00-0031403133314193,3799,3799
10,UP4382-CUSA11250_00-GRIPTHEGAME00000,3999,3999
10,UP3003-PPSA21244_00-0592131498956283,2499,2499
10,UP8012-CUSA20640_00-SPACEINVADEFORUS,2999,2999
10,UP2035-PPSA25215_00-0675034751723064,2999,2999
10,UP0275-PPSA07957_00-4474344745458047,2499,2499
10,UP6137-PPSA13222_00-0345056419524540,2499,2499
10,UP1104-PPSA09599_00-GGACPSAPP0000000,2499,2499
10,UP4897-PPSA13988_00-0882196421775152,2499,2499
10,EP2627-PPSA34194_00-SUMERIANSIXPS500,2999,2999
10,UP2789-CUSA41416_00-0719382388421375,3499,3499
10,UP8012-CUSA20672_00-TURRICANCONSOLUS,3499,3499
10,UP0001-CUSA01225_00-B000000000001158,3499,3499
10,UP4581-PPSA15256_00-BIGBREAKAWAY0000,2999,2999
10,UP2320-PPSA01569_00-SABLETHEGAMENAP5,2499,2499
10,UP0319-PPSA10450_00-0123456789171725,2999,2999
10,UP6026-PPSA26880_00-TOAPLANARCADEVL1,3499,3499
10,UP2060-CUSA17608_00-WAR40KMECHANICUS,3999,3999
10,UP6440-PPSA21803_00-0695475195435434,2499,2499
10,HP3768-PPSA26093_00-ELFONTHESHELF000,3999,3999
10,UP0177-CUSA16178_00-SMB2019NA0000001,2999,2999
10,UP4176-PPSA02118_00-8840415776217330,2999,2999
10,UP3050-CUSA06860_00-TORMENTTONGAME00,2999,2999
10,UP1963-PPSA21023_00-63DAYSPS5US00002,3499,3499
10,UP6261-CUSA34276_00-1385588716308532,2499,2499
10,EP4541-PPSA23640_00-PETITISLANDEU000,2999,2999
10,UP5180-PPSA07431_00-LEGOBRICKTALE5US,2999,2999
10,UP7645-PPSA13889_00-MIMISKARNA000000,3999,3999
10,UP0937-CUSA27600_00-IEYTD20000000001,2499,2499
10,UP0283-CUSA18956_00-COBRAKAISTRIKE00,3999,3999
10,UP4293-CUSA16563_00-DUSKDIVER1000000,3499,3499
10,EP4459-PPSA34553_00-MAIDOFSKERVRPS50,2499,2499
10,UP0006-PPSA01693_00-LOSTINRANDOMGAME,2999,2999
10,UP3046-PPSA16431_00-0879685693076129,2999,2999
10,UP4459-PPSA02965_00-MAIDOFSKERPS5USA,2499,2499
10,UP1981-PPSA19567_00-MOTOGP24FULLGAME,3999,3999
10,UP6965-PPSA03999_00-9404507830690008,2499,2499
10,UP4196-PPSA22147_00-0278280584462238,2499,2499
10,UB0265-PPSA21964_00-0421546728959902,3199,3199
10,UP3589-PPSA21296_00-0538218406416879,2499,2499
10,UP8666-PPSA28752_00-0684236635885369,3999,3999
10,UP3252-PPSA25997_00-JANDUSOFT0000001,2499,2499
10,EB1267-PPSA31559_00-0670297662500791,2499,2499
10,UP5595-CUSA44561_00-0098238017880105,2699,2699
10,EP5098-PPSA30519_00-0211733998729531,2999,2999
10,UP7626-PPSA31774_00-0301340953500217,2999,2999
10,UP2500-PPSA05902_00-US0RPGOLFL000PS5,2999,2999
10,UP4136-CUSA18250_00-FANTASYGENSIEA01,3999,3999
10,UP1963-CUSA14946_00-ANCESTORSLEG01US,3499,3499
10,UP2533-PPSA15261_00-ARASHISHINOBISTD,2999,2999
10,EB0428-PPSA21523_00-0854743501597477,2499,2499
10,UP1260-PPSA16150_00-0201196959765271,2499,2499
10,UP1475-CUSA29950_00-MYDOCTORPS4000US,2999,2999
10,UP0134-PPSA04467_00-THEHANDMERLINPS5,2999,2999
10,UP4127-CUSA18761_00-BUGFABLES0000000,2499,2499
10,UP6214-PPSA03993_00-2127978160290812,2499,2499
10,UP5756-CUSA19634_00-GEARSHIFTERS0001,2999,2999
10,UP1104-PPSA04842_00-LAIX2PSAPP000000,2499,2499
10,UP0101-PPSA15338_00-0503752447745981,2999,2999
10,UP4389-CUSA11626_00-THISISTHEPO2US01,2999,2999
10,UP5756-PPSA10118_00-1BATTLEAXEUSAPS5,2999,2999
10,UP4774-CUSA16680_00-STEINSGATEFD1PS4,2999,2999
10,UP1475-PPSA14376_00-0935060378925051,3999,3999
10,UP0700-PPSA02841_00-PS5MRDRILLERDL0E,2999,2999
10,EP4731-PPSA27338_00-0355163267291696,2999,2999
10,UP3165-PPSA07926_00-TAP01AMERICPS5DP,2999,2999
10,UP6447-CUSA24758_00-0796754355041569,2899,2899
10,UP8597-PPSA23281_00-0258217052011846,3499,3499
10,UP5003-CUSA27234_00-DOASMBPS400000US,2499,2499
10,EP2627-PPSA22668_00-DEADLINKPS500000,2499,2499
10,UP1475-CUSA29358_00-MYPUPPIESPS400US,2999,2999
10,UP3589-PPSA10415_00-4950124515607797,2999,2999
10,UP3046-PPSA10719_00-2346428674794398,2999,2999
10,UP1470-PPSA20818_00-ORANGESEASONUS00,2999,2999
10,EP1629-PPSA24216_00-DREAMTHFUJOJDPS5,2999,2999
10,UB0455-PPSA25318_00-0659120551634372,2999,2999
10,UP2053-PPSA08150_00-RWBY0000PS5000NA,2999,2999
10,UP5459-PPSA15627_00-PHANTOMFURYGAME1,2499,2499
10,UP1470-PPSA20204_00-GARDENWITCHLIFEA,2999,2999
10,UP3643-CUSA15879_00-METALWOLFCHAOSXD,2499,2499
10,UP1014-CUSA09973_00-HARVESTMOONLOHDX,3999,3999
10,UP3824-CUSA18901_00-THDABASEGAME0001,2499,2499
10,UP8386-PPSA13456_00-RV00000000000000,2499,2499
10,UP1309-PPSA03174_00-ASTRIA0ASCENDING,3999,3999
10,UP2533-CUSA08450_00-ARCHANGELVR00001,2999,2999
10,UP6142-CUSA26665_00-2433267302914053,2999,2999
10,UP6029-CUSA37645_00-4333459730362150,2999,2999
10,UP8351-PPSA16419_00-RUINSMAGUSPSVRNA,2999,2999
10,UP1475-CUSA05650_00-SYBERIA3US000001,2999,2999
10,UP1474-CUSA11755_00-YOGAMASTERDELUXE,2499,2499
10,UP3824-CUSA16697_00-GIGANTOBASEGAME0,2499,2499
10,UP0031-CUSA12059_00-NEPTUNIA2D000001,2999,2999
10,JP3372-PPSA20160_00-0341996981178297,2799,2799
10,UP1475-PPSA17056_00-GADGETPARTYPS5US,3999,3999
10,UP8455-PPSA19648_00-0488814123493158,3999,3999
10,HP8613-PPSA22914_00-0214997861661133,3999,3999
10,UP1947-CUSA28866_00-2021005000101040,2099,2099
10,UP3938-CUSA26444_00-5257997805570627,3999,3999
10,EP8208-PPSA30284_00-40SPORTSGAMES000,2999,2999
10,HP3768-PPSA29443_00-EGGSTRACTION0001,3999,3999
10,UP1880-PPSA02131_00-3768321134104813,2999,2999
10,UP4551-CUSA14385_00-0000000001YOULIF,2999,2999
10,UP4133-CUSA17292_00-OTHERCIDE0BUNDLE,2999,2999
10,UP9000-CUSA07611_00-MALICIOUSFUS0001,2999,2999
10,UP0969-PPSA17561_00-0UMURANGIPS5SIEA,3999,3999
10,UP0102-CUSA34041_00-GHOSTTRICKFULL00,2999,2999
10,EP0114-PPSA17098_00-0462646049728738,2999,2999
10,EP6027-PPSA24280_00-0230876279921703,2299,2299
10,UP4199-PPSA21019_00-0098139007879308,3499,3499
10,UB0925-PPSA23670_00-SLAMPS5EU0000001,2499,2499
10,UP7324-PPSA14256_00-0405253012333808,2499,2499
10,EP0101-PPSA25661_00-0069265015958452,2999,2999
10,UP6026-PPSA26412_00-0994267813993271,2499,2499
10,UP9000-CUSA14641_00-EBG000000000US01,2999,2999
10,UP6026-PPSA25703_00-SNOWBROSWL000000,2999,2999
10,UP3824-CUSA19635_00-SPIRITBASEGAME00,2999,2999
10,EP5987-CUSA49933_00-0547685145082118,2499,2499
10,UP2187-PPSA09142_00-2366481701062530,2499,2499
10,UP2060-CUSA05089_00-ACPCACVBUNDLE000,2499,2499
10,UP4040-CUSA25486_00-PROJECTGROW00000,2499,2499
10,UP2053-PPSA04266_00-0262167176507534,2999,2999
10,EP4133-PPSA28981_00-YERBABUENAGAME00,2499,2499
10,UP4293-PPSA22635_00-BRIDCURS2SIEAPS5,2499,2499
10,UP4726-PPSA09338_00-FUGA200000000000,3999,3999
10,UP3824-PPSA16492_00-GTCGBASEGAME0001,3999,3999
10,UP1032-PPSA18410_00-HEADSUPPHONEDOWN,3999,3999
10,UP1063-CUSA34003_00-VOIDTERRARIUM200,3999,3999
10,UP0901-CUSA47131_00-0215393055954973,2499,2499
10,UP0527-CUSA18994_00-GOODDOGBADDOG000,2499,2499
10,HB1607-PPSA31124_00-0888716096653988,2499,2499
10,UP1063-CUSA18818_00-TERRARIUM0000001,2499,2499
10,UP2080-CUSA20024_00-GAM062020SPF0001,2999,2999
10,UP8026-PPSA07501_00-5071765086910922,2499,2499
10,EP0600-PPSA25595_00-0493614514772124,2499,2499
10,EP4293-PPSA30491_00-TORT0SIEESIEAPS5,2499,2499
10,UP2200-PPSA22518_00-0402510185971803,2499,2499
10,UP8419-PPSA27508_00-0457243291699424,2499,2499
10,UP2005-PPSA19314_00-SYNTHETICLOVER00,2499,2499
10,UP1014-CUSA28936_00-0000POCKYROCKYUS,2999,2999
10,UP5690-CUSA16307_00-TAMARIN0000001US,2999,2999
10,UP7790-PPSA13861_00-0560784045958871,2999,2999
10,UP6347-CUSA26178_00-ARSREGIA00IN23II,2399,2399
10,UP1440-PPSA15022_00-0289653646670910,2499,2499
10,UP6913-PPSA18532_00-0177204238172839,2999,2999
10,UP0031-PPSA02721_00-NEPREVERSEGAME01,3999,3999
10,UP3864-CUSA27737_00-DODGEBALLACA000A,2499,2499
10,UB0051-CUSA47297_00-0786136289232724,2499,2499
10,UP3971-PPSA28151_00-0498381348796488,2499,2499
10,UP2005-PPSA34365_00-THETAGALONGOBSES,2499,2499
10,UP8674-PPSA25385_00-0391396657277326,2299,2299
10,UP0134-PPSA15640_00-STRAYSOULS000000,2999,2999
10,UP2080-CUSA30958_00-FOBIA00000000000,2999,2999
10,UB0929-PPSA25435_00-0007547599063665,2449,2449
10,JP3372-PPSA23363_00-VENTURETOTHEVILE,2271,2271
10,UP5999-PPSA12525_00-SIEAPS500000GAME,2499,2499
10,UB0732-PPSA23622_00-0071213423552553,2599,2599
10,UP1604-CUSA14597_00-000FFABVANEEFIGS,2499,2499
10,UP1475-PPSA02777_00-SYBERIA4PS5000US,3999,3999
10,UP9000-CUSA11108_00-0000000000000000,3999,3999
10,UP1260-CUSA14383_00-VAPORUM000000001,3399,3399
10,UP6091-CUSA31419_00-9060688359651736,2999,2999
10,UP0001-CUSA06098_00-UBISOFTHFFPCE000,3999,3999
10,UP4293-CUSA18884_00-0000000000DANMUS,3999,3999
10,UP2470-PPSA02556_00-SOLARASHSIEA0000,3999,3999
10,UP0283-PPSA28797_00-0361071496749038,3999,3999
10,UP5595-CUSA16690_00-MEGAQUARIUM00000,2549,2549
10,UB0868-PPSA23419_00-0501868939837311,2199,2199
10,UP4363-CUSA08449_00-ROGUETROOPEREDUX,2499,2499
10,UP4382-PPSA04137_00-DUTMPS5000000000,2499,2499
10,UP4293-CUSA15485_00-PKG000000000GAME,2999,2999
10,UP5358-CUSA29072_00-3756923303620125,2499,2499
10,UP6963-PPSA11115_00-0279094114927957,2449,2449
10,EP4432-PPSA28358_00-CUBICODYSSEY0000,2499,2499
10,UP7375-CUSA34888_00-5557916495252802,2199,2199
10,UP6659-PPSA16663_00-0205179158808650,2499,2499
10,UP1309-PPSA10676_00-8503336119637375,2199,2199
10,UP0760-PPSA02787_00-0286229275301959,3999,3999
10,UP1050-CUSA11949_00-PHANTOMDOCTRINE0,3999,3999
10,UP3473-CUSA11828_00-SUPERSTREETGAME0,2499,2499
10,UP7571-PPSA25287_00-0824912742127723,2499,2499
10,UP6026-PPSA29326_00-0872113163018639,2499,2499
10,UP1063-CUSA14741_00-LAPISLABYRINTHNA,2999,2999
10,UP5756-PPSA07063_00-FINALVENDETTAPS5,2499,2499
10,UP1981-CUSA15323_00-MXGP5FULLGAME000,2499,2499
10,UP4713-CUSA34475_00-1465942937537581,2999,2999
10,UP1147-CUSA09462_00-CDTPS40000000000,2499,2499
10,UP3003-CUSA18420_00-HIGHWAYPATROL200,2999,2999
10,UP2251-PPSA15170_00-0685588062806723,2499,2499
10,EP6665-PPSA26576_00-TDF25DELUXE00001,3999,3999
10,UP1056-CUSA09738_00-GAMETENGOKUUS000,2999,2999
10,UP3181-PPSA06576_00-1247449635969595,2999,2999
10,UP6142-CUSA31200_00-5403712802701923,2999,2999
10,UP1475-PPSA13593_00-NOOBPS50000000US,3999,3999
10,UP3589-PPSA17138_00-0850552339534958,3499,3499
10,UP7949-PPSA24779_00-0500642495984918,2499,2499
10,UP0101-PPSA19225_00-0159266583099383,2499,2499
10,UP1291-CUSA23680_00-2589201123279341,2999,2999
10,EP3582-PPSA06080_00-THEKNIGHTLING000,2999,2999
10,UP0036-CUSA47795_00-9203594AGPS4US00,2999,2999
10,UP1260-PPSA09349_00-7296225552227178,2999,2999
10,UP0825-CUSA13599_00-TRUBERBROPS4SIEA,2999,2999
10,EB0235-PPSA22053_00-STAROVERDRIDLXED,3499,3499
10,EP4295-PPSA23294_00-LUPINPS5000000EU,2999,2999
10,UP6073-CUSA30436_00-5622835336080505,2299,2299
10,UP4873-CUSA14637_00-ULTRAAGEPS400000,2999,2999
10,UP1063-CUSA02799_00-TWATHKREVIVAL100,2999,2999
10,UP3763-PPSA03674_00-LS2022INTBUNDLE0,3999,3999
10,UP4293-PPSA26572_00-CLASSOFHEROES3R0,2999,2999
10,UP2342-PPSA01753_00-2100804420985416,2999,2999
10,UP4557-CUSA13596_00-RUSHVRPS20180706,2499,2499
10,UP0937-CUSA05590_00-IEYTD00000000001,2499,2499
10,UP1309-PPSA14374_00-SOLISDELUXESIEA5,2999,2999
10,UP0097-CUSA30756_00-0436892084559381,2499,2499
10,UP5595-CUSA27303_00-2055870561744084,2799,2799
10,UP2053-PPSA04114_00-2189106511358960,2999,2999
10,UP0481-PPSA03801_00-9482550928209070,2999,2999
10,EB0363-PPSA21920_00-0830454695485201,2499,2499
10,UP0825-PPSA03446_00-PUMPKINJACKSIEA5,2999,2999
10,UP0082-CUSA25035_00-ACTPS4APPNA00001,2999,2999
10,UP0743-PPSA05545_00-9053946545275244,2499,2499
10,UP4008-CUSA17121_00-AO2SIEA000000000,2999,2999
10,UP3643-CUSA00628_00-SHADOWWARRIOR000,2999,2999
10,UP5883-PPSA16605_00-0516469932656514,2999,2999
10,UP4293-CUSA07177_00-CHAOSCHILDPS4US0,3499,3499
10,UP4199-CUSA18692_00-REALPOLITIKS0001,2499,2499
10,UP0134-CUSA04444_00-THEBANNERSAGA2VE,2499,2499
10,UP2767-CUSA15907_00-0000000000000000,2499,2499
10,UP3441-PPSA16161_00-0678534253115248,2499,2499
10,UP1350-CUSA44031_00-0439463666151042,2499,2499
10,UP2346-CUSA05796_00-RIMEGAME01NA0001,2999,2999
10,UP2262-CUSA46219_00-0325822408607867,2499,2499
10,UP4456-PPSA21480_00-0379307469449570,2999,2999
10,UP4581-PPSA08185_00-ROLLERDROME00000,2899,2899
10,UP0082-CUSA13952_00-ROMANCINGSAGA3HD,2899,2899
10,UP3165-PPSA19282_00-WINTERGAMESPS5US,2499,2499
10,EP3509-PPSA23638_00-0875283530602336,2499,2499
10,UP5120-CUSA43341_00-0061945021868907,2499,2499
10,EP4492-PPSA20208_00-CUISINEER0000000,2999,2999
10,UP4851-CUSA31130_00-5618859464081896,2499,2499
10,UP4912-PPSA20798_00-0909963278328293,2499,2499
10,UP0743-CUSA28032_00-TTC0000000000000,3999,3999
10,EP4541-PPSA31083_00-DUTCHCONNECTION0,3999,3999
10,UP3287-CUSA31664_00-0604425022064247,2099,2099
10,UB0172-PPSA20683_00-0513503672084917,2499,2499
10,UP1192-CUSA19254_00-AMNESIAREBIRTH20,2999,2999
10,UP4456-CUSA02681_00-BROKENSWORD5CUSA,2499,2499
10,UP1309-PPSA07142_00-6795614752132151,2499,2499
10,UP4735-PPSA24911_00-CAREBEARS0000000,2999,2999
10,UP1981-PPSA05750_00-SBK22FULLGAME000,2999,2999
10,UP6015-PPSA17469_00-0635859498001536,2449,2449
10,UP1643-PPSA04303_00-COASTFLIGHTSIMUS,2999,2999
10,UP2103-CUSA08791_00-BLADESTRANGERSPS,3999,3999
10,UP4726-PPSA03479_00-FUGA000000000000,3999,3999
10,EP2945-PPSA26330_00-0824201874433515,2399,2399
10,UP1475-CUSA23838_00-PETCLINIC00000US,2999,2999
10,UP8012-CUSA20671_00-TURRICANFLASHCUS,2999,2999
10,UP0082-CUSA25978_00-8446763777584949,2999,2999
10,UP4389-CUSA08421_00-JAGGEDALLIANCEUS,2999,2999
10,UP5552-PPSA02819_00-6975216733909331,2999,2999
10,UP6026-PPSA28539_00-0570450295938764,3499,3499
10,UP8016-PPSA17627_00-30SI100GAMEUSA01,2499,2499
10,UP5025-CUSA42451_00-THETESTAMENTOFSH,2499,2499
10,UB0336-PPSA19326_00-0315150563303623,2149,2149
10,UB0732-PPSA30784_00-0064001553038072,2099,2099
10,UP4989-PPSA21946_00-0159294138060851,2499,2499
10,UP1475-CUSA19313_00-MYTEACHER00000US,2999,2999
10,UP2028-CUSA13039_00-0000THEMAGESTALE,2999,2999
10,UP0036-CUSA12349_00-0000000000000000,2999,2999
10,UP1104-PPSA17176_00-YOHANEBDAPPUS000,2999,2999
10,UP6714-PPSA03619_00-BRASSTOKENTCHANT,2499,2499
10,UP2320-PPSA03217_00-BACKBONEOPS5SIEA,2499,2499
10,UP3824-CUSA11071_00-ADPOFE0000000001,2499,2499
10,UP5834-CUSA17672_00-VALGPS4DIRESIEA0,2499,2499
10,UP4293-CUSA15885_00-KEMCOREIJINGLUP4,2999,2999
10,EB0757-PPSA27603_00-0584142113739935,2499,2499
10,UP4029-CUSA03082_00-TRINE3ARTIFASCEA,2199,2199
10,UP1475-CUSA23754_00-YOUNGPOIROT000US,2499,2499
10,UP2522-CUSA18780_00-THEWONDERFUL101R,3999,3999
10,UP2047-CUSA16730_00-TBTIVGAMEUSA0000,3999,3999
10,UP2005-PPSA19665_00-XYSGATEFIRMAMENT,2499,2499
10,UP8016-PPSA19015_00-0489895718491618,2499,2499
10,UP7076-PPSA16218_00-PARCELCORPS00001,2499,2499
10,UP2011-CUSA10277_00-MUSYNCUS00000000,2999,2999
10,UP7602-PPSA19601_00-0724689317475538,2999,2999
10,UP1470-PPSA22564_00-ALBATROZUS000000,2999,2999
10,UP1475-PPSA13711_00-DOLPHINPS50000US,2999,2999
10,UP2080-PPSA10821_00-GODOFROCKP5US000,2999,2999
10,UP5503-PPSA20526_00-0686911898978764,2999,2999
10,UP1470-PPSA32603_00-THE9THCHARNELEU0,2999,2999
10,UP6452-CUSA25288_00-1141047466243954,2399,2399
10,UP6026-PPSA24281_00-0224845421711262,2499,2499
10,UP0825-CUSA18957_00-EVERREACHSIEA000,2499,2499
10,UP0101-CUSA15024_00-CONTRAROGUECORPS,3999,3999
10,UP2011-PPSA21111_00-0037305506982845,3499,3499
10,UP0082-CUSA04770_00-IAMSETSUNAGAME00,3999,3999
10,HB1589-PPSA31924_00-0951582987785069,2999,2999
10,UP1290-PPSA04711_00-2526928000862638,2999,2999
10,UP2080-PPSA19462_00-WILDBASEGAME0000,3499,3499
10,HB0700-PPSA31578_00-0459649168687653,2099,2099
10,UP1104-CUSA23494_00-DMFDAPP000000000,3999,3999
10,UP1475-PPSA08508_00-GARFPARTYPS500US,3999,3999
10,UP3824-PPSA05518_00-GIGANTORACER0003,3999,3999
10,UP3824-PPSA05045_00-0455247049774329,3999,3999
10,UP4064-PPSA05515_00-0292940942219672,2499,2499
10,UP0916-CUSA09888_00-RIVERBOND000SIEA,2499,2499
10,UP2035-CUSA07673_00-RAIDEN5ENCA70707,2999,2999
10,HP4708-PPSA26964_00-0026996330774701,2999,2999
10,UP0810-PPSA05978_00-4379288486251671,2499,2499
10,UP0134-CUSA16453_00-CARDVERSUSEVILPS,2499,2499
10,UP8012-CUSA48427_00-TROUBLEWITCHESUS,2999,2999
10,UB0675-PPSA22356_00-0212391081647438,2499,2499
10,UP5030-PPSA14343_00-0009160749302294,2999,2999
10,UP1063-CUSA28600_00-CRLKINGGRTHERO00,2999,2999
10,UP4389-CUSA35162_00-RISENPS4US000000,2999,2999
10,UP4735-PPSA01932_00-ISM0000000000000,3499,3499
10,UP1057-CUSA28294_00-BPMPS4GAMESIEA01,2999,2999
10,UP3800-CUSA08639_00-0000000000REDOUT,2499,2499
10,UP6486-PPSA26999_00-GRIMORIOOFGAMES0,2499,2499
10,UP3165-PPSA04784_00-MOORHUHNX01PS5US,2499,2499
10,UP4064-CUSA27394_00-KINGOFSEAS000000,2499,2499
10,HP7091-PPSA25781_00-EMPYREALGAME0000,2999,2999
10,UP2690-PPSA09613_00-GRAVENPS500000US,2999,2999
10,UP0825-PPSA07516_00-HELLPIE0000005US,2499,2499
10,UP4064-CUSA25802_00-NARITABOY0000000,2499,2499
10,UP4735-PPSA03244_00-RUSTLER000000000,2999,2999
10,EP6400-PPSA19686_00-0280629897248522,2499,2499
10,UP4293-PPSA21120_00-00000WDA2PS5SIEA,2999,2999
10,UP4293-CUSA05894_00-STEINSGATEZEROP4,3499,3499
10,UP4680-CUSA17637_00-0000000000000000,2799,2799
10,EP8204-PPSA24705_00-IREMCOLLECTXXPS5,2499,2499
10,UP1475-PPSA02804_00-JOEANDMACPS500US,2999,2999
10,UP6492-PPSA16120_00-0071872720621500,2999,2999
10,UP6673-CUSA33861_00-8371637317872829,2499,2499
10,UP3639-PPSA09381_00-9822201298486534,2499,2499
10,UP0937-PPSA15464_00-0759499657611780,2499,2499
10,UP4978-CUSA14829_00-SCV0020000000000,2499,2499
10,UP5795-CUSA27890_00-2345056934092167,3999,3999
10,UP4293-PPSA08364_00-AGEAPS5SIEA00000,2999,2999
10,UP4735-CUSA18357_00-REMOTHEREDBROPOR,2999,2999
10,UP0977-CUSA15705_00-TAKRBASEGAMEUS00,2999,2999
10,UP4293-PPSA07973_00-WHITEDAY1US00000,2999,2999
10,UP2769-CUSA15814_00-DSDDEFEDUS000000,2499,2499
10,UP5843-CUSA25642_00-DRWHOEORPS4A0001,2499,2499
10,UP4389-CUSA11498_00-FADETOSILENCEUS1,2999,2999
10,UP2060-CUSA03182_00-GRNDAGESMEDIEVAL,2999,2999
10,UP1059-CUSA12684_00-HOMESWEETHOMEUSA,2999,2999
10,UP3864-CUSA13119_00-THEOCCUPATIONPS4,2999,2999
10,UP2908-PPSA06634_00-WRESTLEQUESTP5NA,2999,2999
10,UP5552-PPSA03468_00-7918374430260076,2499,2499
10,UP2470-PPSA02287_00-LASTSTOPSIEA0000,2499,2499
10,UP0082-CUSA08236_00-ROMANCINGSAGA2HD,2499,2499
10,EP8208-PPSA30570_00-SAMURAIACAPOF000,2499,2499
10,UP4133-PPSA08835_00-BLACKTAILGAME000,2999,2999
10,UP0031-CUSA14504_00-DATEALIVERIOREIN,2999,2999
10,UP4389-CUSA10447_00-DEBLOB2US0000001,2999,2999
10,UP3536-PPSA01916_00-PERSISTENCEX2020,2999,2999
10,UP3003-PPSA04434_00-3617739867935463,2999,2999
10,UP4008-CUSA17031_00-TT2SIEA000000000,2999,2999
10,EP6027-PPSA29081_00-0842240437077791,2999,2999
10,UP7969-PPSA13976_00-0106661281610111,2499,2499
10,UP2320-CUSA23211_00-STARRENEGADES000,2449,2449
10,UP0134-CUSA11054_00-THEBANNERSAGA3VE,2499,2499
10,UP1309-CUSA14335_00-GHOSTOFATALE0000,2499,2499
10,UP0182-PPSA15918_00-0453997602748542,2499,2499
10,UP4395-PPSA13408_00-DUNGEONSOFHPS5US,2299,2299
10,UP1063-CUSA15534_00-DESTINYCONNECT00,3999,3999
10,HP3332-PPSA23951_00-0218674069725793,2499,2499
10,UP1050-PPSA21237_00-0150826995025525,2499,2499
10,UP2187-PPSA05105_00-3417830142526050,2499,2499
10,UP6893-PPSA10944_00-0511898408473396,2299,2299
10,UP3405-PPSA18210_00-0993763434750800,2499,2499
10,UP4293-CUSA34442_00-TOTOQUEST0000000,3999,3999
10,UP4293-CUSA12986_00-PUNCHLINEGAME000,3999,3999
10,UP1063-CUSA14384_00-PRINCESS00000001,3999,3999
10,UP2060-CUSA18690_00-0000000000000003,3999,3999
10,UP1104-PPSA07216_00-GV3PSAPP00000000,2999,2999
10,UP1024-CUSA16151_00-GHOSTPARADE12345,3999,3999
10,UP6665-PPSA09466_00-AFL2300000000000,3999,3999
10,UP4293-CUSA15307_00-KOTODAMAPS400000,2999,2999
10,UP4037-CUSA00452_00-PUTTYSQUADPS4USP,2499,2499
10,UP0700-CUSA13505_00-ELEVENELEVEN1111,2999,2999
10,UP4008-CUSA04685_00-2DARKTHEGAMEAUI3,2999,2999
10,UP4034-CUSA05807_00-88HEROES00000000,2999,2999
10,UP3385-PPSA07312_00-0098164935568230,2499,2499
10,UP2070-CUSA12637_00-ACHTUNGCTHULHU00,2499,2499
10,UP1024-CUSA04110_00-ACQUIRESTIIM0001,3999,3999
10,UP1475-PPSA13529_00-ACYP2PS5000000US,3999,3999
10,UP6705-CUSA28042_00-9613556802399170,2499,2499
10,UP8012-PPSA15653_00-AIRTWISTERPS5NAM,2499,2499
10,UP4395-CUSA09255_00-AKNIGHTSQUESTUSA,2499,2499
10,UP3363-PPSA09498_00-ALTAIRBREAKERUS0,2999,2999
10,UP5181-CUSA26563_00-7800336833895709,2999,2999
10,UP0036-CUSA14891_00-0000000000000000,3999,3999
10,JP6079-PPSA26053_00-0976738514904847,2499,2499
10,HP8406-PPSA27923_00-ANNIELASTHOPEPS5,2499,2499
10,UP3696-CUSA15308_00-ANOTHSIGHTPS4NA0,2999,2999
10,UP1318-CUSA28024_00-8161414362691000,2999,2999
10,UP7626-PPSA11021_00-8217212155029214,2499,2499
10,UP4293-PPSA13421_00-AARCADIA0SIEAPS5,2999,2999
10,UP4735-CUSA14328_00-ARYBASEGAME00000,3999,3999
10,UP4249-CUSA09708_00-ASHESCRICKET0000,2499,2499
10,UP1475-CUSA23756_00-ASTERIXBTA0000US,2499,2499
10,UP1475-PPSA16747_00-0765072834105576,2499,2499
10,UP0182-CUSA39601_00-0043032691491623,2499,2499
10,EP1411-PPSA29664_00-0362414912614957,2499,2499
10,UP8802-CUSA17685_00-AUDICAPS40000000,2999,2999
10,UP1111-CUSA26827_00-4193899061090196,2999,2999
10,HP6885-CUSA49427_00-0102459444473767,2499,2499
10,UP8068-CUSA20091_00-MAIHANA000000000,2499,2499
10,UP1104-CUSA18839_00-GVSPPS4APPUS0000,3999,3999
10,UP2775-PPSA20087_00-0492072201135743,2499,2499
10,UP0082-PPSA02057_00-BALANWW5A0000001,3999,3999
10,UP5756-CUSA19633_00-BATTLEAXE1234567,2999,2999
10,UP4389-CUSA06807_00-BATTLECHASERSUS0,2999,2999
10,UP2292-CUSA13374_00-BW1RELEASE000001,2999,2999
10,UP2003-CUSA18473_00-BELOWGAME0000000,2499,2499
10,UP3165-PPSA02604_00-0024231166387186,2999,2999
10,UP4249-CUSA13372_00-BIGBASHBOOM00000,3999,3999
10,UP4416-CUSA28262_00-3502820666453550,2499,2499
10,UP4389-CUSA08419_00-BLACKMIRRORUS001,3999,3999
10,UP1024-CUSA34460_00-BLAZINGSTRIKEPS4,3999,3999
10,UP1360-CUSA11632_00-0000000000001105,2499,2499
10,UP4851-PPSA08159_00-7675842762641873,2499,2499
10,UP3443-CUSA16356_00-0000000000000000,2999,2999
10,UP3864-CUSA46884_00-000124855151BLUD,2499,2499
10,UP1309-PPSA14458_00-BORNOFBREADSIEA5,2999,2999
10,UP4262-CUSA14578_00-0000000000000001,2999,2999
10,UP2014-PPSA20257_00-0974525528157343,2999,2999
10,UP5552-PPSA05007_00-4469322871392984,2499,2499
10,UP6705-PPSA08306_00-8751975370510729,2499,2499
10,UP0134-PPSA10055_00-BROKENROADS00000,3999,3999
10,UP8012-CUSA20631_00-BB4BARONISBACKUS,3999,3999
10,UP2035-CUSA14048_00-BUBSYPAWS0000001,2499,2499
10,UP5030-CUSA20553_00-7666010101337901,2999,2999
10,UP1104-PPSA22747_00-CARDCIELAPPWW000,2499,2499
10,UP2103-PPSA21513_00-BUCCANYAR0000000,2999,2999
10,UP7903-PPSA13266_00-0017380048480680,2999,2999
10,UP3876-PPSA15591_00-CHRONICLES2HEROE,2499,2499
10,UP1063-PPSA31543_00-0601824504027034,3999,3999
10,UP5756-CUSA33453_00-CLIVEWRENCHUSPS4,2999,2999
10,UP7553-PPSA08392_00-0612326340544564,2499,2499
10,UP1014-CUSA26887_00-CONNECTANK0000US,2999,2999
10,UP0135-PPSA30143_00-0980093899773631,2999,2999
10,UP8012-CUSA31514_00-COTTONFANTASYXUS,3999,3999
10,UP8012-CUSA26437_00-5547337729150443,3999,3999
10,UP3165-PPSA03117_00-7796594460967547,2499,2499
10,UP4249-CUSA15104_00-0BIGANTCRICKET19,3499,3499
10,UP3291-PPSA21455_00-0009811648811321,2849,2849
10,UP8281-PPSA18876_00-0125463516810623,2399,2399
10,UP4735-PPSA02121_00-CRISTALES0000000,3999,3999
10,HP3332-CUSA49415_00-0024684491944331,2499,2499
10,UP7579-PPSA15310_00-0037594607376451,2549,2549
10,UP4713-PPSA19532_00-0447618331405782,2499,2499
10,UP0101-PPSA05991_00-9386557582427952,2999,2999
10,UP2789-CUSA06735_00-DANGUNFEVERONUSA,3499,3499
10,UP8012-CUSA20675_00-DARIUSBURSTACEUS,3999,3999
10,JP6079-PPSA32347_00-0444036265429800,3499,3499
10,UP1963-CUSA17157_00-DAYMARE1998US002,3499,3499
10,UP0182-CUSA42287_00-0074731745058375,2999,2999
10,UP8738-PPSA17374_00-DEADMANSDIARY001,2299,2299
10,UP4293-PPSA26682_00-US0DMLC000000PS5,2999,2999
10,UP1470-PPSA16479_00-DESOLATIUMUS0000,2999,2999
10,UP0994-PPSA09746_00-6537392836696381,2499,2499
10,UP8281-PPSA22763_00-0081572850641738,2399,2399
10,UP0125-CUSA09012_00-DINOFRONTIER0000,2999,2999
10,UP4581-CUSA15719_00-DISINTEGRATION01,2999,2999
10,UP0880-CUSA03088_00-ETSTUDIOS1DIVIDE,2499,2499
10,UP5257-CUSA16272_00-SSJANIMALSHOGI01,3999,3999
10,UP3639-CUSA17413_00-DOCTORWHOEDGE000,2499,2499
10,UP1470-PPSA21015_00-DOLLHOUSEBTBMUS0,2999,2999
10,UP1280-CUSA05204_00-DBC0200000000000,2999,2999
10,UP0814-CUSA25383_00-1914334919260922,2499,2499
10,UP4441-CUSA12953_00-DRAGONFANGZ00000,2399,2399
10,JP0743-PPSA19692_00-DOFA000000000000,3499,3499
10,HP6931-PPSA32237_00-0836507842084011,2299,2299
10,EP1628-PPSA08051_00-DUSTBORN00000001,2999,2999
10,UP6086-CUSA26803_00-DWARROWSGOLD2021,2999,2999
10,UP3589-PPSA13665_00-0608350040130653,3999,3999
10,UP1188-CUSA11238_00-EARTHLOCKSHOULDH,2999,2999
10,UP7013-PPSA21325_00-0573268239074327,2499,2499
10,UP1309-PPSA03215_00-EDGEOFETERNITY0A,2999,2999
10,HB1606-PPSA35647_00-0146222756352397,2099,2099
10,EP8218-CUSA52862_00-0186714135964403,2999,2999
10,UP5552-CUSA17376_00-ELEMENTSPACE0000,2499,2499
10,UP1643-CUSA40442_00-EMOJIKART00PS4US,2999,2999
10,UP4064-CUSA27920_00-EPICCHEF00000000,2499,2499
10,UP1475-PPSA07268_00-FBOYARD2022PS5US,2999,2999
10,UP4931-CUSA32601_00-5125170639410168,2699,2699
10,UP8281-CUSA48514_00-0545524111969029,2399,2399
10,UP4774-CUSA51472_00-0614733730471203,2999,2999
10,UP4735-CUSA11530_00-EXTINCTIONGAME00,2999,2999
10,UP8281-CUSA51906_00-0831766189958995,2449,2449
10,JP5071-PPSA24771_00-0788466671732015,2499,2499
10,UP1063-PPSA06621_00-FLRISETOGLORYPS5,2999,2999
10,UP4735-PPSA21757_00-FFDREAMWORLDS000,2999,2999
10,UP8016-CUSA27866_00-FANTASEAGAMEUSA1,2499,2499
10,UP4479-CUSA16618_00-0000000000000000,3999,3999
10,UP8456-PPSA15866_00-NEOPS5FS2AMER001,2999,2999
10,UP8600-CUSA53417_00-0792854974925912,2999,2999
10,UB0169-PPSA33076_00-0624209124325540,3999,3999
10,UP1219-CUSA16058_00-FOCUSONYOU000002,3999,3999
10,UP4782-CUSA19612_00-FOLLIANONVRUS003,3349,3349
10,EP5938-PPSA28159_00-FOLLYOTWIZPS5EUR,2999,2999
10,EP3024-PPSA29174_00-FOOTBALLTACTIPS5,3999,3999
10,UP0082-CUSA08170_00-FORGOTTONANNE001,2699,2699
10,UP0287-PPSA17445_00-0013610764179313,2999,2999
10,UB1333-PPSA31097_00-0734354834258898,2499,2499
10,UP6582-PPSA16213_00-0408925503636622,2999,2999
10,UP4199-PPSA16439_00-0187379972939315,3499,3499
10,UP8012-CUSA20669_00-GDARIUSHD00000EU,2999,2999
10,UP3234-CUSA12092_00-GENERAIN20180000,2499,2499
10,UP1153-PPSA19134_00-0947708470983726,2499,2499
10,UP8068-CUSA20094_00-0000000000000000,2399,2399
10,UP0700-CUSA07589_00-GETEVENGAME00001,2999,2999
10,UP1241-CUSA12664_00-GHOSTGIANT000000,2499,2499
10,UP6916-PPSA20930_00-0174428343398921,2499,2499
10,UP4034-CUSA13806_00-GIGAWRECKERUS000,2499,2499
10,UP7092-PPSA07971_00-8277778284300383,3999,3999
10,UP8281-CUSA56583_00-0520265269839627,2449,2449
10,UP1265-CUSA04617_00-HWGGOLEM2019SIEA,2499,2499
10,UP2187-CUSA15588_00-GGPS4SIEADIGI001,2499,2499
10,UP7667-PPSA23774_00-0363052571918193,2099,2099
10,UP7249-PPSA13608_00-0977616848206763,2099,2099
10,UP5898-PPSA12343_00-9238197137927800,2499,2499
10,UP4338-CUSA26255_00-925368994HSPS4NA,2499,2499
10,UP0825-CUSA09019_00-HERODEFPS4SIEA00,2999,2999
10,UP1056-CUSA17429_00-HEROMUSTDIEUS000,3999,3999
10,UP7851-CUSA38393_00-2257131680929238,2499,2499
10,UP1309-CUSA08035_00-0000000000000000,2499,2499
10,EP8062-PPSA26427_00-0241824007704745,2149,2149
10,EP4539-CUSA51631_00-0305167106648662,3999,3999
10,UP2162-CUSA02841_00-0000000000000000,2499,2499
10,UP6347-PPSA18406_00-INJE23TABULARASA,2999,2999
10,UP8012-PPSA16531_00-IREMCOLL000001US,2499,2499
10,EP8204-PPSA28507_00-IREMCOLLECT03PS5,2499,2499
10,UP4460-CUSA15440_00-JCBPS401ATOMICOM,2099,2099
10,UP7671-PPSA15652_00-0997117145662054,2999,2999
10,UP7602-PPSA19594_00-0251690324468826,2999,2999
10,UP4774-CUSA16932_00-KATANAKAMI000000,2999,2999
10,EP7990-CUSA50148_00-0209701045457821,3299,3299
10,UP0287-PPSA17203_00-0126704605902759,2999,2999
10,UP4293-CUSA32781_00-LABYPS4SIEA00000,2999,2999
10,UP1181-PPSA13263_00-0093894355472769,2999,2999
10,UP0794-CUSA30074_00-7577704715271298,2999,2999
10,UP4389-CUSA01178_00-LOKHDROCKSPS4US1,2999,2999
10,UP1309-PPSA13680_00-0715926616302596,2499,2499
10,UP4735-PPSA21709_00-LEOFIREFIGHTER00,2499,2499
10,UP1309-CUSA11533_00-VGPDLETSSING2018,3999,3999
10,UP2047-CUSA19451_00-VGKMLETSSING2020,3999,3999
10,UP0604-PPSA06123_00-0127481580943255,2499,2499
10,UP5987-CUSA19127_00-LITTLETOWNHERO01,2499,2499
10,UP5885-CUSA26441_00-1443290684423119,3999,3999
10,UP7818-PPSA18156_00-0243495995166962,2999,2999
10,UP3824-PPSA05726_00-LOLBASEGAME00001,3999,3999
10,UP0604-PPSA17082_00-0317064295534294,2499,2499
10,UP1023-CUSA36257_00-LOOP800000000000,3999,3999
10,EP5938-PPSA29796_00-00962224LUMO2EUR,2499,2499
10,UP8011-CUSA20265_00-6478913524789624,2799,2799
10,UP1063-CUSA20305_00-MADRATDEAD000000,3999,3999
10,UP1470-PPSA20342_00-MAGICALBAKERYUS0,2999,2999
10,UP5223-CUSA51288_00-MAGIDELIFULL0PS4,2499,2499
10,UP4199-PPSA20916_00-0127906883690672,2999,2999
10,UP1542-CUSA16368_00-MAITETSUSIEACIRC,3499,3499
10,UP6026-PPSA28046_00-0031390127787316,2499,2499
10,UP3252-PPSA33588_00-JANDUSOFT0000001,2499,2499
10,UB0448-PPSA23586_00-0130259543960616,2499,2499
10,EB1301-PPSA33964_00-0233177926990717,2149,2149
10,UP3150-CUSA20674_00-0000000000002020,2999,2999
10,EP4295-PPSA24661_00-0554562654153588,2499,2499
10,UP4293-CUSA28619_00-6271243904754200,3999,3999
10,UP5580-CUSA18897_00-METASIEA00000000,2499,2499
10,UP2262-PPSA02990_00-9063270209529730,2999,2999
10,UP4557-CUSA17842_00-MMRXPSUS20192010,2499,2499
10,UP1024-CUSA32802_00-0119590004046776,3999,3999
10,UP7092-PPSA17621_00-0345584268335168,2499,2499
10,UP1260-CUSA20472_00-0000000MORBIDUS1,2499,2499
10,UP2014-CUSA18793_00-MOZARTSREQUIEM01,2999,2999
10,UP3165-CUSA45361_00-PETVET2FARMPS4US,2499,2499
10,EP3024-PPSA23232_00-MYLIFZOOVETPS5WW,2499,2499
10,UP1561-CUSA13043_00-MYMEMORYOFUSGAME,2299,2299
10,UP1475-CUSA30033_00-ECOFARMPS40000US,2999,2999
10,UP1475-CUSA29383_00-MYDECOPS400000US,2999,2999
10,EP1302-PPSA07048_00-MDDNBKCHICKEN000,2999,2999
10,UP8281-PPSA12225_00-7712797446005817,2349,2349
10,UP8281-CUSA57176_00-0118844979645559,2449,2449
10,EP5938-PPSA27639_00-25NEONAPEXPS5USA,2499,2499
10,EP6138-PPSA26959_00-0079784986331433,2499,2499
10,UP0182-CUSA43798_00-0610296462583913,2499,2499
10,UP8068-PPSA09757_00-0000000000000000,2499,2499
10,UP0101-PPSA15339_00-0222478917933785,2499,2499
10,UP8012-CUSA37331_00-NINJAJJMRUACTIUS,2999,2999
10,UP9000-CUSA08016_00-NOHEROESALLOWED0,2999,2999
10,UB1338-PPSA28425_00-0759656654829919,2499,2499
10,UP4256-CUSA19107_00-NOWHEREPROPHETUS,2499,2499
10,UP5595-CUSA30347_00-5697246006840699,2499,2499
10,UP4409-CUSA05676_00-OLLIOLLIEPICUS01,2699,2699
10,UP1475-PPSA06491_00-OPWOLFPS500000US,2999,2999
10,UP7165-PPSA18387_00-0947388186114671,2499,2499
10,UP6088-PPSA05609_00-1707191453628953,2999,2999
10,UP4218-CUSA09914_00-OWLBOY0000000000,2499,2499
10,UP4035-PPSA07652_00-OXIDE104BASEGAME,2999,2999
10,UP1902-CUSA20612_00-00000000000PACER,3999,3999
10,UP4199-CUSA20051_00-PANZERDRAGOON001,2499,2499
10,UP2733-CUSA09937_00-0001000100010002,2999,2999
10,EP5987-PPSA26884_00-PETSHOTELPS50000,2199,2199
10,UP2264-CUSA25239_00-1636603077843024,2499,2499
10,UP1063-CUSA24432_00-DOKUMUSU00000000,3999,3999
10,UP1063-CUSA34658_00-ELIMINATION00001,3999,3999
10,UP2060-CUSA11463_00-HIGHRISEUS000000,2999,2999
10,UP0737-CUSA10709_00-0000000000000000,2499,2499
10,UP4912-PPSA13479_00-0138844276459791,2499,2499
10,UP6139-CUSA26508_00-PROTOCOLGAMEPS01,2099,2099
10,UP1181-PPSA13405_00-ORGANQUARTER0001,2499,2499
10,UP4660-CUSA11664_00-QUBE2PS4SUBMIT17,2499,2499
10,UP3542-CUSA10675_00-0000000000000000,2499,2499
10,UP4304-CUSA12095_00-0000000000000001,2999,2999
10,UP3509-CUSA08507_00-RAIDWWIIVERRC001,3999,3999
10,UP2292-CUSA07954_00-RD1RELEASE000001,3999,3999
10,UP8012-CUSA36854_00-STORMCRISISPS4US,3999,3999
10,UP0224-CUSA20605_00-REBELGALAXY20000,2999,2999
10,UP8281-CUSA56841_00-0644428757562761,2449,2449
10,UP1309-PPSA03183_00-RECOMPILE0000000,2499,2499
10,UP1014-CUSA16381_00-REELFISHINGRTA00,2999,2999
10,UP2764-CUSA10519_00-REGALIAGAME00000,2499,2499
10,UP2103-CUSA12895_00-REMILORELOSTGIRL,3999,3999
10,UP2690-CUSA26545_00-REVERIE0000000US,2499,2499
10,EP8062-PPSA28998_00-0201196808911816,2199,2199
10,UP8281-CUSA57314_00-0699209673399069,2449,2449
10,UP8597-PPSA16175_00-0553285184244428,3499,3499
10,UP1295-CUSA07597_00-KACHINUKIKAKUTOU,2499,2499
10,UP4291-CUSA05850_00-ROBINSONJOURNEY1,2999,2999
10,UP7749-CUSA34063_00-3201198411627162,2849,2849
10,UP4774-CUSA19328_00-ROBOTICSNOTESDH4,3499,3499
10,UP4774-CUSA17237_00-ROBOTICSNOTESPS4,3499,3499
10,EP6922-PPSA23346_00-0395892530680167,2549,2549
10,UP8012-CUSA29460_00-ROLLINGGUNNERXUS,2999,2999
10,UP4293-CUSA18071_00-ROOTFILM00000PS4,3999,3999
10,UP7249-CUSA36207_00-9764451277471672,2849,2849
10,UP4480-PPSA06096_00-RUNNERHEROES0000,2999,2999
10,UP0082-CUSA09653_00-SAGASCARLETHD001,2999,2999
10,UP3966-CUSA14557_00-SAIRENTOPSVR0001,3799,3799
10,UP6266-PPSA09566_00-7103544632543992,2999,2999
10,UP1018-CUSA10424_00-SCRIBBLENAUTSSD0,3999,3999
10,UP3901-PPSA02856_00-SEASONGAMEPS5NA0,2999,2999
10,UP1260-PPSA21084_00-0790965704733745,2999,2999
10,UP1056-CUSA08416_00-SENKONORONDE2000,3999,3999
10,UP1561-CUSA15596_00-SEVEN7ENHANCEDUS,3999,3999
10,UP8337-PPSA13508_00-0529408998850000,2499,2499
10,UP1978-CUSA15886_00-SHADOWLEGENDVR01,2499,2499
10,UP0177-CUSA10882_00-SHININGRESREF100,2999,2999
10,EP4539-CUSA51766_00-0146786179369933,3999,3999
10,UP1591-CUSA16645_00-SHUTTLECOMMANDER,2499,2499
10,UP0825-CUSA15136_00-SILVERCHAPS4SIEA,2499,2499
10,UP4293-CUSA40373_00-SINCEMEMORIES000,3999,3999
10,UP4293-PPSA20246_00-SKYOCEANSPS5SIEA,2499,2499
10,UP8651-PPSA23538_00-SLEEPAWAKE000000,2999,2999
10,UP3052-CUSA26158_00-OWCDIGSNDTRK0000,2499,2499
10,UP2739-PPSA10405_00-7209824597506787,2499,2499
10,UP4293-CUSA10999_00-SONGOFMEMORIES00,3999,3999
10,EP1629-PPSA32006_00-SOFANIHOMWPJDPS5,2499,2499
10,UP1260-CUSA13877_00-0000000000000000,2499,2499
10,UP3542-CUSA50350_00-0629055362864791,2849,2849
10,UP2292-CUSA09777_00-SV1RELEASE000001,2999,2999
10,UP5997-CUSA31360_00-0502192421273084,2849,2849
10,UP4042-CUSA27137_00-2555967245711676,2499,2499
10,UP1260-PPSA03415_00-STRANDEDSAILSUS1,2499,2499
10,UP4713-CUSA34487_00-SPECTRECOMMUNISM,2999,2999
10,UP3003-PPSA20240_00-0567263738552165,3999,3999
10,UP3868-CUSA18558_00-D000000000001001,2499,2499
10,UP1643-PPSA03416_00-SUMMWINTBUND4KUS,2999,2999
10,UP0866-CUSA20581_00-SUNLESSSKIESSOV0,2499,2499
10,UP5507-CUSA15483_00-SCMZUS0000000001,2499,2499
10,UP8184-PPSA12394_00-8577256399800928,2999,2999
10,UP2632-CUSA25380_00-SUPERSPORTSBLAST,2499,2499
10,UP7375-CUSA34983_00-9069824291618360,2099,2099
10,UP0814-CUSA34457_00-4510512217306324,2499,2499
10,UP5802-CUSA25602_00-3145366405021563,2499,2499
10,UP1309-CUSA37759_00-8496504645642835,2499,2499
10,HP6931-PPSA29295_00-0668018053759322,3599,3599
10,UP1639-CUSA12407_00-THEDOORSKOYCS000,3499,3499
10,UP1309-PPSA04311_00-0464299685576230,3999,3999
10,UP4389-CUSA06550_00-THEDWARVES000US1,3999,3999
10,UP2060-PPSA10962_00-000THEINQUISITOR,3999,3999
10,UP2591-CUSA08239_00-THEINVISIBLEHOUR,2999,2999
10,UP0283-PPSA21258_00-0545877962476479,3999,3999
10,UP1475-CUSA32999_00-PUYDUFOUPS4000US,2999,2999
10,UP4389-CUSA08957_00-THERAVENUS000001,2999,2999
10,UP1475-CUSA26801_00-SISTERSPS40000US,2999,2999
10,UP1181-PPSA12648_00-0649102901900948,3499,3499
10,UP2470-PPSA06878_00-THIRSTYSIEA00000,2999,2999
10,UP1260-PPSA05240_00-4911606450202752,2499,2499
10,UP4035-PPSA04823_00-TIMNIGHTBASEGAME,2199,2199
10,UP1024-CUSA19449_00-0000000000000000,2999,2999
10,UP1475-PPSA13928_00-TINTINCOPPS500US,3999,3999
10,UP1032-CUSA09584_00-ASPYRTORNREL0001,2999,2999
10,JP5905-CUSA49938_00-APP0000000000001,3799,3799
10,UP2187-CUSA14676_00-TOTBPS4SIEADIGI0,2499,2499
10,UP4034-CUSA10669_00-TRAILBLAZERSUS00,2999,2999
10,UP2106-CUSA35552_00-TRAINVALLE2PS4NA,2499,2499
10,UP3004-PPSA13987_00-TRAMSIMDELUXEDIT,2999,2999
10,UP0001-CUSA09609_00-TRANSFERENCE0000,2499,2499
10,UP2199-CUSA01137_00-TUMBLESTONENA008,2499,2499
10,UP8600-PPSA18412_00-0378673503528600,2999,2999
10,UP1104-CUSA43913_00-QON00000APPUS000,2499,2499
10,UP8012-CUSA20069_00-UMHRKWSBAZOOKA00,2999,2999
10,UP2103-CUSA18745_00-UMIHARAKAWASE000,3999,3999
10,UP1260-CUSA07938_00-UNBOXGAMEXXXXXXX,2999,2999
10,UP4040-CUSA15012_00-0000000000000000,2999,2999
10,EP3176-PPSA28132_00-0695069279131057,3999,3999
10,UP0825-CUSA16886_00-VAMBRACESIEA0000,2499,2499
10,UP0082-CUSA33800_00-9570983268790204,2899,2899
10,EP2552-PPSA25300_00-VED0000000000ALL,2499,2499
10,UP1309-PPSA09675_00-VERNALEDGE000000,2199,2199
10,JP0741-CUSA53952_00-0199692914727250,3499,3499
10,EP2552-PPSA26922_00-VISC000000000ALL,2499,2499
10,UP1063-PPSA03061_00-VOIDTERRARIUMPS5,3999,3999
10,UP1260-CUSA15548_00-VRPPP00000000001,2499,2499
10,UP4293-CUSA17432_00-00000000WARBGAME,2499,2499
10,UP4389-CUSA09429_00-WESINGPOPUS00001,2999,2999
10,UP1260-PPSA07072_00-6217150652540422,2499,2499
10,UP8281-CUSA57172_00-0855866199326616,2449,2449
10,UP8281-PPSA18880_00-0298585943000738,2399,2399
10,UP1512-CUSA06765_00-0000000000000001,2499,2499
10,UP1512-PPSA20717_00-0WINDLANDS2PSVR2,2999,2999
10,UP4773-CUSA27803_00-9373751577785800,2999,2999
10,UP0036-CUSA14530_00-WESUSGAME0000000,3999,3999
10,JP6079-PPSA28134_00-0463809996708482,2499,2499
10,UP2769-CUSA14685_00-WRATH000000000US,2999,2999
10,UP7375-PPSA24879_00-0368175179737928,2499,2499
10,UP0134-CUSA16455_00-0000000000000000,2499,2499
10,UP0182-PPSA20824_00-0714792443342625,2999,2999
10,UP1298-CUSA47717_00-PS4SIEA000000000,2999,2999
10,UP3003-PPSA22624_00-0837763197658540,2999,2999
10,JP9000-PPSA15595_00-MTFS000000000000,5999,5999
10,UP6312-PPSA28038_00-0375433414453693,4999,4999
10,EP0001-PPSA28183_00-GAME000000000000,5999,5999
10,UB1599-PPSA29343_00-AIBOUSIEA0000000,5999,5999
10,UP0002-CUSA02290_00-CODBO3ZOMBIESEDN,5999,5999
10,UP6322-PPSA18605_00-0342498734252743,4999,4999
10,UP0002-PPSA02442_00-DIVLOHCOMBO00000,4999,4999
10,UP0700-PPSA04610_00-ELDENRING0000000,5999,5999
10,EP3495-PPSA34008_00-0281085410214617,4999,4999
10,UP0691-PPSA16810_00-SURVIVALASCENDED,4499,4499
10,UP9000-PPSA21564_00-0000000000000000,5999,5999
10,UP0006-PPSA08560_00-SPLITSTANDARDED0,4999,4999
10,HP6545-PPSA23226_00-GAME000000000000,5999,5999
10,UP0006-PPSA18054_00-BRUNODLXEDITION0,5999,5999
10,UP1456-PPSA37433_00-NASCAR26GOLDEDIT,5999,5999
10,UP0102-PPSA02530_00-PRAGMATA00000000,5999,5999
10,UP0101-PPSA34491_00-PROBBSPIRITS26AE,5999,5999
10,UP0101-PPSA18194_00-MGSCOLLECTION002,4999,4999
10,UP2034-PPSA02110_00-NOMANSSKYHG00001,5999,5999
10,EB0236-PPSA28336_00-STALKER2UA000000,5999,5999
10,EP5291-PPSA34547_00-0993602042148218,5999,5999
10,UP0002-CUSA08829_00-CODMWTHEGAME0001,5999,5999
10,UP1468-PPSA04136_00-MB2BANNERLORD000,4999,4999
10,UP2739-CUSA15510_00-DAYZ000000000001,5499,5499
10,UP1004-PPSA05804_00-GTATRILOGYBUNDLE,5999,5999
10,UP0700-CUSA03388_00-DARKSOULS3000000,5999,5999
10,EP8253-PPSA16384_00-SMGDARKPICTURESE,4999,4999
10,EP5205-PPSA18543_00-TSC2PREMIUM00PS5,4999,4999
10,UP0002-CUSA12047_00-SEKIROGAME000001,5999,5999
10,UP3024-PPSA30094_00-0334583576730525,5999,5999
10,UP2908-PPSA30568_00-INVINCIBLEVSMAIN,4999,4999
10,UP2103-PPSA03311_00-BOIREPENTANCEPS5,5999,5999
10,UP0001-CUSA05855_00-GAMEACEMPIRE0000,5999,5999
10,UP4389-PPSA09826_00-GOTHIC1REMAKE000,5999,5999
10,JP0101-PPSA33286_00-SHTOWNFALLDELUXE,4999,4999
10,UP0700-PPSA06981_00-NARUTOUNSA000000,5999,5999
10,UP4139-PPSA02307_00-TTL0000000000001,4999,4999
10,EP1833-PPSA02391_00-DAULTEDITION0000,4999,4999
10,JP0082-PPSA31544_00-FFRSDDXWW0000000,4999,4999
10,UP9000-PPSA23479_00-MLBTHESHOW25SHIP,4999,4999
10,UP6646-PPSA15692_00-0445679437713264,4999,4999
10,EP4133-PPSA30601_00-RESONANCEAPLAGUE,5999,5999
10,UP9000-PPSA05389_00-UNCHARTED4R00000,4999,4999
10,UP0082-CUSA05933_00-KINGDOMHEART1525,4999,4999
10,UP0700-PPSA06774_00-ARMOREDCORE60000,5999,5999
10,UP0001-CUSA05904_00-FARCRY5GAME00000,5999,5999
10,UP4363-PPSA17232_00-SNIPERELITERES00,5999,5999
10,UP3589-PPSA20945_00-0345580252799819,4999,4999
10,UP5267-PPSA29000_00-TRLOADELX0000000,5999,5999
10,UP0101-PPSA14363_00-MGSCOLLECTION001,5999,5999
10,EP0001-PPSA23559_00-LS00000000000117,5999,5999
10,EP8388-PPSA19411_00-0156050014836696,4499,4499
10,UP0082-PPSA32193_00-MILLENNIUMTALEUP,5999,5999
10,UP8737-PPSA28416_00-SWGRDELUXEBUNDLE,5999,5999
10,UP7818-PPSA28068_00-0815314276314981,4999,4999
10,UP0006-CUSA14204_00-EASPORTSUFC4GAME,5999,5999
10,UP4108-CUSA08956_00-BDLAOT2FB0000000,5999,5999
10,UP0700-PPSA09536_00-JJKCVSX400000000,5999,5999
10,UP0001-PPSA07252_00-JDNEXTY4BUNDLE01,4999,4999
10,EP2377-PPSA29934_00-PZ2DELUXEEDITION,4999,4999
10,UP0001-PPSA01487_00-ORWFULLGAME00000,5999,5999
10,UP0002-PPSA02432_00-CB4THEGAME000001,5999,5999
10,UP8299-PPSA28465_00-TRAILSINTHESKY01,5999,5999
10,UP0006-CUSA19500_00-METR000000000000,5999,5999
10,EP2866-PPSA23364_00-TSW5STANDARDEDIT,4999,4999
10,EP6665-PPSA28053_00-C260000000000000,5999,5999
10,JP0128-PPSA32236_00-TOKYOXTREMERACER,4999,4999
10,UP9000-PPSA01969_00-DEATHSTRADCDDE01,5999,5999
10,UP1001-CUSA03652_00-MAFIATRILOGYDEFI,5999,5999
10,JP0700-PPSA22728_00-CT2WFULTEDITION0,5999,5999
10,JP0102-CUSA46747_00-CFCMAE0000000000,4999,4999
10,JP0177-PPSA31327_00-MAINGAME00000000,4999,4999
10,UP0700-PPSA02794_00-BTDEDITION000000,4999,4999
10,JP0106-PPSA33655_00-BLUEREF000MASTER,4999,4999
10,EP6665-PPSA09259_00-HIU0000000000000,5999,5999
10,UP5460-PPSA16602_00-GBVSRDX000000001,4999,4999
10,UP0700-CUSA05972_00-000000000TEKKEN7,4999,4999
10,EP5347-PPSA34805_00-0714453594173286,4999,4999
10,EP4356-PPSA22408_00-HWINFINITERUSHUL,4999,4999
10,UP1063-PPSA36222_00-MAKAISM000000000,5999,5999
10,UP1001-CUSA03979_00-BIOSHOCKCOLLECTN,4999,4999
10,UP0102-PPSA18259_00-DEADRISINGDELUXE,4999,4999
10,EP4399-PPSA26575_00-PROJECTMOTORRACE,4999,4999
10,UP9000-PPSA02487_00-NIOH2CE000000000,4999,4999
10,UP0001-PPSA01507_00-EDITIONGOLD00000,5999,5999
10,UP0082-PPSA07809_00-CRISISCORE000000,4999,4999
10,UP4572-CUSA12650_00-HITMANHDENHANCED,5999,5999
10,EP4365-PPSA28664_00-000SUDDENSTRIKE5,4999,4999
10,UP4133-CUSA11598_00-FS19PREMIEDITION,4999,4999
10,UP1018-PPSA01695_00-BACK4BLOOD000000,5999,5999
10,UP9000-PPSA09555_00-HZVRCALLMOUNTAIN,5999,5999
10,UP0177-PPSA03489_00-HINOKAMI00000000,5999,5999
10,UP0102-PPSA01622_00-EXOPRIMAL2023000,5999,5999
10,UP0082-PPSA22320_00-00000000000000NA,5999,5999
10,UP4363-CUSA04220_00-SNIPERELITE40000,5999,5999
10,JP7907-PPSA21837_00-LOLLIPCHAINREPOP,4499,4499
10,UP1685-CUSA11658_00-DJMAXRESPECTNWRS,4999,4999
10,EP4361-PPSA16608_00-0409272951672325,4499,4499
10,UP0082-PPSA18286_00-0167606542620897,5999,5999
10,UP0006-PPSA06093_00-WRC2023PS5GAME00,4999,4999
10,UP0283-PPSA02275_00-4464249992239206,4999,4999
10,UP0082-PPSA01748_00-DXM0000000000001,5999,5999
10,UP0177-PPSA09713_00-COMPANYOFHEROES3,5999,5999
10,JP0082-PPSA32281_00-DQM4DDX000000000,5999,5999
10,EP0177-PPSA29707_00-FM26GLOBAL000000,5999,5999
10,UP7564-PPSA34860_00-0758378685819115,4999,4999
10,UP4060-PPSA02474_00-TERMINATORPS5VER,4999,4999
10,UP1981-PPSA09135_00-SUPERCROSS6FGAME,4999,4999
10,UP2619-PPSA19590_00-0083000215619347,4499,4499
10,UP0036-PPSA18738_00-UNI2DXGAME000000,4999,4999
10,UP1063-PPSA13843_00-DISGAEA700000002,5999,5999
10,UP0292-CUSA09406_00-WEHAPPYFEW000000,5999,5999
10,UP0346-CUSA15671_00-BGANDBGIICONSOLE,4999,4999
10,UP4774-CUSA08007_00-FIREPROWRESTLING,4999,4999
10,UP0283-PPSA04340_00-6295996030780486,4999,4999
10,JP0101-PPSA18305_00-SUIKODENREMASTER,4999,4999
10,UP0082-CUSA05795_00-KINGDOMHEARTSX28,5999,5999
10,EP6665-PPSA35448_00-TDF2600000000000,4999,4999
10,UP0082-PPSA02046_00-1336949547454056,5999,5999
10,UP1024-CUSA04191_00-BBCFPS4000001000,5999,5999
10,UP1981-PPSA15190_00-RIDE5FULLGAME000,4999,4999
10,UP0283-PPSA15731_00-0979503039452563,4999,4999
10,UP4008-PPSA06137_00-WH40KIM000000000,4999,4999
10,JP0177-PPSA24478_00-MAINGAME00000000,5999,5999
10,UP2060-PPSA04881_00-00RAILWAYEMPIRE2,4999,4999
10,UP0700-PPSA02211_00-SCRLTNXSULT00000,5999,5999
10,UP0002-CUSA01988_00-SKYLANDER2015PS4,4999,4999
10,UP1562-PPSA15671_00-0598948097523306,4999,4999
10,UP1014-PPSA07928_00-HMLETTER000PS5US,4999,4999
10,UP1063-PPSA07527_00-YSIXMONSTRNOXPS5,4999,4999
10,UP0082-PPSA16564_00-ROMANCINGSAGA2RN,4999,4999
10,UP0177-CUSA19640_00-BSTUBCUSA1964000,5999,5999
10,EP4356-PPSA25319_00-MOTOGP25FULLGAME,4999,4999
10,UP8299-CUSA48262_00-0417608253888790,4999,4999
10,UP5503-PPSA26528_00-0656994000407395,4999,4999
10,EP6665-PPSA28051_00-AFL2500000000000,5999,5999
10,UP1063-PPSA11307_00-HAJIMARINOKISEKI,5999,5999
10,UP7302-PPSA21973_00-SUNDERFOLKGAME00,4999,4999
10,UP0101-PPSA07190_00-SUPERBOMBERMANR2,4999,4999
10,UP3763-PPSA26763_00-LS2026INTPLATBUN,5499,5499
10,UP0283-PPSA04338_00-2786401658559994,4999,4999
10,UP0700-CUSA03651_00-ONEPIECEBBPS4000,5999,5999
10,UP0177-CUSA24919_00-SMT3NOCTURNEHDRE,4999,4999
10,JP0036-PPSA24274_00-0000000000000000,5999,5999
10,UP1391-PPSA10260_00-3454635282011093,4999,4999
10,UP0700-CUSA18758_00-EXTREMEVSMBONPKG,5999,5999
10,UP6312-CUSA27145_00-PSYCHONAUTS2SIEA,5999,5999
10,UP0700-CUSA09977_00-DIGIMONHM0000000,5999,5999
10,UP3864-PPSA01800_00-TEMTEM000000000A,4499,4499
10,UP2060-PPSA07938_00-DUNGEONS40000000,4999,4999
10,UP0177-PPSA16195_00-P5TPS5US00DELUXE,5999,5999
10,UP0700-CUSA11183_00-TAIKONOTATSUJIN1,4999,4999
10,UP0700-CUSA02510_00-TALESOFZESTIRIA0,5999,5999
10,UP2060-PPSA14709_00-COMMANDOSORIGINS,5999,5999
10,UP0700-CUSA14156_00-NINOKUNIWOTWW000,4999,4999
10,UP0102-CUSA37738_00-AAT456FULLGAME00,4999,4999
10,UP0082-PPSA03839_00-8508293288974620,4999,4999
10,UP0700-CUSA04897_00-JOJOSEOHCOMPLETE,5999,5999
10,UP4108-CUSA03949_00-AMGAMEUS00000000,5999,5999
10,UP4108-CUSA25335_00-APPBRTIEDDXPASS0,5999,5999
10,UP7850-CUSA43224_00-0839569869220390,4999,4999
10,UP5956-PPSA16130_00-0218534510453173,5999,5999
10,UP1063-PPSA32571_00-0242272389636369,4999,4999
10,UP1063-PPSA21450_00-YS10NORDICS00000,5999,5999
10,UP1003-CUSA09124_00-SKYRIMVR00000000,5999,5999
10,UP4108-CUSA09085_00-BLUEREFLECTION00,5999,5999
10,UP1024-CUSA06978_00-TOKYOXANADUPS4SP,5999,5999
10,UP4774-PPSA18629_00-0601480220936956,5999,5999
10,UP4389-PPSA09569_00-JAGGEDALLIANCE03,5999,5999
10,UP5795-PPSA15664_00-0274525684829714,4999,4999
10,UP0177-PPSA06380_00-HUMANKINDNA00000,4999,4999
10,UP0700-PPSA05166_00-SDGUNBATTLEA0000,5999,5999
10,UP5946-PPSA05875_00-RELAYERGAME00000,5999,5999
10,EP6665-PPSA28052_00-RL26000000000000,5999,5999
10,UP6916-CUSA48147_00-0774955379100991,4999,4999
10,EP6665-PPSA28868_00-CTCA000000000000,4999,4999
10,UP0700-CUSA08790_00-GUNDAMVSPKG00001,5999,5999
10,UP0700-CUSA12027_00-PS4TOVHD00000001,4999,4999
10,UP4108-CUSA05797_00-TOUKIDEN20000000,5999,5999
10,JP0079-CUSA51969_00-0076373648247025,4999,4999
10,UP4479-CUSA10942_00-0000000000000000,4499,4499
10,UP0700-PPSA14485_00-SLIMEDLXEDITION0,4999,4999
10,UP1056-CUSA03378_00-DARIUSBURSTCS0US,5999,5999
10,UP0082-PPSA22264_00-0674390944059444,4999,4999
10,UP5086-CUSA25205_00-BRIGANDINETLORUS,4999,4999
10,UP0283-PPSA04791_00-LITTLELEAGUEBB00,4999,4999
10,UP1063-PPSA10947_00-RHAPSODYMARLKING,4999,4999
10,UP2035-CUSA33979_00-8565719255820321,5999,5999
10,UB1019-PPSA29699_00-0558708529867019,4999,4999
10,UP0346-CUSA15670_00-NWNEEONCOLSOLEPS,4999,4999
10,UP4108-CUSA18018_00-SAN14WPKUPGRADE0,5999,5999
10,UP4133-PPSA13721_00-HOTELRENOVATOR00,4499,4499
10,UP0031-CUSA36799_00-NOBETA1000000000,4999,4999
10,UP1024-PPSA13785_00-MONYUPS500000000,4999,4999
10,UP3363-PPSA15696_00-VEGAUS0000000000,4999,4999
10,UP4133-PPSA10054_00-NEWWORLDGAME0000,5999,5999
10,UP0082-PPSA08177_00-PS5UP00LIVEALIVE,4999,4999
10,UP0283-PPSA21322_00-0931778696767745,4999,4999
10,UP0837-CUSA57851_00-0669405980924032,4899,4899
10,UP1063-CUSA16693_00-DISGAEA4COMPLETE,4999,4999
10,UP1063-CUSA13082_00-DISGAEA1HDPS4000,4999,4999
10,UP0700-CUSA07559_00-HACKGURECODE0000,4999,4999
10,UP0082-CUSA18900_00-KHMOM00000000000,5999,5999
10,UP4133-PPSA03390_00-AFREIGNOFSANDEE0,4999,4999
10,UP1063-PPSA12422_00-RTYPETACTICSCSMO,4999,4999
10,UP4363-CUSA08335_00-STRANGE000000002,4999,4999
10,UP0346-CUSA15672_00-IWDANDPSTCONSOLE,4999,4999
10,UP0177-PPSA21269_00-SAIKYOTAISHI0000,5999,5999
10,UP0082-CUSA05235_00-BUILDERS00000000,5999,5999
10,UP0700-CUSA01831_00-PROJECTOP3NA0000,5999,5999
10,UP3685-PPSA06164_00-7730261799154996,4999,4999
10,UP2035-PPSA27823_00-0896584350762788,4999,4999
10,UP8115-PPSA19993_00-KAKT00000000SIEA,4499,4499
10,UP0102-CUSA31426_00-MMBNC12000000000,5999,5999
10,UP2060-PPSA02650_00-0DISCIPLESLIBDDE,4999,4999
10,UP0700-CUSA07345_00-NNK2GAME00000000,5999,5999
10,UP1024-CUSA09405_00-UNIEXEST00000000,4999,4999
10,UP6665-PPSA16343_00-C240000000000000,5999,5999
10,UP1063-PPSA06590_00-GALLERIA00000001,4999,4999
10,UP0082-CUSA06769_00-DQH2EXPLOREREDIT,5999,5999
10,UP4108-CUSA09924_00-NIGHTSOFAZURE000,5999,5999
10,UP0079-CUSA42536_00-0409297405434010,4999,4999
10,UP1024-CUSA01437_00-BBCPPS4000001000,4999,4999
10,UP8012-CUSA37528_00-4926517879308459,4999,4999
10,UP4774-CUSA18666_00-0000000000000000,5999,5999
10,UP0283-PPSA13624_00-TROLLSTHEGAMEDLX,4999,4999
10,UP6882-PPSA04625_00-SHUJINKOUGAMEPS5,5999,5999
10,UP0082-CUSA17050_00-TOMPS4APPNA00001,4999,4999
10,UP1063-PPSA08946_00-GRIMGRIMOIREXPS5,4999,4999
10,UP2060-PPSA02815_00-0PORTROYALE4EXED,4999,4999
10,UP4108-CUSA02859_00-DECEPTIONNP00000,4999,4999
10,UP4363-CUSA01773_00-ZATRILOGY0000000,4999,4999
10,UP3763-PPSA20598_00-0853482044433630,5449,5449
10,UP0700-CUSA12474_00-TGRECTESTDED0001,5999,5999
10,UP0700-CUSA08070_00-SEVENDEADLYSINS0,5999,5999
10,UP0700-CUSA13281_00-GODEATER30000000,5999,5999
10,UP0781-CUSA10975_00-ARKPARK000000001,4999,4999
10,UP1024-CUSA00834_00-GGXRDSIGNUS00100,4999,4999
10,UP1014-CUSA18808_00-HARVESTMOONWORLD,4999,4999
10,UP8068-CUSA29820_00-APP0000000000001,4499,4499
10,UP1001-CUSA13897_00-000000000000BLVR,4999,4999
10,EP4365-PPSA28665_00-000DELUXEEDITION,4999,4999
10,UP0177-CUSA16404_00-SAKURAWARS000000,5999,5999
10,UP0031-PPSA27946_00-DXCONTENTGAME001,4999,4999
10,UP4774-CUSA13222_00-STEINSGATEELITE4,5999,5999
10,UP4389-PPSA03804_00-ELEX2US000000000,5999,5999
10,UP4108-CUSA04111_00-DARK000MASTER000,5999,5999
10,UP3589-PPSA12364_00-4265847398224391,4999,4999
10,UP5460-CUSA43179_00-UMAMUSUMESP10000,4499,4499
10,UP0283-PPSA04789_00-0432850459159181,4999,4999
10,UP4108-CUSA02002_00-PKGTOUKIDEN00000,5999,5999
10,UP1024-CUSA28130_00-UNDERNAUTSLBYOMI,5999,5999
10,UP1063-PPSA21029_00-PHANTOMBRAVE2001,5999,5999
10,UP0700-CUSA09390_00-GAMELWATMNH00000,4999,4999
10,UP3475-CUSA08047_00-CPL1700000000000,4999,4999
10,UP4432-CUSA40667_00-0016764141653795,4999,4999
10,UP4774-CUSA13223_00-YUNO000000000PS4,4999,4999
10,UP4774-CUSA18743_00-REZEROUS00000000,5999,5999
10,UP4293-CUSA28850_00-MAGLPS4SIEADX000,5999,5999
10,UP8012-CUSA18662_00-DARIUSCCARCADE00,4499,4499
10,UP4170-CUSA13417_00-000000000000000A,4499,4499
10,UP0031-PPSA16817_00-CHNEPMAKERSBR001,4999,4999
10,UP1063-CUSA10155_00-WITCHHUNDKNIGHT2,4999,4999
10,UP4774-CUSA13221_00-ZANKIZEROPS40000,5999,5999
10,UP4774-CUSA13760_00-CONCEPTION1US000,5999,5999
10,UP0177-CUSA31709_00-1022201910222019,5999,5999
10,UP1024-PPSA06953_00-UNDERNAUTSLBYOMI,5999,5999
10,UP0082-CUSA15230_00-ONINAKI000000000,4999,4999
10,EP4539-CUSA51753_00-0655428781909239,4999,4999
10,UP2005-CUSA28396_00-XUANYUANSWORD007,4999,4999
10,UP1063-CUSA10159_00-REFRAIN000000001,4999,4999
10,UP1024-CUSA04726_00-EXISTARCHIVE0004,5999,5999
10,UP1024-CUSA12915_00-CODEREALIZEFD2P4,4999,4999
10,UP1024-CUSA12916_00-EXPHORROR2018HRP,4999,4999
10,UP1024-CUSA10864_00-CODEREALIZESHPS4,4999,4999
10,UP1024-CUSA05632_00-TTGHDAYBREAKSPGJ,4999,4999
10,UP1024-CUSA12126_00-LITTLEDRAGONSUS0,5999,5999
10,UP1024-CUSA16008_00-SPIRITHUNTERNGUS,4999,4999
10,UP4774-CUSA12263_00-428SHIBUYASCRAUS,4999,4999
10,EP4539-CUSA51757_00-0558196740387486,5999,5999
10,UP4774-CUSA35215_00-ANONYMOUSCODE001,5999,5999
10,UP1056-CUSA13691_00-ATRAINEXPRESS000,4999,4999
10,UP4249-CUSA03640_00-LAC1500000000000,4999,4999
10,UB0169-PPSA19850_00-0911414542246592,5999,5999
10,UP0031-CUSA51115_00-DEATHENDREQUZ001,4999,4999
10,UP0031-PPSA06564_00-DUSKDIVER2000001,4999,4999
10,UP6893-CUSA56471_00-0264677782690468,4299,4299
10,UP1063-PPSA34233_00-0000000000000001,4999,4999
10,UP0134-CUSA16375_00-FAERIAVERSUSEVIL,5999,5999
10,UP0031-CUSA35368_00-7417306488076316,4999,4999
10,EP4539-CUSA51011_00-0301012586089626,5999,5999
10,UP0977-CUSA51633_00-0832532800951874,5999,5999
10,UP1024-PPSA12366_00-INESCAPABLE00000,4999,4999
10,JP0079-CUSA50611_00-0289344714927573,4999,4999
10,UP0079-CUSA28207_00-1359332952711598,5999,5999
10,UP4293-CUSA41315_00-KONOSUBAGAME2PS4,4999,4999
10,UP7225-PPSA20416_00-0202385658034921,4199,4199
10,EP4539-CUSA51767_00-0531163574295687,4999,4999
10,UP1063-PPSA09753_00-000000UNDEREATER,4999,4999
10,UP0700-CUSA11566_00-NGUNDAMBREAKER1M,5999,5999
10,UP4293-CUSA13898_00-JUDGEMENTSEVEN00,4999,4999
10,UP1024-CUSA28345_00-RICOLONDONGROUND,4999,4999
10,UP8600-CUSA42295_00-0975124058581718,4999,4999
10,UP2060-PPSA02846_00-SPACEBASESTAREXT,4999,4999
10,UP1024-PPSA19456_00-SPIRITHUNTERDMII,4999,4999
10,UP2155-CUSA16935_00-SMB3GAME00000000,4499,4499
10,UP0082-PPSA06133_00-SHIJIMASTORYDEMO,4999,4999
10,UP0031-CUSA48540_00-TH2SPELLCARNIVAL,4999,4999
10,UP6091-PPSA13859_00-WONDERBOYPS5USXX,4999,4999
10,UP1056-CUSA18836_00-YURIAFTER0000000,4999,4999
10,UP0006-PPSA32814_00-COLLEGEFOOTBAL27,6999,6999
10,UP1001-PPSA35889_00-NBA2K27ULTRAED00,6999,6999
10,UP0006-PPSA27360_00-26STANDARDBUNDLE,6999,6999
10,UP9000-PPSA03671_00-WOLVERINEDELUXE0,6999,6999
10,EP0006-PPSA23566_00-BASEUFC6GAME0000,6999,6999
10,EP3969-PPSA11386_00-007FIRSTLIGHT000,6999,6999
10,UP4162-PPSA25286_00-0653729629077452,6999,6999
10,UP0006-PPSA26127_00-MADDENNFL26GAME0,6999,6999
10,UP9000-PPSA01317_00-GT7STD0000000PS5,6999,6999
10,UP0102-PPSA30803_00-REREQUIEM0000000,6999,6999
10,JP0700-PPSA22969_00-SWORDARTONLINEV0,6999,6999
10,UP0001-PPSA20396_00-GAME000000000000,6999,6999
10,UP0001-PPSA02838_00-THECREWORL000000,6999,6999
10,UP0102-PPSA27836_00-0000000000000003,6999,6999
10,EP0700-PPSA28000_00-DAWNWALKER00GAME,6999,6999
10,UP0006-PPSA26785_00-NHL26STANDARD000,6999,6999
10,UP1001-PPSA22120_00-NBA2K25STANDARD0,6999,6999
10,UP0006-PPSA24662_00-F12025PS5GAME000,6999,6999
10,UP9000-PPSA02225_00-GHOSTDIRECTORPS5,6999,6999
10,JP0106-PPSA25406_00-AOT3DLCDDX000001,6999,6999
10,JP0700-PPSA24913_00-ACEC8DLXEDITION0,6999,6999
10,UP9000-PPSA08329_00-GOWRAGNAROK00000,6999,6999
10,UP6312-PPSA31381_00-0730774904492744,6999,6999
10,UP1001-PPSA22695_00-WWE2K25000000000,6999,6999
10,UP9000-PPSA13196_00-STELLARBLADE0000,6999,6999
10,UP0006-PPSA03540_00-BASENAPS5UFC5000,6999,6999
10,UP0006-PPSA25859_00-COLLEGEFOOTBAL26,6999,6999
10,JP9000-PPSA02015_00-DS2OTB0000000001,6999,6999
10,JP0101-PPSA21159_00-MAINGAME00000000,6999,6999
10,JP0005-PPSA23593_00-ADDCONTENT000015,6999,6999
10,UP1001-PPSA05813_00-8185911092060169,6999,6999
10,UP9000-PPSA01473_00-RATCHETCLANKRIFT,6999,6999
10,UP0101-PPSA08710_00-MAINGAME00000000,6999,6999
10,UP9000-PPSA04539_00-RONINFULLGAME001,6999,6999
10,JP0177-PPSA34972_00-DELUXEEDITION000,6999,6999
10,UP9000-PPSA01342_00-DEMONSSOULS00000,6999,6999
10,UP0177-PPSA06435_00-LIKEADRAGON80000,6999,6999
10,UP1063-PPSA32456_00-YS10PNJPGAME0000,6999,6999
10,UP5082-PPSA03351_00-5673272224775858,6999,6999
10,JP0720-PPSA27625_00-FANTASYLIFEIDLX0,6999,6999
10,JP0720-PPSA22207_00-INZMGAME00000000,6999,6999
10,UP9000-PPSA01284_00-RETURNALGAME0001,6999,6999
10,UP7373-PPSA18082_00-MGTNWGAMEDELUXE0,6999,6999
10,UP1063-PPSA06228_00-DISGAEA6COMPLETE,6999,6999
10,EP4539-CUSA51705_00-0752796842110616,7999,7999
10,UP1056-CUSA18762_00-YURIMASTER000000,6499,6499
10,UP0006-PPSA32904_00-MADDEN27DELUXE00,9999,9999
10,EP1004-PPSA01547_00-GTAVIULTIMATE001,9999,9999
10,UP0006-PPSA34015_00-27SUPERDELUXEBUN,9999,9999
10,UP0006-PPSA34063_00-NHL27DELUXEDITON,9999,9999
10,UP9000-PPSA29487_00-0000000000000000,9999,9999
10,UP3004-PPSA21200_00-CTSTRMBUSCONTEDI,9999,9999
10,UP0977-CUSA51632_00-0255120001924325,8999,8999
10,UP1001-PPSA17638_00-BLWARCHESTBUNDLE,14999,14999
10,UP4312-CUSA27240_00-4957888718283912,349,699
10,UP4312-CUSA27525_00-4204303332913026,349,699
10,UP4034-CUSA12072_00-HPBUNDLEAWSWIS00,499,2499
10,UP3876-CUSA23815_00-9584021902306448,539,1199
10,UP0680-PPSA02219_00-8502330301011232,0,0
10,UP8616-CUSA55981_00-0664316167761880,1499,1499
10,UP8281-PPSA33028_00-0742394495026502,2449,2449
10,UP4312-CUSA27240_00-4957888718283912,349,699
10,UP4312-CUSA27525_00-4204303332913026,349,699
10,UP4034-CUSA12072_00-HPBUNDLEAWSWIS00,499,2499
10,UP3876-CUSA23815_00-9584021902306448,539,1199
10,HB0700-PPSA37472_00-0750524791868371,2599,2599
10,UP6718-CUSA43626_00-0000518147036328,799,799
11,UP4108-PPSA25843_00-WARRIORSABYSS002,3199,7999
11,JB1261-PPSA37629_00-0097699497812435,3999,3999
11,UP4008-PPSA01902_00-MTC0SIEA00000000,599,2999
11,UP4729-CUSA36354_00-3778279905025213,599,1499
11,UP0737-PPSA03377_00-1801628886519205,1399,1999
11,UP0676-PPSA30650_00-0570029377369185,1319,1999
11,EP3024-PPSA23234_00-MOORHUKART4PS5WW,1499,2499
11,EP5470-PPSA25222_00-0977611458339580,899,1999
11,UP5180-PPSA22013_00-0849526608511593,899,4499
11,UP1063-CUSA17443_00-LAMULANA10000000,524,1499
11,UP4729-PPSA07278_00-6495696666437970,599,1499
11,UP4489-CUSA08214_00-TRUEFEAR10000000,349,999
11,EP5506-CUSA58614_00-0448154254160464,419,599
11,UP3876-CUSA23815_00-9584021902306448,539,1199
11,UP6088-CUSA24065_00-3962730802223761,454,1299
11,UP6088-CUSA24067_00-4765379924513531,454,1299
11,EP4459-PPSA28063_00-FMVTHRILLKILLPS5,2799,3999
11,UP4312-PPSA30218_00-0473847255890847,349,499
11,UP4312-CUSA49502_00-0990905860906217,349,699
11,UP5180-PPSA05857_00-00000FIREGIRLUS5,359,1799
11,UP4312-PPSA27618_00-0544555399638904,349,699
11,UP4312-PPSA05984_00-9530196533995278,349,699
11,UP4312-CUSA30173_00-8360004887834249,349,699
11,UP2005-PPSA06027_00-TASKFORCEKAMPAS0,179,599
11,UP5290-CUSA34219_00-4327367899215748,189,1899
11,UP7962-PPSA23228_00-0721202939844046,139,199
11,UP6695-CUSA31871_00-BROKENPIPENAGAME,39,399
11,UP4312-CUSA27240_00-4957888718283912,349,699
11,UP4312-CUSA26982_00-7057380361995778,349,699
11,UP4312-CUSA23333_00-5614802820302860,399,1999
11,UB0429-CUSA47562_00-0236883203951565,1499,1999
11,UP4312-CUSA42184_00-0830195017063939,349,699
11,UP4312-CUSA27525_00-4204303332913026,349,699
11,UP4034-CUSA12072_00-HPBUNDLEAWSWIS00,499,2499
11,UB0429-CUSA49033_00-0935430327689735,974,1299
11,UP1821-PPSA10990_00-1887411884729257,0,0
11,UP2097-CUSA00080_00-WARFRAMEFINAL001,0,0
11,UP0002-PPSA07805_00-OWORIGINS0000000,0,0
11,UP1980-CUSA04314_00-2016NEVERWINTER1,0,0
11,UP0700-CUSA16114_00-GUNDAMBO20000000,0,0
11,UP5979-PPSA08905_00-9495752799844376,0,0
11,UP5988-PPSA20608_00-SPLITGATE2PS5000,0,0
11,UP4068-PPSA23100_00-0803748274648182,0,0
11,UP7611-CUSA46001_00-2000000000000000,0,0
11,UP2538-PPSA14691_00-CELEBRITIESUSPS5,0,0
11,UP4396-PPSA14297_00-HIQACE2GAMEUS001,0,0
11,UB0928-PPSA25752_00-0719800200047080,99,99
11,UP2136-PPSA31854_00-0685582483741336,149,149
11,UP6695-PPSA17156_00-METADUDE000PS5NA,199,199
11,UP8787-CUSA58507_00-0054787954842440,199,199
11,UP7977-PPSA21397_00-0372942621953617,199,199
11,UB0438-PPSA25267_00-0273802583258822,199,199
11,UP7977-CUSA57989_00-0858481612671559,149,149
11,UP8787-PPSA29573_00-0856222951634217,149,149
11,UP2136-PPSA32657_00-0622400184335971,149,149
11,UP8553-PPSA20274_00-0115825471461411,199,199
11,EP1612-PPSA33799_00-CELESTIBUNGAME00,99,99
11,UB0738-CUSA54598_00-0186730306333046,199,199
11,UB0738-CUSA54418_00-0119527877650355,199,199
11,UB0738-CUSA54594_00-0416943690810557,199,199
11,UB0738-CUSA54173_00-0396201064543132,199,199
11,UP7126-CUSA54112_00-0544430386627380,99,99
11,UP7126-PPSA29877_00-0639400451383415,99,99
11,HB1620-PPSA36816_00-0123578596522010,99,99
11,UB0928-PPSA33078_00-0857852576232605,199,199
11,UP7126-PPSA34296_00-0555172602203054,499,499
11,UP2005-PPSA05877_00-ZERODEGREES00000,499,499
11,UP7126-PPSA31692_00-0039135594356449,499,499
11,UP2833-CUSA58755_00-2000000000000000,499,499
11,UP1564-CUSA53201_00-CLAB0GBT20250113,499,499
11,UP2833-CUSA55020_00-5000000000000000,499,499
11,UP6718-PPSA31525_00-0401777706152899,499,499
11,UB0487-CUSA54959_00-0749721386572714,249,249
11,EP6878-CUSA55832_00-CATSRITUAL000000,349,349
11,UP2833-CUSA55574_00-5000000000000000,499,499
11,UP6989-CUSA43654_00-0223881898027451,399,399
11,UP6695-PPSA13776_00-PRINCIPMATTPS5NA,399,399
11,EP6985-CUSA57018_00-0569016007153302,299,299
11,UP1675-CUSA50519_00-SYPS4GIRLFRIENDF,499,499
11,UP4312-PPSA09154_00-4312189148608276,299,299
11,UB0108-CUSA59081_00-0510143571915422,499,499
11,UP5792-CUSA29998_00-6060324798228047,499,499
11,UP0357-PPSA04259_00-4359129330145490,999,999
11,UP7552-CUSA56523_00-0766304433958207,999,999
11,UP7552-CUSA57219_00-0341729399645131,999,999
11,UP7552-CUSA56830_00-0105775297504201,999,999
11,UP7552-CUSA51679_00-0230200538209605,999,999
11,UP7552-PPSA38745_00-0750177692010888,799,799
11,UP4312-CUSA53944_00-0966748098419355,699,699
11,UB0837-PPSA34203_00-0163801730460158,699,699
11,EP6097-CUSA58675_00-0040163412207216,799,799
11,UP4312-PPSA10791_00-5580632042255107,699,699
11,JP0571-PPSA35171_00-HAMPRDC000000001,999,999
11,UP7552-PPSA36729_00-0818631988650899,999,999
11,UP2833-CUSA48700_00-5000000000000000,799,799
11,UP0182-CUSA36604_00-4387889524995088,999,999
11,UP4312-CUSA31282_00-4814579667047538,699,699
11,UP2833-CUSA53170_00-0373634328624539,599,599
11,UP2005-PPSA26801_00-3DDONTDIEMRROBOT,999,999
11,UP6963-CUSA27457_00-GOLFCLUBWASTELAN,999,999
11,UP4501-CUSA01260_00-00001AQUAKITTYDX,899,899
11,UP1675-CUSA51348_00-SYPS4ACRECRISIS0,999,999
11,UB0851-CUSA50352_00-0487575050449126,699,699
11,UP4312-CUSA36348_00-1114405839835503,699,699
11,UP3800-CUSA26623_00-CONGLOM451BUNDLE,999,999
11,UP1675-PPSA24142_00-SYPS5CREEPYTALE4,999,999
11,UP4312-CUSA46631_00-0498358387158346,699,699
11,UP1675-PPSA30398_00-SYPS5FARLANDSJOU,999,999
11,EP6138-PPSA28231_00-0578073395322371,799,799
11,UP4312-CUSA53134_00-0975965115313020,699,699
11,UB1029-PPSA27030_00-0017989964528416,999,999
11,UP8316-PPSA16298_00-0156210636867185,999,999
11,UP7552-CUSA53106_00-0459081628095175,999,999
11,UP4729-PPSA19712_00-0948710554919326,999,999
11,UP2637-CUSA40895_00-0275534245909289,699,699
11,UP0814-PPSA21834_00-0606585865935674,999,999
11,UP4082-CUSA49630_00-0921431196131613,999,999
11,UP0182-PPSA08600_00-0307121116343453,999,999
11,UP0700-CUSA29213_00-DBTBSPEDITION000,1999,1999
11,UP2833-CUSA56690_00-2000000000000000,1199,1199
11,UP3639-PPSA23611_00-0966950101963244,1799,1799
11,UP8777-PPSA25326_00-MYLITTLEUNIVERSE,1499,1499
11,UP1564-CUSA55563_00-CLABSLSS20250618,1499,1499
11,JP0013-PPSA35788_00-JP0ISEKAIV0SEPS5,1999,1999
11,UP4293-PPSA02686_00-POTIONPERMITSIEA,1999,1999
11,UP3949-CUSA16177_00-BLOODROOTS000000,1999,1999
11,UP1997-CUSA55415_00-0481028573654145,1999,1999
11,UP1981-CUSA13220_00-SX2USSPECIAL0000,1999,1999
11,JP0571-CUSA57614_00-HAMPRDC000000001,1699,1699
11,EP5987-CUSA53877_00-ULGVAMPIRE000002,1499,1499
11,UP1675-CUSA16369_00-SYPS4PANTSUHUNTE,1299,1299
11,HB1728-PPSA30442_00-0062592363832486,1899,1899
11,UP2187-PPSA06014_00-5219971498732225,1299,1299
11,UP0097-CUSA11933_00-4193054198339045,1999,1999
11,UP8785-PPSA17768_00-0207520995609568,1199,1199
11,UP4735-PPSA06722_00-TFHDELUXEPS5US00,1999,1999
11,UP2011-PPSA06584_00-0054729829471185,1499,1499
11,UB0245-PPSA27829_00-0258707351781371,1499,1499
11,UP2320-CUSA23371_00-2730690349334224,1299,1299
11,UP1260-PPSA04768_00-0110324456468768,1999,1999
11,UP1681-CUSA25038_00-PERSIAN20000SIEA,1499,1499
11,UP7788-PPSA31289_00-BGGSTANDARDPS500,1999,1999
11,UP1681-PPSA14339_00-DEMHUN1PS523SIEA,1799,1799
11,UP5180-PPSA07018_00-SOURCEOFMADNEUS5,1999,1999
11,UP1681-PPSA24001_00-AGENT2024PS5SIEA,1799,1799
11,UP1675-CUSA15797_00-SYPS47THSECTOR00,1999,1999
11,UP2187-PPSA04660_00-7021056675270301,1499,1499
11,UP7605-CUSA49926_00-0484007126628122,1999,1999
11,UB0618-PPSA21163_00-0344631643811563,1099,1099
11,EP7357-CUSA54981_00-0827825629228976,1999,1999
11,UP1470-PPSA07479_00-BUNNYPARKPS5US00,1999,1999
11,UP1470-CUSA32329_00-CHARONSTAIRCASUS,1999,1999
11,UP6165-PPSA24841_00-0374814238888792,1599,1599
11,UP4729-PPSA12368_00-1047597058429103,1999,1999
11,UP6088-PPSA18499_00-0383883698921276,1999,1999
11,UP7076-CUSA31168_00-ETERNALTHREADS01,1999,1999
11,UP8090-CUSA43955_00-0763704249172809,1999,1999
11,UP6739-PPSA06374_00-7523191361118409,1799,1799
11,UP2011-CUSA40797_00-0691213640937005,1199,1199
11,UP7494-CUSA34321_00-SANUKINC0001GCGM,1499,1499
11,EP1629-CUSA48901_00-GREED3OERJDPS4EU,1999,1999
11,UP6989-PPSA13820_00-0806338586547076,1499,1499
11,EP4459-PPSA27590_00-RESTLESSDEMOPS50,1499,1499
11,UP4926-CUSA43964_00-0065791150339403,1499,1499
11,HP8289-PPSA24906_00-0715668704473505,1499,1499
11,UP4196-PPSA05677_00-3675012710345150,1999,1999
11,EB0235-PPSA22577_00-MINDCOPBASEPS500,1499,1499
11,UP6326-PPSA18438_00-0412168086750236,1799,1799
11,UP5180-PPSA09517_00-PAPERCUTMANPS5US,1999,1999
11,UP1675-CUSA48801_00-SYPS4PLEASEBEHAP,1999,1999
11,UP5246-CUSA41298_00-0985468314764790,1299,1299
11,UP7605-CUSA45809_00-0513417185877014,1999,1999
11,UP8344-PPSA20980_00-0340146480548387,1999,1999
11,UP4774-CUSA23988_00-1413602031387186,1999,1999
11,UP3165-CUSA39404_00-RUSHHOURPS4AMERI,1999,1999
11,UP1470-CUSA32504_00-0254973940457588,1999,1999
11,UP4133-CUSA23553_00-FE000SPOMAMDCODG,1499,1499
11,UP7698-PPSA20322_00-0789629518923986,1499,1499
11,UP7788-CUSA48368_00-SFSGUNDOGPS4US00,1999,1999
11,UP7756-PPSA09959_00-8237461745851444,1499,1499
11,UP3165-CUSA40663_00-SVENBOMWOLLENUS4,1999,1999
11,UP6417-CUSA44840_00-0935088680328800,1399,1399
11,UP0814-PPSA15738_00-0423213892083478,1999,1999
11,EB1415-CUSA53874_00-0107749309525941,1399,1399
11,UP4432-PPSA13700_00-UAT0020000000000,2999,2999
11,UP4939-PPSA16163_00-BUNDLEDELUXEEDIT,2999,2999
11,UB1664-PPSA33491_00-0958610193558718,3999,3999
11,UP4363-PPSA04170_00-EVILGENIUS2000DE,3999,3999
11,EP2006-PPSA25256_00-0095464234555845,2999,2999
11,UP0283-PPSA26501_00-0873956677158409,3999,3999
11,EP5360-PPSA32175_00-0687739503042615,2799,2799
11,UB0311-PPSA26182_00-0558508946977629,3999,3999
11,UP9000-CUSA11834_00-CGDIGITALDELUXE0,2999,2999
11,UP2680-PPSA10581_00-6993272301293485,2499,2499
11,UP3003-CUSA32116_00-7290539396295079,2999,2999
11,JP0202-CUSA55588_00-LASTBOSSPS400001,2399,2399
11,UP1290-CUSA29030_00-6891040725929216,2999,2999
11,UP8012-CUSA36310_00-JITSUSQUADPS4USX,2999,2999
11,EP1302-PPSA07048_00-MDDNBKDELUXE0000,2999,2999
11,UP1474-CUSA11755_00-00000000000YOGAM,2499,2499
11,UP2081-PPSA21265_00-DEATHBOUNDULTIMA,2999,2999
11,UP0097-CUSA30756_00-4619604484980386,2499,2499
11,UP1024-PPSA08408_00-BLAZINGSTRIKEPS5,3999,3999
11,UP8012-CUSA42644_00-AIRTWISTERPS4NAM,2499,2499
11,UP1475-CUSA43651_00-0132005031159049,2499,2499
11,UP3876-CUSA42489_00-CHRONICLES2HEROE,2499,2499
11,UP3165-CUSA29720_00-MOORHUHNX01PS4US,2499,2499
11,UP2053-CUSA28861_00-0471097950934022,2999,2999
11,UP8281-CUSA48643_00-0458573379621031,2399,2399
11,UP3589-PPSA08196_00-DONOTOPENPS50001,2499,2499
11,EP8218-PPSA23874_00-0770602872997806,2999,2999
11,UP3165-CUSA33991_00-RIDINGSTABLES3US,2999,2999
11,UP6088-CUSA30938_00-8271988824235808,2999,2999
11,EP6665-PPSA26576_00-TDF2500000000000,3999,3999
11,UP1298-PPSA19467_00-SIEA000000000000,2999,2999
11,UP0283-PPSA04338_00-7674531383087408,4999,4999
11,UP0283-PPSA13624_00-TROLLSTHEGAME000,4999,4999
11,UP8600-PPSA15278_00-0311624013363120,4999,4999
11,UP6882-CUSA29443_00-0000000000006100,5999,5999
11,UP0031-PPSA25894_00-DEATHENDREQUZ001,4999,4999
11,UP1024-CUSA38230_00-INESCAPABLE00000,4999,4999
11,UP6091-CUSA32584_00-WONDERBOYPS4USXX,4999,4999
11,JP0720-PPSA22207_00-INZMGAMEDELUXE00,6999,6999
11,UP4133-CUSA23553_00-FE000SPOMAMDCODG,999,3999
11,UP4312-CUSA27525_00-4204303332913026,699,699
11,UP4882-PPSA14734_00-BEATSABERFULLPS5,1999,1999
11,UP4034-CUSA12072_00-HPBUNDLEAWSWIS00,1499,1499
11,UP0002-PPSA01649_00-CODBO6CROSSGEN01,2799,6999
11,UP0002-PPSA01649_00-CODMW4VAULT00001,6999,6999
11,UP1001-PPSA34299_00-WWE2K26MONNWEDIT,8999,14999
11,HB2241-PPSA38175_00-0545075000015207,3999,3999
11,UP1004-PPSA03420_00-GTAOSTANDALONE01,999,1999
11,UP1018-PPSA16833_00-LEGOBATMANDLXEDT,7199,8999
11,UP6312-PPSA22327_00-0810100104879906,4999,9999
11,UP3526-PPSA14001_00-0681576713225017,5599,7999
11,UP1003-PPSA20560_00-DTITAN0000000000,2309,6999
11,UP1003-PPSA26786_00-INDIANAJONESATGC,4199,6999
11,UP6312-PPSA23943_00-FLIGHTSIM2024PRM,10399,12999
11,UP9000-PPSA01411_00-MARVELSSMMDDE000,2939,6999
11,UP1003-PPSA24884_00-HELIUM0000000000,3999,4999
11,EP4389-PPSA23372_00-REANIMALDIGDELUX,4499,5999
11,EP4415-PPSA24616_00-D11RUSTDELUXE000,2999,5999
11,EP4415-PPSA24616_00-D11RUSTULTIMATE0,4249,8499
11,UP0002-CUSA00018_00-B000000000000087,3499,9999
11,UP6312-PPSA17669_00-PREMIUMEDITION26,2099,5999
11,UP4133-PPSA04452_00-SMARINESIIEDGOLD,2999,9999
11,UP0001-CUSA14405_00-GRW2SCEANORMAL00,899,5999
11,UP8365-PPSA24545_00-0312318520565366,2999,3999
11,UP0700-PPSA15211_00-DBSZ0NEOEDITION0,7999,7999
11,UP0700-PPSA15211_00-DRAGONBALLSPARK0,4999,4999
11,UP0002-CUSA00803_00-B000000000000701,3499,9999
11,HP0177-PPSA25427_00-HINOKAMI20000000,2999,5999
11,UP0001-CUSA09311_00-EDITIONDELUXE000,1199,7999
11,UP0102-CUSA08216_00-DMC5PVERBUNDLE02,999,3999
11,UP0700-PPSA10595_00-TK8S2DLXEDITION0,5999,7999
11,UP0082-CUSA12031_00-KINGDOMHEARTSX30,2399,5999
11,UP0700-PPSA03639_00-BLEACHROFS000000,2999,5999
11,UP1980-PPSA06693_00-REM2STDPREORDER0,2999,4999
11,UP1980-PPSA06693_00-REM2DIGITALDELUX,3599,5999
11,UP0700-PPSA08084_00-ATREMASTER001PS5,1499,1999
11,UP0002-CUSA13795_00-CTRSRTCBTBUNDLE1,3999,9999
11,UP0002-CUSA13795_00-CTRSRTBUNDLE0001,2624,7499
11,UP0002-CUSA13795_00-CTRCBTBUNDLE0001,2624,7499
11,JP0106-PPSA15972_00-DWORIGINSDDX0000,6299,8999
11,UP1018-CUSA11395_00-MK11UEINJ2LE0000,999,9999
11,UP2047-CUSA16343_00-SRTTRDRDXGAME001,449,2999
11,JP0102-PPSA26873_00-MHST30000PREMIUM,8599,9999
11,JP0102-PPSA26873_00-MHST300000DELUXE,7559,8999
11,UP0177-PPSA20800_00-METAPHORGUIDEBDL,3199,7999
11,UP1003-PPSA09016_00-SKYRIMFALLOUT4AE,5399,8999
11,UP2006-PPSA05825_00-0281949306857114,6399,7999
11,UP2006-CUSA28698_00-0662490591629250,6399,7999
11,UP1003-PPSA01981_00-DOOMANTHOLOGY000,2799,7999
11,UP1003-PPSA01981_00-DOOMETERNALBUNDL,989,2999
11,UP1003-CUSA13338_00-ETERNALYEARONEGB,1399,1999
11,UP1003-CUSA13338_00-DEANCIENTGODSP01,799,999
11,UP1003-CUSA13338_00-DEANCIENTGODSP02,799,999
11,UP0082-CUSA07211_00-FFVIIREMAKE00000,1049,2999
11,UP0082-PPSA01903_00-7462776201452750,0,0
11,UP0001-PPSA01374_00-RRPREMIUMED00000,2999,9999
11,UP3696-PPSA07934_00-DYNASTYBUNDLENA0,1499,4999
11,UP3696-PPSA07934_00-MDCOMPLETEPS5NA0,2199,3999
11,UP3696-CUSA34021_00-MEDIEVALDYNPS4NA,1499,2999
11,UP3696-PPSA07934_00-MDSETBUNDLEPS5NA,2087,3599
11,UP0177-PPSA10872_00-ADDCONTENT200011,2449,6999
11,UP0082-CUSA13613_00-ONLINESTANDALONE,399,999
11,UP0006-PPSA02342_00-ITTAKESTWORETAIL,3999,3999
11,UP1001-PPSA01462_00-000000OAKSIEANLB,699,6999
11,UP0002-PPSA01628_00-CODCWTHEGAME0001,6999,6999
11,UP0001-CUSA04459_00-WD2DELUXEEDITION,899,5999
11,UP1001-CUSA01401_00-BLLEGENDARY00000,999,4999
11,UP0700-CUSA05636_00-AC7STANDARDED000,959,5999
11,UP5428-CUSA31548_00-0756838568256035,1999,4999
11,UP0002-PPSA02443_00-DIABLOPRIMEEVIL0,1979,5999
11,UP0700-PPSA27501_00-OPPW4NAHDDGAME00,999,3999
11,UP0700-PPSA04220_00-JASBRUTEDITION00,2974,8499
11,UP4389-PPSA03308_00-WRECKFESTPS5US00,3999,3999
11,UP0001-CUSA00496_00-B000000000000684,699,3499
11,UP0002-PPSA18010_00-TH1234RDLXBDL001,4999,9999
11,UP4108-CUSA24123_00-NINJAGAIDENMCDX1,2499,4999
11,EP5987-PPSA31325_00-ULGCRIMEBUNDLE01,2549,2999
11,EP5987-PPSA31325_00-ULGCRIMEBUNDLE02,2974,3499
11,EP5987-PPSA31325_00-ULGCRIMEBUNDLE04,2549,2999
11,EP5987-PPSA31325_00-ULGCRIMEBUNDLE03,3399,3999
11,EP5987-PPSA31325_00-ULGCRIMEBUNDLE05,3399,3999
11,UP4064-PPSA02422_00-1775940659903345,4999,4999
11,EP4356-PPSA21725_00-RIDE6DELUXE00000,5599,7999
11,UP6312-PPSA25366_00-0950569117932928,2599,3999
11,UP0001-PPSA08261_00-DELUXEDITION0000,2249,8999
11,UP1001-CUSA26174_00-MMSDIGITALPLUS00,1599,7999
11,EP4389-PPSA26893_00-SPONGETOTTDELUXE,3574,5499
11,UP0001-PPSA01491_00-EDITIONDELUXE000,1999,7999
11,UP1018-CUSA05462_00-INJUSTICE2000000,1999,1999
11,UP0082-CUSA09254_00-JC4GOLDNEW000000,899,5999
11,UP7666-CUSA44603_00-0300014831910934,1499,2499
11,UP0001-CUSA03352_00-FARCRYPRIMALAPEX,524,3499
11,UP2047-CUSA15610_00-KCDROYALEDITION0,799,3999
11,UP1003-CUSA00132_00-TESOCP2025BUNDLE,499,1999
11,UP4064-CUSA34285_00-MOVINGOUTBUNDLE0,899,4499
11,UP4064-CUSA34285_00-MOVINGOUT2DX0000,824,3299
11,UP0001-PPSA07230_00-ACMACVBUNDLE0000,3299,9999
11,UP1018-CUSA04408_00-SHADOWOFMORDOR02,4999,4999
11,UP0001-PPSA01876_00-FC6EDITIONGOLD00,2499,9999
11,UP1023-PPSA26677_00-RYUNOKUNIPREMIUM,5199,7999
11,UP1023-PPSA26677_00-RYUNOKUNIDELUXE0,4549,6999
11,UP0006-PPSA02198_00-RESPAWNSWBIRDDOG,3999,3999
11,EP4108-PPSA24062_00-APPFT20000000000,2999,5999
11,EP4108-PPSA24062_00-FAIRYTAIL2DDX000,3999,7999
11,UP0001-CUSA05218_00-FHSTAN0000000000,2999,2999
11,UP8721-PPSA28482_00-0742009761106385,2799,3999
11,UP8721-PPSA28482_00-0985837773010068,2799,3999
11,UP8721-PPSA28482_00-0782927394475848,3199,3999
11,UP8721-PPSA28482_00-0961864166337032,3499,4999
11,UP8721-PPSA28482_00-0554230075144894,1999,1999
11,UP1003-PPSA01302_00-GWTOKYODEATHLOOP,3299,9999
11,UP1850-CUSA10608_00-COMPLETEOCT20210,8449,12999
11,UP1850-CUSA10608_00-1832069162473781,3249,6499
11,UP0006-PPSA02227_00-PGATOURDIGITAL23,6999,6999
11,UP4064-CUSA10940_00-OVERCOOKED200000,2499,2499
11,EP2866-PPSA29953_00-TSW6USAEDITIONLO,999,4999
11,EP2866-PPSA29953_00-TSW6UKEDITIONLOC,999,4999
11,EP2866-PPSA29953_00-TSW6DEUTSCHEEDIT,999,4999
11,UP5608-PPSA17745_00-0693013217125654,1049,2999
11,EP3550-PPSA26057_00-SGDSAKURAEDPS5GP,1979,3299
11,UP1003-CUSA13084_00-YNGBLD0000000000,499,1999
11,UP1003-CUSA13084_00-RESISTANCEBUNDLE,1249,4999
11,UP1063-PPSA26391_00-KAIBUNDLEEDIT002,7999,9999
11,UP1063-PPSA26391_00-KAIBUNDLEEDIT001,6399,7999
11,UP2047-CUSA10865_00-OTWADVBUNDLEUS00,799,3999
11,UP7818-CUSA45165_00-0153621143952723,1749,3499
11,UP0002-PPSA01687_00-CODVCROSSGEN0001,6999,6999
11,UP0700-PPSA08065_00-GUNDAMBREAKER4P1,1979,5999
11,UP4389-CUSA08880_00-DS3DELUXEEDITION,499,4999
11,UP5025-PPSA01771_00-0390470181629661,799,7999
11,UP2047-PPSA02395_00-METROEXODUS0GEN9,2729,2729
11,UP1023-PPSA25068_00-BAZAARDELUXE0000,4799,5999
11,UP1023-PPSA25068_00-BAZAARPREMIUM000,5599,6999
11,UP0700-PPSA28323_00-SUPERROBOTWARSY0,3599,5999
11,UP6856-PPSA15246_00-TRDNBASE00000000,2999,2999
11,UP1063-CUSA15119_00-DIGITALDELUXEPRE,2799,7999
11,UP1063-CUSA15119_00-FULLGAME00000000,2399,5999
11,UP1063-PPSA17672_00-EDSENNOKISEKI3RD,2799,3999
11,UP0700-CUSA08789_00-SHINOBISTRIKERDE,999,3999
11,UP0700-CUSA08789_00-SHINOBISTRIKER01,1999,1999
11,UP4139-PPSA07434_00-AOW4STARTERED000,3599,5999
11,UP0006-PPSA01716_00-COMPLETEEDITION0,8499,8499
11,UP0006-CUSA10483_00-COLDWOODPIKE0000,1999,1999
11,HB1365-CUSA53286_00-0453409786615642,1049,1499
11,UP5180-CUSA36828_00-VIEWFINDER0004US,874,2499
11,UP1981-PPSA15191_00-HW2DELUXEEDITION,1049,6999
11,UP4133-PPSA09845_00-ROADBUILDERGAME0,3999,3999
11,UP0006-CUSA02429_00-BATTLEFIELD01000,1999,1999
11,UP1063-PPSA14427_00-CRYMACHINA0PS5NA,2399,5999
11,UP0001-CUSA08600_00-THECREW2SCEA0000,2999,2999
11,UP2026-CUSA05332_00-BATM000000000000,0,0
11,UP1003-PPSA09477_00-QUAKEBUNDLEPS500,599,1499
11,UP1003-CUSA00314_00-WOLFENSTEIN2PACK,749,2999
11,UP1850-PPSA01953_00-METALHELLSINGER0,1599,3999
11,UP1850-CUSA25652_00-METALHELLSINGER0,1199,2999
11,UP2514-PPSA01736_00-PLANETCOAPREMIUM,2249,8999
11,UP1063-CUSA08565_00-YSVIIIGAME000000,1999,3999
11,UP2985-PPSA25045_00-0768939593708312,3749,4999
11,UP4133-PPSA05366_00-APLAGUEOUTBURST0,5999,5999
11,EP6665-PPSA05965_00-TDUSC00000000000,1199,5999
11,UP4108-PPSA04334_00-MOBWDDX000000000,3849,5499
11,UP4108-PPSA10279_00-APPZEROMOLDDX000,4199,6999
11,UP0700-CUSA15929_00-MHOJ2ULTEDITION0,1999,7999
11,UP8006-CUSA28813_00-1492912303091422,499,1999
11,UP1001-PPSA06898_00-TS2K25CROSSGENED,1999,1999
11,UP2514-CUSA10205_00-JWEPARKEDITION00,974,6499
11,UP4108-CUSA17584_00-FAIRYTAILDDX0000,2474,7499
11,EP4108-PPSA26792_00-RESLERI100MASTER,3899,5999
11,EP4108-PPSA26792_00-RESLERIDDX000000,4549,6999
11,UP0102-CUSA43546_00-FULLGAME00000001,1479,3999
11,UP0177-PPSA02383_00-YLADIWSTRTERPACK,3999,7999
11,UP1980-CUSA10507_00-REMBUNDLE2000000,1249,4999
11,UP4433-PPSA05509_00-DIGITALDELUXEEDI,1999,4999
11,EP4108-CUSA50766_00-YUMIA10000DDX000,3989,6999
11,UP4008-CUSA18646_00-HS20SIEA00000000,799,3999
11,UP0006-CUSA00110_00-BATTLEFIELD40000,1999,1999
11,UP4108-CUSA12653_00-MO3STD0000000000,2999,5999
11,UP2514-PPSA12578_00-WH40KCGDH0000000,1124,4499
11,UP1090-CUSA09188_00-00COMPLETEBUNDLE,2099,2999
11,UP1090-CUSA09188_00-DYNASTYEDITIONV2,799,1999
11,UP0006-CUSA00113_00-NFS14000PS4000NA,1999,1999
11,EP5987-PPSA21997_00-ULGBUTS2DDS10001,2534,3899
11,UP0115-PPSA01861_00-MANEATER00000001,3999,3999
11,UP4389-PPSA04734_00-MXL2026DELBUNDLE,6299,8999
11,UP4389-PPSA04734_00-MXVSATV2021PS5US,3999,3999
11,JP0122-PPSA24944_00-0213432248533543,479,599
11,UP4040-CUSA24170_00-GHOSTRUNNER00000,749,2999
11,UP0006-CUSA02684_00-ME4RECRUITSTNDRD,1999,1999
11,UP0006-CUSA00220_00-DA3GAMEOFTHEYEAR,3999,3999
11,UP4389-CUSA17271_00-KOARECKONINGDEUS,3999,3999
11,UP4108-CUSA10448_00-EPICGAMENA000000,1199,1999
11,UP4108-CUSA10448_00-GAMEADDSCENARIO0,1599,3999
11,UP4108-CUSA10448_00-GAMEADDWEAPON000,1439,3599
11,UP1063-PPSA18986_00-ULTIMATEEDITION0,7799,12999
11,UP1063-PPSA18986_00-DIGITALDELUXEEDI,5399,8999
11,UP4108-PPSA07421_00-GAME000000000000,2599,3999
11,UP1063-PPSA24326_00-DAYBREAK2ULTEDIT,9099,12999
11,UP1063-PPSA24326_00-DAYBREAK2DLXEDIT,5599,7999
11,UP0177-CUSA33873_00-DAYLIGHT00000000,1999,1999
11,JP0747-PPSA19053_00-FLCAPP0000000000,1249,2499
11,JP0747-PPSA19053_00-0155802578228805,2249,4499
11,UP2514-PPSA06927_00-AOSREALMSOFRUIN0,1199,5999
11,UP0576-PPSA02213_00-PS5KOF15USDX0000,999,3999
11,UP5025-PPSA01979_00-SHCODELUXE000000,599,5999
11,UP5025-CUSA18574_00-0624879723597126,699,6999
11,UP2772-CUSA27480_00-2179878531310326,2099,6999
11,UP0031-CUSA56782_00-MLARIANANSGAM000,1499,2999
11,UP1050-CUSA38011_00-9863464027406728,1124,2499
11,EP6444-PPSA21827_00-0635760319245506,1079,1799
11,UP2777-PPSA29381_00-0000000000000000,4999,4999
11,UP4389-CUSA28725_00-SPELLFORCE3PS4US,1199,3999
11,UP6665-PPSA06511_00-SSSG0DELUXE00003,2799,6999
11,UP2320-CUSA13597_00-0000000000000KCC,2099,4999
11,UP2320-CUSA13597_00-0000000000000KEP,1679,2999
11,UP2320-CUSA13597_00-0000000000000KOE,1481,2599
11,UP2833-CUSA59673_00-0995067772354357,799,799
11,EP5360-PPSA23677_00-0683828126722345,2274,3499
11,EP5360-PPSA23677_00-0912363659425062,1749,2499
11,UP6301-PPSA29132_00-0990564356322060,1209,2199
11,UP6301-PPSA29132_00-0856371859705547,1439,2399
11,UP6301-PPSA29132_00-0363326950872546,2199,2199
11,UP4108-PPSA14260_00-SAN8RGAMEDDX0000,5399,8999
11,UP4001-PPSA01552_00-DIRTFIVEPS5EDITI,5999,5999
11,UP4108-PPSA25843_00-WARRIORSABYSS001,1599,3999
11,UP5805-PPSA22000_00-ULGSGS2BUNDLECE1,2399,3999
11,EP5987-PPSA21999_00-0353711317484685,1799,3599
11,UP5805-PPSA22000_00-SGS2GMSSIEA00001,3429,4899
11,UP2777-PPSA28190_00-0000000000000000,2999,5999
11,UP4774-CUSA15175_00-0000000000000000,399,1999
11,UP4108-PPSA10908_00-APPA01REMAKE0000,1999,4999
11,UP0006-PPSA01464_00-KINGSTONGAME0000,6999,6999
11,UP3763-PPSA07585_00-MILE0BUNDLE1SIEA,674,2699
11,UP4008-CUSA16865_00-WTASIEA000000000,299,2999
11,UP3528-CUSA48298_00-0034149936460381,3999,4999
11,UP3528-CUSA48298_00-0875438443088488,1399,1999
11,UP3528-PPSA22369_00-0529305527257288,1399,1999
11,UP3528-PPSA22369_00-0754028796079571,199,199
11,UP5969-CUSA26332_00-9933217482448534,1399,3499
11,UP4865-CUSA26962_00-BESIEGE000000000,699,1999
11,UP1063-CUSA25458_00-RTYPEFINAL200DDE,2999,5999
11,UP1063-CUSA25458_00-RTYPEFINAL200000,2399,3999
11,UP6261-CUSA26608_00-3685222421709733,799,1999
11,UP3535-PPSA19384_00-0193253412239288,2999,2999
11,UP6718-PPSA36918_00-0754996608291098,1999,2499
11,EP5609-PPSA28116_00-0721213427652178,1999,1999
11,UP0700-CUSA14889_00-TSUBASAMAINGAME0,3999,3999
11,UP5223-CUSA51287_00-0784574315927718,1624,2499
11,UP1676-PPSA03555_00-2717966022948688,989,4499
11,UP0700-PPSA04215_00-GBOCFNAPS5000000,799,1999
11,UP4389-PPSA09351_00-AEWRESTLINGPS5US,3999,3999
11,UP1850-PPSA22617_00-MHELLSINGERPSVR2,1199,2999
11,UP4133-PPSA17423_00-EXPEDITIONSEDSUP,7999,7999
11,UP4389-PPSA05398_00-DAH2REPRODBEDUS0,3999,3999
11,UP3696-CUSA40883_00-GARDENSIM3PS4NA0,809,2699
11,JP5134-CUSA57941_00-0362878436526020,2199,2749
11,JP5134-PPSA24262_00-0277607031765494,2499,2499
11,JP0013-PPSA37704_00-JP0AKNOT00000PS5,1999,1999
11,EP3185-CUSA51536_00-0623326136334895,1199,1999
11,UP4108-CUSA42979_00-HDDBOOTDDX000004,6499,9999
11,UP7581-PPSA15065_00-CQ300000000PS5US,1999,1999
11,UP2060-PPSA05683_00-TROPICO600000001,4999,4999
11,UP1850-CUSA12680_00-MYZDELUXEEDITION,1799,4499
11,UP4389-CUSA14899_00-DAH1REMAKEUS0000,3999,3999
11,UP1063-PPSA04103_00-MONARK0000000PS5,2099,5999
11,UP0115-CUSA02134_00-KF2DBL0000000000,999,3999
11,UP4108-CUSA28451_00-MYSTERIOUSMASTER,2999,5999
11,UP4108-CUSA28451_00-MYSTERIOUSDDX000,3499,6999
11,UP4040-PPSA03847_00-ACCOMPPS50000000,3999,3999
11,UP1018-CUSA03372_00-LEGOFORCEAWAKENS,1999,1999
11,UP4008-CUSA13072_00-0315403821309072,299,2999
11,UP4008-CUSA13072_00-WHCHBUNCHAMARBUU,999,4999
11,UP4008-CUSA13072_00-WHCBSIEA00000000,199,1999
11,UP4008-CUSA13072_00-PREORDERB3000000,624,2499
11,UP4108-CUSA14544_00-LULUA00000MASTER,1499,5999
11,UP4064-CUSA06267_00-THEESCAPISTS2000,1999,1999
11,UP0700-CUSA05125_00-SWORDARTHR0000US,1999,1999
11,UP8160-CUSA37353_00-0000000000000000,499,2499
11,UP3643-CUSA15271_00-THEMESSENGERSIEA,499,1999
11,EP7868-CUSA47781_00-FFDEUPGRADEBUNDL,1049,3499
11,UP4008-CUSA23641_00-RIMS000000000000,449,2999
11,UP4008-CUSA23446_00-TWT2SIEADELUXEED,799,3999
11,UP0969-CUSA42998_00-0000000000GNOSIA,1874,2499
11,UP1063-PPSA20722_00-REYNATISPS5NA000,3599,5999
11,UP1562-CUSA11981_00-EVERSPACEOST0001,174,699
11,UP1063-PPSA21466_00-RPGMAKERWITHED01,4549,6499
11,EP3643-PPSA26283_00-0008911345432117,3999,3999
11,HP5249-CUSA52129_00-0484878819298854,1499,2999
11,UP4293-PPSA34849_00-NSLT000000000PS5,2999,2999
11,UP0002-PPSA06659_00-CTR23DLXEDITION1,2399,3999
11,UP0002-PPSA06659_00-CTR23STDEDITION1,2999,2999
11,UP1440-CUSA07825_00-DEANASTBUNDLE001,599,4999
11,UP1063-CUSA19637_00-EDSENNOKISEKI4TH,2399,5999
11,UP1063-CUSA19637_00-DIGITALDELUXE000,2799,7999
11,UP4108-CUSA24099_00-SENGOKUMUSOU5DDX,4499,8999
11,UP2844-CUSA25664_00-7859772517020436,2099,3499
11,UP0060-CUSA10349_00-JUSTSHAPESNBEATS,1999,1999
11,HB1334-PPSA34388_00-0939843570422372,999,999
11,UP0177-CUSA10633_00-VC4COMPLETE00000,999,4999
11,UP0031-CUSA26177_00-MARYSKELTERFINAL,749,4999
11,UP3824-PPSA03705_00-0331234441332323,4499,4499
11,UP6665-PPSA07580_00-8213708745161503,4999,4999
11,UP6946-CUSA44624_00-0608616217013231,2624,5249
11,UP6946-CUSA44624_00-0305858214657066,1874,3749
11,UP8233-PPSA34420_00-CTS26STARTEREDTN,3199,3999
11,UP3696-CUSA35139_00-STARSANDPS4NA000,599,1999
11,EP8923-PPSA25180_00-THEOCCULTIST0PS5,2999,2999
11,UP1063-CUSA13817_00-CALIGULAOD000001,2749,4999
11,UB0313-CUSA51389_00-0258064180312939,1499,2999
11,UP0031-CUSA33705_00-NEPTUNIASISTERS1,999,4999
11,UP7408-PPSA24677_00-0720696502679415,2499,2499
11,UP4108-CUSA05071_00-SAN13GAMENA00000,1799,5999
11,UP4108-CUSA26642_00-APPA17DX00000000,1999,3999
11,UP4108-CUSA26644_00-APPA18DX00000000,1999,3999
11,UP4108-CUSA26642_00-MYSTERIOUSDX0000,8999,8999
11,UP3643-PPSA15319_00-PLUCKYSQUIREPS5A,2999,2999
11,UP0001-PPSA02202_00-GAME000000000000,2999,2999
11,UP6169-CUSA47835_00-0050276469035443,1499,2499
11,UB0445-PPSA30249_00-0975721759560823,2499,2499
11,HP3768-PPSA25034_00-BASEGAMEBOUNCE00,1999,1999
11,UP3573-PPSA16835_00-0921701939673889,2899,2899
11,UB0990-CUSA53612_00-0762961418834440,299,999
11,UB0990-PPSA26015_00-0848655567756009,389,1299
11,EP3024-CUSA54294_00-KNIFFELYAT2PS4WW,1499,1999
11,UP0177-CUSA10998_00-TEAMSONICRACING1,2999,2999
11,UB1012-PPSA31410_00-0121554489432849,1299,1299
11,UP5290-CUSA25518_00-0456894318799813,649,6499
11,UP7800-CUSA47246_00-0137700101179215,404,1349
11,UP4389-CUSA11318_00-THQNORDUSDESP000,999,3999
11,UP3643-PPSA09682_00-4803096615716929,999,999
11,UP2985-CUSA27482_00-4514750792484501,1874,2499
11,EP5987-PPSA32035_00-ULGFMWBUNDLE0001,2449,3499
11,EP4295-PPSA17337_00-0645611647424784,2249,4499
11,UP7962-CUSA36461_00-2782641365660476,139,199
11,UP7962-PPSA09949_00-7665717930656082,139,199
11,UP0283-PPSA29010_00-0286199345763002,4999,4999
11,UP4389-CUSA19156_00-MONSTERJAM2US000,3999,3999
11,UP4133-CUSA12564_00-THESURGE2PREMIUM,3999,3999
11,UP1192-CUSA03333_00-HPL3SOMAGAME2015,2999,2999
11,UP1063-CUSA27396_00-CE2DIGITALDELUXE,2599,6499
11,UP1063-CUSA27396_00-0CALIGULAEFFECT2,2749,4999
11,UP2680-CUSA36357_00-2521127706880894,499,2499
11,HP6961-PPSA25715_00-0468120727725986,1924,3499
11,UP4744-PPSA08115_00-GLOOMHAVENGOLDB1,4999,4999
11,UP5290-PPSA03665_00-4938932257427984,824,5499
11,UP5290-CUSA42894_00-0204222237448616,749,4999
11,UP2467-PPSA27622_00-ASTRONEER0000000,2999,2999
11,UP8703-PPSA31125_00-0884097121473305,1299,1299
11,UP7590-PPSA13961_00-0800601292985907,1154,2099
11,UP7590-PPSA13961_00-0133297573064160,1999,1999
11,UP2719-CUSA06152_00-0885359016381614,5759,7199
11,UP1713-CUSA33095_00-KATTB00000000000,1749,3499
11,UP0031-CUSA52600_00-SCARLEADSAGAM000,749,2999
11,UP2045-PPSA03332_00-6824837102800807,2499,2499
11,UP6946-CUSA29315_00-9062560693836546,599,1499
11,UP6665-CUSA46447_00-TDF2400000000000,749,2999
11,UP6301-PPSA25250_00-0695509717843684,1199,1199
11,EP4539-CUSA45550_00-0929460866492392,1979,2999
11,EP8709-CUSA46929_00-0776220275080038,1234,1899
11,UP0969-CUSA31385_00-2100507026447442,1499,2499
11,UP7962-CUSA39163_00-7946663937875140,139,199
11,UP0969-CUSA35580_00-00000000MARFUSHA,599,1199
11,UP0283-PPSA18191_00-HOTWMONSTERTRUCK,3999,3999
11,EP3185-CUSA51511_00-BASEGAME00000000,699,1999
11,EP5519-PPSA27616_00-0983640666583317,1999,1999
11,UP2848-PPSA08244_00-TCHIA000000PS5US,2999,2999
11,UP3535-PPSA16750_00-0241716664539235,399,999
11,EP6941-PPSA23595_00-0343046095966732,1687,3749
11,UP5223-CUSA54465_00-MYTHWRECKEDPS4WW,1624,2499
11,EP5987-PPSA34481_00-ULGPRIESTBUNDLE0,1869,2199
11,EP5987-PPSA34481_00-ULGPRIESTBUNDLE1,2974,3499
11,UB0797-PPSA32514_00-0991454887543718,599,599
11,UP8281-CUSA58134_00-0692264631414743,1959,2449
11,UP1023-PPSA16840_00-0000000000000002,1349,2699
11,UP0082-CUSA27320_00-VOCTIDRSET000001,1519,3799
11,UP4008-PPSA01902_00-6699679568085093,3999,3999
11,UP0031-CUSA48547_00-NEPBIKEMAINGAME0,799,3999
11,UP3003-CUSA30312_00-6729281218793124,1799,2999
11,UP6088-PPSA25994_00-0724589703997896,5249,14999
11,UP6088-PPSA25994_00-0011609022569829,2274,6499
11,UP6088-PPSA25994_00-0970283973379178,1574,4499
11,UP6088-PPSA25994_00-0610751940319354,3149,8999
11,UP6665-CUSA28560_00-R220000000000000,499,1999
11,UP1778-CUSA19012_00-DEMON00000000000,199,999
11,UP6088-CUSA25847_00-4346527867677869,1224,3499
11,UP4713-PPSA24128_00-0519863325343393,2499,2499
11,UP3824-CUSA27884_00-RYANSWORLDGAME01,599,3999
11,UP7555-PPSA19770_00-0634489149900277,359,1199
11,UP4042-CUSA18429_00-ZENRPGBUNDLE0000,3599,5999
11,UB1706-PPSA30061_00-0322970927542369,774,1549
11,UB0714-PPSA31452_00-0771539695079183,1499,1499
11,UP2777-CUSA40923_00-0228139471710422,749,1499
11,UP3515-PPSA20096_00-CONTRAPTIONSCUSA,899,2999
11,UP0676-PPSA30650_00-0946697736004268,1499,1499
11,UP3696-CUSA36286_00-BEHOLDER3PS4NA00,599,1999
11,EP5519-PPSA27624_00-0594607393712142,1999,1999
11,UP4713-PPSA15907_00-0738157791762139,799,1999
11,HB1050-CUSA59368_00-0766955068517543,699,1399
11,HB1050-CUSA59368_00-0191595865103503,1249,2499
11,UP6088-CUSA48660_00-0463003026833614,699,1999
11,UP6088-PPSA19256_00-0645041624840248,699,1999
11,UP6088-CUSA48660_00-0183620068740382,1224,3499
11,UP6088-PPSA19256_00-0823185352296959,2449,6999
11,UP6088-PPSA19256_00-0067283710311836,1399,3999
11,UP2985-CUSA09588_00-NDREAMSBUNDLE000,3599,5999
11,UP0182-CUSA50697_00-IROBOTTHEGAMEPS4,824,1499
11,UP4139-PPSA21461_00-ACROSSTHEOBELISK,2499,2499
11,UP5290-CUSA32175_00-2310326871882822,399,1999
11,UP0182-CUSA35366_00-5214618321248330,899,2999
11,UP4729-CUSA36113_00-2166848066902882,599,1499
11,UP5180-PPSA22013_00-0938857980111142,999,3999
11,UP5180-PPSA06485_00-0333677318656288,874,3499
11,UP2329-CUSA08141_00-BRADELUXEBNDL0NA,899,2999
11,EP5506-CUSA59071_00-UNI3DHOTVACAYPS4,174,249
11,UP4064-PPSA13723_00-0232899021037973,3499,3499
11,UP2833-CUSA56654_00-2000000000000000,299,499
11,UP4064-CUSA01880_00-THEESCAPISTS0000,1999,1999
11,UP3604-CUSA43517_00-TRIPWORLDCARBON0,799,1999
11,UP2833-CUSA57112_00-2000000000000000,299,599
11,UP7680-CUSA34332_00-7382101385426449,494,1499
11,UB0714-PPSA33569_00-0403703303031289,1499,1499
11,UP4713-CUSA29033_00-0697032482848309,1619,4499
11,UP4713-PPSA19735_00-0326934173896272,1484,2699
11,UP4713-PPSA19735_00-0807893810250351,1799,4499
11,UP4713-PPSA19735_00-0973123442761928,1574,3499
11,UP4713-PPSA19735_00-0933247617004743,2024,4499
11,UP4713-CUSA29033_00-0661614010121051,2024,4499
11,UP4713-PPSA19735_00-0984734359663540,2499,2499
11,UB0108-PPSA37121_00-0285929599834652,799,999
11,UP1643-PPSA20738_00-GREED1TMSJDPS5US,1339,1999
11,UP4384-CUSA36991_00-GARDENCITY000PS4,149,499
11,UP4384-CUSA36991_00-GCITY0BUNDLE4IN1,449,1499
11,UP4384-CUSA36991_00-ROADSTIME0BUNDLE,299,999
11,UP4384-CUSA04650_00-DKPS40000000000U,179,599
11,UP4384-CUSA04650_00-ROYALBUNDLEPS400,299,999
11,UP4384-CUSA04650_00-RCBUNDLEPS400000,389,1299
11,UP3004-CUSA12494_00-FISHINGSIMWORLD1,1999,1999
11,EP5987-CUSA51695_00-0725714707615272,659,1199
11,UP3165-CUSA39447_00-LUDOXXLAMERIKPS4,999,1999
11,UP6410-CUSA53620_00-0033906277421657,999,1999
11,UB1220-PPSA31066_00-0485647258785990,1124,1499
11,EP5506-CUSA58537_00-DAMSELSINDISTPS4,299,499
11,UP4384-CUSA04651_00-SUPERPACK5IN1PS4,599,1999
11,UP4384-CUSA04651_00-ASDGBUNDLE000000,299,999
11,UP4384-CUSA04651_00-ASDDBUNDLE000PS4,299,999
11,UP4384-CUSA04651_00-CREEPYBUNDLE0PS4,539,1799
11,UP7962-PPSA10245_00-8319710323948970,139,199
11,UP6410-CUSA53619_00-0457773201980063,499,999
11,UB0429-CUSA48349_00-0973300643174777,1049,1399
11,UP0737-CUSA19573_00-0860464994332381,1749,3499
11,UP5223-CUSA31494_00-CALICOPS4USAFULL,419,1199
11,EP5506-CUSA57292_00-ELSDMT2000000000,489,699
11,UP0785-PPSA15353_00-0289658705573678,599,1499
11,UP7962-CUSA36755_00-0809370245142939,139,199
11,UP4729-PPSA14203_00-0441804195700567,719,1799
11,UB0714-PPSA35882_00-0048936699387775,1499,1499
11,UP3515-CUSA27198_00-CLASSICRACERSUS4,899,2999
11,UP0082-CUSA00794_00-LARACROFT2OSIRIS,1999,1999
11,UP0182-CUSA33646_00-0000000000000001,499,1999
11,UP4713-PPSA16236_00-0347520437645251,2999,3999
11,UP4713-CUSA43202_00-0819178059857421,1799,4499
11,UP4713-PPSA16236_00-0831663767357220,1799,4499
11,UP4713-CUSA43202_00-0498308355268719,1559,3899
11,UP6088-PPSA02544_00-5054226293167174,524,1499
11,UP6088-CUSA24069_00-2258057264723720,454,1299
11,UP1681-CUSA32048_00-DEMONHUPS422SIEA,449,1499
11,UP4729-CUSA43710_00-0540506794708410,799,1999
11,EB1457-CUSA51760_00-0990673732986725,909,1299
11,UP7962-CUSA36659_00-5919216133390488,139,199
11,UP0891-CUSA37190_00-RATALAGASAVEROOM,199,499
11,UB2057-CUSA58753_00-0536980350730179,299,499
11,UP7962-CUSA39159_00-4352064313621455,139,199
11,UP7962-CUSA36664_00-8300135913868383,139,199
11,UP2187-CUSA09675_00-SCDEDIGIPS4SIEA1,1249,2499
11,UP7962-CUSA37848_00-5756111875732917,139,199
11,EP4382-PPSA20309_00-ARCADEPARADISEVR,1999,1999
11,UP0182-CUSA40501_00-0936057856071963,749,2499
11,UB1011-CUSA49812_00-0136038643638415,239,799
11,UP3165-CUSA42585_00-IRONWINGSPS4AMER,499,1999
11,EP5987-CUSA55018_00-ULGSNAKE00000002,779,1299
11,UP4385-PPSA02848_00-7735639468242410,2499,2499
11,UP6963-CUSA45298_00-0198249358961544,3499,3499
11,UP4382-PPSA07393_00-GORIDRAGUSBUNDLE,659,2199
11,UP4382-PPSA07393_00-GORICUDDLYCARNAG,2199,2199
11,UP7680-CUSA38348_00-6181509390087618,494,1499
11,UP2715-CUSA03808_00-ROABODSTBUNDNA00,1599,3999
11,EP4358-PPSA31482_00-WILDWESTSHOOTER5,899,2999
11,UP4382-PPSA16847_00-FALCONEERBULWARK,499,1999
11,UP4382-PPSA16847_00-BULWAMADUSBUNDLE,524,2099
11,UP2715-CUSA06771_00-FIREBUNDLEPS4NA0,699,3499
11,UP2715-CUSA06771_00-HEROESBUNDNA0000,699,3499
11,EP7256-CUSA57197_00-0864878588583673,599,999
11,EP4902-CUSA51703_00-0129759547134510,399,999
11,UP7962-CUSA36756_00-5209324587500332,139,199
11,EP6922-CUSA51590_00-0498908261661965,399,999
11,UP3696-CUSA41685_00-HARVESTDAYSPS4NA,599,1999
11,UP1643-CUSA11371_00-DARKMYBUNJDPS4US,2799,3499
11,UP0773-CUSA20289_00-9294052775011492,859,1999
11,EP5987-PPSA28916_00-ULGBUNDLEGIAMINE,3199,3999
11,JP5593-CUSA57057_00-0802570274623341,319,1599
11,UP0700-PPSA05236_00-LEGEND0000000001,2999,2999
11,UP3165-PPSA18851_00-MHSCHATZJA2PS5US,628,1849
11,UP4729-PPSA17478_00-0599016371887991,719,1799
11,UB0383-PPSA34517_00-0104093253887576,1999,1999
11,UP4382-PPSA02842_00-TINYTROOPERSMERC,1999,1999
11,UP7962-CUSA37852_00-8705525267236385,139,199
11,UB0382-PPSA21051_00-0892587038404181,239,1499
11,EP2649-PPSA33620_00-0028536997502628,1999,1999
11,UP7962-CUSA35387_00-5699571177803078,139,199
11,UP1778-CUSA12156_00-RIDDLED000000000,199,999
11,UP5230-CUSA20604_00-2ZQUESTHUNTERPS4,2999,2999
11,UP7962-PPSA10241_00-3330642673910502,139,199
11,UP2194-CUSA29711_00-PSRPRODEEROUTWES,299,999
11,UP7962-CUSA37856_00-4370724993070325,139,199
11,UP1440-PPSA19584_00-EDGEOFSANITYNPS5,1999,1999
11,UP7962-PPSA10242_00-4731764838091999,139,199
11,UP4312-CUSA29465_00-7046766857442812,399,1999
11,UP4312-CUSA29465_00-3094181517544676,349,699
11,UP4312-CUSA29465_00-4716597860284033,349,699
11,UP5880-PPSA11009_00-CYBERTDBUNDLE000,1249,2499
11,UB1116-PPSA26266_00-0094074652023778,519,1299
11,UP4384-CUSA08924_00-MAHJONGWRLD0PS4U,209,699
11,UP4384-CUSA08924_00-MRTMWCBUNDLE0000,299,999
11,UP1643-CUSA16009_00-SPTGMECOLJDPS4US,2399,2999
11,UP4384-CUSA06159_00-MWCGGDAYDBUNDLEU,449,1499
11,UP2715-CUSA03809_00-PDJDBUNDLEPS4US0,499,2499
11,UP4312-CUSA26581_00-8934206090579064,349,699
11,UP1643-CUSA09593_00-3DBILLIARDS00000,599,999
11,UP8101-CUSA41344_00-ROLLERDRAPS4SIEA,299,999
11,UP5290-CUSA43053_00-0520809399150952,149,1499
11,EB0723-PPSA21124_00-0672532591001697,1999,1999
11,UP1440-CUSA17671_00-DAENAEDNAANNI001,1999,1999
11,EP5506-PPSA35662_00-0897869452160255,419,599
11,EP5506-PPSA35662_00-ANIMEUNI6PS50000,249,249
11,UP2715-CUSA05451_00-PF17GOLDBUNPS4US,399,1999
11,UP2715-CUSA05451_00-WORLDFARMBUNDNA0,1749,3499
11,UP2715-CUSA05451_00-WORLDOFSIMBUNDNA,2499,4999
11,UP4312-CUSA44538_00-0284123436011106,399,799
11,UP4312-PPSA17829_00-0687074866691485,349,699
11,UP4312-CUSA44538_00-0318187219595654,349,699
11,UP3876-PPSA04449_00-8182561270564583,1499,1499
11,UP3165-PPSA05337_00-0669348348602387,399,1999
11,EP6470-CUSA53821_00-WARRIORSWAIFUS00,249,499
11,UP5223-CUSA33723_00-BEASTSPS4SIEA000,299,999
11,UP1778-CUSA11018_00-XENON00000000000,199,999
11,UP4312-CUSA45279_00-0570603264106183,349,699
11,UP4312-CUSA34068_00-8403709165627964,349,699
11,UP4312-CUSA34068_00-9416404957237602,349,699
11,UB0706-CUSA53810_00-0699248565861555,69,99
11,UP4312-CUSA32351_00-2588988895459805,349,699
11,UP4312-CUSA32351_00-7642387717190073,349,699
11,UP4312-CUSA33893_00-2948276728359094,349,699
11,UP4312-CUSA33893_00-5158027210802700,349,699
11,UP3165-PPSA18957_00-SHERLHOLMESPS5US,412,1649
11,UP4108-CUSA12058_00-HDDBOOTDDX000001,4049,8999
11,UP0785-CUSA41819_00-0629111461386128,479,1199
11,UP8381-PPSA27759_00-ARENARENOFM00001,1999,1999
11,UP1415-CUSA31879_00-0047040859863189,349,699
11,UP1415-CUSA31879_00-5272847905072615,349,699
11,UP4312-CUSA30741_00-1890731061157422,349,699
11,UP4312-PPSA05970_00-7336515214851369,349,699
11,UP4312-CUSA30741_00-9331726753721914,349,699
11,UP4312-PPSA05970_00-9013899933482994,349,699
11,UP4312-CUSA30741_00-4863337168764450,499,1999
11,UP3004-CUSA08113_00-0000000000000000,1999,1999
11,UP3165-CUSA37764_00-MOORHUHNREMAKEUS,299,1499
11,EP5506-PPSA36476_00-0341250350622930,419,599
11,UP6088-CUSA24065_00-7068218703504356,874,2499
11,UP8787-CUSA57439_00-0108063667079952,89,149
11,UB0706-CUSA51186_00-0473830857482939,69,99
11,UP3050-CUSA09194_00-PUREFARMING2018U,2999,2999
11,UP2833-CUSA58765_00-0833733516711078,419,699
11,UP2833-CUSA58765_00-2000000000000000,249,499
11,UP4312-CUSA34835_00-4598276547111690,209,299
11,UP4312-PPSA18684_00-0996544888608281,349,699
11,UP4312-PPSA06759_00-0442292536037851,349,699
11,UP4312-CUSA32534_00-7365555936477102,349,699
11,UP6088-CUSA24067_00-0074802811840519,874,2499
11,UP7962-CUSA36653_00-1342397388854146,139,199
11,EP4459-PPSA28063_00-DEADRESETPS5GAME,1499,1499
11,UP4713-CUSA29020_00-7866398525769673,499,4999
11,UB0706-CUSA55520_00-0433360303376291,69,99
11,UP4312-CUSA54709_00-0371883631020984,349,699
11,UP4312-PPSA23928_00-0491174958521428,349,699
11,EP5987-PPSA28127_00-ULGCARGOPS500002,389,1299
11,UB0108-CUSA57311_00-0510756985759816,261,349
11,UP0785-CUSA42367_00-0555736516980646,599,1499
11,UP4312-CUSA31110_00-5665048416740528,349,699
11,UP2005-PPSA05457_00-VOIDGORE00000000,149,499
11,UB0706-CUSA50181_00-0530877850391975,69,99
11,UB0706-CUSA53252_00-0820205163701918,69,99
11,UP0182-CUSA32267_00-2403682917171614,299,1499
11,UP4312-CUSA52666_00-0156053689740787,349,699
11,UP2715-CUSA06522_00-INDUSTRYG2PS4US0,499,2499
11,UP2715-CUSA06522_00-THEGIANTSBUNDNA0,1499,2999
11,UB0706-PPSA33522_00-0800789964138746,69,99
11,UP2833-CUSA58756_00-2000000000000000,249,499
11,UP2833-CUSA58756_00-0124349969014836,479,799
11,UP6927-PPSA06827_00-9017313270016208,159,399
11,UP6927-PPSA06827_00-0488404561740642,599,1499
11,UP4312-CUSA31309_00-9579618878157418,349,699
11,UP4312-CUSA31309_00-0972973482913869,449,1499
11,UP4312-PPSA05984_00-0629372692749404,449,1499
11,UP4312-CUSA31545_00-4180295014649493,349,699
11,UP4312-CUSA31545_00-7426117550719724,349,699
11,UP3165-PPSA12510_00-BIBIBIGBROOUSPS5,299,1499
11,UP4384-CUSA40805_00-AAGOLDENFLEECEUS,149,499
11,UP4312-CUSA28909_00-5591087667581365,349,699
11,UP4312-CUSA28909_00-4022033928791899,349,699
11,UP4312-PPSA31273_00-0274384561464585,349,699
11,UP4312-PPSA23269_00-0053597370356943,349,699
11,UP4312-CUSA48874_00-0908247148458928,349,699
11,UP4312-CUSA48874_00-0855782328790794,349,699
11,UP4312-CUSA28955_00-3413607576992661,349,699
11,EP5506-CUSA57553_00-0036201620360704,244,349
11,UP8787-CUSA52968_00-0530302582607024,74,149
11,UP0773-CUSA45132_00-0139864271257306,1499,1499
11,UB0383-PPSA28905_00-0872022799686079,1999,1999
11,UP4312-PPSA09893_00-0747398888601074,374,1499
11,UP4312-CUSA36380_00-3528929687795574,209,299
11,UP4312-CUSA36380_00-0604773195840866,374,1499
11,UP4384-CUSA06157_00-RDBUNDLE0000000U,299,999
11,UP4384-CUSA06157_00-RDBUNDLEPS400000,239,799
11,UP1681-PPSA22048_00-CHROM2024PS5SIEA,1799,1799
11,UP4384-CUSA14446_00-LAORIGINSPS4000U,149,499
11,UP4384-CUSA14446_00-LA3IN1BUNDLE0000,569,1899
11,UP6088-PPSA02546_00-6371653584103267,524,1499
11,UP2005-PPSA04942_00-GLOGAME000000000,124,499
11,UP8787-CUSA52207_00-0119504961936249,59,149
11,UB0438-CUSA55180_00-0626917170814469,139,199
11,UP4312-CUSA36346_00-6893391150826518,209,299
11,EP5987-CUSA55178_00-ULGHOOKCEPS40001,249,499
11,UP7962-CUSA35192_00-9076780895769892,139,199
11,UP7962-CUSA37546_00-2073537745124412,139,199
11,UP7962-PPSA10888_00-0590719286744441,139,199
11,UP2005-PPSA05448_00-DUNGEONESCAPE000,149,499
11,UP4384-CUSA04649_00-DDPOEBUNDLE00000,239,799
11,UP7962-CUSA39171_00-2352879983907943,139,199
11,UB0706-CUSA50079_00-0810108964733729,139,199
11,UP4384-CUSA42484_00-NEWLANDS10000PS4,149,499
11,EP0896-CUSA54434_00-PREHISTORICGALRG,249,499
11,UP2833-CUSA58368_00-0058531543903061,1599,1999
11,UP2833-PPSA35795_00-0428351863177517,0,0
11,UB0706-PPSA31765_00-0587680427165965,69,99
11,UP2005-CUSA24715_00-TKTN000000000000,299,999
11,EP6878-PPSA30093_00-WHATISOLDER11111,299,299
11,UP2833-CUSA42710_00-0314859548363662,499,499
11,UB0438-PPSA29448_00-0039410862273172,139,199
11,UP6695-CUSA35450_00-ROBBYADVENTURENA,19,199
11,UB0706-CUSA54914_00-0659171769638218,69,99
11,UP3004-CUSA19187_00-CATCHCARPCOARSE1,2499,2499
11,UB0706-CUSA51190_00-0509071072947580,69,99
11,UP2005-CUSA29412_00-IMMORTUSTEMPORUS,149,499
11,UP4384-CUSA40239_00-ROADSOFTIME20PS4,149,499
11,UP4312-CUSA46070_00-0399418078174842,349,699
11,UP6963-CUSA47394_00-0142723126322119,194,299
11,UB0706-CUSA52938_00-0328096785053519,69,99
11,UP5290-CUSA34219_00-6373164812027410,219,2199
11,UP5290-PPSA04154_00-0823336720558508,189,1899
11,UP7543-CUSA32509_00-3185219083950545,349,699
11,UP4312-CUSA37219_00-0474993312864613,209,299
11,EP2696-CUSA56477_00-2000000000000000,199,499
11,UP4384-CUSA06162_00-GGMDBUNDLE00000U,269,899
11,UP2060-CUSA16225_00-COMMANDOS2HD0001,1999,1999
11,UB0438-CUSA52701_00-0161867135820253,139,199
11,UP4713-PPSA16661_00-0806413780658490,1199,2999
11,UP4713-CUSA34742_00-0467955084485711,836,2699
11,UP4713-PPSA16661_00-0330140076085024,1999,1999
11,UB0706-PPSA32018_00-0707968983327100,69,99
11,UB0706-CUSA51092_00-0088527681481703,69,99
11,UB0706-CUSA56180_00-0371016595056928,69,99
11,UP8787-CUSA50680_00-0286463844282353,44,149
11,UP6927-PPSA06531_00-0134006794173112,599,1499
11,UP2632-CUSA05854_00-RROFFROADDX00000,319,799
11,UB0438-CUSA53602_00-0558846596021841,139,199
11,UP6695-PPSA18703_00-BLINPOSTMANPS5NA,39,399
11,UB0706-CUSA51299_00-0225408446904607,69,99
11,UP0891-CUSA17101_00-RATAKGAMMEKABOLT,49,499
11,UB0438-PPSA22643_00-0481464377513518,199,199
11,UP4384-CUSA28285_00-LAFROZENQUEENPS4,149,499
11,UP4384-CUSA14444_00-TIMETRAVELBUNDLE,299,999
11,UP6695-CUSA34533_00-CUBEDECIDERNAGAM,39,399
11,UP4384-CUSA37612_00-GGRETURNOFQUEENU,149,499
11,UP4384-CUSA37612_00-GGCOLLECTION3IN1,299,999
11,UP4947-CUSA14862_00-ANNIHILATIONFULL,174,499
11,UP4384-CUSA06160_00-SDBUNDLEPS400000,299,999
11,UP4384-CUSA06160_00-FDBUNDLEPS400000,239,799
11,UP8523-CUSA43270_00-0903539165173721,849,1699
11,UP8523-PPSA16794_00-0054374462386862,899,899
11,UP1778-PPSA06665_00-DEMETRIOSPS50000,99,499
11,UP4312-CUSA23333_00-2527741994129844,349,699
11,UP4384-CUSA10699_00-GG4PS4000000000U,149,499
11,UP0891-CUSA26227_00-VERABLANCSUPERRG,319,799
11,UP5598-CUSA37746_00-0357835503267429,119,299
11,UP4384-CUSA06161_00-FDNMBUNDLEPS4000,239,799
11,UP4384-CUSA06156_00-ISPS40000000000U,209,699
11,UP4384-CUSA06156_00-ISBUNDLEPS400000,239,799
11,UP4384-CUSA10413_00-GG1PS4000000000U,149,499
11,UP4384-CUSA10413_00-FORTGNOMESBUNDLE,419,1399
11,UP4384-CUSA10413_00-MHJNSGGSBNDLVOL1,359,1199
11,UP4384-CUSA10413_00-RDANDGGBUNDLEPS4,359,1199
11,UP6695-CUSA26064_00-4593582697254617,599,599
11,UP3058-CUSA30638_00-1115059969444707,24,49
11,UP3058-PPSA08040_00-9430263431880946,49,49
11,UP4384-CUSA10415_00-DGGG3BUNDLE00000,239,799
11,UP4384-CUSA10415_00-POEGG3BUNDLEPS4U,239,799
11,UP3058-PPSA13400_00-0267213248883399,49,49
11,UP1643-CUSA27858_00-31RACICOLJDPS4US,1599,1999
11,UP4312-CUSA54288_00-0513175808469866,349,699
11,UP4312-PPSA29590_00-0373016628536845,699,699
11,UP4312-PPSA15204_00-0789489731675735,359,899
11,UP4312-CUSA42184_00-0112952717647407,359,899
11,UP4312-CUSA45686_00-0598884563626172,319,799
11,UP4312-CUSA27525_00-4204303332913026,349,699
11,UP4312-CUSA35747_00-4034064638479795,299,299
11,UP4713-PPSA19855_00-0363967699646224,1499,1499
11,UP4713-PPSA17664_00-0350013113594921,1499,1499
11,UP1643-PPSA13589_00-FALLOFTHEJDPS5US,1339,1999
11,UP4133-CUSA23553_00-FE000SPOMAMDCODG,999,3999
11,UP5805-CUSA39292_00-2041686573634553,1499,1499
11,UP4713-PPSA21438_00-0290688911159088,2999,2999
11,UP1713-PPSA31495_00-0000000000000000,1999,2499
11,UP4034-CUSA12072_00-HPBUNDLEAWSWIS00,499,2499
11,UP8381-PPSA30927_00-JUNKYARDFARMER00,2361,3149
11,UP8381-PPSA30927_00-JUNKYARDBUILDER0,1499,1499
11,UP7788-PPSA23982_00-MSLPS5DEMO000000,1499,1999
11,EP3430-PPSA36921_00-0282016795684965,2999,2999
11,UB0429-PPSA22424_00-0799076070100968,1049,1399
11,UB0429-CUSA48353_00-0700112413852317,1049,1399
11,UP4459-PPSA02963_00-4893207941467832,1299,1299
11,EP2696-PPSA38356_00-0095191094497356,1999,1999
11,EP2696-PPSA38356_00-0259579010858373,0,0
11,UP4713-PPSA15215_00-0038284799546071,1999,1999
11,UP7543-PPSA18108_00-0179345765069080,1199,1199
11,UP4432-CUSA00224_00-UU02700000000000,0,0
11,UP0101-CUSA26997_00-EFOOTBALL0000000,0,0
11,UP0101-CUSA24659_00-5718025875580566,0,0
12,UP1032-PPSA22721_00-LORWARINNORTH325,1999,1999
12,UP0002-CUSA05969_00-CODWWIIDELUXE001,3499,9999
12,UP0002-CUSA11100_00-CODBO4DELUXE0001,3499,9999
12,UP9000-PPSA01413_00-HELLDIVERS200000,2999,3999
12,UP9000-PPSA01413_00-HELLDIVERS2SCE00,4799,5999
12,UP4572-PPSA01768_00-000000WOAPARTONE,599,2999
12,HP6545-PPSA23226_00-GAME000000000000,4199,5999
12,HP6545-PPSA23226_00-GAMEDELUXE000000,4899,6999
12,UP6312-PPSA17525_00-0219247498273183,1999,3999
12,UP0002-CUSA04762_00-CODIWLEGACY00001,3199,7999
12,UP0002-CUSA04762_00-CODIWDELUXE00001,3499,9999
12,EP0006-PPSA23566_00-ULTIMATEEDITION0,8499,9999
12,UP0700-PPSA10595_00-TEKKEN8000000000,2399,3999
12,UP0700-PPSA10595_00-TK8S2ULTEDITION0,6299,8999
12,UP0001-CUSA09311_00-GAME000000000000,1199,5999
12,UP0001-CUSA09311_00-EDITIONULTIMATE0,2399,11999
12,UP0001-CUSA09311_00-ACODYSSEYORIGINS,1999,9999
12,UP0002-PPSA01628_00-CODCWTHEGAME0001,1959,6999
12,UP2113-PPSA05003_00-2441492154131447,1199,3999
12,UP2113-PPSA05003_00-0492702045442557,1499,4999
12,UP6312-PPSA15547_00-OGUNQUIT00000000,1999,3999
12,UP0240-CUSA10518_00-THEFOREST0000000,599,1999
12,UP0700-PPSA08084_00-DBZKTDAIMAEDIT00,2499,4999
12,EB1722-PPSA29789_00-0450913655011817,799,999
12,UP4389-PPSA04734_00-MXVSATV2021PS5US,999,3999
12,UP0002-PPSA02442_00-DIVLOHCOMBO00000,5249,6999
12,UP0002-PPSA02442_00-DIVBASEGAME00000,2999,4999
12,EB0236-PPSA28336_00-STALKER2UA000000,4199,5999
12,EB0236-PPSA28336_00-0821195195639920,7699,10999
12,EB0236-PPSA28336_00-0800262973451598,5599,7999
12,UP2047-PPSA03098_00-DISAGA000000SIEA,1799,8999
12,UP1018-CUSA00133_00-BATMANARKHAMKNHT,499,1999
12,UP1018-CUSA00967_00-MORTALKOMBATX000,499,1999
12,UP0292-PPSA06516_00-ROR2DLC123BUNDLE,2999,5999
12,UP6312-PPSA29642_00-0031868794271950,2599,3999
12,UP0781-PPSA36585_00-0855472689709905,1979,2999
12,UP1018-CUSA08469_00-DELUXEEDITION000,699,3499
12,UP4363-PPSA15493_00-ATOMFALLDELUXEED,4799,7999
12,UP0115-PPSA02183_00-1379792283729732,1199,5999
12,UP0115-PPSA02183_00-6816058003800571,999,4999
12,UP1004-CUSA03507_00-SLUS212690000001,899,1499
12,UP4064-CUSA10940_00-OVERCOOKED200000,624,2499
12,UP0002-CUSA17922_00-TH12RSTANDARD001,1599,3999
12,UP0001-PPSA02838_00-THECREWORL000000,1399,6999
12,UP0001-PPSA02838_00-THECREWMULTIY300,4799,11999
12,UP0001-CUSA26571_00-THECREWORL000000,1199,5999
12,UP2015-CUSA14409_00-CASTLECRASHERSNA,449,1499
12,JP0177-PPSA30223_00-DELUXEEDITION000,4874,7499
12,UP0700-CUSA05350_00-DBXSUPERBUNDLE00,934,8499
12,EP6827-PPSA07867_00-0135026912571659,2089,3799
12,EP4151-PPSA27311_00-0338245924855608,2799,3999
12,EP4151-PPSA27311_00-ICARUSCONSOLEULT,9799,13999
12,UP0006-CUSA05999_00-NFSBUNDLE0000000,1799,5999
12,UP0002-PPSA18010_00-TH34RSTNDBUNDL01,2999,4999
12,UP0002-PPSA18010_00-TH1234RSTNDBDL01,4499,7499
12,UP0002-CUSA02290_00-CODBO3ZOMBIESDLX,3499,9999
12,UP3050-CUSA12584_00-DLCOLLECTION0000,1709,8549
12,UP3456-PPSA06081_00-7423111174326993,999,1999
12,UP3643-PPSA06464_00-0296946278425658,3599,5999
12,UP3643-PPSA06464_00-9947002736455524,1049,2999
12,HB1689-PPSA34163_00-0477693395696820,1199,1999
12,UP0002-PPSA01687_00-CODVCROSSGEN0001,2309,6999
12,UP0001-CUSA00663_00-AC4GAMEPS4000001,749,2999
12,UP0006-CUSA02429_00-BATTLEFIELD01000,599,1999
12,UP0001-CUSA05008_00-ACLEGACYHD000000,1199,3999
12,UP0177-PPSA06888_00-SONICORION000000,1799,5999
12,UP0334-PPSA18619_00-S2FOUNDERSEDITIB,1949,2999
12,UP0334-PPSA18619_00-S2ULTIMATEFOUNDB,6499,9999
12,UP0334-PPSA18619_00-S2DELUXEFOUNDERB,3899,5999
12,UP1032-PPSA16941_00-SWBATTLEFRONT000,2624,3499
12,UP5549-CUSA16870_00-FNAF100000000000,399,799
12,UP0001-CUSA05904_00-FARCRY5GAME00000,899,5999
12,UP0001-CUSA05904_00-FC5GOLDEDITION00,1349,8999
12,UP0001-CUSA11711_00-AC3GAMEPS4000001,1199,3999
12,UP0001-CUSA12639_00-TD2ULTEDITION000,2799,6999
12,UP0001-CUSA12639_00-TCTD2BASEGAME001,749,2999
12,UP0001-PPSA07230_00-EDITIONMENTOR000,3599,8999
12,UP0001-PPSA07230_00-EDITIONSTANDARD0,1999,4999
12,UP1018-CUSA04408_00-SOMGOTYSOWDE0000,699,6999
12,EP0001-PPSA23559_00-LS00000000000117,4199,5999
12,EP0001-PPSA23559_00-ANNO117GOLD00000,6299,8999
12,UP0001-PPSA01876_00-FC6EDGOTY0000000,2999,11999
12,UP0001-CUSA05855_00-GAMEACEMPIRE0000,899,5999
12,UP0001-CUSA05855_00-EDITIONGLDACE000,1499,9999
12,EP2187-PPSA25009_00-BLUEPRINCE000000,1799,2999
12,UP9000-PPSA01969_00-DEATHSTRADCDDE01,2999,5999
12,UP0700-PPSA09790_00-DBFLEGENDARYED00,2749,10999
12,UP0001-PPSA20396_00-EDITIONDELUXE000,4499,8999
12,UP0006-CUSA08724_00-BATTLEFIELDV0000,1199,3999
12,UP0082-CUSA01493_00-JC3XXL00000000NA,599,2999
12,UP2293-PPSA20152_00-0019683213812595,1799,2999
12,UP2293-PPSA20152_00-0117377311000124,2224,4449
12,UP3456-CUSA11952_00-STICKFIGHTGAME00,374,749
12,UP4064-PPSA15350_00-TREPANG2DX000000,874,3499
12,EP6625-PPSA28764_00-DDS2GAME00000000,2124,2499
12,EP0177-PPSA19769_00-TWOPOINTMUSEUM00,2009,2999
12,UP4389-PPSA05391_00-WOTHULTIMEDITION,2449,6999
12,UP4389-PPSA05391_00-WAYOFTHEHUNTER00,899,2999
12,UP8274-PPSA13211_00-0497797529623691,1499,2499
12,UP2113-CUSA00325_00-OUTLAST000000000,374,1499
12,UP2113-CUSA00325_00-B000000000001238,499,1999
12,UP3095-PPSA24179_00-PREDATORHUNTGAME,999,1999
12,UP3095-PPSA24179_00-PHGYAUTJA0000001,3499,6999
12,UP3095-PPSA24179_00-PHGJUNGLEED00001,1749,3499
12,UP9000-CUSA15400_00-PREDATORHUNTGAME,999,1999
12,UP9000-CUSA15400_00-PHGDIGITALDELUXE,1999,3999
12,UP0082-CUSA01111_00-0000SLEEPINGDOGS,599,2999
12,UP4321-PPSA07064_00-4092020589534297,989,2999
12,EP3495-PPSA26012_00-0867930864684348,2799,3499
12,UP0006-CUSA00220_00-DA3GAMEOFTHEYEAR,1599,3999
12,UP2107-PPSA02069_00-DSTCEPS5PORTSIEA,599,1499
12,UP2107-PPSA02069_00-0694995636909004,999,1999
12,UP2107-PPSA02069_00-0867701735765326,2009,2999
12,UP1003-CUSA13084_00-YOUNGBLOODDELUXE,599,2999
12,UP0177-PPSA09770_00-UNICORNOVERLORD0,1799,5999
12,UP4139-PPSA02307_00-TTL0000000000001,1999,4999
12,UP0177-PPSA05324_00-SONICORIGINS0000,899,2999
12,EP4064-PPSA22788_00-0687926157599588,1019,2999
12,UP0700-PPSA05922_00-SMGDARKPICTURESD,1479,3999
12,UP3589-PPSA07369_00-1639940229541610,2099,3499
12,UP3589-CUSA33277_00-6927862277396697,2099,3499
12,UP2293-CUSA11587_00-SLIMERANCHER0001,499,1999
12,UP2293-CUSA11587_00-SRBUNDLE00000004,899,2999
12,UP5025-PPSA01771_00-BTHELUCIDDREAMER,639,7999
12,UP1018-CUSA00103_00-MADMAXTHEGAME001,499,1999
12,UP3095-PPSA18743_00-KILLERKLOWNS0001,1999,3999
12,UP3095-PPSA18743_00-KILLERKLOWNSDLX1,2999,5999
12,UP4664-PPSA02967_00-DRGFULLGAMEPS5US,899,2999
12,UP4664-PPSA02967_00-DRGULTIMATEPS5US,1374,5499
12,EP4389-PPSA31977_00-DSWARMASTEREDPS5,2099,2999
12,UP0700-PPSA10738_00-LITTLEDELUXEED00,749,2999
12,UP4389-PPSA15656_00-EPICMICKEYREMAKE,2799,3999
12,UP0700-PPSA28323_00-SPWYDLXEDITION00,5699,9499
12,UP5549-CUSA17980_00-FNAF200000000000,399,799
12,UP3376-PPSA04697_00-4288127721514045,2099,3499
12,UP3376-CUSA20594_00-SSVISAGEGAMEPACK,2099,3499
12,UP0177-PPSA06454_00-RYUISHINDX000000,1399,6999
12,EP6959-PPSA17732_00-0265718801274251,1799,2999
12,UP0922-PPSA28898_00-0065071705310741,2799,3499
12,UP0779-PPSA16263_00-COMPLETEEDITION1,7999,9999
12,UP3004-PPSA03093_00-BM22SUPERDELUXEB,599,2999
12,UP4968-CUSA18449_00-STRANDEDDEEPSIEA,999,1999
12,UP0082-CUSA08877_00-FFIXDIGITALED000,629,2099
12,UP4389-CUSA06980_00-MXVSATVNEXTUS001,599,2999
12,UP1004-CUSA03513_00-SLUS202300000001,899,1499
12,UP1004-CUSA03515_00-SLUS212150000001,899,1499
12,UP2047-CUSA03684_00-DEADISLANDGAME00,299,1999
12,UP0001-CUSA10158_00-ACRGAMEPS4000001,899,2999
12,UP4133-PPSA09742_00-SANDSTORM4YANNIV,4499,9999
12,UP2026-CUSA05332_00-BATM000000000000,599,1499
12,EB1722-PPSA30035_00-0887786723320445,1599,1999
12,UP1456-PPSA08245_00-WOO2022BASEPS5US,799,1999
12,UP1456-PPSA08245_00-WOO22ULTIEDITION,999,2499
12,UP1470-PPSA14314_00-AMERICANDREAMUS0,1999,3999
12,UP3456-PPSA20575_00-0515342674068651,424,849
12,UP3456-CUSA48761_00-0524953455919423,424,849
12,UP4713-PPSA28709_00-0676208184553619,1439,1799
12,UP4415-CUSA31488_00-D11RIMWORLD00001,2799,3999
12,UP4415-CUSA31488_00-RWCHRONICLES0001,5179,7399
12,UP4415-CUSA31488_00-RIMWORLDDELUXE01,3849,5499
12,HB1956-PPSA33177_00-CASHCLEANERSIM00,1799,1999
12,HB1956-PPSA33177_00-CASHCLEANERBUNDL,3149,3499
12,HB1956-PPSA33177_00-CASHCLEANERBUNES,2429,2699
12,UP4664-PPSA05566_00-GOAT000000000000,1199,2999
12,UP1018-CUSA06549_00-LEGOCITYUNDERCOV,509,2999
12,UP0700-PPSA06489_00-SMGDARKPICTURESA,999,1999
12,UP0006-CUSA00110_00-BATTLEFIELD40000,599,1999
12,UP5397-PPSA06094_00-9152601786774628,1124,2499
12,UP7083-CUSA28680_00-9473825684854058,494,1499
12,UP6312-PPSA18654_00-0965895154892062,3899,5999
12,UP0182-PPSA32049_00-RCTCLASSIC000000,1749,2499
12,UP0006-PPSA01464_00-KINGSTONGAME0000,1399,6999
12,UP0006-CUSA23249_00-KINGSTONGAME0000,1199,5999
12,UP4064-PPSA09077_00-0441220012296936,999,2499
12,UP4064-PPSA09077_00-DREDGECOMPX00000,1974,3949
12,UP0001-CUSA10357_00-FARCRY3REMASTER0,749,2999
12,UP0638-PPSA18328_00-0008371569751518,1049,2999
12,UP0638-CUSA15930_00-FNAFVRHELPWANTED,1049,2999
12,UP0638-CUSA15930_00-FNAFHWHDLCBUNDLE,1224,3499
12,UP0774-PPSA01561_00-0222743945627374,1079,2699
12,UP0082-PPSA06235_00-STAROCEAN6PS5000,2099,5999
12,UP0082-PPSA06235_00-STAROCEAN6DXUP50,699,1999
12,UP0922-PPSA28932_00-0611461640815149,2449,3499
12,EP4365-PPSA28664_00-000SUDDENSTRIKE5,4249,4999
12,UP8006-PPSA04246_00-0383142823521262,624,2499
12,UP0700-PPSA26146_00-MAINGAME00000000,2599,3999
12,UP4389-CUSA19156_00-MONSTERJAM2US000,999,3999
12,UP0177-PPSA16268_00-LIKEADRGNGAIDEN0,1499,4999
12,UP4389-PPSA16526_00-THECOSMICSHAKPS5,2199,3999
12,UP1001-CUSA13049_00-BIO1REMASTERED00,799,1999
12,UP1001-PPSA05813_00-QUARRYDLXED00000,799,7999
12,UP2660-PPSA03858_00-MWARRIOR5SIEAPS5,1199,2999
12,UP2660-PPSA03858_00-MW5SUCWAREDITION,5599,7999
12,UP2660-PPSA03858_00-7344511906677935,4199,5999
12,JP0177-PPSA31334_00-MAINGAME000000NA,1199,1999
12,JP0177-PPSA31334_00-YAKUZACOMPLETE00,6499,12999
12,UP0177-PPSA03774_00-LOSTJUDGMENT0000,1199,5999
12,UP0177-PPSA03774_00-DIGITALDELUX0001,1799,8999
12,UP6665-PPSA05060_00-ROBOCOL000000001,2499,4999
12,UP3589-PPSA28058_00-0523438909427963,999,1999
12,UP1018-CUSA00580_00-LEGOBATMANTHREE0,499,1999
12,UP4064-CUSA06267_00-THEESCAPISTS2000,499,1999
12,UP4064-CUSA06267_00-THEESCAPISTSDCBN,699,3499
12,UP0177-CUSA16113_00-BAYONETTAPS4GAME,624,2499
12,UP1003-CUSA07384_00-COLOSSUSFULLGAME,599,3999
12,UP4008-CUSA18646_00-9287639155301126,899,4499
12,UP4008-PPSA01900_00-0229521685085336,899,4499
12,UP2139-PPSA16376_00-0291995371042760,1799,2999
12,UP2139-CUSA43326_00-0568344839609953,8399,11999
12,UP2139-PPSA16376_00-0604190730594170,8399,11999
12,UP4389-CUSA17271_00-KOARECKONINGDEUS,799,3999
12,UP8247-PPSA33224_00-0167830668720408,849,999
12,UP0001-CUSA13917_00-FARCRYBOWMORE000,799,3999
12,UP0001-CUSA13917_00-FARCRYBOWMOREDX0,999,4999
12,EP6719-PPSA21396_00-ROBOQUEST0000000,1499,2499
12,UP0006-CUSA01925_00-FAMILYBUNDLE0000,799,3999
12,UP0700-PPSA06981_00-NARUTOUNSADX0000,2549,8499
12,UP1004-CUSA03517_00-SLUS205000000001,899,1499
12,UP0700-PPSA02200_00-LN2DLXEDI0000000,1199,3999
12,UP0700-PPSA02200_00-LN1LN2BUNDLE0000,1499,4999
12,UP3864-PPSA07484_00-PROJECTWINGMAN0A,1499,2999
12,UP1001-CUSA03980_00-BIOSHOCKCOMPLETE,799,1999
12,UP3004-PPSA07227_00-CATANBOARDGAMEDX,399,1999
12,UP0283-PPSA16744_00-ALLSTARBRAWL2ULT,1999,7999
12,UP0700-CUSA10093_00-SAOFBCOMPLETE000,999,3999
12,EP0177-PPSA29707_00-FM26GLOBAL000000,2399,5999
12,UP2746-CUSA15493_00-GHOSTBUSTERS2019,989,2999
12,UP1032-PPSA16901_00-TOMBRAIDER123224,899,2999
12,UP1032-PPSA16901_00-0661375719375092,1649,5499
12,UP7032-PPSA10946_00-AMONGUSVR0000001,599,999
12,UB0797-PPSA32514_00-0991454887543718,329,599
12,UP2516-CUSA16635_00-GOLDRUSH00000000,449,2499
12,UP2516-CUSA16635_00-0126841371231447,1979,3299
12,UP2516-CUSA16635_00-0997978616517254,1949,2999
12,UP2516-CUSA16635_00-0548026378318603,1349,2699
12,UP5025-CUSA18574_00-0493630622596617,1099,10999
12,UP4389-PPSA14275_00-TRINE50000000000,1049,2999
12,UP1003-CUSA06166_00-PRJGDN0000000000,799,3999
12,UP7583-PPSA16617_00-0214089695784057,999,2499
12,UP1004-CUSA03512_00-SLUS208270000001,899,1499
12,UP2047-CUSA01012_00-FREEDOMFIGHTER01,399,3999
12,EP6853-PPSA22482_00-PROJECTBEE000000,2399,2999
12,UP3126-PPSA06084_00-2911532214834517,799,1999
12,UP4133-CUSA09936_00-MUDRUNNERAMWLDED,524,3499
12,UP1032-PPSA18153_00-SOULREAVER120824,1349,2999
12,EP4492-PPSA06960_00-MANDRAPS50000001,1999,3999
12,EP4492-PPSA06960_00-0025347096691698,2499,4999
12,UP0700-CUSA03955_00-PACMAN0000000000,199,399
12,UP0700-CUSA03955_00-AGS3IN1STOREPACK,399,799
12,UP8096-PPSA27033_00-0553381423825207,1249,2499
12,UP0082-PPSA16564_00-ROMANCINGSAGA2RN,2499,4999
12,UP6856-PPSA19006_00-AQPBASEGAME00000,989,2999
12,UP2611-CUSA14836_00-CATHERINEFBUS009,799,3999
12,UP2611-CUSA14836_00-CFBDIGITALDELUXE,799,3999
12,JP0102-CUSA49799_00-ONIMUSHA1AND2SET,1949,3899
12,EB0757-PPSA20548_00-0286086241569047,2399,3999
12,UP3095-PPSA04057_00-SWAYZEGAME000000,799,1999
12,UP4363-CUSA04220_00-SNIPERELITE40000,599,5999
12,UP4363-CUSA04220_00-SNIPERELITE4DDPO,899,8999
12,JP0700-PPSA23221_00-MAINGAME00000000,999,3999
12,UP4040-CUSA06266_00-LEGENDARYWTHGAME,1799,2999
12,UP6915-PPSA10266_00-MWARCLANSSIEAPS5,1499,2999
12,UP6915-PPSA10266_00-MW5CLANSDCBUNDLE,3499,4999
12,UP2611-CUSA10454_00-DRAGONSCROWNPRO1,399,1999
12,UP0700-PPSA06959_00-SAOLRMAINGAME000,959,5999
12,UB1012-PPSA31410_00-0121554489432849,714,1299
12,JP0177-PPSA31333_00-MAINGAME000000NA,1199,1999
12,EP4361-PPSA16608_00-0834831119349003,3749,7499
12,UP7458-PPSA20154_00-REVESAVAGEPDLXED,2799,3999
12,UP2113-CUSA06623_00-OUTLAST200000000,499,1999
12,UP2113-CUSA06623_00-OUTLASTTRINITY01,999,3999
12,UP0006-CUSA01566_00-PAMPLONA00000000,799,1999
12,UP0700-PPSA06399_00-PACMANWORLDRE008,599,2999
12,UP1018-CUSA00348_00-LEGOHOBBIT000000,499,1999
12,JB0540-PPSA30762_00-0860774187079065,1124,1499
12,HP1782-PPSA29645_00-0161391443657215,1779,1999
12,EP4361-PPSA16033_00-0542202998131184,3249,4999
12,EP2649-PPSA28662_00-0884514697841290,499,1999
12,EP4295-PPSA30140_00-0369142910965651,4199,5999
12,UP5503-PPSA26528_00-0656994000407395,2999,4999
12,UP7641-PPSA10684_00-4198927603915696,2999,3999
12,UP7641-PPSA10684_00-0624502993942896,4124,5499
12,UP7641-PPSA10684_00-0846602238623934,5249,6999
12,EB0474-PPSA18346_00-0378150337949493,749,1499
12,UP4389-PPSA08240_00-ALONEINTHEDARKUS,1799,3999
12,UP2320-CUSA13597_00-KTCJARLEDITION00,1119,3199
12,UP4139-CUSA06915_00-PILLARSPS4MAINUS,1199,2999
12,EP6444-PPSA21827_00-0007573299441097,1469,2449
12,UP2619-PPSA19590_00-0083000215619347,2699,5999
12,UP2619-PPSA19590_00-0214883065128397,1799,4499
12,UP2619-PPSA19590_00-0191103846959805,1239,3999
12,UP0001-PPSA04716_00-ANNODELUXE000000,1499,4999
12,UP0001-PPSA04716_00-ANNO1800PS000000,1199,3999
12,EP4295-PPSA27765_00-0416014687702668,4899,6999
12,UP2660-PPSA02210_00-KEYWEFULLGAME001,374,2499
12,UP1192-CUSA40994_00-AMNESIATHEBUNKER,749,2499
12,EP6665-PPSA35448_00-TDF2600000000000,3499,4999
12,EP6665-PPSA35448_00-TDF26DELUXE00001,4199,5999
12,UP1003-CUSA10339_00-RAGE02FULLGAME00,799,3999
12,UP4064-PPSA07583_00-9168714881607318,549,2199
12,UP4064-PPSA07583_00-0364957945233296,874,3499
12,UP0283-PPSA15482_00-0556027350219949,999,3999
12,UP6301-CUSA31828_00-0188647704298484,1499,2999
12,UP6301-CUSA31828_00-PS4GSSJY000000US,1679,2799
12,UP6301-CUSA31828_00-0381575233579068,699,1399
12,UP6301-CUSA31828_00-0699678816798417,1079,2399
12,UP6301-CUSA31828_00-0805454249655435,944,2099
12,UP6301-PPSA29132_00-PS5GSSJY000000US,1799,2999
12,UP6301-CUSA31828_00-0933438997392167,999,1999
12,EP6665-PPSA28297_00-RS00000000000000,2399,2999
12,EP6665-PPSA28297_00-RS000DELUXE00001,4399,7999
12,UP2764-PPSA03959_00-DARKWOODPS500000,539,1799
12,UP1219-PPSA09681_00-8309342652723350,1799,2999
12,UP0001-PPSA01487_00-ORWFULLGAME00000,899,5999
12,UP0001-PPSA01487_00-WDLULTI000000000,2399,11999
12,UP0001-PPSA01487_00-WDLGOLD000000000,1999,9999
12,EP5609-CUSA48965_00-0491636107761153,999,2499
12,UP4133-PPSA02982_00-GREEDFALL0000000,699,3499
12,UP4040-CUSA00378_00-SNIPERELITE30000,599,2999
12,UP4040-CUSA01829_00-SNIPERELITE30000,749,4999
12,UP0177-PPSA02739_00-JUDGMENTRYUGAENG,999,3999
12,UP0177-CUSA13186_00-JUDGMENTRYUGAENG,749,2999
12,UP6007-PPSA15869_00-0598507980022830,499,1999
12,UP6007-PPSA15869_00-PFWRATHGOTYEDITN,1249,4999
12,UP6007-PPSA15869_00-0741814740487717,3239,8099
12,HB1689-PPSA34494_00-0837121218802368,974,1499
12,UP2320-PPSA15555_00-FRIENDSVSFRIENDS,499,999
12,JB0540-PPSA23430_00-0799915498928777,1949,2999
12,JB0540-PPSA23430_00-0276171016886652,1949,2999
12,UP0283-PPSA02275_00-4464249992239206,1499,5999
12,UB1685-PPSA30648_00-STARTREKDELUXEP5,3749,4999
12,UP4363-CUSA12404_00-SNIPERELITEREDUX,524,3499
12,UP0700-CUSA01341_00-DRAGONBALLXV0000,499,1999
12,UP0700-PPSA04996_00-KIZOKAPPLIDX0000,1499,5999
12,UP1032-CUSA19302_00-STARWARSCOMMANDO,599,1499
12,UP7131-PPSA20422_00-ANOTHERCRABS4US5,1199,2999
12,UP4133-CUSA42226_00-CHANTSOFSENNAAR0,999,1999
12,UP3639-PPSA09347_00-9261584584478566,1539,2799
12,UP0700-PPSA06569_00-SAOFDPRMEDITION0,2999,9999
12,UP0700-PPSA06569_00-SWORDARTONLINE07,1499,5999
12,JP6928-PPSA34673_00-0786583551129266,2099,2799
12,UP3004-CUSA12494_00-FISHINGSIMWORLD1,399,1999
12,UP3004-CUSA12494_00-FSWPTCATCHBUNDLE,699,3499
12,UP0700-PPSA09536_00-JJTKCDLXEDITION0,1999,7999
12,UP4040-CUSA19101_00-UNT000000000GAME,999,2499
12,UP1475-PPSA04933_00-NEWWTBAMPS5000US,799,3999
12,UP1475-PPSA04933_00-0988682632263492,999,4999
12,UP1475-CUSA23750_00-0397519514488147,959,4799
12,UP1475-CUSA23750_00-WWTBAM00000000US,799,3999
12,UP1475-PPSA04933_00-0598133545050327,959,4799
12,UP7389-PPSA13853_00-0086680818243756,2309,3299
12,UP7389-PPSA13853_00-0582097360101182,1609,2299
12,UP7389-PPSA13853_00-0772333293277122,2099,2799
12,UP7389-PPSA13853_00-0614880038349370,2099,2799
12,UP8703-PPSA31125_00-0884097121473305,714,1299
12,UP4389-PPSA09351_00-AEWRESTLINGPS5US,1399,3999
12,UB0714-PPSA23426_00-0073527026641672,454,1299
12,UP3589-PPSA16914_00-0240062840746313,2099,3499
12,UP3643-CUSA00911_00-00000BROFORCEPS4,449,1499
12,UP3824-PPSA03705_00-0331234441332323,1349,4499
12,UP5790-CUSA18859_00-0000000000000000,2999,3999
12,UP0334-PPSA02091_00-ROCOYEAR1PASSBUN,999,2499
12,UP0334-CUSA15147_00-ROCOYEAR1PASSBUN,999,2499
12,UP0334-PPSA02091_00-ROCOULTIMATTEED2,1999,4999
12,UP0334-CUSA15147_00-ROCOULTIMATTEED2,1999,4999
12,UP0334-PPSA02091_00-ROCOROGUEEBUNDLE,999,2499
12,UP0334-CUSA15147_00-ROCOROGUEEBUNDLE,999,2499
12,UP1971-CUSA05119_00-1603060705021808,509,1499
12,UP6665-PPSA12362_00-TRFE200000000000,999,4999
12,UP0082-CUSA11230_00-DQB2DIGITALED001,1999,3999
12,UP1983-PPSA09591_00-0837747811525906,1599,3199
12,UP1983-PPSA09591_00-8359934314803426,999,1999
12,UP1983-CUSA09290_00-MOSSGAME00000000,999,1999
12,UP1032-CUSA17811_00-STARWARSACADEMY1,599,1499
12,UP6312-PPSA29586_00-0698156126484057,1499,2499
12,UP4939-PPSA16163_00-BUNDLEDELUXEEDIT,1319,3999
12,UP4939-PPSA16163_00-0802015519316336,989,2999
12,UP8448-PPSA16248_00-0869329016266039,199,1999
12,UP8448-CUSA43213_00-0371819799603457,199,1999
12,EP4293-PPSA17322_00-TORMENTED2SIEEPS,2099,2999
12,EP4293-PPSA17322_00-TORMENTED2DIGIDE,2449,3499
12,EP3785-PPSA29875_00-OMDDEATHTRAPPS5V,1799,2999
12,UP3643-PPSA09682_00-4803096615716929,249,999
12,UP4389-PPSA09569_00-JAGGEDALLIANCE03,1799,5999
12,UB1486-PPSA35460_00-0778679091623325,974,1499
12,UB1486-CUSA54404_00-0947344740542083,749,1499
12,UP2047-CUSA03685_00-RIPTIDEGAME00000,299,1999
12,UP0700-PPSA16953_00-MAINGAME00000000,2399,3999
12,UP2565-PPSA04379_00-0096769278085315,3249,6499
12,UP0700-PPSA02794_00-BTDPRMEDITION000,5249,6999
12,UP1001-CUSA04552_00-XCOM200000000000,299,1999
12,UP1001-CUSA04552_00-0000000000000012,749,2999
12,UP0700-CUSA18374_00-SAOALDELUXEED001,1499,5999
12,UP1032-PPSA20783_00-NWN2ENHANCED0000,1949,2999
12,EP4295-PPSA21607_00-SMURFSDREAMPS5EU,1199,3999
12,UP2045-PPSA03332_00-6824837102800807,749,2499
12,UP0182-PPSA08601_00-3457497289089255,1599,3999
12,UP0182-CUSA34728_00-2519413700223400,1599,3999
12,UP0182-PPSA08601_00-ATARI50GAMEDLC00,1599,3999
12,UP3589-PPSA22298_00-0445903197507441,1399,3499
12,EP1621-PPSA32147_00-TEMTEMSWARM00000,1169,1299
12,UP1024-CUSA04191_00-BBCFPS4000001000,3599,5999
12,JP6928-PPSA36257_00-0188384155755715,2099,2999
12,EB1674-PPSA28209_00-MINDSEYEDELUXE01,1439,4799
12,UP1032-PPSA18154_00-TOMBRAIDER456225,899,2999
12,UP4133-PPSA07248_00-000000000BOLTGUN,725,2199
12,UP4040-PPSA04721_00-EIYUDENHEROESPS5,1499,4999
12,UP2047-PPSA19156_00-NOBODYWTD000SIEA,624,2499
12,EP3948-PPSA30599_00-0725921863315265,1749,3499
12,UP3643-PPSA28243_00-0525517213088023,899,1999
12,UP1018-CUSA03372_00-LEGOFORCEAWAKENS,499,1999
12,UP2619-CUSA05254_00-RHSDDPS400000001,374,2499
12,UP2619-CUSA05254_00-RHSDDPS4000000AE,1199,3999
12,EP4389-PPSA31114_00-SACRED2REMASTER0,1949,2999
12,UP2611-CUSA05877_00-PERSONA512345678,599,1999
12,UP2611-CUSA05877_00-P5PS4ULTIMATE001,1274,8499
12,EP3948-PPSA24204_00-0545907925007602,1249,2499
12,UP4293-PPSA35106_00-0986782830301358,1499,1999
12,UP0700-CUSA03957_00-MSPACMAN00000000,199,399
12,UB0821-PPSA28854_00-TOTALLYRELIABLE1,224,1499
12,UP7850-CUSA43224_00-0839569869220390,2499,4999
12,UP7850-CUSA43224_00-0100788053205087,2999,5999
12,EP5609-PPSA28116_00-0463192272666543,2699,5999
12,EP5609-PPSA28116_00-0316578846055774,2474,5499
12,UP6093-CUSA27602_00-0000000000000002,399,1999
12,UP0177-CUSA19640_00-BSTUBCUSA1964000,1799,5999
12,UP0259-PPSA22821_00-0573190523836592,749,2999
12,UP0177-CUSA09032_00-YAKUZA6SONGOFLEN,999,1999
12,UP0700-CUSA14156_00-NINOKUNIWOTWW000,699,4999
12,UP4133-PPSA08313_00-ALIENSDARKDESCEN,1399,3999
12,UP6131-PPSA20082_00-0989128993087745,2199,3999
12,UP1003-CUSA09124_00-SKYRIMVR00000000,1499,5999
12,UP0177-CUSA15327_00-YAKUZA5HDUS00000,999,1999
12,UP2143-CUSA00920_00-NIDHOGG000000000,449,1499
12,UB1511-PPSA34357_00-0866894714623191,599,799
12,UP3643-PPSA15319_00-PLUCKYSQUIREPS5A,899,2999
12,UP1456-CUSA20530_00-TSAARBASEGAME20A,799,1999
12,UP1001-CUSA13050_00-BIO2REMASTERED00,499,1999
12,UP4389-PPSA06255_00-BIOMUTANTUSPS500,999,3999
12,EP1470-PPSA32552_00-0859690747602807,1874,2499
12,UP4199-PPSA04649_00-3575269706423269,249,2499
12,UP2611-CUSA12380_00-PDANENDLESSNIGHT,1649,5499
12,UP0576-CUSA02048_00-METALSLUG3000000,299,1499
12,UP0082-CUSA16913_00-000STAROCEAN1FDR,629,2099
12,UP0082-CUSA18900_00-KHMOM00000000000,2399,5999
12,EP7107-PPSA35191_00-0588470526854576,639,799
12,JP0177-PPSA24478_00-MAINGAME00000000,1499,5999
12,UP4361-CUSA10164_00-5170029166539869,599,2399
12,UP2060-CUSA08217_00-T6POSTPREZBUNDLE,1574,4499
12,UP0700-CUSA05125_00-SWORDARTHR0000US,999,1999
12,UP4293-PPSA34849_00-NSLT000000000PS5,2399,2999
12,EP2552-PPSA29035_00-FMF2000000000ALL,1499,2999
12,EP8483-PPSA23760_00-0381575129701522,1499,2999
12,EP8483-CUSA44319_00-0768805636130419,1499,2999
12,HB1334-PPSA34388_00-0939843570422372,599,999
12,UP6665-PPSA03590_00-WRC1000000000000,799,3999
12,UP6665-CUSA27791_00-WRC1000000000000,799,3999
12,UP0700-CUSA05972_00-ORIGINALS0000000,1499,9999
12,UP0700-PPSA14485_00-SLIMEDLXEDITION0,1399,6999
12,UP1032-PPSA16869_00-SWBOUNTYHUNTER31,799,1999
12,UP5099-PPSA29932_00-THEVIRTUALHUNTER,1999,2499
12,EP2187-PPSA27804_00-0000000000000STG,1499,2499
12,UP0082-PPSA03839_00-8508293288974620,1499,4999
12,UP4926-PPSA20288_00-0502933413354865,1749,2499
12,UP5452-CUSA20268_00-7582797769000002,1249,2499
12,UP4380-PPSA03753_00-0478113857611704,1999,4999
12,UP3004-CUSA23959_00-BASSPROSHOPSFULL,799,3999
12,UP0082-CUSA11968_00-LASTREMNANT00001,799,1999
12,UP7732-PPSA19253_00-0820641724141205,2099,2999
12,UP0177-CUSA15326_00-YAKUZA4HD0000000,999,1999
12,UP3824-PPSA05729_00-MLPBASEGAME00001,999,3999
12,UP1562-PPSA15671_00-0598948097523306,5599,7999
12,UP3589-PPSA28065_00-0693533924748457,899,2999
12,UP5452-CUSA26865_00-7582797769000004,1249,2499
12,UB1019-PPSA29699_00-0558708529867019,2499,4999
12,UP0576-CUSA11667_00-METALSLUGXX00001,399,1999
12,UB0383-PPSA29189_00-0466035867820620,239,2399
12,UP0700-CUSA09977_00-DIGIMONHM0000000,959,5999
12,EP3643-PPSA26283_00-0179298918727088,1999,4999
12,UP1050-PPSA06368_00-2289808112335141,749,2499
12,UP0283-PPSA26501_00-0873956677158409,2249,4999
12,UP8236-PPSA19115_00-0298593598299103,1213,2427
12,UP0101-CUSA10631_00-MAINGAME00000000,599,2999
12,UP3883-CUSA28065_00-BATTLEBROTHERSUS,899,2999
12,UP3883-CUSA28065_00-COMPLETE0EDIT0US,3049,6099
12,UB0622-PPSA21755_00-0490391273409007,439,799
12,UP4008-CUSA23641_00-8303551200810526,599,3999
12,UP1685-CUSA27428_00-1090290200025958,1399,1999
12,UB1664-PPSA33491_00-0958610193558718,3199,3999
12,EP1470-PPSA36031_00-0552844424953124,1379,2299
12,UP3864-CUSA10927_00-WIZARDOFLEGENDUS,479,1599
12,EP5661-PPSA29137_00-1000XRESIST00000,1199,1999
12,UP0438-CUSA15754_00-0000000000000001,2599,3999
12,UP0774-PPSA06147_00-BUNMODOREPS5SIEA,749,2499
12,UP6326-PPSA14356_00-0782485270648343,1399,1999
12,EP7868-PPSA19345_00-FFMANCHESTERBUND,919,3999
12,UP8703-PPSA29845_00-0606043934029817,674,1499
12,UP8703-CUSA48134_00-0375443168239175,449,1499
12,UP0913-PPSA26809_00-0118100525181355,1649,2999
12,UB1431-PPSA27604_00-0955901941197359,1124,1499
12,UP7818-PPSA25646_00-0489727546626150,1749,3499
12,UP3824-PPSA08503_00-RAINBOWHIGHSIEA1,1599,3999
12,UP1980-CUSA15315_00-TORCHLIGHTII0001,399,1999
12,UP4133-CUSA12564_00-THESURGE2PREMIUM,799,3999
12,UP3643-PPSA29043_00-0279765472547786,799,1999
12,UP4293-PPSA02525_00-TORMENTEDSIEAPS5,499,1999
12,JP6928-PPSA30676_00-0313103760762087,1339,1999
12,UP5595-PPSA16006_00-0751377265010583,2124,2499
12,UP5595-CUSA42924_00-0516679084287421,2124,2499
12,UP5086-CUSA25205_00-BRIGANDINETLORUS,1499,4999
12,EP6458-PPSA28515_00-0190748005263575,1299,1999
12,UP3528-PPSA08711_00-0611380116610869,734,2449
12,UP3528-CUSA34906_00-3909742703037722,734,2449
12,UP6007-PPSA23076_00-0000000BIPED2PS5,999,1999
12,UP0182-PPSA17329_00-0191342225304695,1199,3999
12,UP0182-CUSA44137_00-0813770597467769,1199,3999
12,UB1428-PPSA33963_00-CARMAGEDDONRS000,2799,3999
12,UP6345-CUSA24211_00-TOYSOLDIERSHDPS4,989,2999
12,EP4133-PPSA28509_00-VOIDCREWGAME0000,1799,2999
12,UP0700-CUSA01167_00-MXGP2014FULLGAME,99,999
12,UP4133-CUSA08982_00-SPACEHULKDEATHWI,599,2999
12,UB2099-PPSA36032_00-GIZOOSIMPS500001,1299,1999
12,UP1032-CUSA18198_00-STARWARSPODRACER,599,1499
12,UP6665-PPSA07391_00-ARB0000000000000,799,3999
12,UP0082-CUSA16885_00-FFCCRE2003TO2020,1199,2999
12,UP0177-CUSA10633_00-BFVALKYRIE000100,599,2999
12,UP3643-PPSA11355_00-3716880328179244,299,1499
12,UP3589-PPSA16892_00-0073295541029295,749,2499
12,UP3589-PPSA13548_00-0623709050588818,899,2999
12,UP3589-CUSA44483_00-0675144749227645,749,2499
12,UP3589-CUSA44487_00-0770494160239253,899,2999
12,UB2030-CUSA57170_00-0228505294851288,909,1299
12,EB0757-PPSA30151_00-0359444564713153,1699,1999
12,UP4133-CUSA03293_00-000000VAMPYRGAME,799,3999
12,UP6714-PPSA06389_00-SYSTSHOCKREPS5US,1199,3999
12,UP3548-PPSA16509_00-0000000REDMATTER,1099,1999
12,UP1024-PPSA13785_00-MONYUPS500000000,1999,4999
12,UB1264-PPSA30827_00-0933852890614771,714,1299
12,UB1264-CUSA52022_00-0424723182147033,399,799
12,UB0797-PPSA34844_00-0259612997719263,974,1499
12,UP1456-CUSA27116_00-SRX2021BASEPS4US,1199,2999
12,UP1456-PPSA03165_00-SRX2021BASEPS5US,1199,2999
12,UP8703-PPSA32807_00-0167266710320626,599,999
12,EP2006-PPSA34342_00-NICKXTREMETENNIS,1799,2999
12,UP3824-PPSA04038_00-0494579440227569,1124,4499
12,EB2107-CUSA56443_00-0898010331111415,439,799
12,UP6093-PPSA19067_00-0438761103283229,999,1999
12,UP6093-CUSA45567_00-0160994265024834,999,1999
12,UP2775-PPSA04460_00-6205314117447406,699,2499
12,UP2775-CUSA29191_00-4983179234517254,699,2499
12,UB0085-PPSA18837_00-0948967029670211,1499,2499
12,UP1001-CUSA15322_00-CIV6ANTHLGY00000,2799,6999
12,UP0082-PPSA07809_00-CRISISCORE000DDX,2799,6999
12,UP0082-PPSA22264_00-0674390944059444,1999,4999
12,JP6928-PPSA28765_00-0055241256606826,1674,2499
12,EP4731-PPSA27339_00-0495055373256752,999,2499
12,UB2123-CUSA58067_00-0932105871468540,1124,1499
12,UP2143-CUSA07640_00-NIDHOGG2GAMEPLAY,449,1499
12,EP4293-PPSA21990_00-DISCOUNTYSIEEPS5,1299,1999
12,UP3824-PPSA08353_00-7202971474897046,899,2999
12,UP7515-PPSA21951_00-0340824062504240,1749,4999
12,UP4276-CUSA13280_00-EIGHTTOGLORYUS00,2249,2999
12,UB0313-CUSA51389_00-0411818196679890,2249,4499
12,UB0313-PPSA25220_00-0664542484649130,2249,4499
12,EP1592-PPSA28037_00-0504920833556201,749,999
12,EP1592-PPSA28037_00-0378177416863457,899,1199
12,HB1739-PPSA30957_00-0837116012703941,1949,2599
12,UP2199-PPSA03191_00-COZYGROVEPS5NA00,749,1499
12,UP2199-PPSA03191_00-COZYGROVEBUNDLE5,1049,2099
12,UP4713-PPSA21438_00-0290688911159088,1199,2999
12,UP4713-PPSA21438_00-0666341873728037,1799,4499
12,UP1475-PPSA02772_00-STABLEGIRLPS50US,799,3999
12,UP1475-PPSA02772_00-0130145465010050,1749,6999
12,UP3824-PPSA03978_00-2517119461623984,899,2999
12,UP6326-PPSA26363_00-0848324950615180,1599,1999
12,EP6325-CUSA56083_00-0153184171495181,1599,1999
12,EP6878-CUSA54841_00-TUNGTUNGSAHUR111,659,999
12,UP1032-CUSA24145_00-STUBBSTHEZOMBIE1,499,1999
12,UP0082-PPSA02046_00-7446364339656910,3199,7999
12,UP4040-PPSA09911_00-GHOSTRUNNER2US00,799,3999
12,UP4040-PPSA09911_00-GR2BRUTALEDITIUS,1399,6999
12,UB1486-PPSA32197_00-0944678582875472,824,1499
12,UP6007-PPSA24590_00-0607604799725823,224,1499
12,UP6007-PPSA24590_00-BIPEDALPARTYSPS5,999,2499
12,EP1561-CUSA57524_00-0934270648987905,2399,2999
12,UP8643-PPSA31588_00-0607898791576094,1599,1999
12,UP3639-PPSA23611_00-0966950101963244,1499,2999
12,UP3643-CUSA00910_00-00000000000TALOS,599,2999
12,EP3495-PPSA25812_00-0003281733473898,1799,1999
12,UB0714-PPSA31452_00-0771539695079183,824,1499
12,UP1018-CUSA02107_00-LMADELUXEEDITION,599,2999
12,UB2239-PPSA35508_00-67THEGAME000SIEA,39,49
12,EP6665-PPSA28868_00-CTCA000000000000,2999,4999
12,UP3824-CUSA09625_00-BEN1000000000000,874,2499
12,UP3824-CUSA09625_00-7714517445242259,1499,4999
12,UP3528-PPSA30836_00-0182091314394670,209,299
12,UP3528-CUSA55100_00-0688640387812770,209,299
12,UP4293-CUSA19639_00-NEXOEXT00000GAME,499,1999
12,UP4293-CUSA33326_00-NEXO0000COMPLETE,624,2499
12,HB1689-CUSA56380_00-0082357313369652,899,1499
12,UP0700-CUSA24361_00-KMDMCMGMMAINGAME,749,2999
12,UP4363-CUSA01773_00-ZATRILOGY0000000,499,4999
12,UP2139-PPSA23743_00-0888151157509406,2449,3499
12,UP4139-PPSA27597_00-STELSTARTEREDPS5,1599,4999
12,UP4363-PPSA04170_00-EVILGENIUS2000DE,599,5999
12,UP4363-PPSA04170_00-EVILGENIUS200000,799,3999
12,UP3713-CUSA14848_00-0000000EASTSHADE,1249,2499
12,EP4062-PPSA23801_00-TIMESPLITTERSTWO,249,999
12,EP4062-PPSA23847_00-TIMESPLITTERS3FP,249,999
12,EP4062-PPSA23799_00-TIMESPLITTERSONE,249,999
12,EB2055-CUSA56108_00-0485454842284495,899,1499
12,UP4389-PPSA09823_00-WRECKCREATION000,2799,3999
12,UP3059-PPSA22227_00-CITADELUM0000000,1884,2899
12,UP3824-PPSA14145_00-PJM2BASEGAME0001,999,3999
12,EP5470-PPSA33559_00-0953602939594098,1124,1499
12,EP5470-PPSA33559_00-0974271985973537,1349,1799
12,UP0700-CUSA06417_00-NARUTOUNSLEGACY0,2939,6999
12,UP2775-PPSA13938_00-0466294767641317,1199,1999
12,UP2775-CUSA40908_00-0601145835585159,1199,1999
12,EP4293-PPSA35056_00-NECROPHOSIS00PS5,1599,1999
12,UP3643-PPSA13249_00-0478048849209824,699,1999
12,UP3643-CUSA18144_00-00000000GORNPSVR,699,1999
12,UP0922-CUSA09066_00-XXXOBDFULLGAME17,1199,2999
12,UP6665-PPSA10601_00-AIF0000000000000,599,2999
12,UB1264-PPSA30811_00-0503252759912246,1199,1999
12,UP4382-PPSA02005_00-MARTHAISDEAD0000,959,2999
12,UP4064-CUSA10924_00-MYTIMEATPORTIA00,599,2999
12,UB2203-PPSA38129_00-0310964483079529,699,999
12,EP3877-CUSA59028_00-FGAMEESCAPEUMBRA,1699,1999
12,EP3877-PPSA37154_00-FGAMEESCAPEUMBRA,1699,1999
12,UP0913-PPSA19728_00-0109195796998797,1499,2999
12,UP3883-CUSA10722_00-DEATHROADPS4US01,449,1499
12,EP4837-PPSA17182_00-SOCBASEOOOOOOOO1,1649,2999
12,UP8262-PPSA23396_00-0230189233913788,999,1999
12,EP5112-PPSA33542_00-0439494149283574,849,999
12,UP0082-PPSA06526_00-VPRPS5NA00000001,999,1999
12,UP3643-PPSA06416_00-7992194873723757,749,2499
12,UP6246-PPSA03608_00-7669987353540617,999,2499
12,EP2015-PPSA23576_00-0874233669780391,839,1199
12,UP3589-PPSA17143_00-0766945843410766,599,1999
12,UP3589-CUSA44784_00-0828153122113719,599,1999
12,UB0599-PPSA30453_00-TUNGSAHURSIEA000,39,49
12,UP0177-PPSA03743_00-2411880386382314,1799,8999
12,UP0177-PPSA03743_00-SOULHACKERS00PS5,1199,5999
12,UP2746-CUSA14046_00-WWZAFTMTBUN000US,1319,3999
12,UP6856-PPSA05424_00-WWZAMDELUXE00000,1499,4999
12,UP2746-CUSA14046_00-WWZBUNLUXE0000US,1499,4999
12,UP6963-CUSA45298_00-0198249358961544,699,3499
12,UP8580-CUSA54740_00-0165669038810490,1924,3499
12,UB0714-CUSA48858_00-0460292928581240,749,1499
12,UP3528-PPSA26656_00-0516133686543011,649,1299
12,UP3528-CUSA56338_00-0503876580423385,649,1299
12,UP0177-PPSA21269_00-SAIKYOTAISHI0000,1799,5999
12,UP0283-PPSA04644_00-COBRAKAIBUNDLE24,1799,5999
12,UP0283-PPSA04338_00-2786401658559994,1799,5999
12,UP3824-PPSA16738_00-0607026709572232,1199,3999
12,UP1118-CUSA17207_00-MONSTERPROMPS400,399,1599
12,UB0027-PPSA32811_00-0214240279488457,1049,1499
12,UB1264-CUSA57225_00-0942820555637879,974,1499
12,UB1012-CUSA52689_00-0288636010981821,824,1499
12,UP1475-PPSA05027_00-GCUHDPS5000000US,799,3999
12,UP1475-CUSA27484_00-GCHDPS40000000US,799,3999
12,UP0700-CUSA29666_00-PACMUSEUMPLUS001,999,1999
12,JP6928-PPSA29246_00-0012901878006177,599,1999
12,UP6301-PPSA25250_00-0695509717843684,599,1199
12,EP8442-PPSA34810_00-0884279724479465,479,599
12,UP6665-PPSA05058_00-CLASH00000000000,599,1999
12,UP4557-PPSA17069_00-0898349365338792,999,2499
12,UP4557-PPSA17069_00-0891118695229675,1399,3999
12,UP4557-CUSA14598_00-GCVRPSVR20181105,999,2499
12,UP8748-PPSA24716_00-0175916715437740,799,1999
12,UP1642-PPSA08056_00-SUB0000000000001,599,2999
12,UP1482-PPSA20642_00-MSTSIEA000000000,1499,2499
12,UP5463-PPSA14662_00-OOVIRTUALSURFING,1999,3999
12,UP5463-CUSA28411_00-5140967651370294,1999,3999
12,UP4133-PPSA02450_00-NECROMUMHIREDGUN,799,3999
12,UP1482-PPSA06732_00-0937466176516617,1979,3299
12,UP1643-CUSA57514_00-3DMINIGOLFMOE4US,1599,1999
12,UP1643-PPSA26940_00-3DMINIGOLFMOE5US,1999,2499
12,UB1558-PPSA30188_00-0561577701401574,499,1999
12,UB1486-CUSA55083_00-0117888130711288,899,1499
12,EP0263-PPSA24538_00-0590182702822301,1499,1999
12,JP6928-PPSA27596_00-0539545977058742,999,1999
12,UP7729-PPSA16629_00-0934379819997990,499,2499
12,UP7729-CUSA43394_00-0485718064841397,499,2499
12,UB1264-CUSA51681_00-0224955525919435,779,1299
12,UP1981-PPSA02376_00-MOTOGP21FULLGAME,374,2499
12,UP1981-CUSA25612_00-MOTOGP21FULLGAME,374,2499
12,UP6965-PPSA20370_00-0067671375077899,999,2499
12,EP6960-PPSA20369_00-TOI2DLX000000000,999,2499
12,UB0668-PPSA32876_00-0409545896829008,1049,1399
12,HB1689-CUSA55363_00-0961738154160939,899,1499
12,UP3528-PPSA31128_00-0115137973619866,299,499
12,EP3385-CUSA55336_00-0692333390130364,299,499
12,UB0480-PPSA28751_00-0505951283721337,1749,2499
12,UP4008-CUSA07176_00-HUNTINGSIMULATOR,499,1999
12,UP0700-CUSA02823_00-SAOLOSTSONG00000,999,1999
12,UP1475-PPSA02775_00-XIIIPS50000000US,399,1999
12,UP1475-CUSA19096_00-XIIIUS0000000000,399,1999
12,UP1475-PPSA02775_00-0042465842403296,749,2999
12,UB0714-PPSA30616_00-0895634267245936,999,1999
12,UB0714-CUSA48924_00-0875592385732946,599,1999
12,UP4361-CUSA10862_00-1535695388936346,809,2699
12,UP4064-CUSA19134_00-MONSANCTUARY0000,499,1999
12,UP0082-CUSA08636_00-FFXVVR0000000000,899,2999
12,UP3864-CUSA33535_00-MFE000000000000A,999,1999
12,UP1475-CUSA19311_00-MYBABY00000000US,599,2999
12,UP1475-PPSA14051_00-SMURFKARTPS500US,599,2999
12,UP5099-PPSA12503_00-SEEKERMYSHADOWVR,1499,2999
12,EP4529-PPSA13283_00-0833522970642858,2099,2999
12,UP3589-PPSA13556_00-0200571616901376,699,3499
12,UP3589-PPSA13556_00-0367557903758521,1199,3999
12,UP1475-CUSA23789_00-MYRESTAURANT00US,599,2999
12,UP0922-PPSA28342_00-0573262083992686,2099,3499
12,UP2005-PPSA10996_00-THEBRIDGECURSE00,1199,2999
12,JP1368-PPSA27182_00-GGAC2PSAPP000000,1949,2999
12,JP1368-CUSA52187_00-GGAC2PSAPP000000,1949,2999
12,UP4029-CUSA01135_00-ENCHANTEDEDITION,299,1499
12,UB1486-CUSA54381_00-0445979848164777,824,1499
12,UP3589-PPSA15910_00-0089199614847523,874,3499
12,UP1470-CUSA12235_00-TRUCKDRIVERUS000,1499,2999
12,EP2552-PPSA31106_00-DEATHLESS0000001,1749,2499
12,EP4186-PPSA18870_00-ONEMILITARYCAMP0,1624,2499
12,UP1983-PPSA09677_00-1617586937196546,999,1999
12,UP1983-CUSA23252_00-9773771946663188,999,1999
12,UP2139-CUSA15888_00-9586731488346660,4079,6799
12,UP0700-CUSA10771_00-BLACKCLOVER11111,599,5999
12,UP1475-PPSA10381_00-MYDRAGONPS5000US,599,2999
12,EP4405-CUSA57122_00-0790966767979660,2399,2999
12,EP4405-PPSA33889_00-0077069004443063,2399,2999
12,UP2060-PPSA06766_00-000000000TORTUGA,1649,2999
12,UP6883-PPSA27831_00-0719071885592398,749,1499
12,EP6880-PPSA27830_00-0279281854521644,1499,2999
12,UP4655-CUSA12877_00-0000000000000000,624,2499
12,UP4655-CUSA12877_00-0331263241689106,1237,4949
12,UP1475-PPSA02877_00-SMURFSPS500000US,374,2499
12,UP1475-CUSA26671_00-SMURFSPS400000US,374,2499
12,UP1475-PPSA02877_00-0723145579022483,1249,4999
12,UP4064-PPSA01527_00-2233585924063477,439,2199
12,UP2107-CUSA00158_00-0412427303554001,1462,3249
12,UP1024-CUSA07594_00-GGXRDREV2US00100,2399,3999
12,UP0001-CUSA29007_00-FC3BDMASTERPS400,599,1499
12,UP1249-PPSA06852_00-1152199601460657,909,1299
12,UP2467-CUSA16473_00-0466398033142986,874,3499
12,EP5112-PPSA33543_00-0627322460855348,849,999
12,UB0383-PPSA36500_00-0481458585783180,799,1999
12,UP3528-PPSA17212_00-0354323301692203,899,1999
12,UP3528-CUSA44054_00-0408354508359155,899,1999
12,EP4382-PPSA20309_00-ARCADEPARADISEVR,699,1999
12,UP1456-CUSA18605_00-SCRSNS20BASEBUND,399,999
12,UP4029-CUSA05984_00-NINEPARCHMENTS00,399,1999
12,UP0700-CUSA19255_00-NMARCHIVES000000,499,1999
12,UP1981-PPSA01607_00-SUPERCROSS4FGAME,299,2999
12,UP1981-CUSA20293_00-SX4SPECEDITION00,499,4999
12,UP1981-PPSA01607_00-SX4SPECEDITION00,499,4999
12,UP1981-CUSA20293_00-SUPERCROSS4FGAME,299,2999
12,UP1024-CUSA06978_00-TOKYOXANADUPS4SP,3599,5999
12,EB2251-PPSA35334_00-0602377351351497,749,999
12,UB2057-CUSA58185_00-0226454229177102,749,999
12,UP2184-PPSA05755_00-ORCSMUSTDIE3PS5V,899,2999
12,UP2184-PPSA05755_00-OMD3BUNDLE000001,1399,3999
12,UP2184-CUSA27274_00-OMD3BUNDLE000001,1399,3999
12,UP4361-PPSA05103_00-0000TWOMCOMPLETE,674,2699
12,UP7590-PPSA13961_00-0104790689030177,1249,2499
12,UP0969-CUSA31467_00-3136337473497983,999,2499
12,UP3589-PPSA18099_00-0464043880086364,899,2999
12,UB0843-PPSA23168_00-0108184219909487,1399,1999
12,UB0843-PPSA23168_00-0818693221434107,1749,2499
12,UP6856-PPSA05849_00-8009578235641746,799,1999
12,UP6856-PPSA05849_00-R2DELUXE00000000,1399,3499
12,UP6665-PPSA06367_00-LRG0000000000000,599,2999
12,UP6665-PPSA06367_00-LRG00DELUXE00001,799,3999
12,UP0968-PPSA23349_00-0683569388883636,999,2499
12,UP0968-CUSA49072_00-0302144910805134,799,1999
12,EP5072-PPSA15874_00-0722273559192492,2099,2999
12,UP0700-PPSA21906_00-OUAK0DLXEDITION0,3599,5999
12,UP1032-PPSA16756_00-JEDIPOWERBATTLES,999,1999
12,JB1969-PPSA34462_00-0000000SHARDPUNK,1274,1699
12,UP1056-CUSA17107_00-MIKUVRUS00000000,1249,2499
12,EP1499-PPSA07560_00-7658669899116124,1249,2499
12,HP5783-PPSA28796_00-0038856137746743,799,1999
12,UP8251-PPSA34497_00-0858799687348498,1359,1699
12,UB1012-CUSA55657_00-0957074275134563,974,1499
12,UP2660-PPSA03869_00-BREWMASTERAUROCH,269,1799
12,UB1012-PPSA29566_00-0842837215354237,999,1999
12,UP4293-PPSA21180_00-POTIONCEDPS5SIEA,899,2999
12,UP4293-PPSA02686_00-POTIONPERMITSIEA,599,1999
12,EP4064-PPSA21617_00-SWORNDELUXE00000,1189,3499
12,UP0082-CUSA05235_00-BUILDERS00000000,2999,5999
12,UP2005-PPSA36518_00-GRANDVEGASCASINO,399,499
12,HB1334-CUSA54880_00-0769330383560101,1199,1999
12,UP0700-PPSA07141_00-SYNDUALITYADA000,599,3999
12,UP0700-PPSA07141_00-SYNEAULTEDITION0,3499,9999
12,UB0225-PPSA27764_00-0659730792240554,1049,1499
12,EP4904-PPSA35718_00-0644071486322813,1049,1499
12,UP1056-CUSA03378_00-DARIUSBURSTCS0US,1799,5999
12,UP2136-PPSA34886_00-0102009643043486,1019,1199
12,UP1024-CUSA28130_00-UNDERNAUTSLBYOMI,2999,5999
12,UP3528-PPSA26151_00-0851465429231378,499,999
12,UP3528-CUSA51361_00-0380864109614716,499,999
12,UP3458-CUSA07843_00-FLATOUT400000000,157,449
12,UP0177-PPSA06435_00-DELUXEEDITION000,2124,8499
12,UP6472-PPSA22010_00-TFTURHAZEL000000,599,1199
12,EP1067-PPSA28376_00-0313651096142013,1799,2999
12,UP3528-PPSA33017_00-0100676396985133,259,399
12,UP3528-CUSA56577_00-0299577617891265,259,399
12,UB0714-CUSA49149_00-0237226118117472,844,1299
12,UP5099-PPSA18201_00-STILTSTILTSTILTA,999,1999
12,EP4295-PPSA23846_00-TSCYBERMISSPS5EU,999,3999
12,EP4731-PPSA27338_00-0355163267291696,1499,2999
12,HB1179-PPSA34981_00-0398369473328865,1359,1699
12,UP2775-PPSA20087_00-0492072201135743,1499,2499
12,UP2775-CUSA46425_00-0531116731292823,1499,2499
12,UP3291-CUSA12921_00-THEWIZARDS000001,499,2499
12,UB0245-PPSA23684_00-0987842916872143,599,1999
12,UP2833-CUSA42710_00-0314859548363662,199,499
12,UP2833-CUSA42710_00-0509493791693121,399,799
12,UP5025-CUSA18141_00-SH7CPFROGWARESUA,399,3999
12,JP0202-PPSA35472_00-APPRAISERPS50001,1679,2399
12,JP0202-CUSA58131_00-APPRAISERPS40001,1679,2399
12,UP3643-PPSA10886_00-WEIRDWESTPS5US00,999,3999
12,JP0211-PPSA26148_00-0217192219511128,1199,1499
12,JP0211-PPSA26148_00-0103363365947797,1199,1499
12,UP1642-CUSA04798_00-SLUS211960000001,224,1499
12,UP4389-PPSA04813_00-OUTCAST2US000000,1999,3999
12,UP1778-PPSA10974_00-BROKBARBUNDLE000,1249,2499
12,UP1778-CUSA37654_00-BROKBARBUNDLE000,1249,2499
12,UP1024-CUSA16768_00-UNIEXEST20000000,2399,3999
12,UP5420-PPSA31665_00-0807198200770730,1599,1999
12,UB1012-CUSA53895_00-0905086438378154,799,1599
12,UP1018-CUSA12563_00-SCRIBBLENAUTSSMP,599,3999
12,EP2649-PPSA26161_00-0769344621511152,499,1999
12,EP2649-CUSA50202_00-0217586586722663,499,1999
12,UP1475-PPSA21459_00-SMURFSPARTYPS5US,799,3999
12,EP4295-PPSA21458_00-0151544239726605,1124,4499
12,UP8381-PPSA30928_00-POOLCLEANINGSIM0,1619,1799
12,EP3446-PPSA26343_00-PROJCTBRIGHTSIDE,599,1999
12,UP4029-CUSA00234_00-TRINE2COMPLETE00,399,1999
12,EB0723-PPSA21124_00-0672532591001697,1599,1999
12,UP7850-CUSA34585_00-GAME000000MAHOYO,1999,3999
12,UP7850-CUSA34585_00-DIGITALDELUXEEDI,2499,4999
12,UP6963-PPSA14729_00-0484301212556643,1154,3299
12,UP6963-CUSA41438_00-0550435968855354,1154,3299
12,UP0700-PPSA02211_00-SCRLTNXSDX000000,1199,7999
12,UP0700-PPSA02211_00-SCRLTNXS00000000,5999,5999
12,UP1032-CUSA16624_00-STARWARSOUTCAST1,399,999
12,UP8703-CUSA48156_00-0313127729389336,1049,1499
12,UP4713-CUSA34616_00-0211678330870888,854,2849
12,UP4713-CUSA34616_00-0640326671531050,854,2849
12,HB1689-CUSA56552_00-0194620070389860,974,1499
12,UP0576-PPSA19050_00-MSAREPS5000000US,499,999
12,UP4293-CUSA18884_00-0000000000DANMUS,999,3999
12,UP1360-CUSA03080_00-0123012301234567,299,1499
12,EP8723-PPSA33767_00-0720695244299324,699,999
12,EB2055-CUSA56178_00-0044801774977833,899,1499
12,UB0714-CUSA53951_00-0210984039285690,899,1499
12,UP6718-PPSA37045_00-0361653481589027,959,1199
12,HB1689-CUSA56915_00-0096613307715165,974,1499
12,UP2833-CUSA55545_00-0912697041082189,419,1399
12,UP2833-CUSA55545_00-5000000000000000,239,799
12,EP4459-PPSA36363_00-SLIMYMINESPS5000,1104,1299
12,EP4459-PPSA36363_00-0217203716655355,2249,2499
12,EB2107-CUSA57101_00-0286967097470412,519,799
12,UP1981-PPSA10683_00-MOTOGP23FULLGAME,449,2999
12,UP0334-CUSA04414_00-GOLDEDITIONXXXXX,599,2999
12,UP0334-CUSA04414_00-STARTEREDITIONXX,499,999
12,UP0334-CUSA04414_00-SKYWHALEMOUNTXXX,1004,1499
12,HB1334-CUSA57731_00-0630239891982947,909,1299
12,UP2565-PPSA05830_00-0838506401446730,4499,7499
12,UP4581-PPSA07948_00-AFUS00000000SIEA,599,2999
12,UP8703-PPSA34436_00-0355434103020129,974,1499
12,UP2159-CUSA01305_00-NEVERALONEPS4000,299,1499
12,UP2159-CUSA01305_00-B000000000001769,359,1799
12,UP3589-PPSA21296_00-0538218406416879,924,2499
12,UP4064-PPSA13580_00-BLASPHEMOUS2MCE0,949,3799
12,UP0977-PPSA08511_00-3064604549696432,989,2999
12,HB1359-PPSA31832_00-0654821047397754,1826,2149
12,UP3528-PPSA15753_00-0889947282906504,1049,2999
12,UP3528-CUSA42738_00-0308078840227016,1049,2999
12,UP4293-PPSA16154_00-KVSG00000SIEAPS5,299,1999
12,UP4291-CUSA18659_00-CRYSISTRILOGYYYY,1249,4999
12,UP1981-CUSA15323_00-MXGP5FULLGAME000,249,2499
12,UB0565-PPSA21653_00-0876057869714418,1399,1999
12,UP6345-CUSA44751_00-0449183853998593,659,1999
12,UP1475-CUSA19312_00-MYFASHION00000US,599,2999
12,EB2055-CUSA56124_00-0361266626326058,899,1499
12,UP1675-PPSA30878_00-SYPS5TALEOFDARKL,699,999
12,UP1675-CUSA55144_00-SYPS4TALEOFDARKL,699,999
12,UP0082-PPSA07298_00-5867537234812861,1249,2499
12,UP4912-PPSA24689_00-0202191360240511,2099,2999
12,UP0307-CUSA06397_00-MYNAMEISMAYO0000,74,99
12,UP7160-PPSA32933_00-0192731582877401,1699,1999
12,UP7375-CUSA47952_00-0901437869525748,699,1999
12,EP7373-PPSA25000_00-0055205536080777,769,2199
12,UP2199-CUSA17809_00-ROUNDGUARDNA0002,699,1999
12,UP1474-CUSA11756_00-00AM0USMLVRD1101,999,1999
12,UP1474-CUSA11756_00-MLVRBRAINBEATSBD,1249,2499
12,UP2775-CUSA32800_00-7479431751937498,799,1999
12,UP7448-PPSA05591_00-2788042473589114,999,1999
12,UP7448-CUSA34490_00-2426452580752414,999,1999
12,JB1981-PPSA35387_00-0618276101240247,1599,1999
12,UP1032-CUSA04485_00-LAYERSOFFEAR0000,199,1999
12,UB1522-PPSA30614_00-0617617431383265,1399,1999
12,HP6885-PPSA29708_00-KEJORAPS5GLOBALM,1399,1999
12,HP6885-CUSA56160_00-0191979566866603,1399,1999
12,UP3868-CUSA34677_00-0716178130809845,499,1999
12,EP4295-PPSA25839_00-GRFLDKRT200PS5WW,1499,2999
12,EP4295-PPSA25839_00-0588900136033020,2449,3499
12,UP3824-PPSA15569_00-NJPABASEGAME0000,999,3999
12,UP2047-CUSA07229_00-VRKONAVRBUNDLE00,399,1999
12,HB1334-CUSA54203_00-0125321239975909,599,999
12,UP1675-PPSA27569_00-SYPS5ISTHISGAMET,1199,1999
12,UP1675-CUSA52612_00-SYPS4ISTHISGAMET,1199,1999
12,UP7604-PPSA18718_00-0415489590319879,1399,1999
12,UP4731-CUSA15146_00-BARTENDERVRSIMUL,1399,1999
12,UB0797-CUSA56912_00-0040531648349990,974,1499
12,UP3824-PPSA09194_00-BSBASEGAME000001,599,3999
12,EP4904-PPSA31883_00-0553501447247812,1399,1999
12,EP4731-PPSA33631_00-0417436680813181,1099,1999
12,EP4904-PPSA35717_00-0860062433919496,1399,1999
12,UP4008-CUSA02082_00-ESPORTSEDITION00,499,999
12,EP4382-PPSA18493_00-DIGVRKNUCKLES000,699,1999
12,UP5503-PPSA04479_00-6323379341464638,749,2999
12,UP2775-CUSA43308_00-0502143172493288,699,1999
12,UP2775-PPSA16362_00-0854153296307115,699,1999
12,UB0797-CUSA49510_00-0608599517999067,519,1299
12,UP1024-CUSA04112_00-GGXRDREVUS000100,1199,1999
12,UP4040-PPSA05201_00-000STRAYBLADE000,799,1999
12,UP3589-PPSA10415_00-4950124515607797,599,2999
12,UP3589-CUSA37000_00-8518436065378185,599,2999
12,EP3334-PPSA21912_00-0938568733995969,799,1999
12,UP6927-PPSA23113_00-0850442623229750,799,1999
12,UP4043-CUSA07324_00-0000000000000006,1199,1499
12,UB0797-PPSA33800_00-0847968416732462,779,1299
12,UB1012-CUSA51156_00-0401071837993262,899,1499
12,UP4361-CUSA15716_00-FROSTPUNKCOMPLET,1124,4499
12,UP2320-CUSA10969_00-BADNORTHDLGAME01,299,1499
12,EP4459-PPSA28063_00-DEADRESETPS5GAME,974,1499
12,UP4293-CUSA32096_00-ASTNCPS4SIEA0000,499,1999
12,UP4293-PPSA06410_00-ASTNCPS5SIEA0000,499,1999
12,EP3446-PPSA29561_00-0943460222509337,599,1999
12,UP3589-PPSA36130_00-0790046339207008,999,1999
12,JP7241-PPSA33503_00-0855460074219699,1119,1399
12,UB0732-PPSA23622_00-0071213423552553,1689,2599
12,EP3948-PPSA27221_00-0821683129289670,374,1499
12,EB2107-CUSA57100_00-0643627147890831,899,1499
12,UP2979-CUSA14089_00-DEMONRUSHPS4FOUR,1079,1799
12,UB0929-PPSA25435_00-0007547599063665,1224,2449
12,UP6883-PPSA27057_00-0140394277201552,499,999
12,EP6880-PPSA26385_00-0121144232034228,824,1499
12,UP6883-PPSA27057_00-0910244419671401,699,1399
12,UP6883-PPSA27057_00-0605498147356577,779,1199
12,EP6880-PPSA26385_00-0833328149452249,879,1599
12,UP3918-PPSA13386_00-0883744377329406,749,2499
12,HP8406-PPSA32275_00-NIUCPTRSGLOBAL01,1199,1499
12,HP8406-CUSA56174_00-NIUCPTRSGLOBAL02,1199,1499
12,UB0383-PPSA34517_00-0104093253887576,537,2149
12,EB2107-PPSA36134_00-0384772316913070,974,1499
12,UP1014-CUSA34015_00-HMLETTERPS4SETUS,3899,6499
12,UP1014-PPSA07928_00-HMLETTERPS5SETUS,3899,6499
12,UB1486-CUSA54329_00-0997489077241274,824,1499
12,UP0700-PPSA06764_00-DRFM2MAINCONTENT,1499,4999
12,UP1104-PPSA09599_00-GGACPSAPP0000000,499,2499
12,UP4293-CUSA41240_00-GRIMPS4SIEA00000,499,2499
12,UP3474-CUSA12795_00-RG2017XX2018RG18,1139,1899
12,UB1038-PPSA26541_00-DUCKDETECTIVE001,799,999
12,UP3528-PPSA35447_00-0301083315723158,419,699
12,UP3528-CUSA58487_00-0033675207907256,419,699
12,EP3367-PPSA28511_00-0077902976859723,1049,1499
12,UP3824-CUSA18901_00-THDABASEGAME0001,499,2499
12,UB0714-CUSA53882_00-0024407978912972,899,1499
12,UP4459-PPSA02965_00-MAIDOFSKERPS5USA,849,2499
12,UP4459-CUSA14893_00-4859035771997091,2159,3599
12,UP6026-PPSA26880_00-TOAPLANARCADEVL1,1924,3499
12,UP4133-CUSA19412_00-0000000CURSEGAME,499,1999
12,EP3385-PPSA34808_00-0145060337898672,1499,2999
12,UP6305-PPSA05925_00-7392023519013002,1249,2499
12,UP6305-PPSA05925_00-7779893283764094,1749,3499
12,EP7791-PPSA15272_00-0958642995703930,999,1999
12,UP5025-CUSA26738_00-2858303845837664,399,3999
12,UP5025-CUSA26738_00-3ESSENTIALBUNDLE,999,9999
12,JB1134-PPSA25801_00-0079987953834001,824,1099
12,UP8520-PPSA31764_00-0933294946319513,1199,1999
12,UP2165-CUSA15451_00-LOF2GAMEUS000000,199,1999
12,UP2107-CUSA13369_00-MARKOFTHENINJARA,499,1999
12,UP2060-PPSA04881_00-RAILWAYEMPIRE2DX,2999,5999
12,EP6325-PPSA33221_00-0259809898255734,1799,1999
12,UP1063-CUSA02629_00-DISGAEA5COMPLETE,1999,3999
12,UP2005-PPSA07612_00-5540106463966137,1399,3999
12,UP4133-CUSA04730_00-CALLOFCTHULHUXXX,499,1999
12,UP3528-PPSA35129_00-0033055998499852,1599,1999
12,UP3528-CUSA57944_00-0034125945885883,1599,1999
12,EP2015-PPSA23810_00-0974736213829670,1399,1999
12,UP2060-PPSA02650_00-0DISCIPLESLIBDDE,1499,5999
12,UP2136-PPSA26419_00-0759154408255483,259,399
12,UP1675-CUSA45798_00-SYPS4MINDSEIZE00,849,1699
12,UP1675-PPSA19337_00-SYPS5MINDSEIZE00,849,1699
12,UP1475-PPSA08243_00-MARSUPS5000000US,799,1999
12,UB0655-PPSA30798_00-0953421814880459,1079,1799
12,UP0031-CUSA28812_00-SENRANNINJANEPUS,1199,3999
12,UP0177-CUSA27065_00-9558212560709500,2249,2999
12,UP0177-CUSA27065_00-VFESBUNDLEDLC002,2249,2999
12,UP0177-CUSA27065_00-VFESBUNDLEDLC003,2249,2999
12,UP6856-PPSA27676_00-PAINKILLER000000,799,3999
12,UP6856-PPSA27676_00-PAINKILLERDE0000,799,3999
12,UB1012-CUSA52100_00-0169995325160967,599,1499
12,UP6606-PPSA05340_00-5327020403569811,699,1399
12,EP6357-PPSA28915_00-MV30000000000000,1299,1999
12,UP1024-CUSA10864_00-CODEREALIZESHPS4,2999,4999
12,UP8666-PPSA28752_00-0684236635885369,1999,3999
12,UP7951-PPSA09689_00-2214775524052532,699,1999
12,HB1689-CUSA56453_00-0562578952105592,649,999
12,UP1980-CUSA10227_00-TORCHLIGHT000003,799,3999
12,UP3824-CUSA12960_00-HTTYD3BASEGAME01,899,2999
12,UP6088-CUSA25847_00-3957480214551185,3199,7999
12,UP6088-CUSA25847_00-4804371473528359,2399,5999
12,UP6088-CUSA25847_00-2543755395775640,799,1999
12,UP3883-CUSA18541_00-JUMPKINGPS4US001,389,1299
12,UP3639-PPSA15961_00-0305768140863711,759,1899
12,UP4133-CUSA04733_00-THESURGEAUGMENED,624,2499
12,EP0305-PPSA26545_00-0018614177030467,159,199
12,EP0305-CUSA51683_00-0721536772588617,159,199
12,UP0082-CUSA15230_00-ONINAKI000000000,1499,4999
12,UP5120-CUSA43341_00-0061945021868907,1249,2499
12,UP0977-PPSA14681_00-0380429015353443,1499,1999
12,EP6027-PPSA24280_00-0230876279921703,1609,2299
12,UP5215-PPSA04999_00-CANNIBALCUISINE1,129,1299
12,UB0382-PPSA26703_00-0904090056693323,599,1999
12,UP0571-CUSA38403_00-HAMPRDC000000001,559,799
12,UP2320-PPSA15347_00-PIZZAPOSSUMOMNOM,349,699
12,UP1063-PPSA13843_00-DISGAEA7PS5CE001,7149,10999
12,UP1063-PPSA13843_00-DISGAEA7PS5DD000,3999,7999
12,UP5595-CUSA44561_00-0098238017880105,2294,2699
12,UP3803-CUSA20203_00-CHESSA21APRLSCEA,199,999
12,UP3803-CUSA20203_00-0259037733313457,449,1499
12,UP3803-CUSA20280_00-BOWLING04MAYSCEA,199,999
12,UP2500-PPSA30744_00-US0BRANDEL000PS5,749,1499
12,UP8533-PPSA18516_00-0663053975315385,439,1099
12,UP8533-PPSA18516_00-0257535855346325,1599,3999
12,UP8523-PPSA16794_00-0054374462386862,449,899
12,UP8523-CUSA43270_00-0817650271743926,449,899
12,UP2320-CUSA10749_00-DANDARALONGHATH1,374,1499
12,UP4293-CUSA28850_00-MAGLPS4SIEADX000,1499,5999
12,UP4293-CUSA28850_00-7072263001108710,999,3999
12,HB1334-PPSA29567_00-0135900737728286,749,1499
12,UP5702-CUSA25813_00-6163727976348676,299,1499
12,UP3876-PPSA16157_00-DIEAGAIN0000PS5A,974,1499
12,UP3876-CUSA42561_00-DIEAGAIN0000PS4A,779,1199
12,UB1264-PPSA34572_00-0680222652136346,899,1499
12,UB0027-CUSA56367_00-0914180665034076,1049,1499
12,EB2107-CUSA56918_00-0799485906029922,974,1499
12,UB1264-CUSA54406_00-0223293269574460,974,1499
12,UP1421-PPSA14138_00-0936814201676899,224,1499
12,UP0922-PPSA17121_00-SCUS946020000000,299,599
12,UP4293-PPSA33197_00-PQBEYONDWORDSPS5,1124,1499
12,UB0714-PPSA35882_00-0048936699387775,974,1499
12,UP8448-PPSA31431_00-0025052842393214,179,1799
12,UP3332-CUSA33548_00-RPGTIMEGAME00001,749,2999
12,UP1421-PPSA14075_00-0738406884073747,224,1499
12,UB0585-PPSA26493_00-0775228367434455,449,1499
12,UP6963-PPSA18785_00-0438543852240011,599,1499
12,UP6963-CUSA45358_00-0939409767769162,599,1499
12,UP6718-PPSA35202_00-0024759396265363,1199,1499
12,UP2005-PPSA21643_00-SUPERWODENGP2000,974,1299
12,UB0714-CUSA52227_00-0102297760391314,674,1499
12,UP2005-PPSA27773_00-MAIDENCOPS000000,749,1499
12,EP3948-PPSA26875_00-0203959146993011,149,1499
12,UP2908-PPSA13412_00-BEFOREYOUREYESVR,524,1499
12,UP4293-CUSA11329_00-0000000000000000,374,1499
12,UP1291-CUSA23680_00-2589201123279341,1499,2999
12,UP2387-CUSA18354_00-YAZDHD0000000000,99,499
12,EB0796-CUSA48741_00-0012254895480729,749,1499
12,UP8444-PPSA15607_00-0971853191791047,1979,2999
12,UP2833-CUSA45865_00-0161119383923969,199,499
12,UP2833-CUSA45865_00-0801600701740002,599,1199
12,UB0455-PPSA25318_00-0659120551634372,1499,2999
12,UP2796-PPSA28677_00-0522336102818921,1079,1499
12,UP2796-CUSA53621_00-0152760377043684,1079,1499
12,JB0500-PPSA32315_00-0967927738849451,824,1499
12,UP8533-PPSA20234_00-0177705945290149,399,999
12,JB1258-PPSA27491_00-0306431103156963,899,1499
12,UP3868-PPSA21771_00-0471114794143761,999,1999
12,UP3868-CUSA47837_00-0566787485840590,999,1999
12,UP1475-PPSA15478_00-SURVIVORPS5000US,599,2999
12,UB0918-PPSA33214_00-0520874026535142,1599,1999
12,UP1181-PPSA35434_00-0043420015589324,849,999
12,UP8251-PPSA30591_00-0306310001929995,1999,2499
12,UP8251-PPSA30591_00-0773502290588353,1599,1999
12,EP6325-PPSA29006_00-0717329157545461,1049,1499
12,UP1475-CUSA29950_00-MYDOCTORPS4000US,599,2999
12,UP3824-CUSA23279_00-RWRBASEGAME00002,599,2999
12,HB1334-CUSA53538_00-0958252811759593,749,1499
12,EP4539-CUSA51753_00-0655428781909239,3999,4999
12,HB1334-CUSA52785_00-0246660038441240,749,1499
12,UP1024-CUSA00834_00-GGXRDSIGNUS00100,2999,4999
12,EP3729-PPSA25838_00-000WHYDFATHERPS5,1274,1499
12,EP3729-CUSA51931_00-000WHYDFATHERPS4,1274,1499
12,UP5641-CUSA52081_00-0031408181835433,299,599
12,UP0283-PPSA15536_00-0416153056714786,1499,4999
12,UP2159-CUSA18922_00-BEYONDBLUESIEA00,799,1999
12,UP4293-PPSA02527_00-5705474204787542,499,1999
12,UP4293-CUSA28101_00-KITAPS4SIEADEL01,624,2499
12,UP4064-CUSA30508_00-HOKKOLIFE0000000,399,1999
12,UP4064-PPSA09523_00-KILLERFREQUENCY0,499,2499
12,UP0307-CUSA31515_00-1073664758417165,149,199
12,HP6978-PPSA30376_00-0190708419943016,1799,2999
12,EP6325-PPSA24351_00-0340256738942113,899,1499
12,UP4724-CUSA19183_00-ARCHAICAPS400002,224,1499
12,UP6015-CUSA23660_00-0557705828799124,749,1499
12,UB2030-CUSA57740_00-0771957935379179,974,1499
12,UP4724-CUSA18939_00-0000000000000000,299,1499
12,HB1334-CUSA52645_00-0324870055015387,749,1499
12,UP0082-CUSA00794_00-LARACROFT2OSIRIS,299,1999
12,UP1675-CUSA15113_00-SYPS4OVIVO000000,174,699
12,UP1675-PPSA03699_00-SYPS5OVIVO000000,174,699
12,UP5526-CUSA24140_00-KAIRO00000130000,699,1399
12,UP1181-PPSA34269_00-0312518813630842,934,1099
12,UP4293-PPSA04285_00-NEX1PS5SIEA00000,249,999
12,UP0700-CUSA09390_00-GAMELWATMNH00000,1499,4999
12,UP4307-CUSA10503_00-DU3ENGFULL000000,419,1399
12,UP1181-PPSA26540_00-0609208022906597,1119,1399
12,UP1181-PPSA26540_00-0923715300957176,1429,2199
12,UP1001-CUSA13897_00-000000000000BLVR,1249,4999
12,UP0265-CUSA18958_00-0000000000000001,799,1999
12,UP3803-CUSA18089_00-UPARTYSCE17OCT19,199,999
12,UP6015-PPSA17469_00-0635859498001536,1224,2449
12,UP1181-PPSA31643_00-0413013502483760,879,1099
12,UP2081-PPSA21265_00-DEATHBOUNDULTIMA,1749,3499
12,UP2081-PPSA21265_00-DEATHBOUND000001,1349,2999
12,UP1475-CUSA09644_00-AI201710ATVUS001,199,999
12,UP4133-CUSA12508_00-NECROMUHWCOMPLET,599,2999
12,UP3824-CUSA16697_00-GIGANTOBASEGAME0,749,2499
12,UP6904-PPSA03545_00-5160344740168485,1086,1449
12,UP6904-CUSA27742_00-7552325219706943,1086,1449
12,EP3656-CUSA52180_00-0400867633665344,199,999
12,UP4197-PPSA15404_00-0949368865245636,199,1999
12,UP4312-CUSA11327_00-BRIKS2FGTHAV0001,399,999
12,UP4312-CUSA11327_00-BRIKS2GAME081017,479,799
12,UP1475-PPSA17056_00-GADGETPARTYPS5US,799,3999
12,UP1685-CUSA27945_00-3534786958507733,999,1999
12,UP5223-PPSA06934_00-APICOPS5SIEAFULL,599,1999
12,UP5223-CUSA31809_00-APICOPS4SIEAFULL,599,1999
12,UP1475-PPSA08449_00-ADOXXXLPS50000US,799,3999
12,EP1302-PPSA07048_00-MDDNBKDELUXE0000,4399,7999
12,EP1302-PPSA07048_00-MDDNBKCHICKEN000,3299,5999
12,UP1475-PPSA08547_00-FLASHBACK2PS50US,799,3999
12,HB1334-CUSA57054_00-0990327324391681,844,1299
12,UP6026-PPSA24657_00-0767102518054372,299,1999
12,HB1066-PPSA24998_00-0805512191859072,1399,1999
12,EB0235-PPSA22053_00-STAROVERDRIDLXED,2399,3999
12,UP0295-PPSA12384_00-2445729949026016,999,1999
12,UP8533-PPSA27945_00-0325547765477508,519,1299
12,JP0571-PPSA28736_00-HAMPRDC000000001,1189,1699
12,UP5223-CUSA14689_00-BOMBFESTLEADSKU0,259,1299
12,UP5480-PPSA19330_00-FELLOWTRAVELLER0,999,1999
12,UP1951-PPSA06810_00-4987633682785702,299,499
12,UP1951-CUSA32654_00-7002844937938517,299,499
12,UP4389-CUSA06405_00-SLUS204420000001,224,1499
12,UP0177-CUSA19345_00-SCUDDE0000000000,1349,4499
12,UP6806-CUSA37442_00-UNHEARD000000000,599,999
12,UP0700-CUSA04983_00-PACMAN2560000000,199,499
12,EP6880-PPSA34128_00-0759953219953045,389,599
12,EP6880-PPSA34128_00-0277501862321675,769,1399
12,EP6880-PPSA34128_00-0635163812948984,549,999
12,UP0692-PPSA15963_00-0337227358788541,1499,1999
12,UP0692-PPSA15963_00-0514464407032492,1919,3199
12,UP2059-CUSA06408_00-MOVEORDIEPS40000,374,1499
12,HB1334-CUSA52557_00-0551417805409399,779,1299
12,UP1470-PPSA19609_00-PERENNIALORDERUS,799,1999
12,EP6867-PPSA24516_00-CORRECTPRODUCT00,2099,2999
12,HP6885-CUSA49957_00-DOREMASTERCOLLEC,2099,2999
12,HB1179-PPSA31328_00-0211015196244537,870,1299
12,UP5420-PPSA22017_00-0103982145742144,1599,1999
12,UP4199-PPSA19138_00-0277056656969053,129,1299
12,UP4199-CUSA45626_00-0611617383457347,129,1299
12,UP4389-CUSA06402_00-SLUS200730000001,224,1499
12,EB0363-PPSA21920_00-0830454695485201,1249,2499
12,UP2081-PPSA05595_00-5004344073364444,599,2999
12,UP2081-CUSA30890_00-5900304416240201,599,2999
12,UP2081-CUSA30890_00-0004143701371066,924,3699
12,UP2081-PPSA05595_00-0132965086901613,924,3699
12,UP2081-CUSA30890_00-BUNDLE0000000001,824,3299
12,UP2081-PPSA05595_00-BUNDLE0000000001,824,3299
12,UP6261-CUSA34276_00-1385588716308532,874,2499
12,UP1475-PPSA17899_00-WARMSNOWPS5000US,1199,1999
12,UP1475-PPSA17899_00-0900921816849983,1124,4499
12,UP7729-PPSA30454_00-ACHILLESSURVIVOR,468,699
12,EP0114-PPSA17098_00-0462646049728738,989,2999
12,EP1546-PPSA35085_00-0332967295331507,2124,2499
12,UP5580-PPSA04747_00-CHERNOBYLPS5SIEA,599,2999
12,UP5580-CUSA28036_00-CHERNOBYLITESIEA,599,2999
12,UP0159-CUSA28599_00-5454094714293554,299,1499
12,UP0182-PPSA30186_00-PROJECTWEDGE0000,1649,2999
12,UP4293-PPSA22635_00-BRIDCURS2SIEAPS5,1249,2499
12,UB1177-CUSA55007_00-0698965786359095,1104,1299
12,UB1177-PPSA26288_00-0295650486691413,1104,1299
12,UP2833-CUSA45697_00-0076171447195676,174,499
12,UP2833-CUSA45697_00-0181759294672656,296,899
12,UP2833-CUSA45697_00-0831216227907904,599,999
12,UP2833-CUSA45697_00-0213943506418188,319,799
12,UP2833-CUSA45697_00-0065175760553921,174,499
12,EP5506-PPSA37304_00-0597352311192790,731,1199
12,EP5506-CUSA59071_00-0911981533543845,731,1199
12,UP5595-CUSA16690_00-MEGAQUARIUM00000,1019,2549
12,EP4459-PPSA34553_00-MAIDOFSKERVRPS50,1874,2499
12,UP6699-PPSA35099_00-0270408486938467,489,699
12,UP2005-PPSA19665_00-XYSGATEFIRMAMENT,1249,2499
12,UP3589-PPSA12364_00-4265847398224391,1499,4999
12,UP7375-PPSA24879_00-0368175179737928,874,2499
12,UP7375-CUSA35380_00-2314129649831449,749,2499
12,UP6714-PPSA05039_00-KINGSBOUNTYPS5US,599,3999
12,UP8448-CUSA45899_00-0759016753399534,169,1699
12,UP4029-CUSA10755_00-TRINE4NIGHTMARE0,599,2999
12,UP4029-CUSA10755_00-TRINEULTIMATECOL,999,4999
12,EP4293-PPSA30491_00-TORT0SIEESIEAPS5,1749,2499
12,EP4382-PPSA32707_00-COMBATRACING0000,2549,2999
12,UP4713-CUSA33611_00-0295288322751139,549,2199
12,UP0700-PPSA02841_00-PS5MRDRILLERDL0E,449,2999
12,UB0714-PPSA33569_00-0403703303031289,899,1499
12,UP4459-PPSA15900_00-0185418467759082,1274,2549
12,UP6927-PPSA20131_00-0087852988588715,479,1199
12,UP2753-CUSA13549_00-MARBLEDUEL141117,659,1199
12,UP2753-CUSA13549_00-9104151079296668,824,1499
12,UP6963-PPSA20720_00-0420996363618695,764,1699
12,UB1012-CUSA52873_00-0588931754516203,399,799
12,UP3589-PPSA17138_00-0850552339534958,699,3499
12,UP3589-CUSA43982_00-0991642076473158,699,3499
12,UP4557-CUSA13596_00-RUSHVRPS20180706,499,2499
12,UP5325-CUSA49641_00-EMYLIVESHOWDMT00,539,1199
12,JP0013-PPSA32398_00-JP0DRUINS2000PS5,1049,1499
12,HP8406-PPSA33090_00-0003681767096256,1599,1999
12,HP8406-CUSA56648_00-0187418357764307,1599,1999
12,UB0245-PPSA33146_00-0864011934287844,419,1399
12,UB0245-PPSA33146_00-0550449532697459,509,1699
12,UP1475-CUSA23838_00-PETCLINIC00000US,599,2999
12,UP1470-PPSA20204_00-GARDENWITCHLIFEA,749,2999
12,UP1475-CUSA19313_00-MYTEACHER00000US,599,2999
12,UP8255-PPSA30494_00-STRIKEMISSION1ST,499,999
12,UP3643-CUSA01608_00-0088145383243912,699,1999
12,UP4293-CUSA07177_00-CHAOSCHILDPS4US0,874,3499
12,UP3803-CUSA37171_00-0057178735411709,199,999
12,EP5715-PPSA23510_00-0112209631959267,1199,1499
12,UP6883-PPSA27730_00-0959809733533310,269,899
12,UP6883-PPSA27730_00-0976199848405130,1149,2299
12,UP6883-PPSA27730_00-0235722422076775,649,1299
12,EP6880-PPSA27729_00-0834172668734293,714,1299
12,UP8251-PPSA29641_00-0957065071073144,749,999
12,UP8251-CUSA55785_00-0635282462590449,749,999
12,UB0245-PPSA27032_00-0632928330469796,599,1999
12,UB0245-PPSA27032_00-0195066766032443,899,2999
12,UP2047-CUSA03132_00-AGENTSOFMAYHEMDS,199,1999
12,UP2047-CUSA03132_00-AOMTOTALMAYHEM01,299,2999
12,EB2055-CUSA56150_00-0477176834575907,779,1299
12,UP1475-PPSA16717_00-SMURFS2PS50000US,799,3999
12,UP1475-PPSA16717_00-0945810777707974,1749,6999
12,UB0599-PPSA22527_00-ESCAPETHEGLITCH2,159,199
12,UB0648-PPSA33566_00-0026023928618837,599,799
12,UP2181-PPSA04105_00-RCAC0V0010000005,599,1499
12,UP2005-PPSA28010_00-DEADOFDARKNESS00,1039,1599
12,UP1018-PPSA05834_00-QUIDDITCHDE00000,599,3999
12,UP6261-CUSA34333_00-2026842793547125,524,1499
12,UP1475-PPSA08508_00-GARFPARTYPS500US,799,3999
12,EP3729-CUSA50498_00-0NEPHISEASCENPS4,714,1099
12,EP3729-PPSA23568_00-0NEPHISEASCENPS5,714,1099
12,UP1024-PPSA21907_00-TALESFRMTOYOTOKI,1199,2999
12,UP2139-CUSA08522_00-0194941869126208,4499,7499
12,UP0177-CUSA16404_00-SAKURAWARSDELUXE,1199,7999
12,UP2320-CUSA17295_00-ATOMICROPS000000,374,1499
12,UP0082-PPSA01778_00-6924922068772381,799,1999
12,UP6592-CUSA26663_00-1684875245811816,454,1299
12,EP6985-PPSA36602_00-0530043931735526,319,399
12,EP6985-CUSA58752_00-0654959194240903,319,399
12,UP4459-CUSA16992_00-SIMULACRAGAMEPS4,909,1299
12,UP5025-CUSA42451_00-THETESTAMENTOFSH,374,2499
12,UP0969-CUSA27719_00-000ANGELSOFDEATH,899,1499
12,UP6883-PPSA26255_00-0731918533500550,899,1799
12,UP6883-PPSA26255_00-0940673039528320,1049,2099
12,UP6883-PPSA26255_00-0756048385161109,1149,2299
12,EP6880-PPSA26254_00-0878965860326142,1319,2399
12,UP6883-PPSA26255_00-0635740721799834,974,1949
12,UP7535-PPSA13225_00-0504102613892231,374,1499
12,UP2833-CUSA48341_00-5000000000000000,199,499
12,UP1675-PPSA06644_00-SYPS5SUCCUBUSGUN,699,999
12,UP1675-CUSA32382_00-SYPS4SUCCUBUSGUN,699,999
12,EP5506-CUSA51709_00-EMPIRESSHALLFALL,559,999
12,UP3868-PPSA12433_00-9671915312914154,599,1999
12,UP3868-CUSA39399_00-6033145089671226,599,1999
12,EP5974-CUSA57171_00-0904447554045988,499,999
12,UP3528-PPSA18977_00-0460947961983319,999,1999
12,UP5099-PPSA08478_00-7979797979797979,1249,2499
12,UP5099-PPSA15952_00-0890728148533518,749,1499
12,UP1675-CUSA57145_00-SYPS4PULMO000000,599,999
12,UP1675-PPSA33931_00-SYPS5PULMO000000,599,999
12,UP1421-PPSA18239_00-0002610918493611,104,699
12,UP6718-CUSA41116_00-0441294667502108,499,999
12,UP6718-PPSA14132_00-0253675211540772,499,999
12,UP1675-CUSA56806_00-SYPS4SCARLETWOLF,699,999
12,UP1675-PPSA33378_00-SYPS5SCARLETWOLF,699,999
12,UP1675-CUSA49059_00-SYPS4BILLYSGAMES,249,999
12,UP1675-PPSA23324_00-SYPS5BILLYSGAMES,249,999
12,UP2775-PPSA13792_00-0527233068679195,679,1999
12,UP2775-CUSA40793_00-0798519345461674,679,1999
12,UB0797-CUSA48486_00-0964904192699856,389,1299
12,EP3540-PPSA34820_00-TINYLANDS2PS5EU0,699,999
12,UP4133-CUSA24704_00-WHAOSSTORMGROUND,499,1999
12,UP4064-PPSA13723_00-0232899021037973,699,3499
12,UP1421-PPSA14144_00-0903388171518690,224,1499
12,UP4133-PPSA08529_00-DORDOGNEGAME0000,599,1999
12,UB0027-CUSA56608_00-0285365481765159,699,999
12,UP4745-CUSA12164_00-DETACHED000000US,599,1999
12,UP6759-PPSA18062_00-0992701712178081,699,1999
12,UP8533-PPSA20127_00-0103412169110651,399,999
12,UP7399-PPSA24255_00-0248998707432649,1599,1999
12,UP2005-CUSA14410_00-SOLDNERX2FINALPR,499,999
12,UP3643-PPSA09270_00-7300135593031285,899,1999
12,UP5097-CUSA18503_00-0000000000000000,1699,1999
12,UP1643-PPSA13589_00-HIOBADBDLJDPS5US,2679,3999
12,UP1643-CUSA44076_00-HIOBADBDLJDPS4US,2009,2999
12,UP4947-CUSA23308_00-ORB2FULLGAME1234,349,999
12,UP0438-PPSA02364_00-1700157548129017,499,999
12,UP1675-PPSA25596_00-SYPS5THENAMELESS,399,999
12,UP1675-CUSA50892_00-SYPS4THENAMELESS,399,999
12,UP4064-PPSA21130_00-0013332423723409,849,2499
12,UP6459-PPSA21612_00-0917820743584799,999,1999
12,JP0013-PPSA34137_00-JP0DSPIRA0000PS5,1399,1999
12,JP0013-PPSA34137_00-JP0DSPIRA00SEPS5,1399,1999
12,UP6927-PPSA27875_00-0671766666766815,399,999
12,UP2833-CUSA55325_00-0211361764109756,349,999
12,UP2833-CUSA55325_00-5000000000000000,199,499
12,UP7543-CUSA56834_00-0453373747188500,499,999
12,HB1334-CUSA56480_00-0554963812190950,899,1499
12,UP3589-PPSA20006_00-0561502000998873,619,999
12,UP4713-PPSA16236_00-0924274475202546,1424,2849
12,UP4713-PPSA16236_00-0431435021467589,1479,3699
12,UP4713-CUSA43202_00-0698978712761906,1479,3699
12,UP4713-PPSA16236_00-0147199590604002,1424,2849
12,UP4713-PPSA16236_00-0709760191433145,1499,2999
12,EP3656-CUSA58386_00-0224241044536698,199,999
12,EP3656-CUSA58386_00-0827307124209124,449,1499
12,JP0013-PPSA35615_00-JP0AKUPARA000PS5,1499,1999
12,JP0013-PPSA35615_00-JP0AKUPARA0SEPS5,1499,1999
12,UP0177-CUSA24919_00-SMT3HDDELUXE0000,2099,6999
12,EP4293-PPSA27348_00-CHRONICLESOFWOLF,1299,1999
12,EP1629-PPSA24216_00-DREAMSCAPTSJDPS5,1599,1999
12,EP1629-CUSA49739_00-DREAMSCAPTSJDPS4,1199,1499
12,UB0622-PPSA21752_00-0261731580356189,399,999
12,UP2059-CUSA07228_00-9F923BDA7D66F600,374,1499
12,UB0599-PPSA30672_00-TRALALERO000SIEA,39,49
12,UP4040-PPSA07532_00-ROGUESPIRIT00000,799,1999
12,UP1421-PPSA19550_00-0038452407148171,149,999
12,UP1421-PPSA21679_00-0844955422941877,149,999
12,EP0435-PPSA27642_00-0755146935215546,749,999
12,UP8533-PPSA33657_00-0229882937774295,479,799
12,UP8533-PPSA33657_00-0882186692347752,1019,1699
12,EP6880-PPSA24244_00-0465677236995869,209,699
12,UP6883-CUSA51120_00-0010763718361344,209,699
12,EP6880-PPSA24244_00-0057435459965746,749,1499
12,EP6880-PPSA24244_00-0200251862337166,239,799
12,UP6883-CUSA51120_00-0511141386172000,239,799
12,EP6880-PPSA24244_00-0434373984968753,299,999
12,UP6883-CUSA51120_00-0554560536630122,299,999
12,EB0878-PPSA22658_00-0740091360196808,799,999
12,UP4713-PPSA26248_00-0476722813794917,824,1499
12,EP1411-PPSA26457_00-0410102237904620,299,999
12,UP4293-PPSA16799_00-CLASSOFHEROES2R0,499,1999
12,UP1475-CUSA13600_00-FLASHBACKUS00000,199,999
12,UP2187-PPSA04418_00-1483777748712187,999,1999
12,UP0700-CUSA02351_00-RIDEFULLGAME0000,199,1999
12,UP1470-CUSA14475_00-MONSTERCROWNUS00,399,1999
12,UP8533-PPSA20300_00-0830351576418467,399,999
12,UP2005-PPSA05321_00-OMENOFSORROW0000,699,1999
12,EP0896-PPSA35973_00-AFROGSJOB2RATGAM,349,499
12,UP5325-CUSA43388_00-LOCOPARENTIS0000,489,999
12,UB0714-CUSA54213_00-0712143301341116,824,1499
12,EP6357-PPSA27038_00-MVTRILOGY0000000,1949,2999
12,EP6357-PPSA27038_00-0934029390239974,649,999
12,UP1475-PPSA02810_00-VERTIGOPS50000US,399,1999
12,UP1475-CUSA26460_00-VERTIGOPS40000US,399,1999
12,EP0896-PPSA30173_00-BLASTERFORCE30RG,249,499
12,UP6026-PPSA29326_00-0872113163018639,1874,2499
12,UP4724-CUSA33417_00-WHATEVER000000US,374,1499
12,EP5279-PPSA27533_00-PIRATESVRJOLLYUS,999,1999
12,UP0743-PPSA20626_00-0772031170112398,299,1499
12,UB0797-CUSA56337_00-0348283523391846,899,1499
12,UP0307-CUSA25115_00-7703547908325796,74,99
12,UB1038-PPSA29799_00-0158865330581498,799,999
12,UB0714-CUSA49643_00-0603901012108014,389,1299
12,UP1470-PPSA07481_00-LEMONCAKEPS5US00,499,1999
12,UP1470-PPSA07481_00-0439870754204351,1999,3999
12,UP1470-CUSA33488_00-LEMONCAKEUS00000,499,1999
12,UP3803-CUSA23639_00-7456783487176158,199,999
12,UP1181-PPSA29297_00-0731691971441360,1039,1299
12,UP1475-CUSA05173_00-AI201610MR400001,199,999
12,UP1475-CUSA05173_00-MR4DELUXEDITIONA,399,1999
12,UP2753-CUSA18302_00-000000000TEMPEST,1044,1899
12,UP2753-CUSA18302_00-1067398098143761,2099,2999
12,UP2753-CUSA18302_00-0774718197156341,1399,1999
12,UP2753-CUSA18302_00-0109835304078549,2519,3599
12,UB2239-PPSA37819_00-OILCLICKER00SIEA,319,399
12,UP2060-PPSA14709_00-000DELUXEEDITION,4899,6999
12,UP2060-CUSA42689_00-000DELUXEEDITION,4899,6999
12,UP4293-PPSA26572_00-CLASSOFHEROES3R0,1949,2999
12,UP4293-PPSA26572_00-CLASSOFHEROES123,3801,5849
12,UP1475-CUSA29358_00-MYPUPPIESPS400US,599,2999
12,UP1474-CUSA11755_00-00000000000YOGAM,1249,2499
12,UP1474-CUSA11755_00-YOGAMASTERDELUXE,1749,3499
12,UP1474-CUSA11755_00-CELESTIALBUNDLE0,1349,2699
12,UP1474-CUSA11755_00-YOGAMASTERBU0001,1299,2599
12,UP1474-CUSA11755_00-YOGAMASTERBU0002,1349,2699
12,UP1474-CUSA11755_00-MEDITATIONBUNDLE,1499,2999
12,UP4912-PPSA19391_00-0440358565849632,199,1999
12,UP3528-CUSA43530_00-0330882642212686,699,1999
12,UP3528-PPSA16612_00-0175939208594102,699,1999
12,EP2627-PPSA36442_00-LASSPLANESPS5000,1599,1999
12,UP2844-PPSA03878_00-PAPERDOLLS2SIEA5,599,1999
12,UP2844-CUSA28273_00-PAPERDOLLS2SIEA4,599,1999
12,UP2844-CUSA28273_00-3724739114551596,699,3499
12,UP2844-PPSA03878_00-6712218225543574,699,3499
12,UP3589-PPSA34666_00-0317418980135612,799,1999
12,UP4293-PPSA09074_00-7941327591229035,199,1999
12,UP0891-PPSA03087_00-RATAGASCALYWINGS,599,999
12,UP1675-PPSA14057_00-SYPS5BOSSRUSHMYT,249,999
12,UP1675-CUSA41098_00-SYPS4BOSSRUSHMYT,249,999
12,UP3803-CUSA40838_00-0070516825300032,199,999
12,UP6963-PPSA22516_00-0254919723320942,499,999
12,EP1411-PPSA26169_00-0946333515869729,149,999
12,UP1421-PPSA14140_00-0442887583043796,149,999
12,UP1421-PPSA19556_00-0298171411897293,149,999
12,UP7993-PPSA09278_00-1960642026529713,499,999
12,UP7993-CUSA42283_00-0752951479974623,499,999
12,UP1421-PPSA18225_00-0408582929390645,149,999
12,UP0994-PPSA14750_00-0928330940426216,749,999
12,UP5526-CUSA24049_00-KAIRO00000127000,699,999
12,UP2005-CUSA24149_00-THEPILLAR0000000,199,999
12,UB1511-CUSA57084_00-0481737939918691,749,999
12,EP1411-PPSA26009_00-0359770810797101,104,699
12,UP6026-PPSA28539_00-0570450295938764,1924,3499
12,UP0182-CUSA29779_00-0658239522345650,539,1799
12,UP0182-PPSA04830_00-0683932864667843,539,1799
12,UP7862-PPSA22570_00-SSSTMBPS500000US,2249,4499
12,UP3589-PPSA14650_00-0215504716950158,599,1499
12,UP4713-PPSA19735_00-0641100719160761,1574,3499
12,UP4713-PPSA19735_00-0297532023209453,1799,3999
12,UP4713-CUSA29033_00-0898828118842605,1799,3999
12,UP2136-PPSA30197_00-0882710063019402,194,299
12,UP2136-CUSA54693_00-0856624224779131,194,299
12,UP2136-PPSA30197_00-0190980434098795,324,499
12,UB0599-PPSA31403_00-BRBRPATAPIM0SIEA,39,49
12,UP2833-CUSA54938_00-0103343403886509,449,899
12,UP2833-CUSA54938_00-5000000000000000,249,499
12,UP4133-CUSA17292_00-OTHERCIDE0BUNDLE,599,2999
12,UP5595-CUSA27303_00-2055870561744084,1399,2799
12,JP5361-CUSA51985_00-KAIRO00000114000,979,1399
12,EP1411-PPSA36736_00-0196238983284888,629,699
12,EP4365-PPSA28665_00-000DELUXEEDITION,4499,5999
12,UP0224-CUSA20605_00-REBELGALAXY20000,899,2999
12,UP0283-PPSA04789_00-0432850459159181,1799,5999
12,UP0700-CUSA01831_00-PROJECTOP3NA0000,899,5999
12,UB0883-PPSA23830_00-0271537667124706,509,849
12,UP8517-PPSA19223_00-0151193458124480,374,1499
12,UP1475-PPSA14376_00-0935060378925051,999,4999
12,UP1475-PPSA14376_00-GOLDORAKPS5000US,799,3999
12,UP5805-CUSA31650_00-8963598294931878,309,1549
12,UP5805-CUSA31650_00-0290955775428131,849,1699
12,UP0283-PPSA21322_00-0645374347326986,1799,5999
12,UP7375-CUSA34888_00-5557916495252802,659,2199
12,UP3528-PPSA16026_00-0535138542085480,699,1999
12,UP3528-CUSA42945_00-0746965325186219,699,1999
12,UP4459-PPSA15898_00-THECOMPLEXPS5US0,599,1499
12,UP5420-CUSA24806_00-6128277563424915,799,999
12,UP4133-CUSA03803_00-THETECHNOMANCER0,199,999
12,UP2833-CUSA51200_00-5000000000000000,515,1199
12,UP2833-CUSA51200_00-0844165847718241,999,1999
12,UP1675-CUSA16369_00-SYPS4PANTSUHUNTE,519,1299
12,UP1675-PPSA05770_00-SYPS5PANTSUHUNTE,519,1299
12,EB0428-PPSA21523_00-0854743501597477,749,2499
12,UP3800-CUSA08639_00-0000000000REDOUT,874,2499
12,UP3589-PPSA33454_00-0022109026811762,849,1699
12,UP2660-PPSA03305_00-SIEASILTFULLGAME,224,1499
12,UP1120-CUSA03300_00-5748247852872551,2249,4499
12,UP1120-CUSA03300_00-00ARMELLOONESCEA,999,2499
12,JB0500-PPSA34747_00-0421229207903848,1259,1799
12,UP2320-PPSA13582_00-0133071801618436,419,1199
12,UP6015-PPSA16169_00-0361796286127260,724,1449
12,UP4581-PPSA08185_00-ROLLERDROME00000,1199,2999
12,UP3803-CUSA25623_00-1276714432328931,199,999
12,UP0177-CUSA10882_00-SHININGRESREF100,599,2999
12,UP1475-PPSA02804_00-JOEANDMACPS500US,599,2999
12,UP0031-CUSA07960_00-CYONMEGAMIONLINE,1199,2999
12,UP4133-PPSA08835_00-BLACKTAILGAME000,599,2999
12,UP1470-CUSA07710_00-8BITARMIESUS0000,224,1499
12,UP3050-CUSA09194_00-PUREFARMING2018U,299,2999
12,UP3643-CUSA15879_00-METALWOLFCHAOSXD,999,2499
12,UP4293-PPSA07973_00-WHITEDAY1US00000,749,2999
12,UP4293-CUSA08269_00-WHITEDAY1US00000,749,2999
12,UP4293-CUSA08269_00-WDCOMPLETE000PS4,999,3999
12,UP4361-CUSA13615_00-BEATCOP000000000,299,1499
12,EB0235-PPSA19942_00-BHH0DELUXEDITION,1499,2999
12,UP1023-CUSA09130_00-SAKUNA0000000000,2999,2999
12,UP5420-PPSA28679_00-0452471822014809,1599,1999
12,UP2136-PPSA27967_00-DEADLANDVR2KODOB,324,499
12,UP2136-PPSA27967_00-0278747828113458,324,499
12,UB0648-PPSA33237_00-0535453986275135,599,799
12,UP1470-CUSA12695_00-MONSTRUMUS000000,199,1999
12,UP3059-CUSA06599_00-0000000000000003,479,1199
12,UP1421-PPSA14094_00-0117206176052793,179,1199
12,UP6927-PPSA09564_00-9843206954777844,319,799
12,UP6927-CUSA35963_00-1038438056404120,319,799
12,UP0700-CUSA03256_00-MOTOGP15FULLGAME,99,999
12,UP2833-CUSA55107_00-5000000000000000,279,799
12,UP2833-CUSA55107_00-0320835615216907,491,1199
12,UP3528-PPSA15602_00-0960042687813110,349,999
12,UP3528-CUSA42523_00-0459001948999384,349,999
12,UP0283-PPSA13624_00-TROLLSTHEGAMEDLX,1199,5999
12,UP1024-PPSA06953_00-UNDERNAUTSLBYOMI,2999,5999
12,EP2696-CUSA58742_00-0263156329115378,999,1999
12,EP2696-CUSA58742_00-0613218054625566,599,999
12,UP4293-PPSA16798_00-CLASSOFHEROESAE0,499,1999
12,UP4293-PPSA16798_00-0528887859375721,1049,3499
12,EP8040-CUSA51207_00-0878243537760264,1119,1599
12,EP1411-PPSA23652_00-0581396526652569,149,999
12,UP0571-CUSA34590_00-HAMPRDC000000001,559,799
12,UP0571-CUSA49044_00-HAMPRDC000000001,559,799
12,UP2181-PPSA12377_00-6855510422539689,319,799
12,UP3589-PPSA32867_00-0711502938165924,519,799
12,UB0622-PPSA21753_00-0635798191877346,439,799
12,UP0571-CUSA44187_00-HAMPRDC000000001,559,799
12,UP3803-CUSA31693_00-7455653543122120,199,999
12,UP0571-CUSA51261_00-HAMPRDC000000001,559,799
12,UB0714-CUSA49146_00-0666745808633265,454,1299
12,EP8442-PPSA30170_00-0056169496049437,749,999
12,UB0648-PPSA33238_00-0687270692668344,599,799
12,UP2060-CUSA16225_00-COMMANDOS2HD0001,699,1999
12,UB0648-PPSA33565_00-0710983188558460,599,799
12,UP4064-CUSA07127_00-LETHALVR00000000,99,499
12,UP5480-PPSA12441_00-8276158147379891,224,1499
12,UP5480-PPSA12441_00-0176282176562855,359,2399
12,UP3966-CUSA14557_00-SAIRENTOPSVR0001,569,3799
12,UP2833-CUSA46352_00-0413290604932510,199,499
12,UP2833-CUSA46352_00-0403363303136942,755,2699
12,UP1181-PPSA25788_00-0069994184367804,449,599
12,UP1181-CUSA51006_00-0508569912903169,449,599
12,UP2080-CUSA20024_00-GAM062020SPF0001,899,2999
12,UP6883-PPSA27422_00-0156382093196416,149,499
12,UP6883-PPSA27422_00-0553114442564237,359,1199
12,UP0571-CUSA33951_00-HAMPRDC000000001,559,799
12,UP8353-PPSA19356_00-0957568172760437,989,1799
12,UP7594-PPSA20241_00-0753094590812807,449,1499
12,UP2187-CUSA15193_00-VSPS4SIEADIGI001,749,1499
12,UP4051-PPSA07116_00-3451554504653653,499,999
12,UP0438-CUSA03742_00-BNCDEADLINEDGTL1,749,1499
12,EP5506-PPSA33471_00-ANIMEUNI40000000,174,249
12,UP5325-CUSA56674_00-ANIMEUNI40000000,174,249
12,UP1470-PPSA22564_00-ALBATROZUS000000,1019,2999
12,UB0599-PPSA30869_00-BOMBARDIRO00SIEA,39,49
12,UP4293-CUSA13666_00-AGGELOSUS0000001,374,1499
12,UP5356-CUSA16620_00-RHFIREFIGHTER000,449,1499
12,UP0891-CUSA19416_00-RATAEVENTHEOCEAN,599,1499
12,UP4912-PPSA17164_00-0390842487618036,404,1499
12,UP3824-PPSA16492_00-GTCGBASEGAME0001,799,3999
12,UP0082-CUSA04126_00-HITMANGOPS4SQENM,159,799
12,UP2764-CUSA20585_00-BONKIESUS0000000,299,1499
12,UP4389-CUSA08421_00-JAGGEDALLIANCEUS,599,2999
12,UP1421-PPSA18695_00-0444361797924012,224,1499
12,UP1475-CUSA17387_00-TITEUFMEGA0000US,299,1499
12,UP1421-PPSA14084_00-0013011435962056,224,1499
12,EP6878-PPSA37053_00-0721600829369848,164,249
12,EP6878-CUSA58970_00-0802091990035578,304,499
12,EP6878-CUSA58970_00-0586109201730222,164,249
12,UB0599-PPSA31180_00-CHIMPANZINI0SIEA,39,49
12,UP2833-CUSA40739_00-0995507452679789,199,499
12,UP1675-PPSA36039_00-SYPS5VILLAGEOFTH,139,199
12,UP1675-CUSA58488_00-SYPS4VILLAGEOFTH,139,199
12,UP3589-PPSA19369_00-0017764527826386,599,1499
12,UP3528-PPSA30134_00-0401866923158853,499,999
12,UP3528-CUSA53994_00-0070587742973423,499,999
12,UP1024-CUSA01437_00-BBCPPS4000001000,2999,4999
12,UP1024-CUSA09405_00-UNIEXEST00000000,2999,4999
12,UP4363-CUSA08335_00-STRANGE000000002,499,4999
12,UP4363-CUSA08335_00-STRANGEBRIGDEPO0,799,7999
12,EP5506-PPSA36328_00-FANTASYUNI3PS500,174,249
12,EP5506-CUSA58614_00-FANTASYUNI3PS400,174,249
12,UP4133-PPSA13721_00-HOTELRENOVATOR00,749,2499
12,UP4312-CUSA52593_00-0855745155506296,349,699
12,UP4312-CUSA52593_00-0681688512665337,419,699
12,UP4312-PPSA27549_00-0950532125282581,419,699
12,UP8255-PPSA21388_00-COFFEEPLIS0000NA,374,749
12,UP1063-CUSA13082_00-DISGAEA1HDPS4000,1749,4999
12,UP4312-PPSA23971_00-0210442759484116,349,699
12,UP4312-CUSA49544_00-0359546438584019,349,699
12,UP4312-CUSA49544_00-0398918711155996,419,699
12,UP4312-PPSA23971_00-0726483441918173,419,699
12,UP4312-PPSA23971_00-0709982189864337,479,1199
12,UP4312-CUSA49544_00-0481846578358600,479,1199
12,UP2136-PPSA30646_00-0301121071758143,194,299
12,UP2136-CUSA54980_00-0769567495398750,194,299
12,EP1411-PPSA36188_00-0220094852527741,629,699
12,EP1411-PPSA37527_00-0693667290168697,629,699
12,UB1511-PPSA28239_00-0310361858287303,489,699
12,UB0599-PPSA31992_00-BRAINROT0000SIEA,39,49
12,UB0599-PPSA31992_00-BRAINROT00BUNDLE,159,199
12,UP1675-PPSA08386_00-SYPS5IAI00000000,499,999
12,UP1675-CUSA23514_00-SYPS4IAI00000000,499,999
12,UP4312-PPSA21271_00-0749293352533570,419,699
12,UP4312-CUSA47379_00-0926660573364666,419,699
12,UP4312-PPSA21271_00-0150650795859975,419,699
12,UP4312-CUSA47379_00-0816370705259460,419,699
12,UP4312-PPSA21271_00-0116880775013182,479,799
12,UP4312-CUSA47379_00-0419065429142881,479,799
12,UP0283-PPSA27305_00-0826618512628782,1999,4999
12,UP2769-CUSA14688_00-IONFURY0000000US,624,2499
12,UP2769-CUSA14688_00-DOUBLE00000000US,1749,3499
12,EB0753-PPSA20895_00-0092216848486672,349,1399
12,EB0753-CUSA48357_00-0318724021616762,249,999
12,EP1411-PPSA37228_00-0666172186690391,629,699
12,UP4312-CUSA51289_00-0189300362194608,419,699
12,UP4312-PPSA26081_00-0657114881953110,419,699
12,UP4312-PPSA26081_00-0107876297562517,419,699
12,UP4312-CUSA51289_00-0470372641201613,419,699
12,EP2627-PPSA34194_00-SUMERIANSIXPS500,2399,2999
12,UP0891-PPSA09320_00-RAGCHASINGSTATIC,599,1499
12,UP3589-PPSA34735_00-0935049837137444,599,1499
12,UP1421-PPSA14073_00-0286263761734373,224,1499
12,UB0714-CUSA49556_00-0028872756332302,824,1499
12,UP0458-PPSA21638_00-SKYCLIMBSKYCLIMB,299,1499
12,UB0245-PPSA27829_00-0258707351781371,449,1499
12,EP1411-PPSA26453_00-0887380836219350,149,999
12,UP8603-CUSA46694_00-0159334216325752,524,749
12,UP4312-CUSA34459_00-4454431401237721,419,699
12,UP4312-PPSA08407_00-6668245898532494,419,699
12,UP4312-CUSA34459_00-9016826888989342,419,699
12,UP6714-PPSA03619_00-BRASSTOKENTCHANT,499,2499
12,EP1411-PPSA34786_00-0030298406250675,489,699
12,UP6714-PPSA05096_00-MATOPS5DIGDELUXE,299,1999
12,UP2320-PPSA03217_00-BACKBONEOPS5SIEA,624,2499
12,UP0922-PPSA17122_00-SLUS005350000000,239,599
12,EP6922-PPSA26445_00-0843683707252121,279,699
12,UP2796-CUSA11124_00-0000000000000000,111,799
12,UP2833-CUSA59425_00-0775471498655170,399,799
12,UP2833-CUSA59425_00-2000000000000000,299,499
12,UP2833-CUSA59425_00-0342667500423924,349,699
12,UP4293-CUSA31616_00-SBBRPS4SIEA00000,499,1999
12,UP6091-PPSA27840_00-WONDERBASHAPS5US,999,1999
12,UP0900-CUSA26735_00-5296909213392249,999,1999
12,UB0599-PPSA31257_00-CAPPUCCINO00SIEA,39,49
12,UP1475-PPSA03980_00-BASSPS50000000US,399,1999
12,UP1475-CUSA28436_00-BASSPS40000000US,399,1999
12,HB2024-PPSA37669_00-0976761175329017,299,499
12,HB2024-CUSA59037_00-0711850383755695,299,499
12,UP2060-CUSA24144_00-PRAETORIANSNEWUS,799,1999
12,UP6989-PPSA20083_00-0866743121230701,299,999
12,UP6989-CUSA46419_00-0026899154212847,299,999
12,UP2320-CUSA23211_00-STARRENEGADES000,612,2449
12,UP2833-CUSA50597_00-5000000000000000,399,799
12,UP2833-CUSA50597_00-0099645443686837,494,1099
12,UP2833-CUSA50597_00-0432797386642051,584,1299
12,UP1475-CUSA20381_00-PROFESSORRUBIKUS,199,999
12,UP5099-PPSA16881_00-TOWERS1024POWERS,849,1699
12,UB0245-PPSA33908_00-0218409991146920,299,999
12,UB0245-CUSA57763_00-0872388379191532,299,999
12,UP8522-PPSA23099_00-000000000AGTSCE2,2499,4999
12,UP8522-CUSA48868_00-000000000AGTSCE2,2499,4999
12,UP0700-CUSA11183_00-TAIKONOTATSUJIN1,1999,4999
12,UP2047-CUSA19065_00-GWFVALIANTSTSIEA,299,1999
12,UP4312-PPSA08077_00-0440164264903542,349,699
12,UP4312-CUSA29467_00-0983059678906592,349,699
12,UP8603-CUSA55049_00-0477170738489866,319,399
12,UP7604-PPSA21931_00-0053886142954334,1399,1999
12,EP7107-PPSA36482_00-0348530940404370,399,499
12,EP3948-PPSA32938_00-0193250449869660,324,1299
12,UB0812-PPSA34743_00-CHILDSTORYPS50US,594,699
12,UP4312-CUSA51450_00-0527189442211205,349,699
12,UP4312-PPSA26280_00-0627299142431902,349,699
12,UP4312-PPSA08933_00-6163055577408214,349,699
12,UP4312-CUSA35157_00-0756605235488580,599,1499
12,UP4312-CUSA35157_00-9591192095141896,349,699
12,UP4312-CUSA35157_00-8820146231835346,349,699
12,HB1685-PPSA35382_00-05GOP00PS500FULL,559,699
12,EP1411-PPSA34802_00-0906297304552052,559,699
12,EP1411-PPSA36740_00-0921269824187758,629,699
12,UP4389-CUSA08955_00-RADRODGERSUS0001,399,1999
12,UP1675-CUSA12918_00-SYPS4BLOODWAVES0,399,999
12,UP1675-PPSA07673_00-SYPS5BLOODWAVES0,399,999
12,UP3310-CUSA16255_00-0000000000000000,199,999
12,EB0757-PPSA27603_00-0584142113739935,1499,2499
12,UP1421-PPSA18241_00-0806179997153621,149,999
12,UP5610-CUSA17787_00-0000000000000003,959,1599
12,UP3803-CUSA24265_00-7291213414989075,199,999
12,UP1475-CUSA16627_00-OFFROADRACING0US,399,1999
12,UP4029-CUSA03082_00-TRINE3ARTIFASCEA,439,2199
12,UP4029-CUSA03082_00-TRINETRILOGYSCEA,599,2999
12,UP4199-CUSA40257_00-0780679883782124,99,999
12,UP1475-CUSA15144_00-TOKI0000000000US,199,999
12,UP7034-CUSA28681_00-7215395197726184,759,1899
12,UP4040-PPSA06628_00-SERIALCLEANERSP5,749,2499
12,UP1771-PPSA15221_00-0242822185504792,799,999
12,UP0292-CUSA07143_00-BULLETSTORMFCELE,899,4499
12,HB1689-CUSA55896_00-0900869925626592,714,1299
12,UP4008-CUSA05216_00-WRC6000000000000,524,1499
12,UP5641-CUSA48614_00-0038193537575413,249,499
12,UP5641-PPSA22730_00-0452782278859907,249,499
12,EP5791-PPSA27809_00-0266644482725612,959,1599
12,UP3824-PPSA05518_00-GIGANTORACER0003,799,3999
12,UP3061-PPSA02591_00-0000000000000006,2699,2999
12,UP5503-CUSA23112_00-4916821123765645,399,1999
12,UP4293-PPSA16344_00-000000000SIEAPS5,1199,1999
12,UP0891-CUSA20453_00-RATAGAMROOMMATES,399,1999
12,UP6227-PPSA12657_00-CLABSFR220221020,1699,1999
12,UP1675-PPSA15156_00-SYPS5ASTROFLAMES,699,999
12,UP1675-CUSA42151_00-SYPS4ASTROFLAMES,699,999
12,UP7168-PPSA21292_00-0837542098116935,899,1499
12,UP5325-PPSA29084_00-ANIMEUNIPS5UP000,174,249
12,UP8090-PPSA17287_00-0494061059281825,443,1199
12,UP2833-CUSA46686_00-0464951188663807,199,499
12,UP2833-CUSA46686_00-0276216168106848,295,799
12,UP1475-PPSA13711_00-DOLPHINPS50000US,599,2999
12,EP3948-PPSA34559_00-0380149549622741,535,799
12,EP6470-PPSA20807_00-AHHNALOG11200000,299,599
12,UP1249-CUSA26258_00-6920210578712389,239,599
12,UP4947-CUSA13042_00-PERPLEXINGFULL12,299,599
12,UB0812-PPSA31962_00-MINESWEEPERPS5US,479,599
12,UP6472-PPSA21941_00-TFURAFTERMIDNIGH,599,1199
12,UP2833-CUSA45422_00-0427968579720095,359,899
12,UP2833-CUSA45422_00-0919682003357821,199,499
12,UP2833-CUSA45422_00-0715303149305300,279,699
12,UP1475-CUSA27467_00-MMMPS400000000US,199,999
12,UP2500-PPSA24041_00-US0REVESAGA00PS5,749,1499
12,UP1470-PPSA32603_00-THE9THCHARNELEU0,1199,2999
12,UP3528-PPSA28842_00-0880983279203573,749,1499
12,EP3385-CUSA53768_00-0132706441595961,749,1499
12,EP6357-PPSA27039_00-0269162150824093,649,999
12,UP1470-CUSA08127_00-REALFARMGOLDUS00,449,2999
12,UP1470-PPSA03535_00-REALFARMNGUS0000,449,2999
12,UP5641-CUSA47985_00-0242415513375357,249,499
12,UP5641-PPSA21968_00-0263539671240205,249,499
12,UP0891-CUSA17405_00-ADVENTUREHORRORB,599,1499
12,UB2239-PPSA37511_00-BLACKHOLE000SIEA,319,399
12,UP1675-CUSA10886_00-SYPS4METROPOLISL,239,799
12,UP6665-PPSA08556_00-BB30000000000000,1199,3999
12,UP6665-PPSA08556_00-BB300DELUXE00003,1199,3999
12,UP1675-PPSA20604_00-SYPS5SWEETESTMON,359,599
12,UP1675-CUSA19452_00-SYPS4SWEETESTMON,359,599
12,EP0896-PPSA33739_00-MORTFILESULFATRG,359,599
12,UP0793-PPSA08060_00-1253063250979302,899,1799
12,UP6714-PPSA03683_00-GGGALLIDBSIEAPS5,799,3999
12,HB1365-PPSA29740_00-0839912641881107,689,1149
12,HB1365-CUSA54382_00-0068834488176798,689,1149
12,UP4199-CUSA40255_00-0330845764978105,199,1999
12,UP0458-PPSA13292_00-0799202666172528,399,1999
12,UP1309-PPSA15633_00-LEPREMIUMEDISIEA,1999,3999
12,UP1309-PPSA15633_00-DONOTUSE00000000,2699,2999
12,UP2005-PPSA35254_00-OP2CRUXOFFATE000,179,299
12,UP2005-CUSA58007_00-OP2CRUXOFFATE000,179,299
12,UP1475-PPSA13529_00-ACYP2PS5000000US,799,3999
12,UP3803-CUSA25625_00-0698181467590977,199,999
12,UP3803-CUSA25625_00-0333728554069192,449,1499
12,UP2047-CUSA02696_00-THISWAROFMINEG01,199,1999
12,UP0082-CUSA04770_00-IAMSETSUNAGAME00,1199,3999
12,UP1024-CUSA09750_00-ZHSG000000000000,1999,3999
12,UP1470-PPSA06650_00-AIROHEART0000000,399,1999
12,UP1470-CUSA32392_00-AIROHEARTUS00000,399,1999
12,UP2005-PPSA03565_00-HNTVSEVL00000000,399,999
12,UP6091-CUSA31419_00-9060688359651736,1499,2999
12,UP0182-PPSA20824_00-0714792443342625,1199,2999
12,UP0182-CUSA47055_00-0141897958233268,1199,2999
12,UP4199-PPSA23696_00-0789037219289076,179,1799
12,UP1421-PPSA14099_00-0822040193847233,179,1199
12,EB0428-PPSA22632_00-0655558768850209,209,699
12,UB0129-PPSA17750_00-0025445201910016,1159,1449
12,UP2320-CUSA16084_00-WESTOFDEAD000000,499,1999
12,EP0114-PPSA23604_00-0536269101527624,989,2999
12,UP5792-CUSA32760_00-2240854324987697,349,699
12,UP5480-PPSA04458_00-3260471775930387,499,1999
12,UB2057-PPSA36402_00-0388094049900208,249,499
12,HB2024-CUSA58427_00-0348815613207862,249,499
12,UP4467-CUSA10312_00-DUSTOFF000000000,239,799
12,UP4312-CUSA54192_00-0285473718988983,349,699
12,UP4312-PPSA29426_00-0080141765729006,349,699
12,UP4312-CUSA54192_00-0294521280979114,349,699
12,UP0571-CUSA29527_00-HAMPRDC000000001,559,799
12,UP0082-PPSA02057_00-BALANWW5A0000001,599,3999
12,UP1024-PPSA08408_00-BLAZINGSTRIKEPS5,1199,3999
12,UP1024-CUSA34460_00-BLAZINGSTRIKEPS4,1199,3999
12,HP8613-PPSA22914_00-0214997861661133,1999,3999
12,UP4459-PPSA15877_00-MATDPPS5SIEA0000,519,1299
12,UP5230-CUSA20604_00-2ZQUESTHUNTERPS4,599,2999
12,EP1411-PPSA36192_00-0659143720948236,559,699
12,UP4713-CUSA43367_00-0336967116711792,2999,9999
12,UP4382-PPSA02842_00-TINYTROOPERSMERC,399,1999
12,JB1899-PPSA33619_00-0659315957159940,545,699
12,UP4293-PPSA08364_00-AGEAPS5SIEA00000,749,2999
12,UP2005-CUSA23478_00-ONEFINGERDEATHP2,224,899
12,UP0891-PPSA04421_00-RATALAIKAORBIBOT,149,499
12,UP0891-CUSA29109_00-RATALAIKAORBIBOT,149,499
12,UP2833-CUSA47614_00-0213267002918978,395,1099
12,UP2833-CUSA47614_00-5000000000000000,295,799
12,UP4199-CUSA18692_00-REALPOLITIKS0001,249,2499
12,UP0891-PPSA05041_00-RATAGLOVEKUESUTO,199,499
12,UP1421-PPSA21429_00-0495096972649939,149,999
12,UP7576-PPSA09904_00-6236249596420038,999,1999
12,UP2005-PPSA28027_00-SUPERENGINEGTSPE,249,499
12,UP1291-CUSA14864_00-0000000000000005,599,1499
12,EP1411-PPSA31412_00-0911405674476083,399,999
12,UP4312-PPSA15989_00-0524911543549671,349,499
12,UP4312-CUSA42914_00-0405709921226751,349,499
12,EP4361-PPSA13245_00-0876350956751093,1329,3799
12,UB1511-PPSA28307_00-0736819809704156,349,499
12,UP7126-CUSA57398_00-0586400876103986,299,499
12,UP7126-PPSA34296_00-0555172602203054,299,499
12,UP5420-PPSA16685_00-0867124470201141,799,999
12,UP2005-PPSA09601_00-SEAHORIZON000000,524,1499
12,UP0481-PPSA03801_00-9482550928209070,599,2999
12,UP0481-CUSA32164_00-6762033643870926,599,2999
12,UP2500-PPSA27934_00-US0FRANEDO000PS5,749,1499
12,UP1056-CUSA10994_00-RIVALMEGAGUNUS00,674,1499
12,UP1675-PPSA17797_00-SYPS5EARTHSHINE0,124,499
12,UP1675-CUSA44502_00-SYPS4EARTHSHINE0,124,499
12,UP1675-PPSA19752_00-SYPS5KNOWLEDGEKE,99,499
12,UP1675-CUSA46148_00-SYPS4KNOWLEDGEKE,99,499
12,EB2067-PPSA35732_00-0990795929596541,349,499
12,EB2067-PPSA35735_00-0031826358712720,349,499
12,UP7862-PPSA22483_00-AWAKMBPS500000US,1499,2999
12,UP4173-PPSA29026_00-0739229762817761,999,1999
12,UP1340-CUSA23658_00-6250917430173419,999,1999
12,UP7126-PPSA31692_00-0039135594356449,299,499
12,UP7126-CUSA55763_00-0300076996045573,299,499
12,UB0599-PPSA31502_00-LIRILIGAME00SIEA,39,49
12,UP1340-CUSA12109_00-DISTRUSTSIEA0000,999,1999
12,EP4186-PPSA22220_00-UUPRISING0000000,1124,1499
12,EP1411-PPSA24463_00-0937891831251143,149,999
12,UP7126-PPSA31957_00-0223333152924307,249,499
12,UP7126-CUSA55957_00-0661879636338643,249,499
12,UP4802-CUSA28340_00-6598704101353263,249,499
12,UP1249-PPSA07740_00-1178590146297071,199,499
12,UP1309-PPSA14374_00-SOLISDELUXESIEA5,1224,3499
12,UP1309-PPSA14374_00-SOLISLEMPOSIEA00,1499,4999
12,UP1309-PPSA14374_00-FORTSOLISPS5SIEA,2999,2999
12,EP3948-PPSA31187_00-0417527281454980,199,1999
12,UP5503-PPSA20526_00-0686911898978764,1499,2999
12,UP6718-PPSA28136_00-0853834228652721,399,999
12,UB0622-PPSA21754_00-0362910920626023,199,499
12,UP2199-CUSA14287_00-ALMOSTTHEREPS400,189,999
12,UP8553-PPSA20508_00-0097809752726192,49,499
12,UP8553-CUSA46161_00-0911294587610140,49,499
12,UP4064-CUSA27394_00-KINGOFSEAS000000,499,2499
12,UP7126-PPSA32565_00-0292122554581183,249,499
12,UP7126-CUSA56382_00-0565058520162223,249,499
12,UP7126-PPSA30679_00-0598776641265495,199,499
12,UP7126-CUSA54999_00-0967302883065935,199,499
12,UP6275-CUSA33645_00-3330333339616647,499,999
12,UP3589-PPSA22223_00-0922378796960396,619,999
12,UP3824-PPSA08283_00-0201044049467257,1224,3499
12,UP7126-CUSA55078_00-0713727153480453,199,499
12,UP8757-PPSA25522_00-0415161640741725,999,1999
12,UP7688-CUSA41026_00-0980379999511401,149,1499
12,UP3589-PPSA16910_00-0065113140050495,599,1499
12,UP4293-CUSA26134_00-TEARSOFAVIASIEA4,374,1499
12,HB1689-CUSA58277_00-0204952850679004,649,999
12,UB0714-CUSA51255_00-0558030508362108,599,999
12,UP1421-PPSA14101_00-0011804432744706,149,999
12,UP7168-PPSA29572_00-0501991777542894,1079,1799
12,UP7168-PPSA29572_00-0916168297335172,1999,2499
12,EP1411-PPSA24447_00-0172767223091920,149,999
12,UP6472-PPSA04624_00-THEMARAUDERCHRON,249,499
12,UP6989-PPSA15723_00-0126362427465181,119,299
12,UP6989-CUSA42711_00-0462988261399005,119,299
12,UP4382-CUSA26216_00-LUMOTE0000000000,399,1999
12,UP3868-CUSA12406_00-D000000000001001,374,1499
12,UP6007-CUSA27192_00-8428220815582479,224,1499
12,UP2833-CUSA54391_00-5000000000000000,249,499
12,UP2833-CUSA54391_00-0700102306213649,404,899
12,UP1675-PPSA03660_00-SYPS5CATTYNBATTY,124,499
12,UP1675-CUSA27895_00-SYPS4CATTYNBATTY,124,499
12,UP0891-PPSA04192_00-RGSUPERDESTRODX2,99,499
12,UB1511-PPSA30128_00-0337339938240558,349,499
12,UP2840-PPSA02009_00-8835513617703741,1159,1449
12,UP1675-PPSA02902_00-SYPS5THELIGHTREM,399,799
12,UP1675-CUSA23644_00-SYPS4THELIGHTREM,399,799
12,UP3643-CUSA04550_00-DOWNWELLUSP40001,249,499
12,UP1470-PPSA06602_00-SEVENDOORS000000,99,499
12,UP1470-CUSA32325_00-SEVENDOORSUS0000,99,499
12,UB0796-PPSA34042_00-0574820591841108,399,499
12,UP7126-CUSA58657_00-0878503733065291,299,499
12,UP7126-PPSA36424_00-0137793175252424,299,499
12,UP5641-CUSA45148_00-0040386982561331,249,499
12,UP0571-CUSA34864_00-HAMPRDC000000001,559,799
12,UP4199-CUSA29018_00-2059838918427405,99,999
12,UP2005-PPSA31211_00-ELECTRONICSPLAB2,349,499
12,UB0337-PPSA36380_00-0617369103765086,164,299
12,EP0896-PPSA35976_00-CHICKENCLIMBERRG,349,499
12,UP2833-CUSA54908_00-5000000000000000,199,499
12,UP2833-CUSA54908_00-0569815654459763,314,699
12,UP4199-CUSA44758_00-0155979304863925,124,499
12,UP4680-CUSA17637_00-0000000000000000,419,2799
12,UP4713-CUSA40545_00-0409301920613065,339,1699
12,UP1675-PPSA06023_00-SYPS5THEMOOSEMAN,209,699
12,UP1675-CUSA12159_00-SYPS4THEMOOSEMAN,209,699
12,UP1675-CUSA12159_00-SYPS4MOOSEMANBUN,299,999
12,UP2005-PPSA32554_00-LOVECHEMSIBELLAS,419,599
12,EP1411-PPSA35617_00-0366793100172199,559,699
12,EP4382-PPSA22844_00-KARMADELUXE00000,1924,3499
12,UP4008-CUSA17031_00-TT2SIEA000000000,599,2999
12,UB0997-PPSA26974_00-0653816367879174,749,1499
12,UP0891-PPSA13535_00-RGCHEMICALLYBOND,499,999
12,UP4064-CUSA02465_00-PENARIUMGAMESCEA,199,999
12,UP3800-CUSA14283_00-SPACEASSAULT0000,349,999
12,UP6472-PPSA05562_00-WOULDYOULIKETORU,499,999
12,UP5641-CUSA45500_00-ERIKGAMESBUNDLE1,249,499
12,UP5641-CUSA45344_00-ERIKGAMESAVATAR1,249,499
12,UP2005-PPSA04165_00-BALLLAB000000000,149,499
12,UP2005-PPSA30929_00-CORESYSGAME00000,249,499
12,UP5464-CUSA25701_00-7021035546725753,299,499
12,UP1675-CUSA10838_00-SYPS4DEEPONES000,124,499
12,EP6985-CUSA56240_00-0620667940146441,249,499
12,EP6985-PPSA32386_00-0959221083739492,249,499
12,UP1675-CUSA44506_00-SYPS4EDGEOFREALI,124,499
12,UP1675-PPSA17801_00-SYPS5EDGEOFREALI,124,499
12,UP2005-PPSA34211_00-HEXTREMEVOID0000,299,499
12,UP1675-CUSA40272_00-SYPS4MANGAVANIA0,99,499
12,UP1675-PPSA13303_00-SYPS5MANGAVANIA0,99,499
12,UP2136-CUSA50607_00-0309540644408520,324,499
12,UP2136-CUSA50607_00-0593441093979913,64,99
12,UP2136-PPSA25377_00-0031959160279590,64,99
12,UP2136-PPSA25377_00-0031901689643007,324,499
12,UP1675-CUSA31529_00-SYPS4PNEVMOCAPSU,124,499
12,UP1675-PPSA05941_00-SYPS5PNEVMOCAPSU,124,499
12,UP1675-CUSA19505_00-SYPS4SWORDBREAKE,199,499
12,EP2696-CUSA55768_00-2000000000000000,199,499
12,EP2696-CUSA55768_00-0251309683607474,314,699
12,UP4199-PPSA21019_00-0307287032979894,1049,3499
12,UP4199-PPSA21019_00-0098139007879308,1049,3499
12,UP4713-PPSA19135_00-0984820125655366,399,1999
12,UP1675-CUSA28270_00-SYPS4MUSICRACERU,279,699
12,UP1675-PPSA03876_00-SYPS5MUSICRACERU,279,699
12,EP1411-PPSA34778_00-0573105853994337,559,699
12,UP4459-PPSA18834_00-SHAPESHIFTINGPS5,519,1299
12,UP4459-PPSA18834_00-FMVADVENTUREBUND,6999,9999
12,UP6665-PPSA03852_00-TLRS00DELUXE0001,624,2499
12,UP6989-PPSA13485_00-0062043454703231,119,299
12,UP6989-CUSA40468_00-0968276241143781,119,299
12,UP4380-CUSA07598_00-COMPLETEEDITION0,1199,2999
12,UP4312-PPSA10042_00-2905786499848139,209,299
12,UP4312-CUSA36562_00-4036395956535046,209,299
12,UP5883-PPSA16605_00-0516469932656514,599,2999
12,UP1675-PPSA27494_00-SYPS5SKYOFDESTRU,649,1299
12,UP1675-CUSA52532_00-SYPS4SKYOFDESTRU,649,1299
12,UP1023-PPSA06929_00-DEADCRAFTDELUXEE,449,1499
12,UP4312-CUSA31282_00-4814579667047538,349,699
12,UP4312-PPSA06432_00-8492597614589046,349,699
12,UP4312-CUSA31282_00-7929859275125251,349,699
12,UP4312-CUSA31282_00-9818046549791872,349,699
12,UP4467-CUSA14443_00-VAGRANTUS0000000,299,999
12,UP4389-CUSA11498_00-FADETOSILENCEUS1,749,2999
12,UP1528-CUSA35872_00-3304236713504882,799,1599
12,UP1528-CUSA35872_00-TURMOILALLYOUCAN,799,1599
12,UB0337-PPSA32632_00-0262002801552552,149,199
12,UP1470-PPSA21015_00-DOLLHOUSEBTBMUS0,599,2999
12,UP2060-CUSA03182_00-GRNDAGESMEDIEVAL,749,2999
12,UP4293-PPSA21120_00-00000WDA2PS5SIEA,1349,2999
12,UP4133-CUSA00459_00-BOUNDBYFLAMEGAME,199,999
12,JP5441-PPSA29491_00-0340325989894225,499,1249
12,JP5441-CUSA54235_00-0287556492615681,499,1249
12,UP3876-CUSA23815_00-GAMESTEAMROLL000,649,999
12,UP4133-CUSA11101_00-SPACEHULKTACTICS,524,1499
12,EP3948-PPSA23693_00-0389855196984472,99,999
12,EB1338-PPSA25576_00-0660380747073259,279,349
12,EB1338-CUSA51540_00-0769325000549361,279,349
12,UB1511-PPSA29767_00-0511525976214987,559,799
12,UP3113-CUSA07134_00-THESEXYBRUTALE01,799,1999
12,UP4459-PPSA02963_00-4893207941467832,519,1299
12,UP0571-CUSA32440_00-HAMPRDC000000001,559,799
12,EB1338-PPSA25993_00-0072863349910457,279,349
12,EB1338-CUSA51542_00-0333263211279356,279,349
12,UP4312-CUSA08762_00-BRICKSGAMEUS1516,299,599
12,EP6985-CUSA50718_00-0542079323061608,159,399
12,EP6985-PPSA25432_00-0202719401030659,159,399
12,EP6985-CUSA57028_00-0526429702828322,279,399
12,EP6985-PPSA33765_00-0399144814996797,279,399
12,UB0797-CUSA53181_00-0537343759537746,499,999
12,EP4897-CUSA50426_00-0351610587835369,399,999
12,EP6985-CUSA51386_00-0355736591229520,159,399
12,EP6985-PPSA26196_00-0553715458494586,159,399
12,UP1675-PPSA27961_00-SYPS5CURSEDNEWYE,149,299
12,UP1675-CUSA53094_00-SYPS4CURSEDNEWYE,149,299
12,UP3050-CUSA12755_00-0301765201315935,374,2499
12,JB0500-PPSA34585_00-0650383359711807,479,799
12,UP4064-CUSA16273_00-SURVIVALISTSDE00,539,2699
12,UP8603-CUSA53631_00-0378322611745756,319,399
12,UP6989-PPSA21619_00-0716029523856869,199,499
12,UP6989-CUSA47685_00-0678392586116016,199,499
12,UP4713-CUSA34746_00-0770574221227648,449,2999
12,UP0773-CUSA29904_00-9197598572579016,644,1499
12,UP0773-CUSA29904_00-4821245864336006,1074,2499
12,UP1475-CUSA03265_00-THEABCMURDERS011,299,1499
12,UP1475-PPSA22447_00-ABCMURDERSPS50US,399,1999
12,UP1056-CUSA06733_00-KOIHIMEENBUUS000,749,1499
12,UP4912-PPSA07039_00-4438286929424106,194,1499
12,UP8703-CUSA47887_00-0833200661164334,1049,1499
12,UB1464-PPSA28423_00-0829904344360041,249,499
12,UB1464-CUSA53440_00-0202816555410481,249,499
12,JP6928-PPSA29902_00-SPCF000000000000,299,1499
12,UP1139-CUSA32727_00-5169176745194337,199,1999
12,HB1050-CUSA55557_00-0105483462947347,299,1199
12,HB1050-CUSA55557_00-2000000000000000,199,499
12,UP1675-CUSA11816_00-SYPS4STATEOFANAR,159,799
12,UB1052-PPSA33053_00-0825584944454179,349,499
12,UB1052-PPSA33053_00-0427344928480953,639,1599
12,EP5974-CUSA56908_00-0328461617684886,279,399
12,UP5480-PPSA19500_00-0761038564279282,224,1499
12,UP4312-PPSA18662_00-0325111692561957,479,1199
12,UP4312-CUSA45279_00-0092753328073425,479,1199
12,UP4312-PPSA18662_00-0831623796469894,349,699
12,UP4312-CUSA45279_00-0828949163625545,349,699
12,UP3310-CUSA19205_00-2019200819881985,99,499
12,UP8255-PPSA37082_00-XFGPS5EDITION000,374,749
12,UP4581-PPSA02304_00-OLLIOLLIWORLDRAD,1199,2999
12,UP6963-PPSA11115_00-0279094114927957,944,2699
12,UP6963-CUSA37846_00-0209177731950859,944,2699
12,UP6963-PPSA11115_00-BANGONBALLSPS5US,2449,2449
12,UP1421-PPSA18243_00-0077532406135408,104,699
12,UP7862-CUSA34950_00-0464278840795212,624,2499
12,UP5641-CUSA44360_00-0710576395419990,99,199
12,UP2136-PPSA29635_00-0216452153304497,96,149
12,UP2136-CUSA54314_00-0804826730223130,96,149
12,UP2136-PPSA29635_00-0169335955054214,324,499
12,EP6985-PPSA34915_00-0500111232993817,489,699
12,EP6985-CUSA57775_00-0160653169535062,489,699
12,UP1675-CUSA17314_00-SYPS4MUSICRACER0,279,699
12,UB0438-PPSA28391_00-0549917026211704,139,199
12,UP1475-CUSA19411_00-FORTBOYARD2020US,299,1499
12,UP1475-CUSA19411_00-2029730949934227,299,1499
12,UP5325-CUSA25548_00-MYHIDDENTHINGS00,237,699
12,EB1338-PPSA26401_00-0597118842243625,279,349
12,UP2833-CUSA36533_00-5076203624264686,199,499
12,UP2833-CUSA36533_00-0047616218914264,239,599
12,UP2833-CUSA36533_00-0256887282338965,395,1199
12,UP5223-CUSA19502_00-USAEVANSREMAINS0,139,699
12,UP0031-CUSA04807_00-FFFADF0000000NA1,999,1999
12,UP1421-PPSA19548_00-0531810995611471,149,999
12,EP1411-PPSA24442_00-0455822444665036,199,999
12,UP3803-CUSA40235_00-0201977840279021,199,999
12,UP6989-PPSA21361_00-0735255990804451,119,299
12,UP6989-CUSA47467_00-0999580317615158,119,299
12,UP0182-PPSA05905_00-6756416737970252,199,999
12,UP0182-CUSA31473_00-7152618566166813,199,999
12,UP1421-PPSA21687_00-0924719834429180,149,999
12,UP8268-PPSA21593_00-0686254385570430,399,1999
12,UP4293-PPSA04897_00-1553990937142286,499,1999
12,UP4293-PPSA04897_00-3278669651410952,749,2999
12,UP4133-CUSA17136_00-AEONMUSTDIE00000,599,1999
12,UP1475-CUSA05334_00-YESTERDAYORIGINS,199,999
12,UP3639-PPSA09381_00-9822201298486534,574,2499
12,UP2833-CUSA46506_00-0780047400760672,199,499
12,UP2833-CUSA46506_00-0379096086530609,299,599
12,UP5099-PPSA15827_00-0520112251218665,499,999
12,UP5099-CUSA20416_00-CAVEDIGGERNONVR4,499,999
12,UP2081-CUSA09236_00-STEELRATS00000U1,99,999
12,UP2081-CUSA09236_00-STEELRATS000DDU1,149,1499
12,UP4293-PPSA22592_00-BEYONDTHEIP2SIEA,1199,1999
12,UP2107-CUSA27605_00-KLEIPS4GRIFTLAND,799,1999
12,UP0082-PPSA13878_00-0344569418657428,1199,1999
12,UP4836-PPSA04576_00-0616192208068613,399,999
12,UP2158-PPSA28856_00-PRISONALONEPS5NA,649,999
12,UP6275-CUSA28825_00-5452939058966511,349,699
12,UP4912-CUSA32342_00-1088899291819525,97,699
12,EP1411-PPSA34782_00-0733466908883204,489,699
12,UP2143-CUSA05326_00-FLYWRENCHGAMEPS4,209,699
12,EP1411-PPSA36744_00-0343213200683691,629,699
12,UP4312-CUSA45294_00-0025733210437698,399,799
12,UP4312-PPSA18684_00-0169283096358746,399,799
12,UP4008-CUSA15611_00-0023276517485892,549,2199
12,UP2136-CUSA53328_00-0944951068461484,324,499
12,UP2136-PPSA28293_00-0329559267451693,324,499
12,UP2136-PPSA28293_00-0600120057446638,64,99
12,UP2136-CUSA53328_00-0835689050040805,64,99
12,UP8255-PPSA37058_00-MONSTERRUSHSURSB,149,499
12,UP8255-PPSA37058_00-SURVIVORSPACKPS5,194,649
12,UP4802-CUSA31038_00-9258761337080794,249,499
12,UB0438-PPSA34453_00-0683821021908425,139,199
12,UP5641-CUSA45837_00-AVATARBUNDLEERIK,249,499
12,UP3643-PPSA16785_00-0916348785061947,1429,2199
12,UP2764-CUSA07853_00-BUTCHLICHTBUNDLE,424,1699
12,UP2764-CUSA07853_00-BUTCHERPS4SCEA00,249,999
12,UP4947-PPSA22244_00-12WORDSEARCHFULL,149,299
12,UP0891-CUSA20256_00-RATAGMDISTRAINT2,359,899
12,UP0891-CUSA20256_00-DISTRAINTCOLLECT,599,1199
12,UP8533-PPSA15839_00-0220195238657220,399,999
12,EP1411-PPSA25121_00-0682769509818457,149,999
12,UP4838-CUSA13269_00-BULLETPROOFVRXXX,499,999
12,EP1661-PPSA23318_00-SYPS5MOUTHOLE000,499,999
12,EP1661-CUSA49054_00-SYPS4MOUTHOLE000,499,999
12,UP8553-PPSA35450_00-0509001253741108,249,499
12,UP4312-PPSA23928_00-0439986449368917,349,699
12,UP1675-CUSA08963_00-SYPS4ENERGYBALAN,104,299
12,UP7793-CUSA49244_00-0367946665156195,599,1499
12,UP6927-PPSA06267_00-4722229420389344,119,299
12,UP6927-PPSA06267_00-0683046013146601,799,1999
12,UP6927-CUSA37752_00-0190023533821605,799,1999
12,UP7543-CUSA32509_00-3185219083950545,299,599
12,HB1620-CUSA56878_00-0937350536793191,169,199
12,HB1620-PPSA33520_00-0699658023427832,169,199
12,UP6699-PPSA31880_00-0654794855318379,239,299
12,UP6699-CUSA56360_00-0924922871041824,239,299
12,UP6472-PPSA16203_00-WAIFUSPACECONQUE,249,499
12,UP6927-PPSA08944_00-6633038650287062,119,299
12,EP6985-PPSA32517_00-0169021574737541,149,299
12,EP6985-CUSA56347_00-0134716472009868,149,299
12,UP1675-CUSA14735_00-SYPS4AWESOMEPEA0,149,599
12,UP2136-PPSA25869_00-REBELOIDVRFULLGM,194,299
12,UP4312-PPSA30218_00-0476323597314287,349,699
12,UP2005-PPSA21346_00-PGESCAPEPLUS0000,269,599
12,UP4312-PPSA27618_00-0651077386499626,349,699
12,UB0796-PPSA26491_00-0312257319643778,159,199
12,HB1069-PPSA30013_00-0826921644858745,119,199
12,UP1675-PPSA03591_00-SYPS5DROWNING000,104,299
12,UP1675-CUSA14543_00-SYPS4DROWNING000,104,299
12,UP5325-CUSA47218_00-ELSANIMEPUZZLE00,174,249
12,JB2357-PPSA37240_00-AMERICAS00000000,149,199
12,UP5099-PPSA18607_00-SURVIVORMANVRNA1,624,1249
12,UP6989-CUSA42851_00-0384741594629294,119,299
12,UP6989-PPSA15936_00-0508543918589817,119,299
12,UP8553-PPSA36150_00-00PAPERPLANEGAME,149,299
12,UP1475-PPSA06328_00-ARKEBPS5000000US,299,1999
12,UP1675-PPSA08123_00-SYPS5MEGALAN1100,199,999
12,UP1675-CUSA25390_00-SYPS4MEGALAN1100,199,999
12,UP4713-PPSA16661_00-0694037692080377,1079,2699
12,UP4713-CUSA34742_00-0112764278598030,1084,3499
12,UP4064-PPSA07259_00-1135126504355810,399,1999
12,UP4064-PPSA07259_00-0739785289722498,399,1999
12,UP1470-CUSA17979_00-KAZEWILDMASKUS00,499,1999
12,UB0796-PPSA29408_00-0612631747713046,239,299
12,EB2034-PPSA35839_00-AMERICAS00000000,111,149
12,UP6301-CUSA26875_00-3467843683986635,399,999
12,HB1069-PPSA25613_00-0103758522627803,96,149
12,UP4034-CUSA05069_00-EARTHSDAWN000000,424,849
12,UP2632-CUSA05857_00-RRGRANDPRIX00000,319,799
12,UP2500-PPSA27940_00-US0ADIOS00000PS5,749,1499
12,JP7241-PPSA29783_00-0546832949473793,1199,1499
12,UP2500-PPSA07316_00-US0IXTONA0000PS5,749,1499
12,UP8448-PPSA20138_00-0994471406853899,179,1799
12,UP2005-PPSA03110_00-TRIGGERWITCH0000,599,1499
12,UP7688-PPSA24974_00-0688800087579040,89,899
12,UP7688-CUSA50310_00-0467844954024052,89,899
12,UP1675-CUSA15387_00-SYPS4AWINTERSDAY,239,599
12,UP1675-PPSA07671_00-SYPS5AWINTERSDAY,239,599
12,UP0891-PPSA20500_00-ORIONHASTERATGAM,239,599
12,UP6472-PPSA15848_00-SABLESGRIMOIREDR,299,599
12,UP1675-CUSA15386_00-SYPS4TOWEROFBEAT,149,599
12,UP4312-PPSA09855_00-1331471703891447,209,299
12,UP4312-CUSA36335_00-4055854395342828,209,299
12,UP8553-PPSA35340_00-0281981600355012,149,299
12,UP8553-PPSA35958_00-SPECTERSMASHGAME,149,299
12,EP6958-PPSA22691_00-0810499658082860,194,299
12,UP6963-CUSA47397_00-0975749578109837,194,299
12,UP1675-PPSA06640_00-SYPS5BRIGHTLIGHT,599,999
12,UP1675-CUSA32378_00-SYPS4BRIGHTLIGHT,599,999
12,EP1935-PPSA24223_00-0703228520459340,299,499
12,UB0337-PPSA33515_00-0129031669940928,149,199
12,UP4293-PPSA21405_00-ARCRUNNERPS5SIEA,599,1999
12,UP4008-CUSA09935_00-TWTSIEA000000000,199,1999
12,UP4008-CUSA09935_00-TENNISWTABRGEDIT,299,2999
12,UP6963-CUSA27457_00-GOLFCLUBWASTELAN,199,999
12,UP3643-CUSA17597_00-STORIESUNTOLDUS0,249,999
12,EP6878-CUSA52374_00-CROSSWORDGAME000,219,399
12,UP0571-CUSA32429_00-HAMPRDC000000001,559,799
12,UP4312-PPSA15204_00-0596979542370476,419,699
12,UP4312-PPSA15204_00-0956809928249462,419,699
12,UP4312-PPSA09464_00-4360298774505018,209,299
12,UP4312-CUSA35747_00-4034064638479795,209,299
12,UP8603-CUSA48893_00-00000TSUGUNOHISN,319,399
12,UP0358-CUSA04137_00-NEVERENDINGNIGHT,374,1499
12,UP4836-PPSA25959_00-0133663896283517,399,999
12,UP4836-CUSA18309_00-TWINBREAKERONPS4,399,999
12,UP8446-PPSA27747_00-0282152216465683,249,499
12,UP5792-CUSA45060_00-0824361658785579,159,199
12,UP3876-PPSA04449_00-8182561270564583,974,1499
12,UP3876-CUSA15820_00-THESAVIORSGANG00,324,499
12,UP0891-PPSA08990_00-RAGROAROFREVENGE,149,499
12,UP0891-CUSA35228_00-RAGROAROFREVENGE,149,499
12,UP2005-PPSA05289_00-32BITRETROBUNDLE,749,2499
12,UP1675-PPSA18861_00-SYPS5LIFEOFSLIME,99,499
12,UP1675-CUSA45413_00-SYPS4LIFEOFSLIME,99,499
12,UP2136-PPSA34663_00-0593332186307722,324,499
12,UP2136-PPSA34663_00-0968496663773535,96,149
12,UP2136-CUSA57643_00-0710681985174042,96,149
12,UP2136-PPSA24729_00-KODBRTHELASTZONE,649,999
12,UP2136-CUSA50114_00-KODBRTHELASTZONE,649,999
12,UP6881-PPSA22861_00-0976898273101281,149,249
12,EP6878-CUSA48692_00-0000612059592438,164,249
12,EP6878-CUSA48692_00-HALLOWEENEDITION,428,649
12,EP6878-CUSA48692_00-AVATAREDITIONXXX,149,249
12,EB2067-PPSA34471_00-0851063230146395,349,499
12,UP2833-CUSA52617_00-0652036302561481,439,999
12,UP2833-CUSA52617_00-5000000000000000,197,599
12,UP2833-CUSA52617_00-0028808329970198,449,999
12,UP3803-CUSA24264_00-4286189304205976,199,999
12,UP2833-CUSA42695_00-0829580317162325,199,499
12,UP0891-PPSA03240_00-RATAGAMONEESCAPE,99,499
12,UP2005-PPSA25810_00-SPELLAGIS0000000,249,499
12,UB0438-PPSA28573_00-0597351089067405,139,199
12,UP4312-PPSA29590_00-0234470455903314,349,699
12,UP5641-CUSA47103_00-0922197517479526,124,249
12,UP5641-PPSA21099_00-0392831860618412,124,249
12,UP2181-PPSA13786_00-0277017894395231,599,1499
12,UP2181-PPSA13786_00-0754260327662353,199,499
12,UP2181-PPSA13786_00-0722089606236995,399,999
12,UP2181-CUSA12177_00-HADDDAYV00100000,599,1499
12,UP4133-CUSA03158_00-SEASONSAFTERFALL,199,999
12,UP5325-CUSA47288_00-JAPANESEGOBLINS0,174,249
12,UP5641-CUSA46707_00-0781306875724030,249,499
12,UP5099-PPSA17117_00-VRPIGEONSAREGO11,249,499
12,UP3405-PPSA18210_00-0993763434750800,749,2499
12,UP3405-CUSA15346_00-PAPERBEAST047011,599,1999
12,UP6881-CUSA47198_00-0651694849995295,99,249
12,UP4459-PPSA16926_00-UNCLEMARCUSPS5US,519,1299
12,UP4459-PPSA16926_00-0941876237908083,2399,3999
12,UP7347-PPSA31027_00-0100839042144538,69,199
12,UB0599-PPSA20815_00-0332689002614937,159,199
12,EP7345-PPSA38082_00-0253077923198166,186,249
12,UP4133-CUSA09853_00-MASTEROFANIMAPS4,139,699
12,UB2239-PPSA36812_00-ETG300000000SIEA,159,199
12,EP1411-PPSA26005_00-0137355628727196,104,699
12,UP2136-CUSA13309_00-KODOSCEADPS40801,64,99
12,UP2136-CUSA13309_00-0240702484482230,324,499
12,UP1470-CUSA08129_00-8BITINVADERSUS00,224,1499
12,UP3528-PPSA19779_00-0018562041495199,299,999
12,UP3528-CUSA46751_00-0672743452104777,299,999
12,UP4680-CUSA11393_00-ASSAULTGUNNERS00,299,999
12,UP3528-PPSA24250_00-0702989527345962,499,999
12,UP3528-CUSA50843_00-0613582471797309,499,999
12,UP2833-CUSA25824_00-MANASPARKPS4V100,349,999
12,UP8553-PPSA34686_00-0472606726132204,199,499
12,UP0891-PPSA05311_00-RGAYEAROFSPRINGS,249,499
12,UP0891-PPSA21934_00-FOXYRUSHRATALAIK,199,499
12,UP2833-CUSA55574_00-5000000000000000,249,499
12,UP2833-CUSA55574_00-0401336744647763,439,799
12,UP2833-CUSA40737_00-0720226517112417,199,499
12,UP2136-PPSA22136_00-0500801857684193,324,499
12,UP2136-CUSA47805_00-GIANTCATWORMWAR1,64,99
12,UP2136-PPSA22136_00-GIANTCATWWARGPS5,64,99
12,UP2136-CUSA47805_00-GIANTCATWORMWAR2,324,499
12,UP2833-CUSA46629_00-0278425924581868,279,699
12,UP2833-CUSA46629_00-0791566268440260,239,599
12,UP2833-CUSA46629_00-0615001522925746,199,499
12,UP8603-CUSA47570_00-000EVILGODKORONE,314,449
12,JB0500-PPSA35364_00-0560339712971771,559,699
12,EP3643-PPSA23280_00-PEPPGRINPS5SIEE1,449,1499
12,UP2136-CUSA08172_00-KODOSCEAGPS40001,194,299
12,UP2136-CUSA08172_00-0223266508725341,324,499
12,UB0383-PPSA28905_00-0537823898691504,219,2199
12,UP0773-CUSA45132_00-0139864271257306,644,1499
12,UP2005-CUSA03443_00-RAINBOWMOON00001,299,1499
12,UP3735-CUSA09788_00-0122718122257971,699,999
12,UP6927-PPSA08113_00-0372236043310592,679,1699
12,UB0337-PPSA32871_00-0159639244337292,149,199
12,UP6472-PPSA11539_00-SAKURAMMO3000000,399,799
12,UP6989-CUSA37234_00-6074101853012586,159,399
12,UP6989-PPSA10650_00-6406091770663582,159,399
12,UP5610-CUSA17507_00-0000000000000001,359,599
12,UB0337-PPSA34251_00-0430437190272035,149,199
12,UP3803-CUSA20185_00-0203284684460188,449,1499
12,JB2357-PPSA36945_00-AMERICAS00000000,149,199
12,UP7347-PPSA27417_00-0973909808690625,39,199
12,JB2357-PPSA37034_00-AMERICAS00000000,149,199
12,UP2796-CUSA14847_00-0000000000000000,89,599
12,UP2796-CUSA14847_00-SUICIDEGUYBUNDLE,164,1099
12,UB0438-CUSA53654_00-0750179716210668,139,199
12,UB2057-PPSA36659_00-0409552935758882,99,199
12,UB2057-CUSA58783_00-0985592095678922,99,199
12,HB1069-PPSA29078_00-0737830367034713,119,199
12,UP3004-CUSA19187_00-EUROFCATCHBUNDLE,299,1499
12,UP3004-CUSA19187_00-THECATCHDELUXEED,599,2999
12,UP8787-PPSA25630_00-0164292532712706,59,149
12,UP8787-CUSA50921_00-0170195295812487,59,149
12,UB0337-PPSA33162_00-0919816572935157,149,199
12,UB2057-CUSA58132_00-0524510409100143,59,199
12,UP2833-CUSA48738_00-0339736043321632,279,699
12,UP2833-CUSA48738_00-5000000000000000,199,499
12,UB0438-CUSA54633_00-0039550301776329,139,199
12,UB0438-PPSA27798_00-0108401986104048,139,199
12,UP7347-PPSA28265_00-0232514206773936,49,199
12,UP2136-CUSA46818_00-DRIFTRACINGMDNSS,64,99
12,UP2136-CUSA46818_00-0429987940413127,324,499
12,UP2136-PPSA23441_00-0903209898812734,64,99
12,UP2136-PPSA23441_00-0438556808706718,324,499
12,UP2833-CUSA47008_00-5000000000000000,239,799
12,UP2833-CUSA47008_00-0865325203994767,391,1399
12,UP1470-CUSA04732_00-REUSPS4000000000,149,999
12,UP1675-PPSA20259_00-SYPS5THELASTSHOT,399,999
12,UP1675-CUSA46563_00-SYPS4THELASTSHOT,399,999
12,EB0792-PPSA23746_00-BADBIRDS00000000,159,199
12,UB0438-PPSA27918_00-0192805707711318,139,199
12,UB0438-CUSA53605_00-0246959311763378,139,199
12,UB0438-PPSA26559_00-0144014145345750,139,199
12,UB0438-CUSA54353_00-0996483737748171,139,199
12,UB0438-CUSA55301_00-0443454396170724,139,199
12,UB0438-CUSA52379_00-0883476505054519,139,199
12,UB0438-CUSA52269_00-0418243102917650,139,199
12,UB0438-CUSA56486_00-0109220767621189,139,199
12,UB0438-CUSA51295_00-0192278862969985,139,199
12,UB0438-PPSA24925_00-0377185699331189,139,199
12,UB0438-CUSA54542_00-0867646702359867,139,199
12,UB0438-PPSA26914_00-0113448697773618,139,199
12,HB1069-PPSA28941_00-0395165031791154,119,199
12,UB0337-PPSA33200_00-0009381923383255,149,199
12,HB1069-PPSA28105_00-0576812569714387,119,199
12,UP7126-PPSA36856_00-0097037035519850,119,199
12,UP7126-CUSA58894_00-0953257150301115,119,199
12,UP7126-CUSA57165_00-0911592617491883,49,99
12,UP7126-PPSA33958_00-0368379709586422,49,99
12,EP5506-PPSA34193_00-ANIMEFANTASYUNI0,174,249
12,EP5506-CUSA57334_00-ANIMEFANTASYUNI0,174,249
12,UP8787-PPSA31084_00-0758698190026555,74,149
12,UP8787-CUSA55289_00-0748311292577892,74,149
12,UP1675-CUSA10044_00-SYPS4ALTERIC0000,149,499
12,HP3379-PPSA36143_00-0496920983055551,674,899
12,UP4199-CUSA26816_00-0382712721694782,49,499
12,UP2136-PPSA30456_00-0068070962673494,96,149
12,UP2136-CUSA54847_00-0455098920662587,96,149
12,UP2136-PPSA30456_00-0582617485353216,324,499
12,UP1675-CUSA16890_00-SYPS4STELLATUM00,399,999
12,UP1675-PPSA03552_00-SYPS5STELLATUM00,399,999
12,UP0891-PPSA09009_00-RGGODDAMNTHEGARD,199,499
12,UP5641-CUSA45990_00-0064555546530661,99,199
12,UP7126-PPSA19297_00-0546306920076591,149,499
12,UP7126-CUSA45753_00-0189802833150958,149,499
12,UP0891-CUSA17533_00-FOXYLANDCOLLECRG,399,999
12,EP6880-PPSA31218_00-0997624613711380,99,499
12,UP5792-CUSA46085_00-0197273296560623,39,49
12,UP4312-CUSA24507_00-5515891461138165,419,699
12,UB2239-PPSA37918_00-MMERGE000000SIEA,39,49
12,UB0796-PPSA35148_00-0645771585699517,79,99
12,UP2833-CUSA43299_00-0459788638133461,199,499
12,UP2833-CUSA43299_00-0292314625440660,279,699
12,UP2136-CUSA51510_00-0621836654349522,64,99
12,UP2136-PPSA26366_00-0129859513832989,64,99
12,UP6927-CUSA36117_00-4386898097978643,119,299
12,UP1675-PPSA05933_00-SYPS5BEHINDCLOSE,149,499
12,UP1675-CUSA31521_00-SYPS4BEHINDCLOSE,149,499
12,UP1675-CUSA20148_00-SYPS4NORMANSGREA,174,499
12,UP3493-CUSA07861_00-PUZZLECHAMPHD000,99,499
12,UP3493-CUSA07861_00-EXCLUSIVEBUNDLE0,199,999
12,UP2005-PPSA34118_00-TINYBIOMES000000,299,499
12,UP2136-CUSA47085_00-0366765011449513,249,499
12,UP2136-PPSA23429_00-0327654082728755,249,499
12,UP2136-CUSA47085_00-GIANTCATWORMWAR1,64,99
12,UP2136-PPSA23429_00-0001697192476937,64,99
12,UB2239-PPSA37694_00-COZYBASKET00SIEA,319,399
12,UP8787-CUSA56548_00-0480500280344208,74,149
12,UP8787-PPSA32975_00-0341935438526975,74,149
12,UP4802-PPSA17184_00-0207240641548203,149,299
12,UP4802-CUSA44024_00-0198700264239956,149,299
12,UP1291-CUSA02923_00-0000000000000002,149,299
12,UB0599-PPSA30324_00-DAEMONFALL00SIEA,119,149
12,UP7347-PPSA32171_00-0892491801075489,79,199
12,UB0337-PPSA36379_00-0828078246753615,164,299
12,EB2034-PPSA32156_00-0617300459852278,149,199
12,UP8787-CUSA57651_00-0968490611079697,74,149
12,UP8787-PPSA34674_00-0755734331209230,74,149
12,UP5880-PPSA08734_00-TRI6INFINITE0000,199,799
12,UP0082-CUSA06460_00-LARACROFTGOSIEA0,199,999
12,UB0337-PPSA32635_00-0537414107405511,149,199
12,EP5974-CUSA54977_00-0359784762342947,79,99
12,UP6472-PPSA02973_00-LEGENDSOFTALIAAR,149,299
12,UP2136-PPSA32657_00-0500078203302527,96,149
12,UP2136-PPSA32657_00-0622400184335971,324,499
12,UP2136-CUSA56423_00-0821890861429474,96,149
12,UP2833-CUSA46684_00-0441365734658372,199,499
12,UP2833-CUSA46684_00-0489283488218320,279,699
12,UP5641-CUSA46842_00-0665891880547583,249,499
12,UB0599-PPSA28538_00-GUNSHIPZOMBIE000,159,199
12,UP2136-CUSA12402_00-CARETAKERBUNDLE1,324,499
12,UP2136-CUSA12402_00-KODOSCEADPS40303,259,399
12,UB0796-PPSA26242_00-0831106760302453,79,99
12,UP2136-PPSA31854_00-0685582483741336,96,149
12,UP2136-CUSA55873_00-0919313289044959,96,149
12,UP2136-PPSA31854_00-0577412398750720,324,499
12,EP6985-PPSA27578_00-0371728111653450,149,299
12,EP6985-CUSA52626_00-0249249194904033,149,299
12,UP0307-CUSA06982_00-MRMASSAGY0000000,299,399
12,UP2136-PPSA25328_00-0220591862895463,74,149
12,UP2136-CUSA50563_00-0489942154560817,74,149
12,UP2136-CUSA50563_00-0664280400911921,194,299
12,UP2136-PPSA25328_00-0147732827712099,194,299
12,HB1620-CUSA58564_00-0126129355803017,84,99
12,HB1620-PPSA36218_00-0193956710353984,84,99
12,EP5506-CUSA49218_00-LOVEISLANDSIEA00,349,499
12,UB0337-PPSA34896_00-0494292236671411,149,199
12,UP6989-PPSA13549_00-0486592006484940,89,299
12,UP6989-CUSA40524_00-0578600429370453,89,299
12,UB0383-PPSA32320_00-0377005045737686,119,1199
12,UP2136-PPSA25619_00-0751492049267590,64,99
12,UP2136-CUSA11224_00-KODOSCEADPS40355,64,99
12,UP2136-PPSA25619_00-0419442039539470,249,499
12,UB0796-PPSA22717_00-0816005983445540,79,99
12,UB0337-PPSA32515_00-0658513866967690,149,199
12,UP2641-CUSA06277_00-ABTA666666666666,199,499
12,UP6927-PPSA08381_00-4585154665500311,119,299
12,UP7126-CUSA54112_00-0544430386627380,29,99
12,UP7126-PPSA29337_00-0689339891312575,29,99
12,EP0305-PPSA23287_00-0474545226533712,74,99
12,EP0305-CUSA48936_00-0955398820509803,74,99
12,UB0383-CUSA55400_00-0573292974589498,99,999
12,UB0383-PPSA31227_00-0213195883730857,99,999
12,UB0796-PPSA28778_00-0467533596356618,79,99
12,EP5974-CUSA53961_00-0398117645791721,39,49
12,EP5974-CUSA56479_00-0738526550663334,39,49
12,UP4312-PPSA09490_00-8835554590465520,209,299
12,UP4312-CUSA35776_00-6205102978010533,209,299
12,UB0438-PPSA23071_00-0008500721574383,139,199
12,HB1069-PPSA31193_00-0439080892801081,119,199
12,UB0337-PPSA33161_00-0281860313826492,149,199
12,EP5974-CUSA53792_00-0796113556675400,39,49
12,EP5974-CUSA58316_00-0871026304195784,39,49
12,EP5974-CUSA55567_00-0416152569026212,39,49
12,UP0891-PPSA02278_00-RATACONCEPTDESTR,199,499
12,UP0891-CUSA19113_00-RATACONCEPTDESTR,199,499
12,EP5974-CUSA56446_00-0121582311639539,39,49
12,UP5641-CUSA17347_00-AVATARANDTHEME23,149,299
12,UP1675-PPSA05121_00-SYPS5ENERGYCYCLE,149,299
12,UP1675-CUSA08968_00-SYPS4ENERGYBUNDL,349,699
12,UP1675-CUSA08968_00-SYPS4ENERGYCYCLE,149,299
12,UP2136-PPSA26942_00-0153383098608933,64,99
12,UP2136-CUSA51993_00-0376675790038979,64,99
12,UP2136-PPSA26942_00-0820756490029350,96,149
12,UP6989-PPSA09503_00-2196369224635608,89,299
12,UP6989-CUSA35797_00-9377077680924996,89,299
12,UP0891-PPSA05018_00-RGDONTTOUCHTHISB,199,499
12,UP4947-CUSA26263_00-MAZEMADNESSBUNDL,384,1099
12,UP7347-PPSA28521_00-0723317290700562,59,199
12,EP5506-PPSA35337_00-0131352069131619,212,349
12,EP5506-CUSA58045_00-0853807863934041,212,349
12,UP4199-CUSA19188_00-TIMBERMANVS00001,49,199
12,UP7126-PPSA29877_00-0639400451383415,29,99
12,UP7126-CUSA54468_00-0456990730082955,29,99
12,EP2919-CUSA59236_00-0651705216212643,24,49
12,UB0796-PPSA23457_00-0622585395521965,79,99
12,EP5974-CUSA53684_00-0833664211792911,39,49
12,UP6927-PPSA08606_00-8627193317140517,119,299
12,EP2402-PPSA29462_00-DATINGAPPPREMIUM,89,299
12,UP5325-CUSA46166_00-MAKELOVENOTWAR00,174,249
12,EP5974-CUSA57537_00-0099592782899533,39,49
12,EP5974-CUSA53793_00-0142206765736641,39,49
12,UP4199-CUSA20307_00-NOTHING000000001,19,199
12,UP1675-PPSA30445_00-SYPS5HILLBILLYDO,124,499
12,UP1675-CUSA32035_00-SYPS4HILLBILLYDO,124,499
12,EP2919-CUSA57520_00-0353630007921745,24,49
12,UP7126-CUSA53407_00-0957397672496193,29,99
12,UP3058-CUSA28549_00-1553291666045317,24,49
12,UP3058-CUSA31173_00-6727206613220487,24,49
12,UP2005-PPSA35249_00-1CATLINEGAME0000,299,499
12,UP0259-CUSA11056_00-20XX000000000000,449,1799
12,UP1675-CUSA26881_00-SYPS435MM0000000,499,999
12,JP0013-PPSA25005_00-JP0SAND000000PS5,249,499
12,UP4312-PPSA10173_00-0338842743724633,349,699
12,UP1643-CUSA27858_00-RENZORACERPS4US0,1339,1999
12,UP1643-PPSA02609_00-9133372310780856,1674,2499
12,UP2005-PPSA04583_00-41HOURSGAME00000,699,1999
12,UP5641-CUSA16631_00-ERIKGAMESTHAV905,249,499
12,UP8570-CUSA54177_00-0946266618529437,699,999
12,UP4312-PPSA29098_00-0352070029817793,349,699
12,UP4312-PPSA28875_00-0610778845437596,349,699
12,UP4312-CUSA53785_00-0052771382339735,349,699
12,UP4312-PPSA29971_00-0305249817816238,349,699
12,UP4312-CUSA54528_00-0372431746932367,349,699
12,UP4312-PPSA29971_00-0057834483484445,349,699
12,UP4312-CUSA54528_00-0055617515426630,349,699
12,UP4312-PPSA28007_00-0022686551330282,349,699
12,UP4312-CUSA53134_00-0975965115313020,349,699
12,UP6927-PPSA07737_00-0928118123262328,799,1999
12,UP1675-CUSA15797_00-SYPS47THSECTOR00,799,1999
12,UP1675-CUSA15797_00-SYPS47THSECTORBU,999,2499
12,UP4312-PPSA06768_00-0798238744571810,349,699
12,UP4312-CUSA32594_00-0865220477676498,349,699
12,UP4312-CUSA32594_00-9029858083750236,349,699
12,UP1470-CUSA08130_00-8BITHORDESUS0000,224,1499
12,UP1685-PPSA07175_00-8054878199970457,599,1999
12,UP2047-CUSA15976_00-9MOSAOGRBUKABNDL,999,3999
12,UP6261-PPSA07397_00-2269912040644408,399,999
12,UP0977-CUSA08179_00-EXTENDEDEDITION0,999,2499
12,UP1675-PPSA26137_00-SYPS5ACRECRISIS0,399,999
12,UP1675-CUSA51348_00-SYPS4ACRECRISIS0,399,999
12,UP1675-CUSA20150_00-SYPS4ACTIVENEUR2,249,499
12,UP1675-CUSA26385_00-SYPS4ACTIVENEUR3,249,499
12,UP1675-PPSA02792_00-SYPS5ACTIVENEUR3,249,499
12,UP1675-CUSA18127_00-SYPS4ACTIVENEURO,249,499
12,UP1675-PPSA05768_00-SYPS5ACTIVENEURO,249,499
12,UP0082-CUSA25035_00-ACTPS4APPNA00001,1199,2999
12,UP1470-CUSA03524_00-AV00000000000000,224,1499
12,UP4293-CUSA34442_00-TOTOQUEST0000000,999,3999
12,UP0182-CUSA48989_00-ADVENTURESAMSARA,1099,1999
12,UP0182-PPSA23240_00-ADVENTURESAMSARA,1099,1999
12,UP6927-PPSA15721_00-0097573648019695,279,699
12,UP4912-CUSA33315_00-3457690791776511,149,1499
12,UP1024-CUSA04110_00-ACQUIRESTIIM0001,799,3999
12,UP3528-PPSA18390_00-0172093136074034,549,1099
12,UP3528-CUSA45692_00-0536674532451026,549,1099
12,UP3528-CUSA45692_00-0012737634555509,549,1099
12,UP1475-CUSA23754_00-0997003689951593,599,2999
12,UP2005-PPSA26442_00-AGENTFALL0000000,239,599
12,UP4051-PPSA06295_00-3848570674059603,499,999
12,UP2047-CUSA10216_00-AGONY666AMERICAS,199,1999
12,UP0891-PPSA13368_00-RGHEROANDAGARDEN,249,499
12,UP3686-CUSA08274_00-AHNWBUNDLENAGAME,199,999
12,UP3686-CUSA08274_00-HTCOMBOPIXELNA01,949,1899
12,UP1675-CUSA18126_00-SYPS4AIRCRAFTEVO,399,999
12,UP0182-PPSA10083_00-7519151378363775,399,1999
12,UP2136-CUSA11225_00-KODOSCEADPS40356,149,299
12,UP2136-CUSA11225_00-0161896859947311,249,499
12,UP7375-CUSA47918_00-0508750927198422,449,1499
12,UP7375-PPSA24871_00-0289847963975214,629,1799
12,UP4312-CUSA44124_00-0358947526287083,349,699
12,UP4312-PPSA17315_00-0201382059354721,349,699
12,UP1421-PPSA20218_00-0223552308880610,149,999
12,UP1675-CUSA31523_00-SYPS4ALMOSTMYFLO,199,999
12,UP1675-PPSA05935_00-SYPS5ALMOSTMYFLO,199,999
12,UP2500-PPSA13313_00-US0ALPHANEO00PS5,749,1499
12,UP5641-CUSA18890_00-ERIKGAMESHACKER1,174,349
12,UP2500-PPSA26611_00-US0ALVASTIA00PS5,749,1499
12,UP1675-PPSA04009_00-SYPS5ALVEOLE0000,149,499
12,UP1675-CUSA28476_00-SYPS4ALVEOLE0000,149,499
12,UP5325-CUSA30350_00-AMAZINGBREAKER00,183,799
12,UP1675-PPSA06642_00-SYPS5AMAZINGSUPE,174,699
12,UP1675-CUSA32380_00-SYPS4AMAZINGSUPE,174,699
12,EP1411-PPSA29191_00-0439009117415359,299,999
12,UP2500-PPSA06520_00-US0AMBITION00PS5,749,1499
12,UP6261-PPSA09301_00-4423887603515617,524,1499
12,EB1062-PPSA26333_00-0537498887254023,524,1499
12,JB1401-CUSA54015_00-0013184884805848,599,1199
12,JB1401-PPSA29208_00-0193412384225374,599,1199
12,UP6259-CUSA28105_00-3370768762015872,699,1399
12,EP5506-PPSA36955_00-0024927881439211,212,349
12,EP5506-CUSA58931_00-0536776534705955,212,349
12,UP3868-CUSA35000_00-9474898074952866,199,1999
12,UP4361-CUSA00082_00-ANOMALY200000001,299,1499
12,UP7543-CUSA42416_00-0043482910702690,424,849
12,UP7543-PPSA15255_00-0188908921106470,424,849
12,UP4802-CUSA43336_00-0644970319117421,349,699
12,UP1249-PPSA03013_00-8281055267108799,199,499
12,HB1365-PPSA29131_00-0524549596834010,419,699
12,HB1365-CUSA53970_00-0335921394512631,419,699
12,UP0891-PPSA08624_00-RATALAIKAQUADINE,799,1999
12,UP0571-CUSA29525_00-HAMPRDC000000001,559,799
12,JP0571-CUSA53672_00-HAMPRDC000000001,1049,1499
12,UP0571-CUSA39268_00-HAMPRDC000000001,559,799
12,UP0571-CUSA29435_00-HAMPRDC000000001,559,799
12,UP0571-CUSA31757_00-HAMPRDC000000001,559,799
12,UP3803-CUSA48165_00-0928451356190836,449,1499
12,UP4382-PPSA03663_00-ARCADEPARADISEDD,624,2499
12,UP4293-CUSA17442_00-0000000000000000,499,1999
12,UP4293-PPSA13421_00-AARCADIA0SIEAPS5,449,2999
12,UP7698-PPSA31393_00-0084794517690682,1199,1999
12,UP1675-PPSA03359_00-SYPS5ARKANTHEDOG,99,499
12,UP1675-CUSA27391_00-SYPS4ARKANTHEDOG,99,499
12,EP1411-PPSA29195_00-0799058845357158,299,999
12,UP1421-PPSA21374_00-0466939607406900,149,999
12,EP1411-PPSA24805_00-0597768223923958,699,999
12,UP5099-CUSA17106_00-0000ARTPULSE11US,649,1299
12,UP3698-CUSA25786_00-0008035102981385,599,999
12,EP3552-PPSA32009_00-0789178694392899,599,999
12,UP4802-CUSA32505_00-7465914961914779,249,499
12,UP4802-PPSA06718_00-6983340659885127,249,499
12,UP6963-CUSA34920_00-0823884242276797,449,1499
12,UP4199-CUSA20309_00-AOM0000000000001,69,699
12,UP1475-PPSA16747_00-0765072834105576,2999,9999
12,UP1475-CUSA43651_00-0132005031159049,2999,9999
12,UP1475-PPSA16747_00-AOSTA2PS500000US,499,2499
12,UP1475-CUSA43651_00-AOSTA2PS400000US,499,2499
12,UP1475-PPSA08165_00-AOXXL2PS500000US,399,1999
12,UP1475-PPSA07499_00-ASTERIXXXL3PS5US,399,1999
12,UP2833-CUSA46531_00-0985916035377985,199,499
12,UP2833-CUSA46531_00-0206004050016607,279,699
12,UP0182-CUSA39601_00-0043032691491623,624,2499
12,UP0182-PPSA12640_00-0595752584407539,624,2499
12,UP0182-PPSA05551_00-0123792887935805,539,1799
12,UP0182-CUSA30832_00-0770042278073594,539,1799
12,UP0182-PPSA19191_00-0760823363410307,539,1799
12,UP0182-CUSA45681_00-0569885463087561,539,1799
12,UP0182-CUSA36604_00-0398818602210665,539,1799
12,UP0182-PPSA10081_00-0202272631348160,539,1799
12,UP0182-CUSA34726_00-0002703255879966,539,1799
12,UP0182-PPSA08600_00-0307121116343453,539,1799
12,UP0182-PPSA08600_00-5372968000582927,249,999
12,UP0182-CUSA34726_00-4689212754269314,249,999
12,UP1675-PPSA18857_00-SYPS5ATIMETRAVEL,124,499
12,UP1675-CUSA45409_00-SYPS4ATIMETRAVEL,124,499
12,UP6963-CUSA40869_00-0002575215184082,299,1499
12,UP1056-CUSA13691_00-ATRAINEXPRESS000,2499,4999
12,EP1411-PPSA29664_00-0362414912614957,999,2499
12,UP0814-PPSA13703_00-0290781771739510,224,1499
12,UP4312-CUSA25151_00-3622460634982900,419,699
12,UP4312-CUSA26448_00-9454446398590556,419,699
12,UP4312-CUSA26448_00-9275322699290288,419,699
12,UP4312-CUSA25907_00-5485159845906864,349,699
12,UP4312-CUSA25043_00-4430348684609371,419,699
12,UP4312-PPSA06504_00-3112706365787334,279,699
12,UP4312-CUSA25043_00-6102090637605735,279,699
12,UP4312-CUSA25573_00-6609662956087590,419,699
12,UP4312-CUSA25573_00-0533004845837281,279,699
12,UP4312-CUSA27735_00-2875088260510601,419,699
12,UP4312-CUSA27525_00-4204303332913026,349,699
12,UP4064-CUSA08138_00-6237945481837552,659,3299
12,UP2005-PPSA35250_00-AVENUEESCAPE0000,299,499
12,UP2136-CUSA24719_00-5367167620879625,96,149
12,UP2136-CUSA24719_00-0720212711135229,324,499
12,UP1675-CUSA19185_00-SYPS4AWESOMEPEA2,124,499
12,UP1675-CUSA47049_00-SYPS4AWESOMEPEA3,124,499
12,UP1675-PPSA20819_00-SYPS5AWESOMEPEA3,124,499
12,JP0202-PPSA31451_00-LASTBOSSPS500001,1439,2399
12,JP0202-CUSA55588_00-LASTBOSSPS400001,1439,2399
12,HP6885-PPSA23845_00-0750649791276765,1249,2499
12,HP6885-CUSA49427_00-0102459444473767,1249,2499
12,UP6044-PPSA13698_00-0867728353618308,1399,1999
12,UP0891-CUSA14072_00-RATAGABACKIN1995,499,999
12,UP1181-CUSA26185_00-2240043536322697,779,1199
12,UP0814-PPSA14955_00-0192604961482671,449,1499
12,HP6885-CUSA54045_00-BAHAMUTPST4FINAL,1599,1999
12,HP6885-PPSA29247_00-BAHAMUTPST5FINAL,1599,1999
12,UP0891-CUSA18494_00-RATAGABALANCELOT,159,799
12,UP7740-CUSA42591_00-0976941588036994,535,799
12,UP3686-CUSA17708_00-BALTHAZARSDPS4NA,199,799
12,UP1249-CUSA20121_00-0000000000000000,249,499
12,EP0896-PPSA33079_00-BEAKEDBUCCANEERG,249,499
12,UP7958-CUSA42986_00-IRONELEGENDPS4NA,649,999
12,UP3329-CUSA14646_00-BEATSFEVER0000AM,999,1999
12,UP6963-CUSA27379_00-4416322135505903,399,1999
12,UP4352-CUSA00056_00-NOBEBSMEGABUNDLE,699,1999
12,UP4352-CUSA00056_00-NNBLASTBUNNIESUS,249,499
12,HP6978-PPSA27567_00-0804651713315997,1449,2899
12,HP6978-CUSA52609_00-0644662589118671,1449,2899
12,UP1249-CUSA24491_00-5161590649382433,279,799
12,UP1421-PPSA14127_00-0308235550809589,179,1199
12,UP1421-PPSA14129_00-0141740327796459,224,1499
12,UP1421-PPSA14131_00-0477362038856147,224,1499
12,UP1421-PPSA18233_00-0459486718293149,224,1499
12,UP1421-PPSA18235_00-0477738684839896,149,999
12,EP1411-PPSA24438_00-0773630428413777,149,999
12,EP1411-PPSA25117_00-0499829454091200,149,999
12,EP1411-PPSA28566_00-0780185950075959,299,999
12,EP1411-PPSA34794_00-0614019473250879,489,699
12,UP5325-CUSA15500_00-BIGDRUNKSATANICM,679,1999
12,UP7085-PPSA19258_00-0294026655388531,999,1999
12,UP2775-CUSA43785_00-0181050698935899,399,1999
12,UP2775-PPSA16938_00-0553353247198132,399,1999
12,UP4199-CUSA26999_00-6756312551131788,49,499
12,UP3803-CUSA45650_00-0111583624703593,199,999
12,EB1075-PPSA23451_00-BFRAMEOUTPOSTPS5,899,1499
12,UP4713-PPSA19855_00-0827431908349233,1499,1499
12,UP4199-CUSA33166_00-5380745006648385,19,199
12,UP0307-CUSA07950_00-TASTESLIKECHIKUN,374,499
12,UP3686-CUSA08273_00-BTDNGNPLUSBUNDLE,398,699
12,UP2187-CUSA15031_00-BPPS4SIEADIGI001,749,1499
12,UP0082-CUSA08169_00-BLACKTHEFALL0000,524,1499
12,UP1360-CUSA11632_00-0000000000001105,249,2499
12,UP4199-PPSA18443_00-0962065676180674,99,999
12,UP4459-PPSA16924_00-BLOODSHOREPS5US0,519,1299
12,UP4459-PPSA16924_00-0466448793741980,2099,3499
12,EP3540-PPSA35624_00-BLUEBERRY0000PS5,936,1249
12,EP6878-PPSA23274_00-0312284748143134,593,899
12,UP0438-CUSA14281_00-0000000000000001,749,1499
12,UP2500-PPSA31650_00-US0BOFTHES000PS5,749,1499
12,UP0891-PPSA04146_00-RATAGABONEMARROW,149,499
12,UP5325-CUSA26569_00-BORISTHEROCKET00,509,1499
12,UP1309-PPSA14458_00-BOBDELUXEPS5SIEA,874,3499
12,UP6963-PPSA19445_00-0795905284482387,899,1999
12,UP6963-PPSA19445_00-0067312592968384,899,1999
12,EP3729-PPSA23569_00-BOTTLEPILGRIMPS5,714,1099
12,EP3729-CUSA50499_00-BOTTLEPILGRIMPS4,714,1099
12,JB2171-PPSA36110_00-0794512359897648,509,599
12,UP4312-CUSA33250_00-0364360536940675,779,2599
12,UP0182-PPSA27898_00-BREAKOUTBEYOND01,749,1499
12,UP0182-CUSA52930_00-BREAKOUTBEYOND00,749,1499
12,UP1675-CUSA17138_00-SYPS4BREEDERHOME,149,499
12,UP2158-CUSA33656_00-BRICKYTOME1PS4NA,259,399
12,UP6883-PPSA27050_00-0670523243610780,299,999
12,UP1649-CUSA13527_00-BRINGTOLIGHT0001,799,1999
12,UP6275-CUSA28919_00-2254644518508322,349,699
12,EP6325-PPSA28078_00-0606757911085072,749,1499
12,UP2035-CUSA14048_00-BUBSYPAWS0000001,499,2499
12,UP1675-CUSA17710_00-SYPS4BUCKETKNIGH,124,499
12,UP1675-CUSA50585_00-SYPS4BUILDEST000,519,1299
12,UP1675-PPSA25350_00-SYPS5BUILDEST000,519,1299
12,UP3803-CUSA28500_00-4598213714340742,259,1299
12,UP1470-CUSA33486_00-BUNNYPARKUS00000,299,1999
12,UP1470-PPSA07479_00-BUNNYPARKPS5US00,299,1999
12,UP1710-CUSA09109_00-BURLYMENATSEA000,249,999
12,UP1710-CUSA09109_00-BMASMAESTROBSIEA,374,1499
12,UP0891-PPSA02938_00-RATAGAMC14DATING,599,1999
12,UP5526-CUSA23777_00-KAIRO00000043000,699,1399
12,UP1675-PPSA19321_00-SYPS5CALIGO00000,299,999
12,UP4312-PPSA08739_00-1646542698855799,419,699
12,UP4312-CUSA34931_00-4159651033939222,419,699
12,UP4312-CUSA34931_00-3270760000618946,419,699
12,UP1675-PPSA29769_00-SYPS5CANDYLANDSJ,249,999
12,UP1675-CUSA54351_00-SYPS4CANDYLANDSJ,249,999
12,UP2136-CUSA48211_00-CAPSULEFIGHTSGCG,96,149
12,UP2136-PPSA22562_00-0107064165015991,96,149
12,UP2136-PPSA22562_00-0005587176475509,324,499
12,UP2136-CUSA48211_00-CAPSULETHEMESIEA,324,499
12,UB0683-PPSA32540_00-0142963766933020,959,1199
12,EB2055-CUSA56179_00-0586059805123271,899,1499
12,EP5112-PPSA27775_00-0589080011846458,1049,1499
12,UP1249-PPSA03799_00-2505596857610757,249,499
12,UP1249-CUSA27474_00-3215224910817498,249,499
12,UP0891-CUSA19387_00-RATAGACASTLEPALS,99,499
12,UP1675-PPSA19394_00-SYPS5CATANDGHOST,299,999
12,UP1675-CUSA45849_00-SYPS4CATANDGHOST,299,999
12,UP4312-CUSA37622_00-4058765832673718,349,699
12,UP4312-PPSA10954_00-9994591548825704,349,699
12,UP4312-PPSA10954_00-0584126743326074,399,999
12,UP4312-CUSA37622_00-0129695526416601,399,999
12,UP4312-PPSA11125_00-2191137638380080,419,699
12,UP4312-CUSA37625_00-5785501144020782,419,699
12,UP7126-PPSA32445_00-0989707317512831,249,499
12,UP7126-CUSA56312_00-0140195439543092,249,499
12,UP4312-CUSA43386_00-0629418004645628,349,499
12,UP4312-PPSA16463_00-0285183943821716,349,499
12,UP4312-CUSA50044_00-0120765337384350,419,699
12,UP7958-CUSA39444_00-CATSLIDETILPS4NA,259,399
12,UP1675-PPSA22841_00-SYPS5CATSREQUEST,249,999
12,UP1675-CUSA48679_00-SYPS4CATSREQUEST,249,999
12,EP6878-PPSA27178_00-0173401033911094,230,349
12,EP6878-CUSA55832_00-CATSRITUALBUNDLE,296,449
12,EP6878-CUSA55832_00-CATSRITUAL000000,230,349
12,UP0891-PPSA20639_00-CAVEMANRANSOMRAG,199,499
12,UB0108-PPSA27498_00-0441744126204538,139,349
12,UP2538-PPSA18447_00-CELEBRITIH5PS5US,89,299
12,UP1470-PPSA06604_00-CHARONSSTAIRCASE,299,1999
12,UP1470-CUSA32329_00-CHARONSTAIRCASUS,299,1999
12,UP0082-CUSA08336_00-COZBASEGAME10001,539,1799
12,UP1421-PPSA21785_00-0057777936886068,149,999
12,UP4312-CUSA31307_00-0691741949969526,349,699
12,UP4312-CUSA31307_00-9325524358889644,349,699
12,UP4312-CUSA31311_00-4722949784867152,349,699
12,UP4312-CUSA31311_00-6196961081012020,349,699
12,UP4312-PPSA10059_00-6793020113528569,209,299
12,UP4312-CUSA36578_00-1909172113573707,209,299
12,UP4312-PPSA06189_00-2381970569873921,349,699
12,UP4312-CUSA31773_00-0688237443030923,349,699
12,UP4312-CUSA31773_00-4781469771691902,349,699
12,UP4312-CUSA37421_00-5435011295238454,349,699
12,UP4312-PPSA10791_00-5580632042255107,349,699
12,UP4312-CUSA37421_00-0162893871179006,449,899
12,UP4312-PPSA10791_00-0922066141698002,449,899
12,UP3876-PPSA15591_00-CHRONICLES2HEROE,1624,2499
12,UP3876-CUSA42489_00-CHRONICLES2HEROE,1299,1999
12,UP2796-CUSA17911_00-CHUBBYPIXEBUNDLE,599,2999
12,UB0812-PPSA22545_00-CILLAPS5000000US,384,699
12,UP2005-PPSA08300_00-CIONSOFVEGA00000,279,699
12,EP1411-PPSA24454_00-0648439763944208,149,999
12,UP1421-PPSA14117_00-0953481977224907,179,1199
12,UP1421-PPSA14125_00-0187166612120187,149,999
12,EP1411-PPSA25125_00-0831765838495080,104,699
12,UP1421-PPSA14121_00-0164485081499575,179,1199
12,UP1421-PPSA14119_00-0814439015142022,149,999
12,EP1411-PPSA26449_00-0596125163519808,299,999
12,EP1411-PPSA34790_00-0245598057987417,489,699
12,EP1411-PPSA24241_00-0384264815889757,149,999
12,UP1643-PPSA04303_00-COASTFLIGHTSIMUS,1799,2999
12,UP1024-CUSA12915_00-CODEREALIZEFD2P4,2999,4999
12,UP4312-PPSA08280_00-3921986454246309,349,699
12,UP4312-CUSA34345_00-3213655865146814,349,699
12,UP4312-CUSA34345_00-2697713757702351,349,699
12,UP4312-PPSA08369_00-3966030000096658,349,699
12,UP4312-CUSA34425_00-5819834584550740,349,699
12,UP4312-CUSA34425_00-9719725883254330,349,699
12,UP4312-PPSA09871_00-5235684095725852,489,699
12,UP4312-CUSA36348_00-1114405839835503,209,299
12,UP4459-CUSA04084_00-COFFINDODGERSPS4,359,1199
12,UP8302-PPSA26017_00-0141954785871336,1124,1499
12,UP7126-CUSA56529_00-0213819993865291,299,499
12,UP7126-PPSA32906_00-0676069577793146,299,499
12,UP3800-CUSA26623_00-6820579770568569,349,999
12,UP3800-CUSA26623_00-CONGLOM451BUNDLE,349,999
12,UP0135-PPSA30143_00-0980093899773631,899,2999
12,UP0135-PPSA30143_00-0244120115153217,1499,4999
12,UP4396-CUSA04289_00-CORRIDORZPS4US01,239,799
12,EB2067-CUSA56848_00-0687117318832305,349,499
12,EB2067-PPSA33460_00-0045977266070217,349,499
12,UP1675-CUSA14590_00-SYPS4CRASHBOTS00,249,999
12,UB0337-PPSA32516_00-0989162811487009,149,199
12,UP1675-CUSA42838_00-SYPS4CREEPYTALE3,499,999
12,UP1675-PPSA15919_00-SYPS5CREEPYTALE3,499,999
12,UP1675-CUSA49684_00-SYPS4CREEPYTALE4,499,999
12,UP1675-PPSA24142_00-SYPS5CREEPYTALE4,499,999
12,UP3291-PPSA21455_00-0009811648811321,569,2849
12,UB0714-CUSA49156_00-0623316165300467,359,799
12,UP0891-PPSA02718_00-RATAGACROSSKRUSH,99,499
12,UP2500-PPSA08375_00-US0CORTHA0000PS5,749,1499
12,UP1512-CUSA06766_00-0000000000000001,649,1299
12,UP6206-CUSA51598_00-0477994969636795,1599,1999
12,UP6206-PPSA26470_00-0425688666581995,1599,1999
12,UP7931-PPSA22184_00-0852388303107733,199,499
12,UP7931-PPSA21149_00-0508030736104107,199,499
12,UP7931-PPSA25802_00-0472956274486563,199,499
12,UP4802-CUSA29565_00-6696182306488057,399,799
12,UP2833-PPSA36468_00-0611600036747396,2399,2999
12,UP2833-CUSA57232_00-0558347792096286,2399,2999
12,UP2833-CUSA57232_00-2000000000000000,0,0
12,UB0714-CUSA53912_00-0956508586267780,749,1499
12,UP0891-PPSA18396_00-CYBERCITIZENS2RG,359,599
12,UP0891-PPSA18396_00-SHOCKMANBUNDLE01,659,1099
12,UP0891-PPSA21577_00-CYBERCITIZENS3RG,359,599
12,UP4312-CUSA46631_00-0498358387158346,349,699
12,UP4312-CUSA46631_00-0541796101551108,349,699
12,UP1675-PPSA30438_00-SYPS5CYBERTRASHS,249,999
12,EP0896-PPSA26160_00-CYCLECHASERH5RAG,299,599
12,UP0101-PPSA05991_00-9386557582427952,899,2999
12,EP0435-PPSA24912_00-0201553772358015,649,1299
12,UB0169-PPSA19850_00-0911414542246592,1199,5999
12,UB0169-PPSA26440_00-0333695470404315,399,1999
12,UP3686-CUSA27333_00-DODBUNDLETHEMENA,799,1599
12,UP0891-PPSA07603_00-RAGADANDYRANDYDX,279,699
12,UP4199-CUSA27849_00-8321549666871703,99,999
12,EP1411-PPSA31421_00-0409254398118804,749,1499
12,JB1899-PPSA38611_00-0945464815981430,779,999
12,UP1675-CUSA28522_00-SYPS4DATEJOURNAL,899,1499
12,UP1675-PPSA04045_00-SYPS5DATEJOURNAL,899,1499
12,UP2053-CUSA28861_00-0471097950934022,874,3499
12,UP2053-PPSA04266_00-0262167176507534,874,3499
12,UP2053-PPSA04266_00-2282455793341111,749,2999
12,UP0182-PPSA15274_00-0660430457632208,749,2999
12,UP0182-CUSA42287_00-0074731745058375,749,2999
12,UP2047-CUSA01752_00-DEADISLANDRRGAME,74,499
12,EP2627-PPSA22668_00-DEADLINKPS5BUNDL,1449,2899
12,UB0787-PPSA31689_00-0519098494040675,639,799
12,UP0031-PPSA25894_00-DEATHENDREQUZ001,1499,4999
12,UP0031-CUSA51115_00-DEATHENDREQUZ001,1499,4999
12,UP4361-PPSA30896_00-0352542253776804,1644,2349
12,UP6883-PPSA30064_00-0180721434249791,179,899
12,UP4293-PPSA26682_00-US0DMLC000000PS5,2249,2999
12,UP4293-CUSA51718_00-US0DMLC000000PS4,2249,2999
12,EP1935-PPSA23423_00-0411171782374016,149,499
12,EP1935-CUSA49133_00-0880823175504334,149,499
12,UP3589-CUSA42673_00-0363056312253129,599,1999
12,UP3589-PPSA15686_00-0252925950983359,599,1999
12,UP2005-PPSA33605_00-DEFENDINGCAMELOT,599,999
12,UP1470-CUSA08384_00-DEFUNCTEU0000000,149,999
12,UP2199-CUSA17103_00-DELEVELEDNA00000,279,999
12,UP0814-PPSA14753_00-0235119108832393,259,1299
12,UP1309-CUSA32038_00-TAR0DELUXE0SIEA0,574,2299
12,UP2005-PPSA04914_00-DEMONIACA0000000,599,1499
12,UP1470-PPSA16479_00-DESOLATIUMUS0000,299,2999
12,EP1411-PPSA23660_00-0165489697272773,149,999
12,UP1421-PPSA18237_00-0681699748160669,224,1499
12,UP1475-PPSA07044_00-0074597047175991,2249,8999
12,UP1675-CUSA50983_00-SYPS4DETECTIVEFR,299,999
12,UP1675-PPSA25707_00-SYPS5DETECTIVEFR,299,999
12,UP1249-PPSA03002_00-7506945076104177,279,699
12,UP1340-CUSA04587_00-0000000000000000,399,1999
12,UP4293-PPSA09147_00-7946908031771975,499,1999
12,UB1052-PPSA26583_00-0137832406586701,274,1099
12,EP5098-PPSA28406_00-0382348723155286,1049,1499
12,UP4830-CUSA12364_00-0001111222233334,324,1299
12,UP6088-PPSA18499_00-0383883698921276,799,1999
12,UP6088-CUSA45141_00-0903683843686790,799,1999
12,UP6088-CUSA45141_00-0005762737866690,1599,3999
12,UP6088-CUSA45141_00-0057372668627025,2399,5999
12,UP6088-CUSA45141_00-0819469679451175,3199,7999
12,UP2005-PPSA34210_00-DIRECTIONQUAD000,249,499
12,EP6922-PPSA27853_00-0836975314325475,599,1499
12,EP6922-PPSA27850_00-0425423502699251,599,1499
12,UP4581-CUSA15719_00-DISINTEGRATION01,599,2999
12,UP2660-CUSA23291_00-2248243448133775,159,1599
12,UP2833-CUSA48700_00-0729642313526038,449,899
12,UP7931-PPSA32154_00-0229895026373166,299,599
12,UP5257-CUSA16272_00-SSJANIMALSHOGI01,3199,3999
12,UB0532-PPSA27712_00-0376036431259406,1119,1399
12,UP1470-CUSA18428_00-DOGDUTYUS0000000,149,999
12,UP1470-CUSA12724_00-DOLLHOUSEEU00000,299,1999
12,UP4459-CUSA06502_00-DONTKNOCKTWICE00,679,1999
12,UP4312-CUSA53665_00-0272144499862960,279,399
12,UP4312-PPSA28726_00-0859915963712406,279,399
12,UP4312-PPSA08079_00-1932677409316026,279,699
12,UP4312-CUSA30171_00-4062833568170556,279,699
12,UP4312-CUSA30171_00-0242389461028780,279,699
12,UP4312-CUSA30171_00-9027139728035776,399,1999
12,UP4312-CUSA30303_00-8166766290447647,279,699
12,UP4312-CUSA30303_00-6013702801162073,279,699
12,UP4312-CUSA43806_00-0204755290646963,349,699
12,UP4312-PPSA16940_00-0581147960578342,349,699
12,UP6883-PPSA28790_00-0360545773997349,599,799
12,UP4312-PPSA20593_00-0411097011785280,349,699
12,UP4312-CUSA46877_00-0314748643035640,349,699
12,UP4312-PPSA07748_00-4871423919539959,349,699
12,UP4312-CUSA28192_00-1487945783272015,349,699
12,UP4312-CUSA28192_00-8516647189480682,349,699
12,UP4312-CUSA28442_00-8000800575971359,349,699
12,UP4312-CUSA28442_00-7042801299615162,349,699
12,UP4312-CUSA49890_00-0086905646328199,349,699
12,UP4312-PPSA24512_00-0428081029469888,349,699
12,UP4312-PPSA09873_00-7488097694794622,209,299
12,UP4312-CUSA36350_00-8146426911888029,209,299
12,UP4312-CUSA36271_00-1989465184941241,419,699
12,UP4312-PPSA09808_00-6698972447743601,419,699
12,UP0031-CUSA14503_00-VARNIR0000000000,899,2999
12,UP0891-PPSA02929_00-RAGDREAMINGSARAH,49,499
12,JP0743-PPSA19692_00-DOFA000000000000,1749,3499
12,UP4312-CUSA44536_00-0649646899065297,419,699
12,UP4312-PPSA17826_00-0363677044666471,419,699
12,UP1421-PPSA21289_00-0265193116619818,104,699
12,UP2641-CUSA16065_00-DRIVENOUT0000002,599,1499
12,UP2005-PPSA06822_00-DRUNKENFIST20000,239,799
12,UP1981-CUSA05312_00-DUCATIFULLGAME00,99,999
12,UB0883-PPSA23828_00-0536158776475011,899,1499
12,UP7740-CUSA47563_00-0556990873023663,506,649
12,UP1675-CUSA26808_00-SYPS4DULLGREY000,199,499
12,UP0082-CUSA25978_00-8446763777584949,899,2999
12,UP6927-PPSA07887_00-0763903887254857,279,699
12,UP2060-PPSA07938_00-D4DELUXEEDITION0,3299,5999
12,UP1675-CUSA25392_00-SYPS4DUGEONSBOMB,99,499
12,UP1675-PPSA02944_00-SYPS5DUGEONSBOMB,99,499
12,UP5526-CUSA23673_00-KAIRO00000064000,279,1399
12,UP7740-CUSA42438_00-0876061102849604,467,599
12,UP4293-CUSA16563_00-DUSKDIVER1000000,874,3499
12,UP0031-CUSA32283_00-DUSKDIVER2000001,2499,4999
12,UP0031-PPSA06564_00-DUSKDIVER2000001,2499,4999
12,EP1628-PPSA08051_00-DUSTBORN00000001,599,2999
12,EP1936-PPSA29135_00-0330284603946688,999,1999
12,UP1952-PPSA04262_00-8372473865253094,539,1799
12,UP3589-PPSA13665_00-0608350040130653,1199,3999
12,UP3589-PPSA13560_00-0243063316325687,599,1999
12,UP5420-CUSA17464_00-1965091719921124,799,999
12,UP5641-CUSA48396_00-AVATARBUNDLEERIK,249,499
12,UP5641-PPSA22467_00-AVATARBUNDLEERIK,249,499
12,UP5641-PPSA22467_00-EASTERJOURNEYUS5,99,99
12,HP6978-PPSA27165_00-0604664661507470,1099,2199
12,UP1291-PPSA14352_00-0095330307024139,1199,1999
12,UP1291-CUSA41319_00-0383158138052372,1199,1999
12,UP1470-CUSA15029_00-ELEAUS0000000000,149,999
12,UP6883-PPSA27607_00-0415689366351120,449,1499
12,UP1675-PPSA03628_00-SYPS5ENCYCLEEDGE,249,499
12,UP1675-CUSA13455_00-SYPS4ENCYCLEEDGE,249,499
12,UP1675-CUSA08961_00-SYPS4ENERGYINVAS,74,299
12,UP1675-PPSA02918_00-SYPS5ESCAPELIFEI,199,999
12,UP1675-CUSA24947_00-SYPS4ESCAPELIFEI,199,999
12,UP1675-CUSA20205_00-SYPS4ESCAPTETHYS,399,999
12,UP5257-CUSA14248_00-SSJESCAPEGAME1JP,299,599
12,UP1475-PPSA07268_00-FBOYARD2022PS5US,599,2999
12,JB0500-PPSA32312_00-0805068185017813,999,1999
12,UP4293-PPSA01886_00-000EVERGATEPS5US,249,999
12,UP0891-PPSA19020_00-EVILDIARYRATAGAM,199,499
12,UP8090-PPSA17507_00-0884115708813970,799,1999
12,UP8090-CUSA43955_00-0763704249172809,799,1999
12,UP1024-CUSA04726_00-EXISTARCHIVE0004,2999,5999
12,UP4467-CUSA31462_00-EXITMANPS4NA0000,149,499
12,UP3059-PPSA22213_00-EXOGRAPHER000000,1199,1999
12,UP3883-CUSA09582_00-EXPANDPS4US00001,179,599
12,UP3883-CUSA09582_00-EXPANDBUNDLEUS00,199,999
12,UP1675-CUSA18452_00-SYPS4EXPLOSIVEJA,199,499
12,UP2158-PPSA25573_00-EXTINCTIONRIFTNA,649,999
12,EP1411-PPSA24458_00-0468985324331624,149,999
12,EP1411-PPSA25101_00-0675183383129899,149,999
12,EP1411-PPSA25105_00-0595598398309974,149,999
12,EP1411-PPSA25109_00-0206527687802519,149,999
12,UP1421-PPSA14065_00-0366794174774029,224,1499
12,UP1421-PPSA14067_00-0340493457402060,224,1499
12,UP0031-CUSA35368_00-7417306488076316,1499,4999
12,UP0031-PPSA09091_00-9593727927127698,1499,4999
12,UP4293-CUSA25999_00-6308420725020965,374,1499
12,UP1675-CUSA49897_00-SYPS4FARLANDSJOU,299,999
12,UP1675-PPSA30398_00-SYPS5FARLANDSJOU,299,999
12,UP7543-PPSA20573_00-0762005811015148,449,899
12,UP7543-CUSA48828_00-0806394621037344,449,899
12,UP8110-PPSA13741_00-0729080772692850,249,499
12,EP6922-PPSA23936_00-0171169110290625,279,699
12,UP8456-PPSA15866_00-NEOPS5FS2AMER001,1499,2999
12,UP2005-PPSA26441_00-FAYEFALLING00000,399,799
12,UP0082-CUSA10032_00-FESEDNA000000000,599,1999
12,UP0891-PPSA17524_00-FEARMONIUMRATGAM,519,1299
12,UP2059-CUSA02223_00-FENIXFURIA002915,374,1499
12,UP0810-CUSA14660_00-BUNDLEFIGMENT000,439,2199
12,UB0169-PPSA33076_00-0624209124325540,1999,3999
12,UP1421-PPSA21435_00-0698380109050997,149,999
12,UP1421-PPSA14069_00-0531219639096559,224,1499
12,UP1421-PPSA14071_00-0303175443317455,224,1499
12,UP8438-PPSA29461_00-0852693966039954,699,1399
12,UP1139-CUSA38152_00-1178045723949343,199,1999
12,EP1411-PPSA36985_00-0545504852494418,629,699
12,UP5610-CUSA34053_00-2385516152268823,599,999
12,UP2005-PPSA15522_00-FPATHGAME0000000,499,999
12,UP4064-CUSA01117_00-FLOCKERSZZZZZZZZ,199,999
12,UP4199-CUSA45180_00-0007347630151094,129,1299
12,UP0891-PPSA20202_00-FLOWERSHOPWINTRG,399,999
12,UP0891-PPSA20202_00-FLOWERSHOPCOMPRG,399,999
12,UP4035-CUSA20600_00-FLYINGAVATARBUND,179,1799
12,UP4133-CUSA23553_00-FE000SPOMAMDCODG,999,3999
12,UB1264-CUSA51876_00-0466326390100312,974,1499
12,UP0891-CUSA17966_00-RATAFOOTBALLGAME,99,499
12,UP1249-PPSA07103_00-2461219817555822,249,499
12,UP0891-PPSA19739_00-FORRADERHERORAGA,199,499
12,UP1475-PPSA21878_00-FB202400000PS5US,799,3999
12,UP7347-PPSA36247_00-0163031091426384,149,249
12,UP0891-PPSA04439_00-RGFREDDYSPAGHET2,99,499
12,UP2199-CUSA17026_00-FRSHLYFRSTEDNA00,569,999
12,UP4199-PPSA16439_00-0187379972939315,349,3499
12,UP1298-PPSA22463_00-0194826462721830,269,899
12,UP2199-CUSA17693_00-FUNTIMENA0000000,374,1499
12,UP2387-CUSA15927_00-FURYUNLEASHED000,199,1999
12,UP1675-PPSA15914_00-SYPS5FUSIONPARAD,199,999
12,UP1675-CUSA42834_00-SYPS4FUSIONPARAD,199,999
12,UP1024-CUSA16423_00-JWEVGVQNVXNNUBQC,319,799
12,UP6989-CUSA42959_00-0378638586247937,139,699
12,UP6989-PPSA16051_00-0132799875841136,139,699
12,UP5325-CUSA28329_00-GALAXYSQUAD00000,339,999
12,UP4293-CUSA11346_00-GALGUN3APP000000,749,2999
12,UP4293-CUSA11346_00-GAL20000COMPLETE,1499,5999
12,UP4293-CUSA04675_00-GALGUNWAPP000000,749,2999
12,UP4293-CUSA04675_00-GALG0000COMPLETE,999,3999
12,EP1411-PPSA23656_00-0750741534182981,149,999
12,UP1056-CUSA09738_00-GAMETENGOKUUS000,1049,2999
12,UP0891-PPSA15457_00-GASTROFORCERATGA,279,699
12,UP6881-CUSA44096_00-0154870575443784,725,1099
12,UP6881-PPSA17307_00-0290807864097366,692,1049
12,UP1024-CUSA16151_00-GHOSTPARADE12345,1599,3999
12,UP3686-CUSA14000_00-GHOULBOYBUNDLENA,199,799
12,UP2384-CUSA41290_00-0867125582274785,449,1499
12,UP1675-CUSA50519_00-SYPS4GIRLFRIENDF,199,499
12,UP1675-PPSA25274_00-SYPS5GIRLFRIENDF,199,499
12,UP4912-CUSA32087_00-2771103518574866,99,499
12,UP0891-PPSA05375_00-GLEYLANDGYNOBUND,659,1099
12,UP3050-CUSA08439_00-TRIGGERSTHGAMEUS,299,1499
12,UP4199-CUSA20310_00-GOETIA0000000001,99,999
12,EP1411-PPSA24801_00-0523524897083773,149,999
12,UP4064-CUSA17669_00-GWYFSTARTER00000,269,2699
12,UP2320-CUSA23371_00-9326626054356868,259,1299
12,UP2320-CUSA23371_00-2730690349334224,259,1299
12,UP2840-PPSA06908_00-GNMONSTER0000000,1599,1999
12,UP1675-PPSA26947_00-SYPS5GOSTOFTIME0,299,999
12,UP1675-CUSA51998_00-SYPS4GOSTOFTIME0,299,999
12,UP1675-CUSA11497_00-SYPS4GRABTHEBOTT,99,499
12,UP1675-CUSA16024_00-SYPS4GRASSCUTTER,139,699
12,UP1675-CUSA26383_00-SYPS4GRAVIFIRE00,124,499
12,UP1675-PPSA02898_00-SYPS5GRAVIFIRE00,124,499
12,UP1309-CUSA37254_00-GAMEJUKEBOXSIEA0,999,2499
12,UP4293-CUSA25327_00-0000000000000000,374,1499
12,EP1629-PPSA23239_00-GREED2FEXJDPS5EU,1339,1999
12,EP1629-CUSA48988_00-GREED2FEXJDPS4EU,1004,1499
12,UP2005-PPSA33604_00-GRIDZKEEPER00000,299,499
12,UP1675-PPSA28893_00-SYPS5GRIEFLIKEAS,399,999
12,UP1675-CUSA53795_00-SYPS4GRIEFLIKEAS,399,999
12,UP6883-PPSA30709_00-0656774089771915,399,799
12,UP0891-CUSA18288_00-RATAGAMGUARDDUTY,199,999
12,UP6881-CUSA47433_00-0129429234487240,395,599
12,UP2660-PPSA34003_00-0185371045862545,974,1299
12,UP4912-PPSA06530_00-GUNBORGDARKMATTE,194,1499
12,EP7738-CUSA50334_00-0667377562430745,311,399
12,EP0896-PPSA27671_00-GUNSANDBULLETSRG,909,1399
12,UB0108-PPSA17821_00-0830897685838757,399,999
12,UB0108-CUSA57940_00-0969744341806940,279,349
12,UB0108-PPSA35149_00-0736492604990631,279,349
12,UB0108-CUSA58843_00-0391499834471617,279,349
12,UB0108-PPSA36777_00-0085153930983991,279,349
12,UP4836-PPSA16875_00-0583491219047151,319,799
12,UP7543-PPSA16693_00-0840331872184699,324,649
12,UP7543-CUSA41037_00-0635937696100420,324,649
12,UP6989-PPSA13820_00-0806338586547076,299,1499
12,UP6989-CUSA40815_00-0109530238808351,299,1499
12,UP2158-PPSA28858_00-HANNAHQUBYTPS5NA,1399,1999
12,HB1063-PPSA29124_00-0689716916788567,339,1699
12,UP5325-CUSA24868_00-HARDCUBE00000000,216,699
12,UP4199-CUSA18105_00-HARDWEST00000001,199,1999
12,EP1411-PPSA31417_00-0209283839271307,399,999
12,UP1421-PPSA28554_00-0321973107494402,299,999
12,UP7594-PPSA16822_00-HARMONYPS5USA000,449,1499
12,UP8517-PPSA26096_00-0154316970441540,499,1999
12,EP2627-PPSA30521_00-HEADINGOUTPS5000,999,1999
12,EP2627-PPSA30521_00-CYABUNDLE0000000,999,1999
12,UP8553-PPSA29863_00-0417125664122775,29,299
12,UP4293-CUSA13538_00-0000000000000000,374,1499
12,UP4912-CUSA31802_00-8700613438224620,288,1699
12,UP2005-PPSA34306_00-HEROESBATTLEAWAK,249,499
12,EP4295-PPSA24661_00-0554562654153588,1249,4999
12,EP4295-PPSA24661_00-ALASTSONGPS500EU,1249,2499
12,UP0891-CUSA12217_00-RATAHEROESTRIALS,119,599
12,UP4802-CUSA16769_00-HEROEXPRESSPS4US,249,499
12,UP1056-CUSA17429_00-HEROMUSTDIEUS000,1399,3999
12,UP1675-PPSA15979_00-SYPS5HEROSURVIVA,124,499
12,UP1675-CUSA42895_00-SYPS4HEROSURVIVA,124,499
12,UP6989-PPSA16009_00-0513494356829247,599,1999
12,UP6989-CUSA42932_00-0745759548738048,599,1999
12,EB1391-PPSA25955_00-0809902671693682,199,499
12,EB1391-PPSA31067_00-0790650268092008,199,499
12,UP7594-CUSA44209_00-0HEXOLOGICPS4USA,299,999
12,UP7594-PPSA17400_00-0HEXOLOGICPS5USA,299,999
12,UP0891-PPSA15472_00-HIRILUNRATAGAMES,399,999
12,UB1264-CUSA54858_00-0155280119296308,249,499
12,UP4034-CUSA12072_00-HPBUNDLEAWSWIS00,499,2499
12,UP3058-CUSA46561_00-0017577207701894,24,49
12,UP6927-PPSA16557_00-0025650667142282,279,699
12,UP6927-PPSA19894_00-0449560864396378,479,1199
12,UP3803-CUSA46263_00-0214014679640196,199,999
12,UP2005-PPSA16555_00-HOTBLOOD00000000,399,999
12,UP0891-CUSA25141_00-RGTAKEOFFYOURMAS,449,1499
12,UP1951-CUSA19108_00-HYPERPARASITEANA,449,1799
12,UP3686-CUSA11922_00-ICECREAMSURPS4US,199,799
12,UP3686-PPSA07304_00-8207945914178298,199,799
12,UP3686-CUSA11922_00-ICSURFERBUNDLENA,199,799
12,UP1421-PPSA18219_00-0625284455839001,149,999
12,UP2005-PPSA18597_00-IKKARUSPRINCESIN,399,999
12,UP1421-PPSA15292_00-0347788969244929,149,999
12,EP1411-PPSA23507_00-0813736546381400,149,999
12,UP1421-PPSA14105_00-0696652124835957,224,1499
12,UP1421-PPSA19554_00-0750443916743802,149,999
12,UP1421-PPSA14107_00-0591701138593619,224,1499
12,UP1421-PPSA14109_00-0843514413608163,224,1499
12,UP1421-PPSA14103_00-0167472272951978,224,1499
12,EP1411-PPSA24817_00-0455393946457598,149,999
12,UP2060-CUSA18690_00-0000000000000003,999,3999
12,UP2660-PPSA05974_00-5230340759857446,199,1999
12,UP2005-PPSA08302_00-WALKINGSIMULATOR,699,1999
12,UP1309-CUSA05150_00-EXPLOSIONBUNDLEA,599,2999
12,UP6718-PPSA08580_00-0702045480047861,389,1299
12,UP6718-CUSA28208_00-3647752095310361,449,1499
12,UP1024-CUSA38230_00-INESCAPABLE00000,1499,4999
12,UP1024-PPSA12366_00-INESCAPABLE00000,1499,4999
12,UP1249-CUSA15908_00-0000000000000001,249,499
12,UP4467-PPSA04247_00-INFINIPS5AMERICA,299,999
12,UP6326-PPSA12379_00-4048959180355327,374,1499
12,UP0814-CUSA25297_00-8083431598780981,599,1499
12,UP0814-PPSA06830_00-9530238276760202,699,1999
12,UP4912-CUSA30540_00-INSPECTORWAFFLES,209,1399
12,EP5098-PPSA27035_00-0969250826173318,499,999
12,UP1309-PPSA04319_00-0371065290285605,1109,3699
12,UP2107-CUSA04254_00-INVISINCPS4A0001,499,1999
12,UP2136-CUSA49196_00-0728611270062642,129,199
12,UP2136-PPSA23512_00-0185650270143375,129,199
12,UP2136-PPSA23512_00-0703279117074476,324,499
12,UP2136-CUSA49196_00-0304367853103017,324,499
12,UP0891-CUSA14958_00-RAGAMESIRONSNOUT,49,499
12,UP2500-PPSA17832_00-US0ISEKAIR000PS5,749,1499
12,UP0968-CUSA27556_00-0745108039344675,299,1499
12,UP1675-CUSA47138_00-SYPS4IWANTTOGOTO,124,499
12,UP1675-PPSA20949_00-SYPS5IWANTTOGOTO,124,499
12,UP2387-CUSA07078_00-IZOMBIE201600001,89,449
12,UP1249-PPSA02971_00-9983347987520808,279,799
12,UP1249-CUSA26863_00-6501668203438589,279,799
12,UP6718-PPSA25438_00-0192945654501506,209,699
12,UP6718-CUSA50732_00-0347320272029865,209,699
12,UP4926-CUSA43964_00-0065791150339403,299,1499
12,UP4926-PPSA17116_00-0602973460306010,299,1499
12,UP1421-PPSA21599_00-0752148353623920,149,999
12,EP1411-PPSA25113_00-0576176965978460,149,999
12,UP1421-PPSA21675_00-0387405556085612,149,999
12,EP1411-PPSA36989_00-0804230396205700,629,699
12,UP1421-PPSA14136_00-0234561798173626,224,1499
12,UP0773-CUSA40345_00-0818833402516870,1074,2499
12,UP2500-PPSA19427_00-US0JINSHIN000PS5,749,1499
12,UP0891-CUSA20158_00-RATALAIKAGMJISEI,99,499
12,UP4912-PPSA18146_00-0244423703330416,99,999
12,UP6881-PPSA10512_00-7050707145566897,259,649
12,UP6881-CUSA46523_00-0028683996604284,259,649
12,UP3686-CUSA16445_00-JSSANDTHEMEPS4NA,299,499
12,HP6885-PPSA32300_00-0289630304565298,1599,1999
12,UP1421-PPSA21691_00-0264821792182800,149,999
12,EP1411-PPSA23870_00-0461049535886508,149,999
12,EP1411-PPSA28562_00-0663044666811746,299,999
12,UP1421-PPSA21437_00-0777856539654792,149,999
12,UP2777-PPSA22176_00-ABCDEF0123456789,99,399
12,EP4173-CUSA54292_00-0538613862955701,449,599
12,UP1561-CUSA04464_00-KHOLATGAME000000,699,1999
12,UP1421-PPSA14123_00-0101727230717072,149,999
12,UP0891-PPSA20778_00-KINDUO2FROSTBIRG,199,499
12,UP0814-PPSA14468_00-0228471554912272,249,999
12,UP0814-CUSA41445_00-0034075961547416,259,1299
12,EP1411-PPSA29994_00-0276763398984273,399,999
12,UP2833-CUSA18046_00-KOLOROPS4V100000,349,999
12,UP4293-CUSA41315_00-KONOSUBAGAME2PS4,1499,4999
12,UP4293-CUSA15307_00-KOTODAMAPS400000,749,2999
12,UP4199-CUSA28018_00-6234229945085159,199,1999
12,UP1291-CUSA04676_00-0000000000000003,399,999
12,UP4293-CUSA32781_00-LABYPS4SIEA00000,749,2999
12,UP4064-CUSA01930_00-LACOPS0000000000,74,499
12,UP4802-CUSA25930_00-1264041716244350,299,599
12,UP1181-PPSA13263_00-0093894355472769,1799,2999
12,UP1181-PPSA13263_00-0215078781796873,3299,5499
12,UP4912-PPSA12360_00-LASTNIGHTWINTER0,199,999
12,UP3713-CUSA08874_00-LEAVINGLYNDOW000,199,399
12,UP4312-PPSA18331_00-0464298234547277,419,699
12,UP4312-CUSA45020_00-0319673303959346,419,699
12,UP7126-PPSA33257_00-0078330245624385,249,499
12,UP7126-CUSA56749_00-0952216212827196,249,499
12,UP1024-CUSA12126_00-LITTLEDRAGONSUS0,1799,5999
12,UB0812-PPSA27744_00-LITTLEDROIDPS5US,419,599
12,UP7818-PPSA18156_00-0243495995166962,899,2999
12,UP7931-PPSA32184_00-0074461407242261,179,399
12,UP6718-PPSA23443_00-0802430954894091,299,999
12,UP6718-CUSA49147_00-0395068990589041,299,999
12,UP0891-PPSA08322_00-RGLONGLIVETHEQUE,399,999
12,EP4405-PPSA35060_00-0040750088449602,1349,1499
12,EP4405-CUSA57886_00-0256423591708385,1349,1499
12,UP1421-PPSA21372_00-0557318125681984,149,999
12,UB1511-PPSA37054_00-0366737861019763,559,799
12,UP1249-CUSA18869_00-0000000000000000,239,799
12,EP1411-PPSA24434_00-0039237826929127,149,999
12,UP7071-CUSA30866_00-9724047982419938,259,1299
12,UP6171-CUSA37294_00-LOUD000000000000,249,999
12,UP6171-CUSA37294_00-0441625644638236,399,1599
12,UP0891-PPSA04707_00-RATALALOVECHOICE,199,499
12,UP5325-CUSA49253_00-LOVELYCRUSH00000,349,499
12,UP6718-CUSA44358_00-0860364561691470,239,799
12,UP6718-PPSA17615_00-0080168819362391,239,799
12,UP1249-CUSA17709_00-LUCKSLINGER00000,299,999
12,UP1249-CUSA16989_00-0000000000000000,299,999
12,UP8011-CUSA20265_00-6478913524789624,279,2799
12,UP2005-PPSA09034_00-MAGGIETHEMAGNET0,149,499
12,UP5223-PPSA25764_00-MAGIDELIFULL0PS5,1624,2499
12,UP5223-CUSA51288_00-MAGIDELIFULL0PS4,1624,2499
12,UP4199-PPSA20916_00-0127906883690672,299,2999
12,UP8703-PPSA26253_00-0064701057084122,399,999
12,UP4802-CUSA27024_00-9689512844338326,399,799
12,UP1421-PPSA18221_00-0952569318787343,104,699
12,UP3686-CUSA26779_00-MAHLUKBUNDLENAXX,159,799
12,UP5325-CUSA28327_00-MAINFRAMEDEFEND0,371,1199
12,EP1411-PPSA31427_00-0847405313522736,599,999
12,UP1675-PPSA23984_00-SYPS5MANGAVANIA2,99,499
12,UP1675-CUSA44498_00-SYPS4MANGAVANIA2,99,499
12,UP0692-CUSA03091_00-MANIGARDENDELUXE,749,2999
12,UB0448-PPSA23586_00-0130259543960616,1249,2499
12,UP2158-PPSA14673_00-2120MARSPS5QUBNA,1124,1499
12,UP1675-PPSA03630_00-SYPS5MASKOFMISTS,374,1499
12,UP1675-CUSA20149_00-SYPS4MASKOFMISTS,374,1499
12,EB1301-PPSA33964_00-0233177926990717,644,2149
12,UP0814-PPSA21834_00-0606585865935674,224,1499
12,UP6266-PPSA18007_00-0374061771394535,194,1499
12,UP4939-PPSA05722_00-MEETYOURMAKER000,599,1999
12,UP4467-CUSA15065_00-MEKORAM000000000,149,499
12,UP4293-CUSA28619_00-6271243904754200,999,3999
12,UP4293-CUSA28619_00-MMXRPS4SIEADELUX,1249,4999
12,UP0814-PPSA08495_00-8264559284767881,299,1999
12,JP0013-PPSA24124_00-JP0MQOSAKA000PS5,999,1999
12,UP1675-PPSA34322_00-SYPS5MIDNIGHTSWA,699,999
12,UP1675-CUSA57430_00-SYPS4MIDNIGHTSWA,699,999
12,UP2053-CUSA12759_00-MSFCOLLECTION1US,699,1999
12,UP4802-PPSA06751_00-7813114308696671,749,1499
12,EP0896-PPSA33080_00-MILOSDREAMRATGAM,299,599
12,UP0891-CUSA18199_00-RATAGMMILOSQUEST,49,499
12,UP6326-PPSA14354_00-0409313594149492,374,1499
12,EP6016-PPSA30405_00-0179477302679041,749,1499
12,UP1675-PPSA03963_00-SYPS5MINDMAZE000,99,499
12,UP1675-CUSA25388_00-SYPS4MINDMAZE000,99,499
12,UP2764-PPSA10001_00-MINDSDESCENT0000,749,2999
12,UP2764-PPSA10001_00-THEGAPPS50000000,599,1999
12,UP4724-CUSA30841_00-7750408034240919,249,999
12,UP4557-CUSA17842_00-MMRXPSUS20192010,624,2499
12,UP4557-CUSA17842_00-MMRXPSUSDELUXEBN,699,3499
12,UP1024-CUSA32802_00-0119590004046776,1999,3999
12,UP7958-CUSA43020_00-MISTSOFNOYAHP4NA,649,999
12,EP5974-CUSA53341_00-0244397172946007,349,499
12,EP8909-PPSA25758_00-0700653113516281,3374,4499
12,UP1421-PPSA14077_00-0237875009877611,224,1499
12,UP1421-PPSA14080_00-0099669747965195,224,1499
12,UP1421-PPSA14082_00-0664951227046506,224,1499
12,UP6326-PPSA18438_00-0412168086750236,989,1799
12,UB0245-PPSA32253_00-0103318734095250,599,1999
12,UP1675-CUSA49725_00-SYPS4MORTISOMEM0,299,999
12,UP1675-PPSA24198_00-SYPS5MORTISOMEM0,299,999
12,UP2320-CUSA15258_00-KRILLBITEMOSAIC0,399,1999
12,UP1981-CUSA10074_00-MOTORACINGBUNDLE,399,3999
12,EP1411-PPSA34798_00-0805057421624338,104,699
12,UP0891-PPSA09606_00-RGMRSCATBETWEENW,199,499
12,UP1421-PPSA18227_00-0392879269646778,104,699
12,EP2919-CUSA54837_00-0149344847939816,24,49
12,EP2919-PPSA31907_00-0633547403677675,49,49
12,UP1675-PPSA31968_00-SYPS5MURDERINC00,399,999
12,UP1675-CUSA55965_00-SYPS4MURDERINC00,399,999
12,UP4467-PPSA08066_00-MARINEEXPPS5NA00,149,499
12,UP1675-CUSA20432_00-SYPS4BEWITCHEDCO,299,999
12,EP1411-PPSA24809_00-0286946928128918,149,999
12,UP1421-PPSA14111_00-0299700238510675,224,1499
12,UP1561-CUSA13043_00-MYMEMORYOFUSGAME,804,2299
12,UP1421-PPSA20462_00-0254248103435408,149,999
12,UP1421-PPSA20459_00-0883070436613072,149,999
12,UP1421-PPSA20456_00-0843651501332154,149,999
12,UP1421-PPSA20465_00-0984555538069574,149,999
12,UP6472-PPSA14334_00-MYTHOLOGYWAIFUS0,199,399
12,UP1475-CUSA30033_00-ECOFARMPS40000US,599,2999
12,UP1475-CUSA29383_00-MYDECOPS400000US,599,2999
12,UB1730-PPSA30239_00-0038004691580475,824,1499
12,UP1421-PPSA14142_00-0738577481040199,149,999
12,UP4035-CUSA20090_00-NAUGHTAVATARBUND,299,1999
12,UP6138-CUSA32561_00-3695303040650630,674,899
12,UP1675-CUSA16244_00-SYPS4NEEDAPACKET,174,699
12,UP0891-PPSA10116_00-NEONSOULSRATAGAM,199,499
12,UP0182-CUSA43798_00-0610296462583913,874,2499
12,UP0182-PPSA16933_00-0718260245090598,874,2499
12,UP1675-CUSA10352_00-SYPS4NEVEREND000,89,299
12,EP1411-PPSA34770_00-0158278945312303,104,699
12,UP4947-PPSA27041_00-NIGHTDETECTIVE12,119,199
12,UP4947-CUSA34665_00-NIGHTDETECTIVE12,119,199
12,EP1411-PPSA30476_00-0658904536454105,299,999
12,UP4312-CUSA34311_00-6000222803841817,419,699
12,UP4312-PPSA08248_00-5431435761497911,699,699
12,UP0101-PPSA15339_00-0222478917933785,1499,2499
12,UP4312-CUSA35476_00-2363519485971832,209,299
12,UP0700-CUSA07345_00-NNK2DELUXEED0000,1199,7999
12,UP7126-CUSA49485_00-0289373173849602,59,199
12,UP7126-PPSA23901_00-0827552549119226,59,199
12,UP1475-PPSA13593_00-NOOBPS50000000US,1599,3999
12,UP1675-CUSA10045_00-SYPS4NORTH000000,119,299
12,UP3528-PPSA17790_00-0248967303479729,299,1499
12,UP1181-PPSA05427_00-1421303458389666,909,1399
12,UP1181-CUSA28266_00-2549063681173964,909,1399
12,UP1675-PPSA31973_00-SYPS5NUBIAPHOBIA,499,999
12,UP1675-CUSA55969_00-SYPS4NUBIAPHOBIA,499,999
12,UP0814-CUSA24470_00-6996738383109447,299,1499
12,UP0814-CUSA05817_00-5763247806248228,219,1099
12,UP4912-PPSA13856_00-0767078876793348,199,999
12,UP4912-PPSA22603_00-0141225037093468,199,999
12,UP4912-PPSA15868_00-0732258547545763,299,1999
12,UP1421-PPSA16192_00-0867477368441243,149,999
12,EB1389-PPSA28803_00-0851019657934624,974,1299
12,UP5595-CUSA30347_00-5697246006840699,1249,2499
12,UP7698-PPSA29307_00-0261982299442345,809,1799
12,UP4912-PPSA09170_00-3499262888915149,194,1299
12,UP0632-CUSA10769_00-OMENSIGHTTHEGAME,699,1999
12,UP1643-CUSA42668_00-OMINOUSTALEPS4US,1004,1499
12,UP1643-PPSA15676_00-OMINOUSTALEPS5US,1339,1999
12,EP2627-PPSA30558_00-OUAJPS5BNDL00000,1079,1799
12,UP5325-CUSA20242_00-ONEDOGSTORY00000,509,1499
12,UP1675-CUSA10839_00-SYPS4ONEEYEDKUTK,149,499
12,UP6699-CUSA53604_00-0877489677108416,399,499
12,UP6699-PPSA28148_00-0946763125237870,399,499
12,UP0977-CUSA24081_00-ONEHANDCLAPPING0,449,1499
12,UP0977-PPSA05494_00-1761227335024555,449,1499
12,UP3876-PPSA18172_00-LASTBREATHPS5SAM,1169,1799
12,UP3876-CUSA44851_00-LASTBREATHPS4SAM,1169,1799
12,UP0891-PPSA15474_00-ONEMOREDUNGEONRG,599,1499
12,HP6978-CUSA48981_00-0573340439705994,764,1699
12,HP6978-PPSA23230_00-0045277899428396,764,1699
12,UP5099-PPSA18381_00-OPERATIONSERPENA,749,1499
12,UP1475-PPSA06491_00-OPWOLFPS500000US,599,2999
12,UP1475-PPSA16303_00-OPWOLFVRPS5000US,599,2999
12,UP1181-PPSA13405_00-ORGANQUARTER0001,1624,2499
12,EP6880-PPSA32308_00-0865274176728944,119,599
12,UP4293-CUSA13898_00-JUDGEMENTSEVEN00,1249,4999
12,UP6088-CUSA24066_00-8472379924025637,399,999
12,UP6088-PPSA02552_00-3896932099377950,599,1499
12,UP6088-CUSA24066_00-7100114844093373,799,1999
12,UP6088-CUSA48405_00-0552005053868419,2799,6999
12,UP6088-CUSA48405_00-0360494846837657,2999,7499
12,UP6088-CUSA48405_00-0164036979627366,799,1999
12,UP6088-PPSA22477_00-0283752590541643,799,1999
12,UP6088-CUSA48405_00-0027168933443543,1599,3999
12,UP6088-CUSA30938_00-8271988824235808,1199,2999
12,UP6088-PPSA05609_00-1707191453628953,1199,2999
12,UP6088-CUSA30938_00-7280251890120921,1999,4999
12,UP6088-CUSA30938_00-5016772316341525,3399,8499
12,UP6088-CUSA30938_00-4804384197503986,4399,10999
12,UP6088-CUSA30938_00-7779592573823653,2999,7499
12,UP4199-PPSA22877_00-0220780777839354,149,1499
12,UP4064-CUSA01376_00-OVERRULED0000000,149,1499
12,UP4218-CUSA09914_00-OWLBOY0000000000,624,2499
12,EP3877-PPSA28979_00-OXIDE208P104PACK,1849,3699
12,EP3877-CUSA56773_00-OXIDE208JOSHGAME,374,499
12,UP3686-CUSA34247_00-PACHIPACHI2PS4NA,188,699
12,UP3686-PPSA08181_00-PACHIPACHI2PS5NA,188,699
12,UP3686-CUSA24394_00-PACHBUNDLE1PS4NA,199,799
12,UP1421-PPSA19552_00-0770357699307824,149,999
12,UP1421-PPSA21695_00-0154899316483741,149,999
12,EP1411-PPSA24793_00-0505674706553748,149,999
12,UP4199-CUSA20051_00-PANZERDRAGOON001,249,2499
12,UP2844-CUSA13467_00-PAPERDOLLSAMERIC,509,1699
12,UP2844-CUSA15194_00-PAPERDOLLSOLSIEA,509,1699
12,UP3528-CUSA41188_00-0292722845617016,399,999
12,UP3528-PPSA14233_00-0287575741419125,399,999
12,EB1338-PPSA28256_00-0493842531303702,959,1199
12,EB1338-CUSA55425_00-0605859937448406,959,1199
12,UP0891-PPSA08326_00-RATAPARASITEPACK,319,799
12,UP3686-CUSA12363_00-MNEMOSYNEBUNDLNA,199,999
12,UP8110-PPSA16919_00-0445148287135413,249,999
12,EP1411-PPSA25053_00-0693282175343807,149,999
12,UP4836-CUSA12437_00-PERILSBAKING1PS4,199,499
12,UP1298-PPSA17509_00-PMPPS5SIEA000000,299,999
12,UP4312-CUSA35279_00-4318402641270986,419,699
12,UP4312-PPSA09021_00-8918303247869463,699,699
12,EP0896-PPSA27672_00-PIGGLYPAGLYBOORG,299,599
12,UP0891-PPSA02935_00-RATALAIKAPINKMAN,99,499
12,UP5610-CUSA34055_00-0330938530208801,599,999
12,UP2775-CUSA06219_00-0000000000000001,149,1499
12,EB2067-PPSA34146_00-0672672969539251,349,499
12,EB2067-PPSA35518_00-0264602536171584,349,499
12,EB2067-PPSA35517_00-0834202639430288,349,499
12,UP4312-PPSA09333_00-8922542366613002,419,699
12,UP4312-CUSA28957_00-3870208954356049,419,699
12,UP4064-CUSA11804_00-PLANETALPHA00000,199,999
12,UP1675-CUSA13937_00-SYPS4PLANETRIX13,149,499
12,UP1675-CUSA48801_00-SYPS4PLEASEBEHAP,1199,1999
12,UP1675-PPSA23025_00-SYPS5PLEASEBEHAP,1199,1999
12,UP4293-PPSA14290_00-POCKBASESIEAPS50,1199,1999
12,UP5526-CUSA23521_00-0000000000000000,699,1399
12,UP1675-CUSA57041_00-SYPS4POETICTRIO0,699,999
12,UP1675-PPSA33782_00-SYPS5POETICTRIO0,699,999
12,EP0896-PPSA27128_00-POKETTOHIRORATGA,499,999
12,UP1421-PPSA18245_00-0946149653182703,104,699
12,UP8697-PPSA15995_00-0682404233789686,249,499
12,UP8697-CUSA45131_00-0696075974266664,249,499
12,EP1411-PPSA34766_00-0706204072463423,1049,1499
12,UP1675-CUSA18840_00-SYPS4POTATAFAIRY,299,1499
12,UP1675-PPSA17355_00-SYPS5POTATAFAIRY,299,1499
12,EP6768-PPSA25458_00-0580307337731029,1499,1999
12,UP6927-PPSA22752_00-0401473522718878,599,1499
12,UP1606-CUSA09288_00-CC2016POVERDRIVE,259,1299
12,UP2005-PPSA04315_00-PGKLONDSOLITAIRE,239,599
12,UB0683-PPSA26823_00-0373114245061384,1279,1599
12,UP5325-CUSA29829_00-PLPA000000000000,154,499
12,UP5325-CUSA33688_00-PLPAX20000000000,123,399
12,UP1675-PPSA24331_00-SYPS5PRISONLOOP0,149,499
12,UP1675-CUSA49820_00-SYPS4PRISONLOOP0,149,499
12,EP7657-PPSA26907_00-PROFDRJETPACKPS5,499,999
12,UP2059-CUSA01306_00-PROJECTROOTOPQAM,249,999
12,UP4912-PPSA13479_00-0138844276459791,499,2499
12,UP4293-CUSA12986_00-PUNCHLINEGAME000,999,3999
12,UP8448-PPSA24148_00-0365126564213846,179,1799
12,EP1411-PPSA29998_00-0377481121992357,279,699
12,UP1421-PPSA18229_00-0265238585048748,149,999
12,EP1411-PPSA24789_00-0622812159024801,149,999
12,UP1421-PPSA21433_00-0910030259869484,149,999
12,UP1421-PPSA14113_00-0515737945617290,224,1499
12,EP1411-PPSA25129_00-0242361111126294,149,999
12,UP1421-PPSA18231_00-0653047674875259,149,999
12,EP1411-PPSA24785_00-0562786568940096,149,999
12,UP1421-PPSA21431_00-0622442665044121,149,999
12,UP5792-CUSA32091_00-0684058244494077,499,999
12,UP0182-CUSA41181_00-0514640906012308,599,1999
12,UP0182-PPSA14228_00-0833629153475552,599,1999
12,UP4293-CUSA24723_00-2278188660929658,249,999
12,UP2158-CUSA32790_00-CLASSICZEROPS4NA,649,999
12,EP1411-PPSA34774_00-0902060140495056,489,699
12,UP1670-CUSA06182_00-QUESTDUNGEPS0001,449,899
12,UP4199-CUSA26818_00-4485139253325731,99,999
12,EB2056-PPSA31831_00-0611731529140966,839,2099
12,UP1675-PPSA30427_00-SYPS5RABBITRAID0,299,999
12,UP0891-PPSA03724_00-RATAGRABISCOPLUS,49,499
12,UP0700-CUSA13879_00-RADTHEGAME000000,499,1999
12,UP4064-CUSA11805_00-RAGINGJUSTICE000,299,1499
12,UP4293-CUSA15885_00-KEMCOREIJINGLUP4,749,2999
12,UP4802-CUSA18691_00-RTUUSA0000000001,349,699
12,UP1249-CUSA19297_00-0000000000000000,299,999
12,UP2005-PPSA18320_00-RAVVAPHANTOMLIBR,349,999
12,UP4293-CUSA11428_00-RAZED00000000000,299,1199
12,UP2005-PPSA32436_00-RED00EX00000GAME,249,499
12,UP0891-PPSA21633_00-RATALAIKAGAREED2,99,499
12,UP0891-CUSA19110_00-RATALAIKAGAREED2,99,499
12,UP1014-CUSA16381_00-REELFISHINGRTA00,2099,2999
12,UP0891-CUSA20328_00-RGREFLECTIONOFMI,79,799
12,UP2764-CUSA10519_00-OSTCOMBOBUNDLE00,569,2849
12,UP0891-PPSA05197_00-RGREMINISCENCEIN,199,499
12,UP3528-PPSA17786_00-0014281227601249,699,1999
12,EP1411-PPSA32099_00-0495566589103734,899,1499
12,UP1675-CUSA44983_00-SYPS4RETOURING00,199,999
12,UP1675-PPSA18269_00-SYPS5RETOURING00,199,999
12,UP2005-CUSA25441_00-RTRMODGAME000000,159,799
12,UB0010-CUSA47503_00-0620637486993549,119,299
12,UP1024-CUSA28345_00-RICOLONDONGROUND,999,4999
12,UP0891-PPSA21715_00-RIDERSSPIRITSRAG,359,599
12,UP0891-PPSA21715_00-CLASSICRACINGPAC,359,599
12,UP1675-CUSA15367_00-SYPS4RIFTKEEPER0,249,999
12,UP8533-PPSA14474_00-0249082754965933,299,999
12,UP8533-PPSA20494_00-0521813657888120,359,1199
12,UP8533-PPSA20494_00-0656334591189381,569,1899
12,UP4199-CUSA28794_00-7483809334785395,199,1999
12,UP4199-PPSA22630_00-0559397094148353,99,999
12,UP4199-PPSA22630_00-0763798353471398,99,999
12,UP1249-PPSA09028_00-1531594816756687,199,499
12,UP3528-CUSA18424_00-RITUALCOH000DDFD,199,1999
12,UP0814-PPSA22073_00-0446523784723010,299,1499
12,UP0891-PPSA07287_00-RATGAROADOFDEATH,199,499
12,UP6964-PPSA23721_00-SIEARBBTPS500000,699,1999
12,EP6922-PPSA23346_00-0395892530680167,1019,2549
12,UP4008-CUSA24282_00-RBK0000000000000,199,1999
12,UP4008-PPSA02077_00-RBK0000000000000,199,1999
12,UP4008-PPSA02077_00-7936170847725479,199,1999
12,UP4475-CUSA11925_00-ROOMS20180506V00,559,1399
12,UP4293-CUSA18071_00-ROOTFILM00000PS4,999,3999
12,UP4293-CUSA06018_00-PKG000000000GAME,499,1999
12,UP4293-CUSA15485_00-PKG000000000GAME,749,2999
12,UP1421-PPSA14089_00-0693127334440249,224,1499
12,JP5441-PPSA32569_00-0992504114267051,839,1399
12,JP5441-CUSA56387_00-0563164652958887,839,1399
12,UP0891-CUSA15321_00-RATAGAMRUSHROVER,99,499
12,UP1675-CUSA55139_00-SYPS4SACRIFICEFO,399,999
12,UP1675-PPSA30874_00-SYPS5SACRIFICEFO,399,999
12,UP6927-PPSA07737_00-6829081640240710,119,299
12,UP2199-PPSA11005_00-SAILFORTHPS5NA00,1159,1999
12,UP2199-CUSA16061_00-SAILFORTHPS4NA00,1159,1999
12,UP2199-PPSA11005_00-SFMBUNDLEPS5NA00,1356,2299
12,UP2199-CUSA16061_00-SFMBUNDLEPS4NA00,1356,2299
12,UP1470-PPSA06717_00-SAINTKOTARUS0000,299,1999
12,UP1470-PPSA06717_00-0011391390774421,299,1999
12,UP6472-PPSA09013_00-SAKURAMMO0000000,399,799
12,UP6472-PPSA29040_00-SAKURASUCCUBUS80,499,999
12,UP0773-CUSA11894_00-0000000000000000,644,1499
12,UB0714-CUSA48958_00-0144287338527997,974,1499
12,UP7740-CUSA46295_00-0513550127896909,467,599
12,EB1338-PPSA26399_00-0294802156127839,329,599
12,UP5792-CUSA46528_00-0544631345888558,599,999
12,UP0438-CUSA02699_00-SATMORNRPGPSFOUR,499,999
12,UP6266-PPSA09566_00-7103544632543992,389,2999
12,UP1181-PPSA36982_00-0050775809389403,879,1099
12,UP1675-CUSA08962_00-SYPS4SAVETHNINJA,74,299
12,UP5475-CUSA20087_00-SAVEYOURNUTSXXXX,499,999
12,EP1411-PPSA32106_00-0686822291656754,749,1499
12,UP1981-PPSA05750_00-SBK22FULLGAME000,299,2999
12,UP7931-PPSA22233_00-0547682787058183,199,499
12,UP7931-PPSA20018_00-0788904015213273,199,499
12,UP0891-PPSA19441_00-SCHEMINGTHROU2RG,199,499
12,UP7993-PPSA29216_00-0911801488670252,1499,1999
12,UP0700-PPSA05166_00-SDGUNBATTLEA0DLX,2549,8499
12,UP0006-CUSA14107_00-JOMEISOS00000000,499,1999
12,UP1643-CUSA13667_00-SEASONMATCH30000,99,999
12,UP4199-CUSA25868_00-8045343880742294,139,1399
12,UP1675-CUSA46960_00-SYPS4SELFDELUSIO,299,1499
12,UP1675-PPSA20699_00-SYPS5SELFDELUSIO,299,1499
12,UP1056-CUSA08416_00-SENKONORONDE2000,999,3999
12,UP2005-PPSA09039_00-SENSESMIDNIGHT00,599,1499
12,UP2500-PPSA27937_00-US0SEPHIRO000PS5,749,1499
12,UP1561-CUSA15596_00-SEVEN7ENHANCEDUS,1399,3999
12,HB1620-CUSA58873_00-0751474324579207,84,99
12,HB1620-PPSA36816_00-0123578596522010,84,99
12,UP4029-CUSA04571_00-SHADWENSCEA00000,339,1699
12,UP4133-CUSA23553_00-000SHADYPARTOFME,449,1499
12,UP4064-CUSA04296_00-SHELTERED0000000,299,1499
12,UP4133-CUSA06256_00-SHINESSLIGHTKING,199,999
12,EP7738-CUSA55956_00-0872765070721895,267,399
12,UP4713-PPSA26245_00-0231231160151280,2624,3499
12,UP6882-PPSA04625_00-0000000000003000,4059,6999
12,UP6882-CUSA29443_00-0000000000003100,4059,6999
12,UP6882-PPSA04625_00-0000000000006000,4639,7999
12,UP6882-CUSA29443_00-0000000000006100,4639,7999
12,UP1675-CUSA12919_00-SYPS4SIGIAFARTFO,149,499
12,UP1675-CUSA27691_00-SYPS4SILENCEDTHE,149,499
12,UP1675-PPSA09401_00-SYPS5SILENCEDTHE,149,499
12,UP2500-PPSA09514_00-US0SNORNIR000PS5,749,1499
12,UP5526-CUSA24134_00-KAIRO00000129000,699,1399
12,UP5257-CUSA14152_00-SSJSILVERCHESSEN,249,499
12,UP4293-CUSA40373_00-SINCEMEMORIES000,1599,3999
12,HB1334-CUSA52564_00-0794463473258653,779,1299
12,UP4293-PPSA20246_00-SKYOCEANSPS5SIEA,999,2499
12,UP2840-CUSA07752_00-SR00000MASTER000,1199,1499
12,UP1675-CUSA10046_00-SYPS4SKYTIME0000,119,299
12,UP2796-PPSA04752_00-9232067163919386,279,999
12,UP1249-PPSA09672_00-0871272023614324,199,799
12,UP3803-CUSA20330_00-SNAKESLD7MAYSCEA,199,999
12,UP2136-CUSA18289_00-KODOSCEADPS40453,74,149
12,UP2005-PPSA23609_00-SOKOPENGUIN00000,199,499
12,UP1675-CUSA50816_00-SYPS4SOLDORADOHE,399,999
12,UP1675-PPSA25514_00-SYPS5SOLDORADOHE,399,999
12,EP1411-PPSA29948_00-0114541721859943,149,999
12,UP1421-PPSA21376_00-0434120031745533,149,999
12,EP1411-PPSA23515_00-0610547668153167,149,999
12,EP1411-PPSA24797_00-0650331763449764,149,999
12,EP1411-PPSA28570_00-0425972286599634,299,999
12,UP3686-CUSA25676_00-SONARBEATGAPS4NA,199,249
12,UP4293-CUSA16536_00-SONGBIRDSYMPHONY,424,1699
12,UP4293-CUSA10999_00-SONGOFMEMORIES00,999,3999
12,UP4459-CUSA00842_00-SOULAXIOMPS4SCEA,419,1199
12,JB0500-PPSA35365_00-0871446892130606,974,1299
12,EB1389-PPSA28852_00-0637592545194478,974,1299
12,UP8553-PPSA32045_00-0723262597883853,89,299
12,UP2199-CUSA25396_00-SPACEOTTERNA0000,524,1499
12,UP7740-CUSA48077_00-0172644626558468,200,299
12,UP4199-CUSA25279_00-1957364211009398,49,499
12,UP4199-CUSA20392_00-SPARKLE4TALES001,99,999
12,UP3058-CUSA29130_00-8442103035737745,24,49
12,UP1421-PPSA14092_00-0508346285556716,179,1199
12,UP2053-PPSA06612_00-8365990558460670,499,1999
12,UP1675-CUSA10047_00-SYPS4SPIRALSPLAT,149,499
12,UP1024-CUSA12916_00-EXPHORROR2018HRP,1999,4999
12,UP1024-PPSA19456_00-SPIRITHUNTERDMII,2499,4999
12,UP1024-CUSA16008_00-SPIRITHUNTERNGUS,1999,4999
12,UB0045-PPSA24065_00-SPIRITMANCERDHE0,1679,2799
12,UP2005-PPSA05232_00-SPLASHCARS000000,195,699
12,UP6927-PPSA15822_00-0648460851249905,279,699
12,UP6927-PPSA20099_00-0606508233962189,479,1199
12,UP3803-CUSA24446_00-5243377093810633,199,999
12,EP3656-CUSA49463_00-0273049743816124,199,999
12,UP2005-PPSA27056_00-SPRYSMDESTROYER0,319,799
12,JP1309-PPSA34214_00-SPYDROPSPS500000,1049,1499
12,EP0896-PPSA27197_00-SQUABRATALAIKAGM,199,499
12,EP5974-CUSA55976_00-0728199723690497,209,299
12,UP1421-PPSA21683_00-0450534957619776,149,999
12,UP1675-CUSA15498_00-SYPS4STEAMTACTIC,299,999
12,UP4293-CUSA05894_00-STEINSGATEZEROP4,874,3499
12,UP7698-PPSA20322_00-0789629518923986,437,1749
12,UP7698-CUSA46626_00-0506211124695112,437,1749
12,UP7698-CUSA46626_00-0498049254743062,1499,1499
12,EP8040-CUSA50139_00-0330077632124884,389,1299
12,UP1421-PPSA20216_00-0061388020104892,149,999
12,UP0632-CUSA04101_00-STORIESGAME00001,524,1499
12,UP1309-CUSA06624_00-0451816604182564,189,1899
12,UP1475-CUSA05790_00-SUBJECT13SCEA002,139,699
12,UP5642-CUSA16593_00-0000000000000101,299,1499
12,EB2055-CUSA56067_00-0003700213412239,899,1499
12,UP0891-PPSA03008_00-RGSUMATRAFATEYAN,209,699
12,UP1643-CUSA15347_00-SUMMWINTBUND1KUS,2679,3999
12,UP1643-PPSA03416_00-SUMMWINTBUND4KUS,3349,4999
12,UP3868-CUSA18558_00-D000000000001001,249,2499
12,UP3868-CUSA18558_00-5177472184247929,499,2499
12,UP3868-CUSA18558_00-0443116196528321,749,2499
12,UP3868-CUSA18558_00-BUNDLE0000000001,239,2399
12,UP1675-PPSA03626_00-SYPS5SUMMERTIMEM,299,1499
12,UP1675-CUSA27831_00-SYPS4SUMMERTIMEM,299,1499
12,EP1411-PPSA26001_00-0262851927823494,104,699
12,UP6883-PPSA27611_00-0251231861754527,449,1499
12,UP6883-PPSA27611_00-0950948372191251,749,2499
12,JB1412-PPSA28043_00-0166056180186735,199,499
12,UP0891-PPSA20710_00-SUPERDESTROLXLRG,199,499
12,UP7740-CUSA42587_00-0190593807137040,545,699
12,UP3059-CUSA09410_00-0000000000000011,799,1999
12,UP4293-CUSA23531_00-7297368362406931,499,1999
12,EP0896-PPSA26163_00-SUPERONIONBOYRAG,249,499
12,UP4836-PPSA07793_00-6841530435327687,399,999
12,UP7931-PPSA37370_00-SR00000010019322,349,499
12,UP8052-PPSA03491_00-0325466788277176,449,1499
12,UP3686-CUSA15030_00-SUPERSKEBUNDLENA,179,499
12,EP1411-PPSA24813_00-0259974739381329,149,999
12,UP0891-PPSA09065_00-RGSUPERSUNNYISLA,199,499
12,UP7375-CUSA34983_00-9069824291618360,629,2099
12,EP1411-PPSA28558_00-0791268630406011,299,999
12,UP6869-PPSA15520_00-SWOONPS5USA00000,199,1999
12,UP1675-PPSA10327_00-SYPS5SWORDORIGIN,399,999
12,UP1675-CUSA36905_00-SYPS4SWORDORIGIN,399,999
12,UP1475-PPSA02777_00-SYBERIA4PS5000US,799,3999
12,UP1475-PPSA02777_00-0203676268648660,1249,4999
12,UP1475-CUSA24450_00-SYBERIA4000000US,799,3999
12,UP1561-CUSA11303_00-SYM0000000000001,629,1799
12,UP0891-CUSA18292_00-RGSYRUPULTISWEET,149,499
12,UP0814-PPSA09509_00-4748046787364626,299,1999
12,UP3803-CUSA24023_00-6897936428437634,199,999
12,UP0814-CUSA34457_00-0873091789040921,449,2999
12,UP0814-PPSA06832_00-2489292389280146,2499,2499
12,UP3528-PPSA20392_00-0203541530432214,419,1199
12,UP5690-CUSA16307_00-TAMARIND000001US,799,3999
12,UP0891-CUSA23428_00-RATALAIKAGTAMIKU,149,499
12,UP1421-PPSA14086_00-0785545245005542,179,1199
12,UP4802-CUSA20101_00-TCHECOSIEA000001,249,499
12,JP0013-PPSA31592_00-JP0TEARSREVSEPS5,2999,3999
12,EP2627-PPSA25519_00-TECHNOBANTERPS50,899,1799
12,JB0780-PPSA22929_00-0200022057825509,499,999
12,UP4745-CUSA15662_00-TELEFRAGVR0000US,499,1999
12,UP1421-PPSA18250_00-0025747768592315,224,1499
12,UP1675-CUSA45461_00-SYPS4TERMINAL810,249,999
12,UP1675-PPSA18909_00-SYPS5TERMINAL810,249,999
12,UB0045-PPSA17210_00-TERRADELUXESIEA5,1124,2499
12,UP0891-PPSA19481_00-ADVENTURESPANZRG,359,899
12,UP3310-CUSA09692_00-0123012301234567,299,1499
12,UP1475-CUSA20415_00-NORTHANDSOUTHUS0,399,1999
12,UP4459-PPSA18900_00-THEBUNKERGAMEPS5,679,1999
12,UP0082-PPSA05653_00-SHIJIMASTORY0001,1999,4999
12,UP0082-PPSA06133_00-SHIJIMASTORYDEMO,1999,4999
12,UP2158-CUSA57125_00-THECONFINEMENPS4,649,999
12,UP2158-PPSA33891_00-THECONFINEMENPS5,649,999
12,UB2216-PPSA35111_00-0549692728347400,999,1999
12,UB2216-PPSA35862_00-0895827558353103,999,1999
12,JB1734-PPSA30853_00-0731245943397786,649,1299
12,UP4293-PPSA08830_00-DRAGPS5SIEA00000,499,1999
12,UP0814-PPSA11202_00-4998229929682834,259,1299
12,UP4459-PPSA16928_00-0591113903847247,2099,3499
12,UP5223-PPSA16035_00-TFCPS5SIEAFULL00,524,1499
12,UP0891-PPSA10702_00-RATAGAMETHEGUISE,239,599
12,UP2060-PPSA10962_00-000THEINQUISITOR,1999,3999
12,UP1675-CUSA55157_00-SYPS4TLSARCADES0,399,999
12,UP1675-PPSA30902_00-SYPS5TLSARCADES0,399,999
12,UP6502-CUSA28838_00-2734722164957168,299,999
12,HB0529-CUSA48545_00-0645159157168700,249,999
12,UB0561-PPSA21776_00-0811483022402755,349,1399
12,UP3528-CUSA12914_00-THEPADRE00000000,199,1999
12,UP4293-PPSA02390_00-THEPSIEAPS500000,374,1499
12,UP4293-CUSA31029_00-6618161824588369,374,1499
12,UP1475-CUSA32999_00-PUYDUFOUPS4000US,599,2999
12,UP0082-CUSA11757_00-THEQUIETMANGAME1,299,1499
12,UP2005-PPSA10992_00-THEREDRESSOFMIRA,299,999
12,UP3643-CUSA26357_00-0849472737305614,1999,7999
12,UP1475-PPSA15459_00-SISTERS2PS5000US,899,2999
12,UP1475-PPSA15459_00-0437699335028344,1499,4999
12,UP1475-CUSA26801_00-SISTERSPS40000US,599,2999
12,EP1546-CUSA49887_00-0971669430997108,809,1799
12,EP1546-PPSA24424_00-0931528715604240,989,1799
12,UP1181-PPSA12648_00-0649102901900948,2274,3499
12,UP1181-PPSA12648_00-0730723610839821,2631,4049
12,UP3643-PPSA05887_00-0995588680654970,1124,4499
12,UP0743-CUSA28032_00-0000000000000002,599,5999
12,UP6699-PPSA07507_00-4087760333605592,949,1899
12,UP6699-CUSA50358_00-0921194819133442,949,1899
12,UP6699-PPSA30459_00-0131717172955859,949,1899
12,UP6699-CUSA54906_00-0910145080367193,949,1899
12,UP6699-CUSA42696_00-0739311907500075,769,1099
12,UP3686-CUSA27441_00-TWFCDEFINITIVENA,839,2099
12,UP3686-PPSA03362_00-TWFCSOUNDTRACKNA,799,1599
12,UP1181-CUSA51670_00-0980689094676866,749,999
12,UP1181-PPSA26539_00-0433387343589261,749,999
12,UP7841-PPSA11377_00-5728523460583668,799,1999
12,UP1421-PPSA14115_00-0467297965032087,149,999
12,UP2005-PPSA05275_00-THUNDERKID000000,239,799
12,EB0740-PPSA30892_00-0744301718881967,199,999
12,UP4947-CUSA43363_00-MICROTILTCHALLEN,149,299
12,UP4947-PPSA27969_00-MICROTILTCHALLEN,149,299
12,UP6007-CUSA30590_00-3215542460413190,224,1499
12,UP5480-PPSA18384_00-TIMESANDGALAXY00,799,1999
12,UP4035-CUSA11586_00-TVTAAVATARBUNDLE,254,1699
12,UP4713-PPSA15215_00-0437432501248660,989,2999
12,UP1024-CUSA19449_00-0000000000000000,599,2999
12,UP1475-PPSA13928_00-TINTINCOPPS500US,999,3999
12,UP4199-CUSA20308_00-THA0000000000001,79,799
12,EP3540-PPSA30272_00-0TINYLANDS1PS5EU,896,1299
12,UP1675-CUSA31525_00-SYPS4TIPTOPDONTF,199,999
12,UP1675-PPSA05937_00-SYPS5TIPTOPDONTF,199,999
12,UP6927-PPSA07100_00-9742082329676408,119,299
12,UP1024-CUSA05632_00-TTGHDAYBREAKSPGJ,2999,4999
12,UP4802-CUSA18488_00-TOPRUNPS4USA0000,249,499
12,UP1291-CUSA02944_00-0000000000000001,499,999
12,UP0891-PPSA20706_00-TPBULLETRATAGAME,199,499
12,JP0055-PPSA34095_00-TRABRAVE20PS5PJP,1499,1999
12,UP0968-CUSA17684_00-00000000RLV932NA,299,1999
12,UP3589-PPSA31861_00-0966510186841415,749,1499
12,UP4836-PPSA26186_00-0501263289609703,399,999
12,EP0896-PPSA31537_00-TROPICALIARATGAM,899,1499
12,UP2136-CUSA19349_00-KODOSCEADPS40455,96,149
12,UP2136-CUSA19349_00-KODOSCEADPS40456,226,349
12,EP4541-PPSA31083_00-DUTCHCONNECTION0,1999,3999
12,UP2199-CUSA01137_00-TUMBLESTONENA008,749,2499
12,UP1675-PPSA21799_00-SYPS5TURNTOMINE0,199,999
12,UP1675-CUSA47850_00-SYPS4TURNTOMINE0,199,999
12,UP0913-CUSA20201_00-0808844413353812,1499,5999
12,UP0814-CUSA25454_00-0588653822307023,259,1299
12,UP0891-PPSA02932_00-RGULTRAGOODNESS2,99,499
12,UP0891-PPSA14488_00-ULTRAGOODNESSRAG,199,499
12,UP4040-CUSA15012_00-0000000000000000,749,2999
12,UP7659-PPSA16538_00-0656483358608115,124,499
12,UP1421-PPSA19860_00-0391325419951603,104,699
12,UP2081-CUSA23269_00-0347361385402888,199,1999
12,UP4293-CUSA11359_00-0000000000000000,374,1499
12,UP0082-CUSA33800_00-9570983268790204,1159,2899
12,UP1675-CUSA16243_00-SYPS4VASILIS0000,124,499
12,UP4802-PPSA16632_00-0643981228856356,349,699
12,UP4802-CUSA43557_00-0043459387373234,349,699
12,UP4802-PPSA10808_00-5144070229123714,499,999
12,UP4802-CUSA37436_00-7480629660595983,499,999
12,EP1411-PPSA24430_00-0696523273253667,149,999
12,EP6985-CUSA52219_00-0452544901439732,199,499
12,EP6985-PPSA27224_00-0454678499823191,199,499
12,UP4199-CUSA27461_00-3201833320083779,99,999
12,UP5325-CUSA43769_00-VOSTOK2061000000,489,999
12,UP4293-CUSA17432_00-00000000WARBGAME,624,2499
12,UP6665-PPSA08926_00-WH000DELUXE00001,1249,4999
12,UP1189-PPSA09766_00-1248341402389513,624,2499
12,UP4133-PPSA08209_00-WARSTRIDECHALLEN,599,1999
12,UB0371-PPSA27990_00-0163711480236591,644,1499
12,UP1675-CUSA36897_00-SYPS4WEEPINGWILL,124,499
12,UP1675-PPSA10319_00-SYPS5WEEPINGWILL,124,499
12,UB1052-PPSA35515_00-0837252624043316,259,399
12,UB0820-CUSA48960_00-0330542278345735,374,1499
12,UB0561-PPSA21777_00-0714047252043803,499,1999
12,UB0683-PPSA32841_00-0588210984296103,1199,1499
12,UP6963-CUSA30765_00-WLIM0000000PS4US,299,1499
12,UP6963-PPSA05535_00-WLIM0000000PS5US,299,1499
12,UP6963-CUSA30765_00-3583227174296079,299,1499
12,UP4487-CUSA06181_00-WHEELSOFAURELIAB,194,1499
12,UP1675-CUSA10676_00-SYPS4WHEREAREMYF,119,599
12,UP6881-CUSA48066_00-COUNTRYISLARGER0,182,299
12,UP1675-CUSA31527_00-SYPS4WHYPIZZA000,124,499
12,UP1675-PPSA05939_00-SYPS5WHYPIZZA000,124,499
12,UB0010-CUSA49089_00-0705754106925949,119,299
12,UP6927-PPSA09814_00-0094136221028792,319,799
12,UP4802-PPSA06720_00-1184694551822500,249,499
12,UP6791-CUSA32560_00-9516964242435722,399,1999
12,UP0814-CUSA24608_00-4960210885239047,299,1499
12,UP1512-CUSA06765_00-0000000000000001,1249,2499
12,UP1512-PPSA20717_00-0WINDLANDS2PSVR2,1499,2999
12,UP1675-PPSA06638_00-SYPS5WITCHCRAFTY,299,999
12,UP1675-CUSA32376_00-SYPS4WITCHCRAFTY,299,999
12,UP2796-CUSA17911_00-0000000000000000,363,1299
12,UP2796-CUSA16871_00-0000000000000000,139,499
12,UP4008-CUSA08693_00-WRCCOLLECTION567,1099,10999
12,UP0814-CUSA25298_00-9388419463001040,299,999
12,UP0891-PPSA19572_00-XATROMCOMMAND0RG,239,599
12,UP1298-CUSA47717_00-PS4SIEA000000000,899,2999
12,UP1298-PPSA19467_00-SIEA000000000000,899,2999
12,UP1056-CUSA18836_00-YURIAFTER0000000,2499,4999
12,UP1056-CUSA18762_00-YURIMASTER000000,3249,6499
12,UP8446-PPSA26251_00-0313252858190690,599,1199
12,UP0891-PPSA19023_00-ZOMBIESALIENSGRG,239,599
12,UB1229-CUSA55048_00-0731814509669742,0,0
12,UP2006-CUSA36359_00-9426954326712568,0,0
12,EP2006-CUSA44116_00-0426894957134537,0,0
12,UP1450-CUSA06001_00-3ON3FREESTYLE001,0,0
12,UP0001-PPSA02054_00-RS300000000000NA,0,0
12,UP4068-PPSA11058_00-2518760849475414,0,0
12,UB0981-PPSA27235_00-0156187334707829,0,0
12,UP7889-CUSA40622_00-0280930255035704,0,0
12,UP8017-PPSA03739_00-8082015503307294,0,0
12,UP5623-CUSA29096_00-HWHEELSRIFTRALLY,0,0
12,UP3543-CUSA18679_00-PINGREDUXRELEASE,0,0
12,UP6408-CUSA58264_00-0037769278189033,199,199
12,UP8787-PPSA31206_00-0086494992836988,199,199
12,UP8787-PPSA23477_00-0398655791290995,199,199
12,UP7977-PPSA16670_00-0294291795655244,149,149
12,UP8787-CUSA56258_00-0159843910884352,149,149
12,EP1612-CUSA50456_00-FITFROGSFEAST000,99,99
12,UP7977-CUSA44665_00-0583731509536600,149,149
12,UP1594-CUSA09693_00-0078693281043065,99,99
12,UP8623-CUSA57583_00-0682640141127362,99,99
12,UP7977-PPSA33085_00-0111395319463011,149,149
12,UP6718-CUSA56541_00-0510375263038584,399,399
12,UB0837-CUSA57848_00-0312762286870671,499,499
12,UB0701-CUSA47846_00-0760724950279455,299,299
12,UP2005-PPSA06065_00-GRIZZLANDGAME000,499,499
12,UP6718-PPSA16450_00-0762556730583791,399,399
12,EP1612-CUSA57810_00-HOHOMOVEGAME0000,299,299
12,UP2005-PPSA06051_00-STARSHIPPROJECT0,499,499
12,UP1626-PPSA06115_00-BARDSGOLDGAME000,499,499
12,UP6695-CUSA43009_00-ILLKILLHERGAMENA,399,399
12,UP2005-PPSA38705_00-PETSSURVIVORS000,499,499
12,UP0891-PPSA07294_00-RGREEDREMASTERED,499,499
12,UB0487-CUSA52109_00-0198456155057998,299,299
12,UP4745-CUSA15662_00-GALACTICBUNDLEUS,499,1999
12,UP7552-CUSA49088_00-0869423818863684,999,999
12,UB0837-CUSA56663_00-0306360551537638,699,699
12,JP0571-CUSA58130_00-HAMPRDC000000001,999,999
12,UP6605-PPSA10460_00-SUNSHINEMANOR003,799,799
12,UP5549-PPSA32704_00-0949626875546414,799,799
12,UP6139-PPSA22664_00-0019001713509642,699,699
12,UP3202-CUSA09451_00-0000000000000000,799,799
12,UP4312-PPSA07955_00-3941387522711488,699,699
12,UP2005-PPSA04800_00-BISHOUJOBATTLECP,599,599
12,UP4312-PPSA07662_00-7005563833687418,699,699
12,UP4312-CUSA55886_00-0897076684838156,699,699
12,UB0108-CUSA58637_00-0884230637020213,999,999
12,UP4312-CUSA49212_00-0101245983257622,699,699
12,UP4312-PPSA06214_00-6742422316625145,699,699
12,UP4312-CUSA28415_00-8729227939927398,699,699
12,UB0393-CUSA51869_00-0119474082414283,999,999
12,UP5792-CUSA47362_00-0073657058303407,699,699
12,UP6138-CUSA32557_00-3172230472128303,674,899
12,UB0837-PPSA36582_00-0761155856068127,699,699
12,UP2005-PPSA05440_00-PGMAHJONGGBBUNDL,599,599
12,EP2696-CUSA58576_00-2000000000000000,799,799
12,UP5792-CUSA49019_00-0519725657034518,599,999
12,EB2055-CUSA58470_00-0024513487723480,899,1499
12,UP4496-CUSA41219_00-THEPUNCHUIN00000,749,749
12,UB0851-CUSA54163_00-UNDIVINE00000000,999,999
12,UP0102-CUSA07713_00-ICEBORNME0000000,1999,1999
12,UP9000-CUSA07113_00-NIOH000000000000,1999,1999
12,EP5206-PPSA32267_00-0051808179044223,1749,1749
12,EB0418-CUSA50158_00-0110404890968170,1299,1299
12,JP0571-CUSA58899_00-HAMPRDC000000001,1699,1699
12,UB0290-CUSA50446_00-0031777686845372,1499,1499
12,JP0714-CUSA56176_00-0689774525614751,1099,1099
12,UP5258-CUSA31482_00-2054208229621115,1699,1699
12,UP1564-PPSA20237_00-CLABS0FT20231109,1999,1999
12,UP7490-CUSA41114_00-DAYDREAM94119474,1999,1999
12,UP2637-PPSA09305_00-6118448057011687,1999,1999
12,EB0685-CUSA49689_00-SKELTCOECOMPLETE,1499,1499
12,JP0571-PPSA33532_00-HAMPRDC000000001,1699,1699
12,UB0867-CUSA51334_00-0776359034051177,1999,1999
12,UP1104-CUSA44339_00-GVRCC000APPUS000,1499,1499
12,UP0571-CUSA13370_00-HAMPRDC000000001,1499,1499
12,UP6718-CUSA49188_00-0004799786690703,1199,1199
12,UP1263-CUSA15225_00-VHIIIUS000000001,1499,1499
12,UP7675-PPSA07458_00-9296859045603890,1999,1999
12,UP4382-CUSA11519_00-0696013311575762,1999,1999
12,UP6893-CUSA44605_00-0914485293643901,1999,1999
12,UP7605-PPSA24504_00-0301367929416415,1999,1999
12,HP7207-CUSA49334_00-0847523535647968,1499,1499
12,UB0946-CUSA49767_00-DORFS00000000PS4,1499,1499
12,UP5958-PPSA30669_00-0830905268864830,1499,1499
12,UP1023-CUSA12241_00-GUNGRAVEVRJAP000,1499,1499
12,HB1728-CUSA56442_00-0485510359652633,1549,1549
12,UP3165-PPSA12482_00-MEMORYAMERICAPS5,1999,1999
12,UP5552-CUSA35819_00-6609697307464686,1999,1999
12,UP8552-CUSA53235_00-0252562002427811,1999,1999
12,UP5831-PPSA18622_00-SEEDOFLIFEPS5USA,1999,1999
12,UP5155-CUSA25174_00-8948681421866500,1999,1999
12,EP8247-CUSA53514_00-0485868444191812,1999,1999
12,UP7592-PPSA16468_00-0291886757328509,1299,1299
12,UP6665-CUSA32227_00-2585472970763542,1999,1999
12,UP6312-PPSA32718_00-AUGUSTA000000000,2999,2999
12,UP3003-PPSA21261_00-0820601672139650,2999,2999
12,EP2430-PPSA17461_00-0032771975613895,3499,3499
12,UP8246-PPSA23910_00-0300368511978913,3999,3999
12,UP6325-PPSA19313_00-0451359017230154,2149,2149
12,UP1475-PPSA08577_00-AOSTAPS5000000US,2499,2499
12,UP0097-CUSA41323_00-0684075456917401,2499,2499
12,HP8406-PPSA26287_00-PS501THELASTCAMP,2599,2599
12,UP8016-PPSA07520_00-ISUSA00GAMEUSA01,2499,2499
12,EP3582-PPSA06080_00-THEKNIGHTLINGDLX,2999,2999
12,UP1260-PPSA13524_00-0112008076166671,2999,2999
12,UP2014-CUSA16984_00-BROADSWORDWARLOR,2999,2999
12,UP1147-PPSA02744_00-CDTPS5NEXTGEN000,2499,2499
12,UP4735-CUSA16433_00-CRISTALES0000000,3999,3999
12,UP1260-CUSA30348_00-6083661116869159,2499,2499
12,UP3165-CUSA45743_00-WINTERGAMESPS4US,2499,2499
12,UP4363-PPSA17232_00-SNIPERELITERES00,5689,5689
12,UP5460-PPSA16602_00-GBVSRSTD00000001,4999,4999
12,UP0036-PPSA15238_00-UNI2SYSCELES0000,4999,4999
12,UP0177-PPSA16195_00-P5TPS5NA00000000,5999,5999
12,UP5946-PPSA06706_00-RELAYERTRIAL0000,5999,5999
12,UP1063-PPSA21029_00-0847963823758140,5999,5999
12,UP0837-PPSA35026_00-0782958974459351,4899,4899
12,UP0031-PPSA22671_00-TH2SPELLCARNIVAL,4999,4999
12,UB2134-PPSA34579_00-0622032276386943,5999,5999
13,UP0001-CUSA09311_00-EDITIONGOLD00000,1199,5999
13,UP0700-PPSA10595_00-TK8ADVEDITION000,2399,3999
13,UP0002-CUSA11100_00-CODBO4OPEREDN004,5999,5999
13,UP4389-PPSA05391_00-WOTHELITEEDITION,899,2999
13,UP0002-PPSA18010_00-TH34RDLXBUNDL001,2999,4999
13,UP0001-PPSA07230_00-EDITIONDELUXE000,1999,4999
13,UP0177-PPSA06888_00-ORIONDX000000000,1799,5999
13,UP0002-CUSA05969_00-CODWWIIGOLDED001,5999,5999
13,UP0002-CUSA04762_00-CODIWTHEGAME0001,5999,5999
13,UP4572-PPSA01768_00-WOADELUXEEDITION,6999,6999
13,EP4064-PPSA22788_00-0730433160080781,1019,2999
13,UP1003-CUSA07384_00-W2NCDELUXEBUNDLE,599,3999
13,UP0006-CUSA08724_00-BFVDEFINIEDITION,1199,3999
13,HB2255-PPSA35675_00-0029321795846260,1499,1499
13,JP0177-PPSA30223_00-MAINGAME00000000,5999,5999
13,UP6665-PPSA05060_00-0867851520032065,3999,3999
13,UP0001-PPSA01876_00-FC6EDITIONDELUXE,5999,5999
13,UP3643-PPSA06464_00-0069258593494389,2419,2419
13,UP0700-PPSA08084_00-DBZKTMASTEREDIT0,1999,1999
13,UP4664-PPSA02967_00-DRGDELUXEPS5US00,899,2999
13,UP0700-PPSA09790_00-DBFFIGHTERZED001,5999,5999
13,UP0177-PPSA09770_00-UOMONARCHEDITION,1799,5999
13,EP2649-PPSA28662_00-0594453084732332,499,1999
13,UP0177-PPSA03774_00-DELUXEPASS000001,1199,5999
13,UP4363-PPSA15493_00-ATOMFALLBASEGAME,5999,5999
13,UP0700-CUSA05125_00-SAO4DELUXE000000,999,1999
13,UP0283-PPSA16744_00-ALLSTARBRAWL2DLX,4999,4999
13,UP0177-PPSA16268_00-LIKEADRGNGAIDEN1,1499,4999
13,JP0700-PPSA23221_00-FWHDRCONEDITION0,999,3999
13,UP1018-CUSA08469_00-LEGOMARVELSH2001,1999,1999
13,UP0700-PPSA06569_00-SAOFDDLXEDITION0,1499,5999
13,UP0177-PPSA06454_00-ISHIN00000000000,5999,5999
13,UP0002-PPSA02176_00-TH12RTHEGAME0001,4999,4999
13,UP3050-PPSA02261_00-DL2DIGITALEXTRAS,5999,5999
13,UP0082-CUSA01493_00-JUSTCAUSE3NA0000,1999,1999
13,UP6665-PPSA07391_00-ARB00DELUXE00001,799,3999
13,UP0292-PPSA06516_00-RISKOFRAIN2SIEA0,2499,2499
13,UP4713-PPSA28709_00-0776105799526115,1499,1499
13,UP0115-PPSA02183_00-3211965506283656,3999,3999
13,UP4064-PPSA15350_00-TREPANG200000000,2999,2999
13,EP6444-PPSA21827_00-0635760319245506,1799,1799
13,UP0082-PPSA06235_00-STAROCEAN6DDX501,2099,5999
13,UP2565-PPSA05830_00-0788214077504689,2999,2999
13,UP0700-CUSA10771_00-BCQKDELUXE000000,599,5999
13,EP6827-PPSA07867_00-9546863778110326,3499,3499
13,UP0177-CUSA10633_00-VC4VCRBUNDLE0000,599,2999
13,UP4064-PPSA09077_00-0743408170242900,999,2499
13,UP2047-PPSA03098_00-DI2MAINSIEAPS500,4999,4999
13,UP2047-CUSA01012_00-HOMEFRONT2000000,1999,1999
13,UP0700-PPSA06959_00-SAOLRDLXEDITION0,959,5999
13,EP5609-CUSA48965_00-0693089106793084,999,2499
13,UP0700-CUSA18374_00-SWORDARTAL0000NA,1999,1999
13,UP1003-CUSA10339_00-RAGE02DIGIDELUXE,799,3999
13,UP4040-PPSA04721_00-HUNDREDHEROESDLX,1499,4999
13,UP0177-PPSA03743_00-6614635768394992,1199,5999
13,UP5025-PPSA01771_00-TSCUA00000000003,4999,4999
13,UP3643-PPSA06416_00-0583583713309145,749,2499
13,UP4008-PPSA02716_00-RIMSSIEA00000000,2999,2999
13,UP0006-CUSA05999_00-NFS1800000000001,1999,1999
13,UP7515-PPSA21951_00-0993430629021125,1749,4999
13,UP3004-PPSA07227_00-PSCATANBOARDGAME,1699,1699
13,UP0700-PPSA08587_00-DBXV2DELUXE00000,1999,1999
13,UP0700-CUSA10093_00-SWORDARTONLINE05,1999,1999
13,UP6665-PPSA03590_00-6312583906406453,799,3999
13,UP6665-PPSA12362_00-TRFE2DELUXE00001,999,4999
13,UP3548-PPSA16509_00-0694888007716238,1099,1999
13,UB0383-PPSA29189_00-0504266529563382,1999,1999
13,UP6665-PPSA10601_00-AIF00DELUXE00001,599,2999
13,UP4389-PPSA08240_00-AITDDIGITALDELUX,1799,3999
13,UP0700-PPSA06764_00-DRFM2SPEDITION00,1499,4999
13,EP6878-PPSA30444_00-TUNTUNGTUNGSAHUR,999,999
13,UP6963-PPSA14729_00-0357386266921700,2499,2499
13,UP4008-PPSA01900_00-HS20SIEA00000000,3999,3999
13,UP4040-CUSA06266_00-PORTALKNIGHTS000,1999,1999
13,EP0177-PPSA19769_00-MUSEUMDELUXEEU00,3999,3999
13,UP0031-CUSA35368_00-FFFRCBUNDLE00001,1499,4999
13,UP0700-PPSA28323_00-SPWYULTEDITION00,5999,5999
13,UP0774-PPSA01561_00-0153114161082772,2499,2499
13,UP0006-CUSA01925_00-B000000000001705,1999,1999
13,EP3643-PPSA26283_00-0077857727180425,3999,3999
13,UP0700-PPSA07141_00-SYNEADLXEDITION0,599,3999
13,UP4133-PPSA13721_00-HOTELRENVATR5SED,4499,4499
13,UP5025-CUSA18574_00-TSCSH789BUNDLE00,4499,4499
13,UP1470-CUSA32504_00-SAINTKOTARUS0000,299,1999
13,UP5325-CUSA56674_00-0210280643450992,174,249
13,EP1935-CUSA49744_00-0602583985740227,299,499
13,UP2181-CUSA07637_00-RCAC0V0010000000,599,1499
13,UP4459-CUSA13734_00-FMVMURDERMBUNDLE,519,1299
13,UP2005-PPSA31211_00-ELECTRONICPLCOLL,349,499
13,EP5506-PPSA37304_00-UNI3DHOTVACAYPS5,249,249
13,UP5230-CUSA20604_00-2ZDELUXEEDITIONB,599,2999
13,UP4133-CUSA04733_00-00000000THESURGE,1499,1499
13,UP8006-PPSA04246_00-8686193781203235,1999,1999
13,UP2833-CUSA50597_00-0123363041734255,399,799
13,UP3004-PPSA03093_00-BASSMASTERFPS5US,1999,1999
13,UP6714-PPSA05096_00-MATOANOMALIES5US,1499,1499
13,UP1003-CUSA13084_00-WOLFALTHISTORYNA,1999,1999
13,UP4312-CUSA45279_00-0570603264106183,699,699
13,EP5506-CUSA58614_00-0448154254160464,174,249
13,UP4713-PPSA16236_00-0773142665973507,2499,2499
13,UP6665-PPSA03852_00-TLRS000000000000,624,2499
13,UB0438-PPSA22978_00-0628756197742997,199,199
13,UP4947-CUSA48201_00-12WORDSEARCHBUND,149,299
13,EP6878-CUSA48692_00-GAMEMODESEDITION,149,249
13,UP4064-PPSA01527_00-6386505284144437,1499,1499
13,UP0774-PPSA06147_00-FURIREMPS5SIEA00,1999,1999
13,UB0438-PPSA24402_00-0528149373601681,199,199
13,UP4133-CUSA12508_00-NECROMUNDAUHWARS,1999,1999
13,UP6714-CUSA26097_00-KB2LORDS000000US,599,3999
13,UP2047-CUSA19065_00-GODSWILLFALL00US,1499,1499
13,UP4312-PPSA30218_00-0473847255890847,499,499
13,UP6927-PPSA08113_00-8315259645666516,299,299
13,UP4312-PPSA27618_00-0544555399638904,699,699
13,UP0891-CUSA17405_00-RATALAIKAGREDBOW,499,499
13,EP4295-PPSA27765_00-ACDONPS5000000WW,3999,3999
13,UP4312-CUSA42184_00-0575726905744313,419,699
13,UP4312-CUSA24507_00-3155992929659872,699,699
13,UP4312-CUSA35747_00-8942135460373937,209,299
13,UP1778-PPSA10974_00-BROKPS5000000000,1999,1999
13,UP0283-PPSA04644_00-6743758488953717,4999,4999
13,UP2833-PPSA36468_00-0137429539654818,0,0
13,UB0383-PPSA31227_00-0504141157415833,99,999
13,UP4312-CUSA45294_00-0056625425800207,699,699
13,UP4713-CUSA34616_00-0194572918853616,1999,1999
13,UP0082-PPSA01903_00-5827003902180177,3999,3999
13,UP0891-CUSA17533_00-RATALAIFOXYLAND2,599,599
13,EP7868-PPSA19345_00-FFDEUPGRADEBUNDL,3499,3499
13,EP6922-PPSA26445_00-0595046176602941,999,999
13,UB0990-PPSA38335_00-HOTELCHECKINNFUL,1499,1499
13,UP2005-PPSA05289_00-DIORAMADUNGEONCR,999,999
13,UP4133-PPSA09742_00-SANDSTORMDELUXED,3999,3999
13,UP4713-CUSA40545_00-0285893214066816,1499,1499
13,UP4713-CUSA33611_00-8108456421692545,1999,1999
13,UP2320-CUSA13597_00-KINGDOMTWOCROWNS,1999,1999
13,UP2047-PPSA05384_00-KONA1MAINGAMEPS5,1499,1499
13,UP4459-PPSA15900_00-FIVEDATESPS5SIEA,1499,1499
13,UP4382-CUSA26216_00-LUMOTEDIGITALDUX,399,1999
13,UP4947-CUSA26263_00-MAZEPEDESTAL1234,399,399
13,UP6927-PPSA06919_00-6441404348316314,299,299
13,UP6088-PPSA02554_00-1474235929159519,1999,1999
13,UP3824-PPSA04038_00-2121734462208482,3999,3999
13,UP3824-CUSA15718_00-RWRBASEGAME00001,2499,2499
13,UP7543-PPSA10679_00-5773653492029363,699,699
13,UP6963-PPSA20720_00-0214232037608686,1499,1499
13,UP1643-PPSA02609_00-31RACICOLJDPS5US,1674,2499
13,UP4713-PPSA19135_00-0946057626312196,1499,1499
13,UP3876-CUSA23815_00-9584021902306448,649,999
13,UP7698-PPSA20322_00-0580836260807434,1499,1499
13,UP4713-PPSA16442_00-0787186237514938,2999,2999
13,EP4295-PPSA30140_00-SYBREMASTERPS5WW,2999,2999
13,UP2139-PPSA23743_00-0608544703617942,999,999
13,UP3876-CUSA15820_00-TSAVRIORSBUNDLE1,974,1499
13,EP0114-PPSA23604_00-0136646192071513,989,2999
13,UB0383-PPSA32320_00-0348830146740933,999,999
13,EP4897-PPSA23741_00-0198815293731721,999,999
13,UB0313-PPSA25220_00-0246167815129548,2999,2999
13,UP0779-PPSA16263_00-CASTLEVANIABUNDL,3999,3999
13,UP0101-CUSA26997_00-EDITION000000015,0,0
13,UP0082-CUSA08283_00-PROM0000COMPLETE,0,0
13,UP6344-PPSA05351_00-PROFEEDITIONPACK,0,0
13,UP2833-PPSA35795_00-0575924275600707,0,0
13,UP4735-CUSA30185_00-MFBLEGENDBUNDLE1,0,0
13,UP1655-CUSA05209_00-CLICKERHEROES000,0,0
13,UP4042-CUSA45062_00-PINBALLM00000000,0,0
13,UP4133-CUSA10781_00-THECOUNCILALLEPS,0,0
13,HB1050-CUSA58744_00-0932529884006239,0,0
13,HB1050-CUSA59368_00-0315049368075731,0,0
13,UP6535-PPSA28776_00-0541058603359702,199,199
13,UP7962-CUSA36461_00-0250095035045543,199,199
13,UP7962-PPSA12237_00-2795221360616187,199,199
13,UP7962-PPSA10243_00-9414223979648060,199,199
13,UP7962-PPSA10298_00-8267825774217854,199,199
13,UP7962-PPSA10206_00-8910302024007339,199,199
13,UP7962-CUSA36757_00-3288924276109988,199,199
13,UP7962-PPSA11111_00-3963477570952585,199,199
13,UP7962-PPSA10240_00-8445289976839185,199,199
13,UP7962-PPSA12233_00-4703086886391288,199,199
13,UP7962-PPSA10244_00-0299648543059243,199,199
13,UP7962-PPSA09112_00-2285993795028294,199,199
13,UP7962-PPSA08958_00-1366343041023214,199,199
13,UP7962-PPSA11121_00-4913446690722851,199,199
13,UP7962-CUSA36753_00-1931966591181937,199,199
13,UP7962-PPSA11117_00-8080940396460659,199,199
13,UP7962-CUSA36754_00-0020017104337026,199,199
13,UP7962-PPSA10302_00-7744873584080125,199,199
13,UP8787-PPSA34332_00-0356921942954806,149,149
13,UB0706-PPSA37256_00-0218037714389316,99,99
13,UB0438-PPSA31538_00-0984554247864851,199,199
13,UB0438-PPSA26262_00-0253722997230074,199,199
13,UP7347-PPSA31917_00-0250346059527024,199,199
13,UB0706-PPSA36939_00-0476238990691125,99,99
13,UB0706-PPSA32259_00-0983260054527415,99,99
13,UP8787-PPSA27906_00-0409252050386120,149,149
13,UB0706-CUSA56627_00-0541297266537731,99,99
13,UB0706-PPSA31987_00-0118580636705716,99,99
13,UP7347-PPSA34712_00-0798852595047665,199,199
13,UB0438-PPSA30469_00-0331784686086988,199,199
13,UP7347-PPSA34987_00-0643331404056136,199,199
13,UB0706-PPSA36927_00-0018752927180270,99,99
13,UB0706-PPSA36366_00-0474572816851670,99,99
13,UB0438-PPSA22780_00-0552486464146313,199,199
13,UB0438-PPSA29448_00-0039410862273172,199,199
13,UP7962-CUSA39171_00-2352879983907943,199,199
13,UB0438-PPSA30181_00-0372533088199073,199,199
13,UB0438-PPSA23994_00-0612059485755569,199,199
13,UB0438-PPSA22854_00-0627382987381344,199,199
13,UB0706-PPSA31765_00-0587680427165965,99,99
13,UB0706-PPSA32134_00-0582575180463770,99,99
13,UB0438-PPSA23747_00-0951071221781316,199,199
13,UB0706-CUSA58577_00-0565871360056467,99,99
13,UB0706-PPSA36511_00-0663453163372047,99,99
13,UB0706-CUSA58987_00-0081728942012879,99,99
13,UP7347-PPSA29822_00-0275000236996089,199,199
13,UB0706-PPSA31912_00-0280630820935684,99,99
13,UB0706-PPSA31624_00-0000344563001841,99,99
13,UB0706-CUSA48897_00-0716738202822441,99,99
13,UP6695-PPSA18523_00-ROBBYADVENTPS5NA,199,199
13,UB0706-CUSA59303_00-0341607697023637,99,99
13,UB0706-PPSA32010_00-0101403451037836,99,99
13,UP7347-PPSA35985_00-0989186111814593,199,199
13,UP7347-PPSA30843_00-0788240133446359,199,199
13,UB0438-CUSA54865_00-0936599680589397,199,199
13,UB0706-PPSA33337_00-0068675113471554,99,99
13,UP8787-PPSA27203_00-0737757616985777,149,149
13,UP7962-PPSA23228_00-0721202939844046,199,199
13,JB1432-PPSA32493_00-0109126156520489,199,199
13,UP7962-PPSA12390_00-6782100983800978,199,199
13,UB0706-PPSA31220_00-0624955009451642,99,99
13,UP8787-PPSA24418_00-0703343312171315,149,149
13,UB0706-CUSA57414_00-0185099895383705,99,99
13,UB0337-PPSA30496_00-0717677406194016,199,199
13,UB0573-CUSA54361_00-0613758292527461,199,199
13,UB0573-CUSA57267_00-0676615163957118,199,199
13,UB0337-PPSA29904_00-0909609925378361,199,199
13,EP2919-PPSA31798_00-0216226206728428,49,49
13,EP2919-PPSA34026_00-0263105694841978,49,49
13,UP8787-PPSA21917_00-0560074151737643,149,149
13,EP1612-CUSA53284_00-DARKWOODDASHGAME,99,99
13,UP6695-CUSA43478_00-HIDDENBUNNYPS4NA,99,99
13,UB0337-PPSA34389_00-0026775265014589,199,199
13,EP1612-PPSA35458_00-TANKBITGAME00000,99,99
13,UB0438-PPSA22682_00-0145044686593469,199,199
13,EP1612-CUSA53368_00-BUSCOINVENTURE00,99,99
13,UB0706-CUSA53568_00-0364717063782692,99,99
13,EP1612-PPSA26133_00-ARADIASJOURNEY00,149,149
13,EP1612-PPSA33576_00-VESPRAXGAME00000,99,99
13,UP3058-CUSA27203_00-5353724801198050,49,49
13,UP3058-CUSA32487_00-3700417513160614,49,49
13,UP3058-CUSA27786_00-5203762448011817,49,49
13,UB0573-CUSA57945_00-0515419483123888,199,199
13,UB0573-CUSA58198_00-0176797373949141,199,199
13,UB0706-CUSA49459_00-0348297451491070,99,99
13,UP8623-CUSA45715_00-0822558578009503,99,99
13,UP3058-CUSA32811_00-4213876709007287,49,49
13,UP3058-CUSA27408_00-9339819715845782,49,49
13,HB1367-PPSA27838_00-0469943919241501,199,199
13,UP8787-PPSA21062_00-0911391356246234,149,149
13,JP0122-PPSA24944_00-0678752PLATFORM8,399,399
13,JP0122-PPSA23276_00-0712963327800940,399,399
13,UP0700-CUSA03956_00-GALAGA0000000000,399,399
13,UP1003-CUSA16287_00-DOOM64X199700000,499,499
13,UP0700-CUSA03958_00-DIGDUG0000000000,399,399
13,UP7168-PPSA37247_00-0790416802463630,499,499
13,UP3789-CUSA31096_00-8599022951151127,499,499
13,EP5506-PPSA36337_00-DAMSELSINDISTPS5,499,499
13,EP2696-CUSA55931_00-2000000000000000,499,499
13,UP2833-CUSA56654_00-0566329929310165,499,499
13,UP4384-CUSA36991_00-TM0BUNDLE7IN1PS4,499,499
13,UP2005-PPSA21529_00-MININGMECHS00000,499,499
13,UP2005-PPSA35904_00-MAGICEXPOSURE2VN,499,499
13,HB1069-PPSA32965_00-0701704600161672,499,499
13,HB2024-PPSA37789_00-0292037808657430,499,499
13,UP0891-PPSA10608_00-RATALAGASAVEROOM,499,499
13,UP2833-CUSA58756_00-0173913159373402,499,499
13,UP2005-PPSA28786_00-HALLOWEEN1985000,499,499
13,UP2833-CUSA58765_00-2000000000000000,499,499
13,EP5506-CUSA58682_00-0191928889504445,249,249
13,JB1941-CUSA59430_00-0541347521973396,499,499
13,EP5506-PPSA34510_00-0625780355468080,249,249
13,UP4892-CUSA29630_00-8934677098980870,499,499
13,EP7345-PPSA37759_00-0130835624263635,249,249
13,UP6927-PPSA06827_00-9017313270016208,399,399
13,UP2005-PPSA07741_00-COTSL4KEDITION00,299,299
13,UP8446-PPSA27702_00-0210909367107307,499,499
13,UP2005-PPSA14213_00-MAGICEXPOSURE000,499,499
13,UP2005-PPSA36517_00-NITROCITYRACING0,499,499
13,UP4312-PPSA09893_00-9988925075265546,299,299
13,UP0891-PPSA10169_00-GOGOPOGOGIRLRATG,499,499
13,UP2005-CUSA25938_00-VOIDGORE00000000,499,499
13,UB0337-PPSA29943_00-0163000140982756,299,299
13,EP0896-PPSA28339_00-DEEPUNDERRATAGAM,499,499
13,UB0108-PPSA34147_00-0884688315392240,349,349
13,UP2005-PPSA36437_00-SPRINGBOTLASTSPA,499,499
13,UP0785-PPSA15359_00-0339487516783861,499,499
13,EP0896-PPSA29839_00-CORALINARATGAMES,499,499
13,UP6472-PPSA28923_00-WARRIORSWAIFUS00,499,499
13,UP0891-PPSA20590_00-FROGGYBOUNCINGRG,499,499
13,UP2005-PPSA23768_00-CATTIEGAME000000,499,499
13,UB0487-CUSA54149_00-0251824011096871,249,249
13,UP0891-PPSA08497_00-RATAGAROLLTHECAT,499,499
13,UB0487-CUSA58291_00-0838410715477132,249,249
13,UB0487-CUSA57435_00-0223479301004227,249,249
13,UP2005-PPSA22390_00-MYINCH0000000000,499,499
13,EP0896-PPSA30726_00-ASHPINESMOTELRAG,499,499
13,UB0337-PPSA36357_00-0600940568765759,299,299
13,UP2005-PPSA05296_00-MEMORIESOFEASTCO,499,499
13,UP4312-PPSA30542_00-0378015707500482,499,499
13,UP2005-PPSA04587_00-CRAZYGRAVITY0000,499,499
13,UP4384-CUSA14446_00-LAFROZENQUEENPS4,499,499
13,EP2696-CUSA56477_00-0297345510450475,499,499
13,UB0249-CUSA57879_00-0527993882579585,299,299
13,UP2005-PPSA31453_00-HOTSTAKESCASIN01,499,499
13,UP0891-PPSA20708_00-POGOSTICKCHAMPRG,499,499
13,UP0891-PPSA07491_00-RGSCASTLEFORMERS,499,499
13,UP0891-PPSA08627_00-RAGARENASOFTANKS,499,499
13,UB0337-PPSA30207_00-0306809486350235,299,299
13,UP4312-PPSA08684_00-2697762048056795,299,299
13,UP0891-CUSA12587_00-RGSUPERDESTRONAU,499,499
13,EP0896-PPSA29750_00-SQUAREBROTHERSRG,499,499
13,EP0896-PPSA28338_00-NICOSAVESTHESARG,499,499
13,UP2005-PPSA28552_00-STARLIGHTRIDERS0,499,499
13,UP2005-PPSA19353_00-BURNINGSECRETS00,499,499
13,UP2005-PPSA13874_00-STICKMANSARENA00,499,499
13,UP0891-PPSA15461_00-ULTRAPIXELSURVRG,499,499
13,UP2005-PPSA27073_00-OWLPROJEKTTWO000,499,499
13,UB0249-CUSA59488_00-0935037880437399,299,299
13,UP2005-CUSA26690_00-DUNGEONESCAPE000,499,499
13,UP6963-PPSA22324_00-0472591620474515,299,299
13,EP0896-PPSA29838_00-PREHISTORICGALRG,499,499
13,UP3789-CUSA40341_00-0000000000000000,499,499
13,UP7617-CUSA37184_00-9875632321792654,499,499
13,UP0891-PPSA19538_00-DRFRANKSBUILDARG,499,499
13,UP5155-CUSA20291_00-KAWAIIDDS0000000,399,399
13,UP2005-PPSA35905_00-DOLLDEFENDERS000,499,499
13,UP2005-PPSA07597_00-BACKAGAIN0000000,299,299
13,UP2005-CUSA28660_00-GLOGAME000000000,499,499
13,UP4384-CUSA40805_00-AABUNDLEVOL01PS4,499,499
13,UP2158-CUSA48573_00-FROGUEGAME0PS4NA,499,499
13,UP2005-PPSA22886_00-GLYPHSOFGITZAN00,499,499
13,UP0891-PPSA10589_00-RATAGAPETSATWORK,499,499
13,UP0969-CUSA28155_00-0000000000000000,499,499
13,UP2005-PPSA13398_00-POCKETWITCH00000,499,499
13,UP0891-PPSA09416_00-RATAGAMAFROGSJOB,499,499
13,UP2005-PPSA24307_00-MOEWAIFUHGENIUS0,499,499
13,UP0891-PPSA05776_00-RGGARDENERPATH00,499,499
13,UP0891-CUSA16358_00-RGSUPERWILOODEMK,499,499
13,UP2005-PPSA21391_00-RATYRINTH0000000,499,499
13,UP0891-PPSA04899_00-RATALAIKADOJORAN,499,499
13,UP4384-CUSA28285_00-FQBUNDLE3IN10000,499,499
13,UP2158-CUSA26003_00-SPOOKYCHQUBYTENA,499,499
13,UP2005-PPSA06370_00-IMMORTUSTEMPORUS,499,499
13,UP2005-PPSA25725_00-MOEWAIFUHBLOCKBL,499,499
13,UP0891-PPSA06395_00-MEKABOLTPLUS0000,499,499
13,UP0891-PPSA04414_00-RGONEEYEDLEEDINN,499,499
13,UP4312-PPSA09869_00-9217757672899186,299,299
13,UB0701-PPSA25293_00-0913910413223891,299,299
13,EP1762-PPSA33333_00-BROKNATALTAILPS5,299,299
13,UP0891-PPSA06193_00-RATALAIGAMKINDUO,499,499
13,UP2005-PPSA17285_00-THETRAVELERSPATH,499,499
13,UP0891-CUSA15807_00-RATGAPARADOXSOUL,499,499
13,UP2005-PPSA13944_00-MWHGAME000000000,499,499
13,UP2005-PPSA17290_00-MASTERMAKER3DULT,499,499
13,UP0891-PPSA09220_00-RATALAIKAGRUNOUT,499,499
13,UP6695-PPSA18803_00-BROKENPIPE0PS5NA,399,399
13,UP2005-PPSA27602_00-MECHANITA0000000,499,499
13,UP2979-CUSA07748_00-SKYFREERANGEFOUR,499,499
13,UP0891-PPSA02925_00-RATATHUNDERFLASH,499,499
13,UP0891-PPSA06998_00-RATAGAHELLGUNNER,499,499
13,UP2005-PPSA28755_00-MWHPUSHBOX000000,499,499
13,UP4384-CUSA40239_00-8FLOORBUNDLE3IN1,499,499
13,UP4384-CUSA42484_00-NEWLANDSBUNDLEPS,499,499
13,UP6695-PPSA18703_00-BLINPOSTMANPS5NA,399,399
13,UP0891-PPSA14683_00-WORKINGHARDCOLRG,499,499
13,UB0337-PPSA29358_00-0255309356446386,299,299
13,UP0891-CUSA15809_00-RATAGAMDEEPSPACE,499,499
13,UP2005-PPSA28526_00-CRIMEOPERAFANDIS,299,299
13,UP2005-PPSA19490_00-FROGGIE000000000,499,499
13,UP2005-PPSA05417_00-ARSONISTHEAVEN00,499,499
13,UP2005-PPSA30653_00-SECRETPAWS000000,499,499
13,UP7958-CUSA40379_00-MIDNIGHTISLOSTNA,399,399
13,UP2158-CUSA31222_00-6293013585316676,399,399
13,UP6927-PPSA09562_00-0345885876608731,299,299
13,UP2005-PPSA16522_00-FEEBLELIGHT00000,499,499
13,HB1367-PPSA29018_00-0459066838610450,399,399
13,UP0891-PPSA03575_00-RAGACROSSTHEMOON,499,499
13,EP0896-PPSA27280_00-LULUSTEMPLERATGA,499,499
13,UB0337-PPSA30180_00-0105479038581138,299,299
13,UP4384-CUSA37612_00-GGRETURNOFQUEENU,499,499
13,UP4235-CUSA06154_00-K4EHOLIDAYBUNDLE,399,399
13,UP5155-PPSA04745_00-1523959318404439,499,499
13,UP2005-PPSA16528_00-ALIVEPAINT000000,499,499
13,UP6472-PPSA05582_00-DOUBLESHOTGALS00,499,499
13,UP0891-CUSA18862_00-RATAGATHUNDERPAW,499,499
13,UP7617-CUSA40696_00-0699053035324113,499,499
13,UP0891-PPSA07775_00-RATALAIKAGAMETEN,499,499
13,UP0891-CUSA06485_00-RATAG0TWINROBOTS,499,499
13,UP2005-PPSA23607_00-NINPOBLAST000000,499,499
13,UP0891-CUSA15803_00-RGATTACKTOYTANKS,499,499
13,UP2005-PPSA22829_00-GHOSTTEENESCAPE0,499,499
13,UP2005-PPSA25809_00-OWLPROJEKT000000,499,499
13,UP0891-PPSA02655_00-RGFREDDYSPAGHETT,499,499
13,UP2005-PPSA05219_00-TWENTYBUNNIES000,499,499
13,EP5987-PPSA30926_00-ULGHOOKCEPS50001,499,499
13,UP2005-PPSA03254_00-HELLGAME00000000,499,499
13,UP1778-PPSA06665_00-DEMETRIOSPS50000,499,499
13,UP0891-CUSA14154_00-RATARANDOMHEROES,499,499
13,UP8255-PPSA37763_00-PROJECTSNAQEPS50,299,299
13,UP2005-PPSA03289_00-MINAANDMICHI0000,499,499
13,UP3789-CUSA14288_00-0000000000000000,499,499
13,UP6695-PPSA18807_00-CUBEDECIDERPS5NA,399,399
13,UP2158-CUSA26001_00-SAVAGEHAQUBYTENA,499,499
13,UP4947-CUSA39413_00-TILTINGTILESBUND,499,499
13,UP4947-PPSA23047_00-BOUNCECHALLENGE1,399,399
13,UP0891-CUSA17532_00-RATALAIKFOXYLAND,499,499
13,UP0891-PPSA05315_00-RATAGNIGHTLIGHTS,499,499
13,UP0891-PPSA13761_00-BUMBALLONRATAGAM,499,499
13,UP0891-CUSA20253_00-RATAGACLASHFORCE,499,499
13,UP2005-PPSA27201_00-RUNNYBUNNY000000,499,499
13,UP4384-CUSA41460_00-AABUNDLEVOL02PS4,499,499
13,UP5598-CUSA37746_00-0357835503267429,299,299
13,UP6927-PPSA08889_00-9651393086138966,299,299
13,UP0891-PPSA13729_00-RGCYBERHEROESARE,499,499
13,UP0891-PPSA03728_00-RATAGAMEGUTWHALE,499,499
13,UP4947-PPSA25711_00-FIRESOFINDUSTRY1,299,299
13,UP0723-CUSA04498_00-BLUCOLLARGAMEPS4,499,499
13,UP3876-CUSA17311_00-AVATARSKOROTAMA0,499,499
13,UP4384-CUSA40614_00-EMERGENCYCREWPS4,499,499
13,UP4384-CUSA14447_00-GGLOSTKING00000U,499,499
13,UP4947-PPSA21409_00-ANNIHILATIONFULL,499,499
13,HB1408-PPSA32915_00-0128752644038477,349,349
13,UP4384-CUSA10699_00-GG4PS4000000000U,499,499
13,UP4312-PPSA10637_00-8867069087767685,299,299
13,UB0337-PPSA30434_00-0710413934950241,299,299
13,UB0438-PPSA20414_00-0172461368966976,299,299
13,UP4384-CUSA14444_00-LATIMEMACHINE00U,499,499
13,UP4384-CUSA14445_00-LAGOLDNISLDPS40U,499,499
13,UB0337-PPSA29721_00-0858148506554348,299,299
13,UP0891-CUSA15804_00-RAGANEONJUNCTION,499,499
13,UB0337-PPSA30530_00-0237544954333529,299,299
13,UB0706-CUSA47860_00-0000SORAJATOWERS,299,299
13,UP3735-CUSA18599_00-EDUMPSTERBEARTWO,499,499
13,UP2005-PPSA09594_00-SJJBGAME00000000,499,499
13,JB1853-PPSA32004_00-0319738371279835,249,249
13,UP4384-CUSA42488_00-NEWLANDS30000PS4,499,499
13,UP4384-CUSA42486_00-NEWLANDS20000PS4,499,499
13,UP5155-CUSA28654_00-3960377716194123,499,499
13,UP4947-CUSA30441_00-TILTINGTILESFULL,499,499
13,UP5155-CUSA20445_00-BDTHS00000000001,499,499
13,UP6927-PPSA08748_00-9423686890466194,299,299
13,UP3789-CUSA45402_00-0000000000000000,499,499
13,UP4384-CUSA28283_00-GGHALLOWEEN0PS4U,499,499
13,UP6927-PPSA09419_00-4411350305910609,299,299
13,UP0891-CUSA25231_00-RGVERABLANCFULLM,499,499
13,UP4384-CUSA37610_00-ROADSOFTIME00PS4,499,499
13,UP0891-PPSA06102_00-RGSUPERONIONBOY2,499,499
13,UP4713-CUSA27044_00-8070363471455027,499,499
13,UP0891-PPSA04142_00-RATAGAAPPLESLASH,499,499
13,UP2005-PPSA03299_00-RAGEAMONGTHESTAR,499,499
13,UP4384-CUSA10413_00-GG1PS4000000000U,499,499
13,UP0891-CUSA10782_00-RATAGWARLOCKSTOW,499,499
13,UP3515-CUSA25445_00-SANTASXMASADVUSA,399,399
13,EP1612-PPSA26209_00-PIXICHARMCOLLEC1,399,399
13,UP3789-CUSA19055_00-0000000000000002,499,499
13,UP4947-CUSA28775_00-GEMCOLLECTORBUND,299,299
13,UP0891-CUSA26227_00-RGVERABLANCGHOST,499,499
13,UP4384-CUSA13717_00-LOSTARTFSPS4000U,499,499
13,UP4384-CUSA28282_00-GGCHRISTMASSTORY,499,499
13,UP4384-CUSA40342_00-LAMYSTERIOUSBOOK,499,499
13,UP0891-CUSA18493_00-RATAGAMEBLINDMEN,499,499
13,UP4384-CUSA39526_00-ROYALROADS200PS4,499,499
13,UP4384-CUSA13759_00-ROYALROADSPS400U,499,499
13,UP0891-CUSA20254_00-RGULTRAHATDIMENS,499,499
13,UP4384-CUSA10415_00-GG3PS4000000000U,499,499
13,UP4235-CUSA02906_00-TOM4BCK4EPS40000,499,499
13,UP4384-CUSA10414_00-GG2PS4000000000U,499,499
13,UB0337-PPSA30371_00-0930529272668562,299,299
13,UB0108-PPSA28149_00-0943583078488780,499,499
13,UP6695-CUSA40631_00-CUBICLIGHTGAMENA,299,299
13,UP6695-CUSA33915_00-CUBICLINESNAGAME,299,299
13,UP7862-PPSA30333_00-0962699418994082,499,499
13,EP0896-PPSA23754_00-ADVENTURESINTIRG,499,499
13,UP2158-CUSA24410_00-FLATV2PS4QUBYTNA,399,399
13,UP2158-CUSA31749_00-FLUFFYCUBEDPS4NA,399,399
13,UP2158-CUSA34498_00-GEOMEFEELBEATSNA,499,499
13,UP2158-CUSA34420_00-HSSKULLWESTPS4NA,399,399
13,UP2158-CUSA43875_00-HIDDENSHAP3PS4NA,499,499
13,UP8799-CUSA43761_00-0106014835699933,499,499
13,UP2158-CUSA46402_00-MUSTACHEINHELLNA,499,499
13,UP2158-CUSA35420_00-SHAPESHOOTEPS4NA,399,399
13,UP2158-CUSA45910_00-SOKOWINTER0PS4NA,499,499
13,JB2238-PPSA35870_00-0588301512156043,999,999
13,UP1003-PPSA01880_00-PROJECTSILVER000,999,999
13,UP1003-PPSA09477_00-QUAKE20000000000,999,999
13,UP1003-PPSA21444_00-OSIRIS2000000000,999,999
13,UP4004-CUSA24795_00-1829771202982795,999,999
13,HP7254-PPSA24111_00-0714242922183498,899,899
13,UP1003-CUSA16286_00-DOOM030000000000,999,999
13,HP7254-PPSA36061_00-0884867920079607,999,999
13,UP2139-CUSA02433_00-QUIPLASHJBGPS410,999,999
13,UP0700-PPSA18708_00-DEATHNOTE0000000,999,999
13,UP7236-PPSA28966_00-0027446772030123,999,999
13,UP2719-CUSA06152_00-TALISMANDIGIEDIT,999,999
13,EP3643-PPSA24328_00-0598840476333367,999,999
13,UP6535-PPSA31081_00-0946143006355926,999,999
13,UP4389-PPSA18070_00-AITDNEWNIGHTMARE,999,999
13,UB0990-PPSA26015_00-0113683755550605,999,999
13,UP1001-CUSA30035_00-000PAWPAWSIEAPS4,999,999
13,UP4179-CUSA09428_00-SKYFORCERELOADED,999,999
13,UP0913-CUSA32336_00-2571996660185023,999,999
13,UP4004-CUSA23887_00-60PARSECS0000000,999,999
13,UP0969-CUSA05694_00-MOMODORA0000US00,999,999
13,UP8489-PPSA24270_00-0499283180274839,999,999
13,HB1129-PPSA28088_00-0703447221421669,999,999
13,UP2139-CUSA04949_00-JBGDRAWFULTWOPS4,999,999
13,UP4489-CUSA56857_00-0681450693375918,999,999
13,UP2077-CUSA01316_00-RETROCITYRAMPAGE,999,999
13,UP7555-PPSA19770_00-0634489149900277,999,999
13,UP2139-CUSA00946_00-FIBBAGEGAMEPS401,699,699
13,EP5987-PPSA26564_00-0550032374932637,999,999
13,UP4384-CUSA06162_00-MDPS40000000000U,699,699
13,UP5807-CUSA26985_00-0101776665121890,799,799
13,EP5470-PPSA25222_00-0977611458339580,999,999
13,UP3535-PPSA16750_00-0194917150594610,999,999
13,UP6502-CUSA30204_00-2163103184533696,999,999
13,UP4384-CUSA04651_00-BUNDLEASPS40000U,799,799
13,UB0108-CUSA59013_00-0250130501384785,999,999
13,UP4489-CUSA08214_00-0257157051745164,999,999
13,UP3202-PPSA34895_00-0121985794720991,899,899
13,UP5807-CUSA30142_00-1112594402351305,999,999
13,UP4384-CUSA06156_00-ISBUNDLEPS400000,699,699
13,UP1778-PPSA06876_00-DEMONPS500000000,999,999
13,UP5875-CUSA25365_00-1819942754157859,999,999
13,UP4179-CUSA04445_00-SKYFORCEANNIVERS,999,999
13,UP1470-CUSA13469_00-XENONRACER2030XR,999,999
13,UP3202-PPSA34899_00-0034540061405510,999,999
13,UP2127-CUSA00708_00-RACETHESUNPS4001,999,999
13,UP2833-CUSA57112_00-0264357174173818,599,599
13,UP6410-CUSA53619_00-0457773201980063,999,999
13,UP2005-PPSA28623_00-KEEPERSTOLL00000,699,699
13,JP0571-PPSA35866_00-HAMPRDC000000001,999,999
13,EP4389-PPSA24515_00-EMUPS1ALONEDARK2,999,999
13,UP3177-PPSA22107_00-0653331621147838,999,999
13,EP5506-PPSA34410_00-ELSDMT2000000000,699,699
13,EP8733-PPSA22450_00-0375647599448716,999,999
13,UP3177-PPSA19152_00-0956465362695730,999,999
13,UP3643-CUSA09747_00-0000000MINITGAME,999,999
13,UP3535-PPSA16469_00-0384275468741037,999,999
13,UB0640-PPSA25236_00-0000000000000001,999,999
13,UP0891-CUSA14441_00-RATALAIKAGIANDME,999,999
13,EB2488-PPSA35892_00-0128404873527324,999,999
13,UP4489-CUSA00748_00-ANOTHERWORLD0000,799,799
13,UP6472-PPSA20812_00-SAKURASUCCUBUS70,999,999
13,UP2005-PPSA29729_00-SUPERMININGMECHS,999,999
13,EP1762-PPSA32853_00-BROKTBRAWLBARPS5,999,999
13,UP3362-CUSA12099_00-0015632563624925,999,999
13,UP6261-PPSA27019_00-0679710665118767,999,999
13,JP0122-PPSA33813_00-0263302735966416,999,999
13,UP4618-CUSA14991_00-NEXTGENSANDBOX01,999,999
13,UP2194-CUSA16029_00-PSRDEERHUNTINPRO,999,999
13,UP4384-CUSA04650_00-DGDDDKPS4000000U,599,599
13,EP4902-PPSA26570_00-0196823586533255,999,999
13,UP2005-CUSA17582_00-GUNLORDX00000000,999,999
13,UP5807-CUSA18507_00-WRI001FFSCEA0001,799,799
13,UP6472-PPSA29041_00-SAKURABUNNYGIRLS,999,999
13,UP5223-CUSA33723_00-BEASTSPS4SIEA000,999,999
13,UB0836-PPSA32110_00-CLAWPUNKSTANDARD,999,999
13,UP4384-CUSA06161_00-FDNMPS400000000U,699,699
13,UP4654-CUSA12796_00-0000000000000002,999,999
13,UP4312-CUSA44538_00-0284123436011106,699,699
13,UP2158-CUSA30476_00-6367413835818672,799,799
13,UP2194-PPSA06970_00-PRODEEROUTWEST01,999,999
13,UP0842-CUSA15479_00-BATTLEPLANETUS00,999,999
13,EP0896-PPSA31542_00-SF3RARATALAGAMES,999,999
13,UP2005-PPSA20430_00-ANOTHERWORLDMAHJ,999,999
13,UP7631-PPSA28254_00-0836895081499552,699,699
13,UP4312-PPSA05984_00-9530196533995278,699,699
13,UP4312-CUSA29465_00-7046766857442812,699,699
13,UP2005-CUSA24125_00-PROJECTSTARSHIPX,999,999
13,UP0969-CUSA32805_00-SAMURAIBRINGER00,999,999
13,UP6472-PPSA20810_00-SAKURAMELODY0000,999,999
13,EP7256-PPSA33996_00-0393030144564394,999,999
13,UB1011-PPSA24323_00-0970094572187472,799,799
13,EP0896-PPSA35394_00-ADVENTUROUSSLIRG,599,599
13,EP0896-PPSA28255_00-1989AFTERTHEWARG,599,599
13,UP8703-CUSA49135_00-0094866556872118,999,999
13,UP8101-PPSA14637_00-ROLLERDRAPS5SIEA,999,999
13,UP2194-CUSA20143_00-PSRPRODEERHUNT02,999,999
13,UP4384-CUSA04648_00-DOODLEGODPS4000U,599,599
13,UP1918-CUSA08151_00-0004334033028820,999,999
13,UP2833-CUSA55666_00-5000000000000000,799,799
13,UP4384-CUSA06158_00-RDITPS400000000U,699,699
13,UP5631-CUSA24970_00-0123012301230123,999,999
13,UP2158-PPSA33074_00-SHROOMTOPIAQBPS5,999,999
13,UP2158-PPSA18424_00-BEMFEITOREGPS5NA,999,999
13,UP2158-CUSA44375_00-CHIPMONK000PS4NA,999,999
13,UP4312-PPSA07826_00-8546328342889320,699,699
13,UP2158-PPSA27767_00-DEEPNIGHTMARE5NA,999,999
13,UP1778-PPSA06874_00-RIDDLEDPS5000000,999,999
13,UP2005-PPSA26579_00-MAKISADVENTURE00,999,999
13,UP2632-CUSA05857_00-RRGRANDPRIX00000,799,799
13,UP1715-PPSA15181_00-0666230690091105,999,999
13,UP1715-PPSA07650_00-3521365639063785,999,999
13,UP8703-CUSA48803_00-0831668180832115,999,999
13,UP7543-PPSA21208_00-0605121123900610,849,849
13,UP4489-CUSA16122_00-TRUEFEAR20000000,999,999
13,UP4312-PPSA19636_00-0929643594609889,699,699
13,UP2060-CUSA07381_00-DARKEYEBUNDLENA0,599,599
13,UP1778-PPSA06872_00-XENONPS500000000,999,999
13,UP4293-CUSA12186_00-ALLSTARFRUITRACE,999,999
13,UP6927-PPSA08285_00-2462280622686068,599,599
13,UP4480-CUSA17285_00-ETERNUMEX0000001,999,999
13,EP0896-PPSA35803_00-NINJORAECHOESRAG,599,599
13,UP2194-CUSA07266_00-PSRDEERSIMULATOR,999,999
13,UP4312-PPSA07998_00-0146050116645219,699,699
13,UP2005-PPSA14371_00-NEKOHOMECOMING00,999,999
13,UP4312-PPSA23269_00-0743377088294630,699,699
13,UP0891-PPSA05781_00-RATALAIKAG6SOULS,799,799
13,UB0985-PPSA28798_00-0224385292822507,999,999
13,UP6472-PPSA15846_00-WOULDYOULIKETOR3,799,799
13,UP2158-CUSA29387_00-REDRONINQUBYTENA,799,799
13,UP5155-PPSA08453_00-3796156147062627,999,999
13,UP0891-PPSA19862_00-SKELERBOYRATAGAM,799,799
13,EP5987-PPSA28175_00-ULGZOMBIEDEF0001,799,799
13,UP2158-CUSA33972_00-RADICALREX1PS4NA,799,799
13,UP3515-CUSA30200_00-WORLDQUIZUSA0000,999,999
13,UP4312-CUSA30173_00-4543131837338268,699,699
13,EP6470-PPSA27749_00-FOTOBOYANEWJOB00,599,599
13,UP0969-CUSA28176_00-0000000000000000,999,999
13,UP4312-PPSA07530_00-2737856894469654,699,699
13,EP0896-PPSA27196_00-CHIBININJASHINRG,699,699
13,UP4312-PPSA06692_00-8689271015493387,699,699
13,UP2158-CUSA30550_00-6251718958726160,799,799
13,UP4312-CUSA55432_00-0052419034492376,699,699
13,UP4312-PPSA06759_00-0442292536037851,699,699
13,UP4384-CUSA08924_00-MCBUNDLEPS400000,699,699
13,UP4008-CUSA15508_00-RUGBY20SIEA00000,999,999
13,UP0406-CUSA05448_00-0000000000000000,999,999
13,UP2500-PPSA22776_00-US0HXANA00000PS5,799,799
13,UP0969-CUSA02130_00-PRISMATICSOLID01,999,999
13,UP5155-PPSA04755_00-4503127171747560,999,999
13,UP6927-PPSA27955_00-0479421900961655,699,699
13,UP4312-CUSA23333_00-5614802820302860,699,699
13,EB0107-PPSA20682_00-0689024586664775,999,999
13,UP1023-PPSA13232_00-MELONJOURNEYPS50,999,999
13,UP0785-CUSA27202_00-7330843699041645,699,699
13,UP0969-CUSA06015_00-KEROBLASTERUS000,999,999
13,UP2005-PPSA07011_00-RULENO1000000000,599,599
13,UP0891-PPSA04078_00-RGBAIQUHUNDREDSO,999,999
13,UP4384-CUSA06157_00-RDPS40000000000U,699,699
13,UP1440-CUSA10305_00-DAENASKYHILL0001,999,999
13,UP0891-CUSA12094_00-RGDEVIOUSDUNGEON,799,799
13,UP0891-PPSA15468_00-CYBERCITIZENSHRG,599,599
13,UP3876-CUSA11584_00-HIVEULTIMATEDIT0,999,999
13,UP1715-PPSA06688_00-4128751069253513,899,899
13,UP5155-PPSA07111_00-7115654380933880,999,999
13,UP6472-PPSA06756_00-WOULDYOULIKETOR2,799,799
13,EB0759-PPSA20537_00-0713525622545318,999,999
13,UP2005-PPSA18736_00-NEPHENTHESYS0000,599,599
13,UP4312-CUSA31110_00-7714035619826609,699,699
13,EB0719-CUSA53266_00-0833370351831037,799,799
13,UP6927-PPSA06531_00-1880383154468894,799,799
13,UP0891-CUSA16359_00-RATAGAMETHYSWORD,999,999
13,UP3515-CUSA40802_00-LUCKYSLOTS000USA,799,799
13,UP2005-PPSA05292_00-WINDOFSHURIKEN00,799,799
13,UP2194-CUSA12078_00-PSRELKSIMULATOR1,999,999
13,UP2005-PPSA04129_00-VENUSIMPROBDREAM,999,999
13,UP0891-PPSA10727_00-RAGAMLOOTBOXLYFE,999,999
13,JP7359-PPSA34689_00-0993881333363509,799,799
13,UP2005-CUSA19060_00-TASKFORCEKAMPAS0,599,599
13,UP2005-PPSA24546_00-DAMIKIRA00000000,799,799
13,UP7543-CUSA53608_00-0509655357688826,899,899
13,UP4312-PPSA07468_00-5328269143438344,699,699
13,UP1415-PPSA06932_00-7915273023838392,699,699
13,UB0985-PPSA23976_00-0833884858420168,999,999
13,UP4312-PPSA05982_00-9761636322919546,699,699
13,EP0896-PPSA27090_00-FEUDALBROSTONORG,599,599
13,UB0797-CUSA48503_00-0088906509369029,999,999
13,UP2005-PPSA13234_00-NEKOJOURNEY00000,999,999
13,UB0990-PPSA30535_00-MICHELANGELOSIMU,599,599
13,UP1063-CUSA07034_00-TDFFPSPS4EDITION,999,999
13,UP6472-PPSA19623_00-SAVETHEWORLD0000,599,599
13,UP7617-CUSA43226_00-0871852361637267,599,599
13,UP2005-PPSA07243_00-BOOKQUEST0000000,699,699
13,UP4384-CUSA06159_00-TDBUNDLEPS400000,699,699
13,UP2005-PPSA15345_00-PG2048STRIKEGAME,699,699
13,UB0528-CUSA51883_00-0551986827992026,799,799
13,UP2005-PPSA23608_00-WALKINGSIMULATO2,699,699
13,UP7543-CUSA34738_00-2635386857652118,649,649
13,UP0891-PPSA08434_00-RGAVENGINGSPIRIT,599,599
13,UP3696-PPSA22110_00-DISASTERBANDNA00,999,999
13,UP5552-CUSA16598_00-WHIPSEEY00000000,599,599
13,UP5155-PPSA14737_00-VSR0000000000000,999,999
13,UP2005-PPSA04294_00-ENTERDIGITON0000,799,799
13,UP3515-CUSA45235_00-UNBLOCKNOWUSA000,899,899
13,UP2005-PPSA13868_00-PGTILEMATCH00000,599,599
13,UP4312-CUSA45686_00-0598884563626172,699,699
13,UP4384-CUSA04649_00-DOODLESGGSBUNDLE,599,599
13,UP6927-PPSA16186_00-0049827235963687,699,699
13,UP4312-CUSA26802_00-4216599499046547,699,699
13,UP0891-PPSA08994_00-WONDERLANDNIGHRG,699,699
13,UP4312-CUSA26982_00-7057380361995778,699,699
13,UP4312-PPSA03802_00-0945734019688944,699,699
13,UP3515-CUSA41214_00-CELEBRITYSLOTUSA,799,799
13,UP2005-PPSA05444_00-PGMAHJONGSOLBLUE,599,599
13,UP3515-CUSA13812_00-CRASHDUMMYSIEA00,999,999
13,UP0891-CUSA20327_00-RAGJETSETKNIGHTS,999,999
13,UP2005-PPSA06818_00-ZWARP00000000000,699,699
13,UP4312-CUSA28955_00-8223402380749631,699,699
13,UP3643-PPSA12382_00-KARMAZOOPASTDDNA,999,999
13,UP4384-CUSA06160_00-FDPS40000000000U,699,699
13,UP4040-CUSA03127_00-VIRGINIA00000001,999,999
13,UP5707-CUSA36750_00-0410748007032295,799,799
13,UP4947-CUSA17893_00-MAZEGAMEFULL1234,999,999
13,UP0891-PPSA05785_00-RATALAIKAGKANSEI,799,799
13,EP4897-PPSA33094_00-0059554476238882,999,999
13,UP2005-PPSA05279_00-THUNDERKIDTWO000,799,799
13,UP2158-CUSA44383_00-GOURMETWARRIORNA,999,999
13,UP3515-CUSA15416_00-HORIZONSHIFT81US,899,899
13,UP7617-CUSA47664_00-0934176150580368,699,699
13,UP4384-CUSA07851_00-PORTALOFEVIL000U,999,999
13,UP3515-CUSA26688_00-ROADFURYUS000000,899,899
13,UP4384-CUSA40729_00-ROYALROADS300PS4,899,899
13,UP4370-CUSA05268_00-UNHOLYHEIGHTS000,699,699
13,UP3515-CUSA27656_00-DARKTHRONESUS000,899,899
13,UP3515-CUSA42659_00-ZOMBIETOWNSIEA00,799,799
13,UP5155-PPSA14747_00-LOSTANDTHEWICKED,999,999
13,UP2060-CUSA05680_00-VALHALLAHILLS100,999,999
13,UP3515-CUSA39374_00-TASTYSLOT0000USA,799,799
13,UP6472-PPSA15850_00-SABLESGRIMOIREME,599,599
13,UP2005-PPSA06031_00-TKTN000000000000,699,699
13,UP6927-PPSA27958_00-0203860282237168,699,699
13,UP3515-CUSA41232_00-JIGSAWPUZZLEFEUS,799,799
13,UP4312-CUSA27240_00-4957888718283912,699,699
13,UP7552-PPSA32111_00-0166822221804032,899,899
13,UP2005-PPSA07473_00-PGSPEED000000000,599,599
13,UP0891-CUSA19613_00-RGSTRAWBERRYVINE,999,999
13,UP7617-CUSA36333_00-3860354405742074,999,999
13,UB0383-PPSA21175_00-0659515383924201,999,999
13,UP3515-CUSA07572_00-000GEMSMASHERS3D,599,599
13,UP4312-CUSA29632_00-4108000709241695,699,699
13,UP0891-PPSA06119_00-RAGAMOTOROADERMC,699,699
13,UP1643-CUSA13543_00-SEASONMATCH20000,999,999
13,UB0528-CUSA52995_00-0345972419005314,799,799
13,UP2005-PPSA05282_00-ESCAPEFROMTERROR,999,999
13,UP6883-CUSA40198_00-0184027766381789,999,999
13,UP4384-CUSA08923_00-MAHJONGGOLD0PS4U,699,699
13,UP4384-CUSA08922_00-MAHJONGCARN0PS4U,699,699
13,UP5155-PPSA05811_00-KARGAST000000000,999,999
13,UP0891-PPSA07085_00-RATGAFLOWERSHOP1,999,999
13,UP2158-PPSA25389_00-DEATHELEVTRPS5NA,999,999
13,UP3643-PPSA09719_00-7506702877332712,999,999
13,UP5155-PPSA04305_00-2442738277743180,699,699
13,UP4384-CUSA50207_00-IRONHEART000PS4U,999,999
13,UP7631-PPSA26906_00-0488813803534574,549,549
13,UP6927-PPSA06850_00-8978640013106703,599,599
13,UP4384-CUSA08925_00-MAHJONGRLTW0PS4U,699,699
13,UP7631-PPSA28146_00-0091199597395740,549,549
13,UP6718-CUSA35823_00-1906616330920827,999,999
13,JP0571-PPSA38277_00-HAMPRDC000000001,999,999
13,JP0571-PPSA37038_00-HAMPRDC000000001,999,999
13,UP4384-CUSA41321_00-AAPANDORASBOXPS4,899,899
13,UP0891-CUSA19576_00-RGSUMMERSHIBAINU,999,999
13,UP5192-CUSA25815_00-0597171403187555,599,599
13,UB0760-CUSA53586_00-0332289275708793,799,799
13,UP3515-CUSA11934_00-CHICKENRANGE0000,999,999
13,UP3515-CUSA15417_00-CONTRAPTIONSVER1,999,999
13,UP8435-CUSA49184_00-0657191744741119,549,549
13,UP4312-CUSA33939_00-4541677893355682,699,699
13,UP2158-PPSA35631_00-PLUNGEEZPLAYSTA5,999,999
13,UP2158-CUSA43836_00-RISKYWOODS0PS4NA,999,999
13,UP4312-CUSA27525_00-4204303332913026,699,699
13,UP2979-CUSA04416_00-SKYF2GACHDUINEP4,799,799
13,EB0432-CUSA56063_00-0014127299790962,699,699
13,UP6881-CUSA45189_00-0859086875706191,999,999
13,UP3515-CUSA23557_00-TERRABOMBERUS000,999,999
13,UP3515-CUSA18898_00-TERRALANDERUSA00,999,999
13,UP3515-CUSA18899_00-ROCKSLIDERESCUUS,999,999
13,UP0891-PPSA09577_00-RGTHEDARKPROPHEC,999,999
13,UP2158-CUSA35454_00-SAMURAIPIKOPS4NA,999,999
13,UP1570-CUSA24233_00-7613959156327874,949,949
13,EP6985-PPSA35925_00-0563617370999178,999,999
13,UP7974-CUSA35938_00-8463792798482381,999,999
13,UP4312-CUSA27417_00-3868904271116520,699,699
13,UP2158-CUSA13316_00-VASARAHDCOLLEPS4,999,999
13,UP4082-CUSA47087_00-0973677262245290,999,999
13,UP7993-PPSA35885_00-0684356003958864,999,999
13,UP1003-CUSA00132_00-TESOCP2025BUNDLE,1999,1999
13,UP2154-CUSA04794_00-GANGBEASTSPS04NA,1999,1999
13,EP7789-PPSA09030_00-5648706170853559,1999,1999
13,UP1003-PPSA09016_00-FO4ANNIVERSARYED,1999,1999
13,UP0700-CUSA02412_00-NARUTOUNS4000000,1999,1999
13,UP1018-CUSA00083_00-LEGOMARVEL000000,1999,1999
13,UP0006-CUSA05770_00-BATTLEFRONTII000,1999,1999
13,UP4433-CUSA18779_00-ULTIMATEEDITION1,1999,1999
13,UP0001-CUSA00496_00-FC4GAMEPS4000001,1999,1999
13,UP0006-CUSA04027_00-TITANFALL2RSPWN1,1999,1999
13,UP0001-CUSA00021_00-WATCHDOGS0000000,1999,1999
13,UP4040-CUSA50541_00-CRIMEWAVENOUVEAU,1999,1999
13,UP1018-CUSA01939_00-SHADOWMORDORGOTY,1999,1999
13,EP5987-PPSA31325_00-ULGCRIMESIM00001,1999,1999
13,UP1003-CUSA02085_00-DOOMNORTHAMERICA,1999,1999
13,UP3643-PPSA07022_00-3600510866394395,1999,1999
13,UP0082-CUSA33837_00-FFBUNDLEPS4ENA06,1799,1799
13,UP0006-CUSA10863_00-PVZGW3BASEGAME00,1999,1999
13,UP0082-CUSA08749_00-FINALFANTASY80NA,1999,1999
13,UP3643-PPSA31872_00-0512776704708419,1499,1499
13,UP2047-CUSA01164_00-DIGISAINTSROW4NG,1999,1999
13,UP0082-CUSA01875_00-FINALFANTASY7ZZZ,1599,1599
13,UP3763-PPSA05593_00-ROAD96GEN9GAME00,1999,1999
13,UB1029-PPSA27066_00-0603988493438531,1499,1499
13,UP4064-CUSA05724_00-OVERCOOKED000000,1699,1699
13,UP0006-CUSA00640_00-SWBULTIMATEPREOR,1999,1999
13,UP0006-CUSA00453_00-PVZGWPS400000000,1999,1999
13,UP0700-PPSA06646_00-SMGDARKPICTURESB,1999,1999
13,UP1003-CUSA00314_00-WOLFENSTEIN00001,1999,1999
13,UP1003-CUSA00203_00-THEEVILWITHINENG,1999,1999
13,UP4108-CUSA00397_00-DW8WXLGAMEUS0000,1999,1999
13,UP1003-CUSA02218_00-DISHONOREDGAMENA,1999,1999
13,UP0177-PPSA02383_00-YLADL00000000000,1999,1999
13,UP2139-PPSA21821_00-0118158273073332,1999,1999
13,UP4108-CUSA10448_00-GAMEADDSEASONPAS,1999,1999
13,UB2030-PPSA37997_00-0637918884194509,1999,1999
13,HB1365-PPSA28242_00-0252377860068999,1499,1499
13,EP0001-PPSA33016_00-RAYMANNIVERSARY0,1999,1999
13,UP1090-CUSA09188_00-0000000000000000,1499,1499
13,UP2047-CUSA00623_00-M33REDUXDIGITAL1,1999,1999
13,UP2047-CUSA00997_00-DIGISAINTSROWGAT,1499,1499
13,UP0969-CUSA28368_00-9136974618081156,1999,1999
13,UP0406-PPSA05488_00-1992015946390275,1999,1999
13,JP0177-PPSA30247_00-VF5REVO30THANNIV,1999,1999
13,UP0700-CUSA07138_00-NARUTOUNS3000000,1999,1999
13,UP0082-CUSA00994_00-00000000SUZAKUNA,1999,1999
13,UP2047-CUSA00624_00-MLLREDUXDIGITAL1,1999,1999
13,UP2104-CUSA00196_00-OCTODADDADLIESTC,1499,1499
13,HP7254-PPSA31663_00-0054993326817343,1999,1999
13,UP0700-CUSA07136_00-NARUTOUNS1000000,1999,1999
13,HB1034-PPSA27121_00-0602044320444798,1499,1499
13,UP1018-CUSA00084_00-LEGOMOVIE0000000,1999,1999
13,UP4040-PPSA06381_00-UPSIEACAREXBEARX,1999,1999
13,UP6535-PPSA03594_00-4337367104000844,1799,1799
13,UP1003-PPSA26525_00-MEDUSA0000000000,1499,1499
13,UP8315-PPSA29912_00-0595309704131428,1699,1699
13,EP5360-PPSA23677_00-PLANETOFLANA02EU,1999,1999
13,UP0700-CUSA07137_00-NARUTOUNS2000000,1999,1999
13,UP5805-PPSA21998_00-0601561958036511,1999,1999
13,UP5784-CUSA30835_00-0225316917588223,1999,1999
13,UP3763-PPSA07585_00-ROAD96MILE0USPS5,1299,1299
13,UP8489-PPSA22453_00-0217126708396262,1999,1999
13,UP0969-PPSA06624_00-BMI0000000000000,1999,1999
13,UP3824-PPSA07655_00-3277117236728745,1999,1999
13,UP4040-CUSA03349_00-ABZUGAME00000000,1999,1999
13,EP4173-PPSA36965_00-0227053181028660,1699,1699
13,UP3535-PPSA22705_00-0681875739937887,1999,1999
13,UP4491-CUSA01037_00-SURGEONSIM000001,1299,1299
13,UP6972-PPSA34498_00-EATFIGHTLOVE2025,1999,1999
13,EP3185-PPSA26394_00-0379431818643473,1999,1999
13,UP7084-PPSA09115_00-GREENHELLVR00000,1999,1999
13,UP0406-PPSA03039_00-2395110143285364,1999,1999
13,HB1312-PPSA37308_00-0559372605998255,1999,1999
13,UP6163-PPSA12488_00-5233101333812786,1499,1499
13,UP4389-CUSA05233_00-SLUS214390000001,1999,1999
13,UP4774-PPSA20765_00-0000000000000000,1999,1999
13,UP1001-CUSA03817_00-TFTBL0000000GAME,1999,1999
13,UP1090-CUSA23338_00-CARNIVORESGAME00,1499,1499
13,UP2060-CUSA07103_00-SUDDENSTRIKE4444,1999,1999
13,EP7579-CUSA42062_00-CATQUESTTRILOGY0,1999,1999
13,UP1057-PPSA17454_00-0784781726538735,1999,1999
13,UP8490-PPSA27664_00-0241577075525214,1499,1499
13,EP4062-PPSA16211_00-METALEDENPS5SIEE,1999,1999
13,UP5155-PPSA27124_00-ISLETS0000000000,1999,1999
13,UP3643-CUSA18145_00-0000000000000000,1999,1999
13,UP0913-CUSA25661_00-5881778140490854,1999,1999
13,EP5050-PPSA20313_00-0749601018471028,1999,1999
13,UP5155-PPSA32706_00-ELEMENTALLIS0000,1799,1799
13,UP6261-PPSA03364_00-0791298347671021,1999,1999
13,UP0576-CUSA33146_00-KOF13PS4USDX0000,1859,1859
13,JP0122-PPSA25804_00-000000MOMODORAMF,1699,1699
13,UP0115-CUSA13038_00-ROADREDEMPTION00,1999,1999
13,UP1003-CUSA01540_00-WOLFENSTEINBLOOD,1999,1999
13,UP0462-CUSA05252_00-JAZZPUNK00000001,1499,1499
13,UP6718-PPSA36918_00-0038186100283177,1799,1799
13,UP1023-CUSA03812_00-NP10PS4HGBENG001,1999,1999
13,UP5428-CUSA44600_00-0160872199129342,1499,1499
13,UP5180-PPSA19451_00-PLANETOFLANA05US,1999,1999
13,JP8394-PPSA35117_00-0989343144090817,1999,1999
13,UP0082-CUSA00252_00-0322517110444958,1999,1999
13,EP2649-PPSA36581_00-0258959709525610,1599,1599
13,UP2344-CUSA13637_00-0151186080381928,1999,1999
13,JB1432-PPSA34456_00-0237244236150762,1149,1149
13,UP1023-CUSA03131_00-EARTHDEFFORCE4P1,1999,1999
13,UP0700-PPSA17841_00-UNKNOWN900000DLX,1999,1999
13,UP2005-PPSA25378_00-STARLIGHTLEGACY0,1299,1299
13,UP0082-CUSA00343_00-MURDEREDSOULSCEA,1999,1999
13,EB2107-CUSA56447_00-0876656149282510,1499,1499
13,EP5519-PPSA28609_00-0483708856339717,1999,1999
13,UP0031-CUSA03133_00-GAME000000000000,1999,1999
13,UP0700-CUSA02560_00-SWORDARTREHF000E,1999,1999
13,UB0714-CUSA49557_00-0564484695029743,1499,1499
13,EP7579-PPSA23767_00-BBAY000000000PS5,1999,1999
13,UB0714-CUSA48926_00-0019759591241073,1299,1299
13,UP8489-PPSA24268_00-0200966777747783,1499,1499
13,UP0292-PPSA01410_00-TRIBESOFMIDGARD0,1999,1999
13,UB1264-CUSA51951_00-0750535626778439,1499,1499
13,UP3643-PPSA24643_00-THEMESSENGERSIEA,1999,1999
13,UP2070-CUSA01104_00-PHEBUNDLEMEGA000,1999,1999
13,UP1562-CUSA10433_00-EVERSPACE0000000,1999,1999
13,UP1715-PPSA06456_00-8726752287742667,1299,1299
13,UP1845-CUSA13800_00-BSTUBCUSA1380000,1499,1499
13,EP4064-PPSA26923_00-0212072951814481,1999,1999
13,UP4040-CUSA07000_00-INDIVISIBLEGAME0,1999,1999
13,UB1486-CUSA53449_00-0079115779227998,1499,1499
13,UP3181-PPSA34955_00-0903927533886104,1999,1999
13,UP1014-CUSA06584_00-SLUS211710000001,1499,1499
13,UP2060-CUSA01216_00-00000000TROPICO5,1999,1999
13,UP0115-PPSA05408_00-7962076650946286,1999,1999
13,UP4064-CUSA18917_00-NEONABYSS0000000,1999,1999
13,UP2045-CUSA00151_00-GUACSTCE00000000,1499,1499
13,UP2158-PPSA22302_00-GLOVERGAME0PS5NA,1999,1999
13,UP4859-CUSA17159_00-CPSIEAMUGR000100,1999,1999
13,EP5291-PPSA25944_00-0460553555531695,1999,1999
13,UP0576-CUSA03751_00-SLUS218160000001,1499,1499
13,UP3535-PPSA14169_00-0325990934687311,1999,1999
13,UP4040-CUSA07006_00-HOWTOSUR2PS4SCEA,1499,1499
13,UP6360-PPSA27214_00-0491578894232718,1699,1699
13,UP4321-CUSA00369_00-COMPLETEBUNDLE01,1999,1999
13,UP2060-CUSA10217_00-RAILWAYEMPIREGMS,1999,1999
13,UP5820-CUSA27609_00-MBLAZE5US0UP5820,1999,1999
13,UP1440-PPSA17539_00-0647844356245450,1999,1999
13,UP6990-PPSA04354_00-0801952478920400,1999,1999
13,JP0013-PPSA31330_00-JP0ALPHA30000PS5,1999,1999
13,EB1737-PPSA37088_00-0361230927179686,1449,1449
13,UP3003-PPSA21809_00-0534722968620497,1999,1999
13,UP3696-PPSA08908_00-STARSANDPS5NA000,1999,1999
13,UP6301-CUSA29723_00-5210559248669930,1999,1999
13,UP1023-CUSA15506_00-TSANMHUS00000000,1999,1999
13,EP3024-PPSA31772_00-MADGAMESTYCO2PS5,1999,1999
13,UP0700-CUSA07993_00-AWVSSAOMT0000000,1999,1999
13,UP1495-PPSA03243_00-7342236139216396,1999,1999
13,UP2047-CUSA02039_00-RISEN3ENHANCED01,1999,1999
13,EP5987-PPSA31808_00-ULGOAGUILD000001,1499,1499
13,JP0122-PPSA25844_00-0000METALBRINGER,1999,1999
13,UP3535-PPSA12449_00-0534519505817661,1999,1999
13,UP0700-CUSA04924_00-PACMANCE2BUNDLE0,1299,1299
13,UP2500-PPSA05607_00-US0BOTSANDK00PS5,1999,1999
13,UP4008-CUSA15612_00-WRC8SIEA00000000,1999,1999
13,UP1440-PPSA23094_00-DAENATSORF0PS5NA,1999,1999
13,UP6088-PPSA19256_00-0323865325962370,1999,1999
13,UP1440-CUSA20431_00-DAENAUNRAILED001,1999,1999
13,UP3864-CUSA29757_00-UNSIGHTED000000A,1999,1999
13,UP1440-PPSA18380_00-AIKOSCHOICEPS5NA,1999,1999
13,UP0913-CUSA33926_00-2213124071231913,1999,1999
13,EP3024-PPSA29610_00-KNIFFELYAT2PS5WW,1999,1999
13,UP2680-CUSA20537_00-0000000000000000,1999,1999
13,UP4040-PPSA04717_00-EIYUDENRISINGPS5,1499,1499
13,UP5820-CUSA30454_00-2203375958585005,1999,1999
13,UB0675-PPSA35471_00-0821068578334461,1499,1499
13,UP5155-PPSA31581_00-WINDSWEPT0000000,1999,1999
13,UP4654-PPSA15792_00-0294189142232583,1499,1499
13,EP5987-PPSA28034_00-ULGPRESIDENT0001,1999,1999
13,UP5552-PPSA02688_00-8136906011826439,1999,1999
13,EP5095-CUSA55990_00-0872509746675532,1999,1999
13,UP3864-PPSA14425_00-MINEKOPS5NA00000,1999,1999
13,UP6312-PPSA34512_00-KILN000000000003,1999,1999
13,UP0002-CUSA26285_00-BLIZZ30A00000000,1999,1999
13,UP1440-PPSA21257_00-TNOTRPS5NA000000,1999,1999
13,UP3250-CUSA15037_00-DOORKICKERS0SIEA,1499,1499
13,UP0913-CUSA30926_00-2026842961700403,1999,1999
13,EP8204-PPSA19766_00-SPICAADVENTPS5EU,1999,1999
13,UB0429-CUSA47562_00-0236883203951565,1999,1999
13,UP3165-CUSA32141_00-MOORHUHNKART02US,1999,1999
13,UP7610-PPSA21720_00-0319726599762543,1999,1999
13,UP2985-CUSA27482_00-7128389828211774,1999,1999
13,UP4223-CUSA09510_00-COCONUTDETENTION,1299,1299
13,EP5987-PPSA27717_00-BARTENDERULG0001,1799,1799
13,UP4389-CUSA18980_00-NFH2020US0000000,1499,1499
13,UB1486-CUSA54340_00-0010859984137076,1499,1499
13,UP5805-CUSA47233_00-0050709204508097,1999,1999
13,UP4491-CUSA06054_00-SURGEONSIMVR0001,1999,1999
13,UP0913-PPSA22307_00-0180316664507147,1999,1999
13,UP0182-CUSA06100_00-FLASHBACK000VOL1,1999,1999
13,UP6946-PPSA23489_00-0910021951978746,1499,1499
13,HB1334-CUSA52852_00-0958353969404413,1499,1499
13,UP1003-CUSA23402_00-DOOM3VR000000000,1999,1999
13,UP2005-PPSA26114_00-MOVINGHOUSES0000,1299,1299
13,UB0836-PPSA25808_00-GRITANDVALOR1949,1999,1999
13,UB0797-CUSA50242_00-0629692492231080,1499,1499
13,UP7818-PPSA15258_00-0729324666947219,1999,1999
13,EP5987-PPSA34481_00-ULGPRIESTSIM0001,1999,1999
13,UP4729-PPSA22654_00-0099539752515450,1499,1499
13,UP8619-PPSA24933_00-0379752640750758,1999,1999
13,UP3177-PPSA15488_00-0721454533959365,1499,1499
13,UP0969-PPSA09593_00-00000000MARFUSHA,1199,1199
13,UP0005-CUSA04624_00-ROCKOFAGESIIXPS4,1499,1499
13,UP4034-CUSA11276_00-RICO000000000000,1999,1999
13,UP1063-CUSA08566_00-KBT4GAME00000001,1999,1999
13,UB1706-PPSA30061_00-0322970927542369,1549,1549
13,UP0406-CUSA25302_00-8397299735300170,1499,1499
13,UP1023-PPSA16840_00-0000000000000000,1999,1999
13,UP0576-CUSA08768_00-SSVS000000000PS4,1499,1499
13,UP0182-CUSA09458_00-FLASHBACK000VOL3,1999,1999
13,UP2715-CUSA20290_00-BUSDRIVERPS4NA00,1999,1999
13,UP2047-CUSA17782_00-WINDBOUNDGAMEUS0,1999,1999
13,UP2680-PPSA16665_00-0370904842766021,1999,1999
13,HP6961-PPSA25715_00-0070927794042303,1999,1999
13,UP0031-CUSA06963_00-GAMEDARKROSEUSA0,1999,1999
13,UP1063-CUSA05257_00-PS4GAME000000001,1999,1999
13,UP4382-PPSA16847_00-BULWAUSLECTORBUN,1999,1999
13,UP8665-PPSA15969_00-0716537119731847,1899,1899
13,UP6714-PPSA04867_00-LASTORICRU0000US,1999,1999
13,EP3185-PPSA26367_00-BASEGAME00000000,1999,1999
13,EP5206-CUSA55533_00-0069267288986111,1799,1799
13,UP2047-CUSA04460_00-DEADLIGHTPS40100,1499,1499
13,UP4293-CUSA09626_00-0000000000000000,1299,1299
13,UP3535-PPSA14005_00-0297859396070977,1999,1999
13,UP6261-PPSA06843_00-8352724509169192,1999,1999
13,UP1063-CUSA17443_00-LAMULANA1AND2BUN,1499,1499
13,UP3643-CUSA05616_00-0000000000000000,1499,1499
13,UP3165-CUSA44428_00-KNIFFELSCHMPS4US,1999,1999
13,UP4008-CUSA13551_00-FDSIEA0000000000,1999,1999
13,UP2158-PPSA28312_00-BEATEMUPCOLPS5NA,1999,1999
13,UP6893-CUSA51844_00-0429105288632564,1499,1499
13,UP0151-CUSA07076_00-BATTLECHEFBRIGAD,1999,1999
13,UB2022-PPSA32940_00-0380093495508608,1549,1549
13,UP5947-PPSA19042_00-0646863840997285,1499,1499
13,UP2077-PPSA02514_00-SHAKEDOWNHAWAII0,1999,1999
13,UP0895-CUSA12536_00-000000000WARTILE,1999,1999
13,UP5223-PPSA06289_00-CALICOPS5USAFULL,1199,1199
13,JP6388-CUSA52637_00-0670101124392632,1999,1999
13,UP0969-PPSA03464_00-MIGHTYGOOSE000US,1999,1999
13,UP1109-CUSA30917_00-8068569680702189,1999,1999
13,UP2329-CUSA08141_00-1234201622223333,1999,1999
13,EP5987-PPSA35185_00-ULGRALLYMECHA001,1999,1999
13,UP7818-PPSA15524_00-0614420363295200,1999,1999
13,EP6075-CUSA51919_00-0625622696243770,1999,1999
13,UP4729-PPSA12337_00-9608901067909596,1499,1499
13,UP1643-PPSA20738_00-GREEDSERIJDPS5US,1999,1999
13,UP2500-PPSA04344_00-US0ALPHAG0200PS5,1499,1499
13,UP5526-CUSA23663_00-KAIRO00000008000,1399,1399
13,UP2500-PPSA30741_00-US0AMENACE000PS5,1499,1499
13,JP0122-PPSA27709_00-0819535728056332,1199,1199
13,HP8406-CUSA51488_00-0279352094191566,1499,1499
13,UP6665-PPSA04070_00-R220000000000000,1999,1999
13,UP1850-CUSA04566_00-0000000000000002,1299,1299
13,UP4042-CUSA18429_00-CASTLESTORMII001,1999,1999
13,UP1195-CUSA14243_00-WTFIGHTERSPS4000,1999,1999
13,UP1440-PPSA18204_00-MAGINDELUXEPS5NA,1999,1999
13,UP0737-CUSA27439_00-0265103651506215,1999,1999
13,UP8703-CUSA48213_00-0308928132820832,1499,1499
13,JP0122-PPSA26962_00-0000000SNEZHINKA,1199,1199
13,UB0797-CUSA48488_00-0222400625431993,1499,1499
13,UP8012-CUSA43731_00-PSSPARASOLSPS4NA,1299,1299
13,UB1220-CUSA55294_00-0097739234050744,1499,1499
13,UP7315-PPSA19800_00-GERARRANGERARRAN,1999,1999
13,UP5155-PPSA27356_00-KINGDOMSHELL0000,1799,1799
13,EP0782-PPSA31661_00-0299604825142456,1499,1499
13,UP2777-PPSA13948_00-0469292323799730,1499,1499
13,UP2628-CUSA13253_00-XENOCRISIS000000,1999,1999
13,UP3864-PPSA17278_00-WTIRONHOT00PS5NA,1999,1999
13,JP0118-CUSA56365_00-0282353354247091,1999,1999
13,UP3177-CUSA40684_00-0000000000000000,1499,1499
13,UP3740-CUSA10257_00-DAZWGAMEANDPACKS,1999,1999
13,UP2764-CUSA19361_00-PROJECTWARLOCKUS,1499,1499
13,UP4729-PPSA07278_00-6495696666437970,1499,1499
13,UP7680-PPSA16677_00-HAUNTIISIEAPS500,1999,1999
13,UP3696-PPSA09819_00-BEHOLDER3PS5NA00,1999,1999
13,UP4040-CUSA06148_00-OVOSONICO505GCAR,1999,1999
13,UP3177-CUSA25697_00-0000000000000000,1099,1099
13,UP5290-PPSA06458_00-2313102725172726,1999,1999
13,UP7669-CUSA49834_00-0634560499808387,1999,1999
13,UP0406-PPSA05490_00-6433308712926826,1999,1999
13,UP0118-CUSA47549_00-0784653251261889,1999,1999
13,HB1689-CUSA55366_00-0194722846554807,1499,1499
13,JP6388-CUSA56735_00-0401957504796310,1999,1999
13,UP5180-PPSA08411_00-CURSEDTOGOLFP5US,1999,1999
13,UP8784-PPSA26465_00-0989773833868963,1999,1999
13,EP6941-PPSA23595_00-0893233998288381,1999,1999
13,UP8536-PPSA15584_00-TWILIGHTZONE0000,1999,1999
13,UP3165-CUSA42585_00-IRONWINGSPS4AMER,1999,1999
13,UP8519-PPSA30102_00-0981998017171386,1899,1899
13,JP0013-PPSA27994_00-JP0SOLITUDE00PS5,1999,1999
13,UP0785-CUSA42364_00-0627813230593626,1499,1499
13,UP1023-PPSA06929_00-DEADCRAFTDELUXEE,1499,1499
13,UP6714-PPSA03417_00-DOLMENGAMEPS5US0,1999,1999
13,UP0825-PPSA05048_00-WHITESHADOWS00US,1999,1999
13,UP0969-CUSA02225_00-ASTEBREED0000000,1999,1999
13,UP0118-CUSA47545_00-0717629543138029,1999,1999
13,UP0182-CUSA09856_00-TEMPEST400000001,1999,1999
13,UP4729-CUSA42908_00-0394780448660388,1499,1499
13,UP1023-PPSA29594_00-0000000000000000,1499,1499
13,UP5155-PPSA04357_00-7301804723821054,1099,1099
13,UP0969-CUSA02226_00-APP0000000000001,1199,1199
13,UB1486-CUSA55861_00-0127425819934379,1499,1499
13,EP8073-PPSA26167_00-ELEMENTALWARCLAS,1999,1999
13,UB0429-PPSA22422_00-0282531436178026,1399,1399
13,UP2158-PPSA16424_00-QUBYTEADOREPS5NA,1999,1999
13,EP0896-PPSA29294_00-SCURGEHIVERATGAM,1499,1499
13,UB0429-CUSA48352_00-0960629343759475,1399,1399
13,UB0429-CUSA48353_00-0700112413852317,1399,1399
13,UP2339-CUSA29701_00-6535406124709330,1999,1999
13,UP7680-PPSA15984_00-BBBSIEAPS5000000,1999,1999
13,UP1063-CUSA07269_00-THESILVERCASEPS4,1999,1999
13,UP0182-CUSA06099_00-FLASHBACK000VOL2,1999,1999
13,UB0595-PPSA25047_00-0045036645941995,1799,1799
13,UP1440-PPSA15091_00-0308235903040097,1999,1999
13,UP5465-CUSA18767_00-DRAUGENRTG000001,1999,1999
13,UP7543-PPSA10697_00-1897462400202867,1299,1299
13,UP4729-CUSA24861_00-9983888761386208,1799,1799
13,UP4040-CUSA17845_00-OUTDOORADV000001,1499,1499
13,EP3877-PPSA25303_00-NOTDSBASEGAME000,1099,1099
13,UP6088-CUSA24069_00-1451679214687622,1499,1499
13,UP5766-CUSA42415_00-0194314303677396,1949,1949
13,UB0429-CUSA49033_00-0935430327689735,1299,1299
13,UP7610-CUSA32934_00-0135259370639273,1499,1499
13,UP0031-CUSA01915_00-GAMEOMEGAQUINTET,1999,1999
13,UP2047-CUSA07307_00-DREAMFALLCHAPTER,1999,1999
13,EP2127-PPSA26904_00-WHISKERSQUADRONS,1999,1999
13,EP6019-PPSA25615_00-0421035980794074,1999,1999
13,UP2005-PPSA32744_00-ATOMICOWL0000000,1299,1299
13,UP1681-PPSA11322_00-CRIMSEC22PS5SIEA,1499,1499
13,UP4042-CUSA30207_00-CELECTRIQE000000,1999,1999
13,UP0182-PPSA07606_00-0000000000000001,1999,1999
13,EP5987-PPSA24936_00-0684038803973497,1999,1999
13,UP7111-PPSA03827_00-BONFIREPEAKSP5NA,1999,1999
13,UP0969-CUSA16023_00-BREAKARTS2US0000,1999,1999
13,UB2030-CUSA57136_00-0650201472380641,1499,1499
13,JP5361-CUSA53717_00-KAIRO00000177000,1399,1399
13,UP5290-CUSA34061_00-4487972178261579,1999,1999
13,UP1003-CUSA09125_00-DOOMVFR000000000,1499,1499
13,UP4729-PPSA14246_00-0721901976985489,1499,1499
13,EP5987-PPSA26563_00-0264115005618219,1199,1199
13,UP1023-CUSA05785_00-TOUHOUSCARLET000,1499,1499
13,UP2005-PPSA25699_00-MONTEZUMAREVENGE,1499,1499
13,UP5526-CUSA44231_00-KAIRO00000147000,1199,1199
13,UP7680-PPSA08510_00-8411269739407439,1499,1499
13,UP5155-PPSA14745_00-TOODEEANDTOPDEE0,1999,1999
13,UP4312-CUSA30741_00-9331726753721914,1999,1999
13,UP2005-CUSA16060_00-THELETTER0000000,1999,1999
13,UP2985-CUSA09588_00-BANANA0000000000,1999,1999
13,UP0969-CUSA02380_00-0000000000000000,1499,1499
13,UP4735-CUSA13809_00-LOSTWORDSGAME000,1499,1499
13,UP5155-PPSA18372_00-ATHENIANRHAPSODY,1499,1499
13,UP1850-CUSA16361_00-CONANCHOPCHOP001,1999,1999
13,UP0182-PPSA25423_00-IROBOTTHEGAMEPS5,1499,1499
13,UP0118-CUSA45643_00-0533286414187199,1999,1999
13,EP0896-PPSA35541_00-MANAFINDERRATGAM,1199,1199
13,UB1220-CUSA54237_00-0691198329757750,1499,1499
13,UP1263-CUSA15225_00-TIAOVHIIIEXTEDUS,1499,1499
13,UP4912-PPSA23637_00-0804461046646679,1299,1299
13,UP2158-CUSA30869_00-DEVILINSIDEUS0NA,1499,1499
13,UP0943-CUSA02503_00-ETHERONEGAMEPS4E,1999,1999
13,UP0118-CUSA45654_00-0655324702440952,1999,1999
13,UP2187-CUSA15811_00-SBHPS4SIEADIGI00,1499,1499
13,JP0013-PPSA29603_00-JP01YAGCMH000PS5,1299,1299
13,UP0969-CUSA31501_00-TASOMACHI0000000,1999,1999
13,UB0797-CUSA50008_00-0592074135919666,1499,1499
13,UP7316-CUSA33275_00-FUELEDUP00000000,1999,1999
13,EP7919-CUSA34884_00-9978783722478576,1299,1299
13,UP6479-CUSA26912_00-2566556070177226,1999,1999
13,UP6665-PPSA07389_00-HLRS00DELUXE0001,1999,1999
13,UP2187-CUSA09675_00-SCPS4DIGISIEA000,1699,1699
13,UP8599-PPSA17170_00-0395164079175805,1199,1199
13,UP0115-CUSA11283_00-USKILLINGFLRPSVR,1999,1999
13,UP5526-CUSA33519_00-KAIRO00000153000,1199,1199
13,UP3165-CUSA45405_00-MHSCHATZJA2PS4US,1849,1849
13,UP1681-PPSA06379_00-DEMONHUPS522SIEA,1499,1499
13,UP4064-PPSA05368_00-3840975834188389,1999,1999
13,UP2077-CUSA08009_00-SHAKEDOWNHAWAII0,1999,1999
13,UP2844-CUSA10592_00-HAZEROEPISODE001,1299,1299
13,UP1681-PPSA23491_00-THEATPS52024SIEA,1799,1799
13,UP7680-PPSA11502_00-7262139651354993,1499,1499
13,JP0118-CUSA54179_00-0638597734210642,1999,1999
13,UP4008-CUSA15509_00-HB21SIEA00000000,1999,1999
13,UP5526-CUSA43866_00-KAIRO00000169000,1199,1199
13,UP5290-PPSA04154_00-7098565929173122,1899,1899
13,UP2500-PPSA08952_00-US0FAIRYE0000PS5,1499,1499
13,UP1681-PPSA04572_00-EFSHADOW0PS5SIEA,1499,1499
13,UP4729-CUSA40293_00-0249525012859239,1799,1799
13,UP2715-CUSA05451_00-WORLDOFSIMBUNDNA,1999,1999
13,UB1503-PPSA28147_00-0058969546125964,1499,1499
13,UP3696-PPSA14677_00-HARVESTDAYSPS5NA,1999,1999
13,UP4459-CUSA10997_00-DOCTORDEKKERGAME,1299,1299
13,UP0115-CUSA15234_00-NAESPIRE10000000,1999,1999
13,UP7680-PPSA11504_00-2371589996210337,1999,1999
13,UP2680-CUSA28407_00-7578647884382044,1999,1999
13,UP5526-CUSA24052_00-KAIRO00000107000,1399,1399
13,UP0891-PPSA15089_00-EMBRACEDBYAUTURG,1899,1899
13,UP1195-CUSA03140_00-FULLGAMESCEA0001,1999,1999
13,UP2500-PPSA19431_00-US0GENSOC0000PS5,1499,1499
13,UP4729-PPSA16831_00-0218478258043884,1999,1999
13,UP3178-PPSA04767_00-4414413724107890,1799,1799
13,UP5290-CUSA29932_00-7465873015639856,1999,1999
13,UP2148-PPSA20648_00-0604568823875380,1999,1999
13,UP0814-CUSA25087_00-CLIDTHESNAIL2021,1999,1999
13,UP0969-CUSA07546_00-AOS0000000000000,1199,1199
13,EP5987-PPSA27760_00-GOREDOCTORULG001,1999,1999
13,UP1681-CUSA28199_00-AIWCC0000000SIEA,1499,1499
13,EP0896-PPSA28188_00-THEFAIRYSSECRERG,1199,1199
13,UP2005-PPSA05910_00-AYOTHECLOWN00000,1999,1999
13,UP4744-CUSA23392_00-9846835843874284,1999,1999
13,UP5526-CUSA23782_00-KAIRO00000046000,1399,1399
13,EP0782-PPSA31748_00-0547561754154973,1249,1249
13,UP1681-CUSA07571_00-GRIMLEGENDS1SIEA,1499,1499
13,UP0773-CUSA20289_00-0542768178329251,1499,1499
13,UP2047-CUSA17538_00-ARELICTA00000000,1999,1999
13,UP0118-CUSA47553_00-0531144390901322,1999,1999
13,UP2100-PPSA28387_00-0220033860943275,1999,1999
13,UP4628-CUSA15272_00-0000111122223335,1699,1699
13,UP4136-CUSA06228_00-STARHAMMER000001,1999,1999
13,UP0969-CUSA29163_00-THESEALEDAMPOULE,1999,1999
13,UP2715-CUSA13778_00-SPACEBLAZEPS4US0,1999,1999
13,UP3165-PPSA12484_00-LUDOXXLAMERIKPS5,1999,1999
13,UP0891-PPSA15470_00-SEPHONIERATAGAME,1999,1999
13,UP8703-CUSA48112_00-0354340108826419,1499,1499
13,UP4040-CUSA03768_00-LONEWOLF00000000,1499,1499
13,EP0896-PPSA28241_00-ZOOPARASITERATGA,1199,1199
13,UP5552-CUSA24253_00-0754001943513003,1999,1999
13,UP2060-CUSA14461_00-SKIJUMPINGPROVR1,1999,1999
13,UP3604-PPSA16597_00-0892384547785559,1999,1999
13,UP5552-PPSA07663_00-3094599612976205,1999,1999
13,UP2715-CUSA05490_00-FORE17PS4US00000,1999,1999
13,UP5155-PPSA25557_00-HTR0000000000000,1999,1999
13,UP0891-PPSA04059_00-RGWITHINTHEBLADE,1099,1099
13,UP5526-CUSA23811_00-KAIRO00000040000,1399,1399
13,UP5155-PPSA05179_00-6874941407445025,1499,1499
13,UP3177-CUSA19182_00-GLEAMLIGHT000000,1999,1999
13,UP6088-PPSA02548_00-5597322268813951,1499,1499
13,UP4618-PPSA30344_00-0139868628242848,1499,1499
13,UP4338-CUSA14668_00-LEGRANDLEGACY000,1999,1999
13,UP4040-CUSA02572_00-ADR1FTGAME000001,1999,1999
13,UP4382-PPSA03481_00-0367330430016407,1999,1999
13,UP2535-CUSA17878_00-XXXXXXXXXXXXXXXX,1299,1299
13,JP0122-PPSA35453_00-0517806557557195,1199,1199
13,UB1116-CUSA55111_00-0546562692799671,1299,1299
13,EP5987-PPSA31082_00-ULGBUSWORLD00001,1999,1999
13,UB1264-CUSA53189_00-0205638562009364,1499,1499
13,UP0005-CUSA01937_00-DEADLYTOWEROFMON,1499,1499
13,UP3643-CUSA02996_00-NOTAHEROUS000001,1299,1299
13,UP2514-CUSA26079_00-STRUGGLING000000,1499,1499
13,UP1241-CUSA11698_00-FLIPPINGDEATH001,1999,1999
13,UB0797-CUSA49087_00-0108246090547964,1499,1499
13,UP5290-CUSA30567_00-6641950785871863,1999,1999
13,UP0891-PPSA09968_00-HOWTOFOOLALIARRG,1499,1499
13,UP6410-PPSA29102_00-0896471929400473,1999,1999
13,UP5521-PPSA04684_00-5906325538775753,1299,1299
13,EB1457-PPSA26155_00-0149953471195518,1299,1299
13,EP0782-PPSA30545_00-0595134452254379,1249,1249
13,UP5526-CUSA43788_00-KAIRO00000100000,1199,1199
13,UP0118-CUSA45659_00-0694850283593923,1999,1999
13,UP6261-CUSA27420_00-5403833208860034,1299,1299
13,UP0737-CUSA27405_00-5690487023106667,1499,1499
13,UP3178-CUSA17717_00-MINUTEOFISLANDS1,1999,1999
13,EP5470-PPSA08031_00-2536471118846637,1599,1599
13,UB0382-PPSA21051_00-0299405374228306,1499,1499
13,UP5155-PPSA21411_00-FROGUNENCORE0000,1299,1299
13,UP1681-CUSA24204_00-MASTERMIND00SIEA,1499,1499
13,UP4008-CUSA13661_00-MLRCSIEA00000000,1999,1999
13,UP4459-CUSA10536_00-TIMECARNAGEPS4VR,1999,1999
13,UP0891-PPSA08783_00-RATALAIKAGVOYAGE,1499,1499
13,UP3004-CUSA29806_00-FURYOFDRACULASIA,1999,1999
13,UP0969-CUSA16245_00-0000000000000000,1999,1999
13,EP5987-PPSA30705_00-ULGSNAKE00000001,1299,1299
13,UP3165-PPSA02823_00-7961807975067510,1499,1499
13,UP2005-PPSA07211_00-SUPERWODENGP0000,1199,1199
13,UP4362-CUSA10972_00-SWORDSNSOLDIERS2,1499,1499
13,UP2005-PPSA07646_00-BOTGAIDEN0000000,1499,1499
13,UP4040-CUSA00660_00-HOWTOSURVIVE0001,1999,1999
13,UP6261-PPSA25191_00-REALHEROESFFHD00,1499,1499
13,UP1681-CUSA18504_00-UNCHARTIDES0SIEA,1499,1499
13,UP2500-PPSA04985_00-US0AEMETH0000PS5,1499,1499
13,UP1440-PPSA16247_00-RJ840000000NAPS5,1999,1999
13,UP1440-CUSA08281_00-DAESTOMNA0000001,1499,1499
13,UP1681-CUSA09191_00-GRIMLEGENDS2SIEA,1499,1499
13,UP6472-PPSA24617_00-THEBEASTMASTERPR,1299,1299
13,UP1440-PPSA12358_00-IRONDANGERNA0000,1999,1999
13,UP3177-CUSA11335_00-0000000000000000,1999,1999
13,UP5290-PPSA16174_00-0297206343634422,1499,1499
13,UP6088-CUSA24065_00-3962730802223761,1499,1499
13,JP5593-PPSA31366_00-0109554914688688,1599,1599
13,UP3643-CUSA07722_00-STRAFEBASEGAME00,1499,1499
13,UP0704-CUSA09877_00-FALLENLEGIONFOR4,1999,1999
13,UP3515-CUSA08769_00-000000VEGASPARTY,1299,1299
13,UP5223-CUSA25789_00-USAAGROUNDFULL00,1499,1499
13,UP5155-PPSA14740_00-TALEFORANNA00000,1099,1099
13,UP2715-CUSA27910_00-METROSIMPS4NA000,1999,1999
13,UP3165-CUSA12881_00-BBHBR03USDIGITAL,1499,1499
13,EP6922-PPSA27847_00-0904335450945106,1499,1499
13,UB1503-PPSA36478_00-0634312235762345,1499,1499
13,UP6665-PPSA14199_00-TDF2300000000000,1999,1999
13,UP1014-CUSA16636_00-HMMADDASH0000000,1999,1999
13,UP5707-CUSA18807_00-33636DEPTHEXTINC,1499,1499
13,UP5552-PPSA03407_00-2320403211075816,1499,1499
13,UP1440-CUSA06656_00-DAEDASILENCE0001,1499,1499
13,UP0182-PPSA06551_00-7023787086503841,1499,1499
13,UP3643-CUSA23839_00-OLIJAPS4SIEA0000,1499,1499
13,UP2005-PPSA23064_00-TRUECOLOURS00000,1399,1399
13,UP5155-CUSA41192_00-VELOCITYNOODLE00,1299,1299
13,UP2985-CUSA08547_00-BLOODYZOMBIES000,1499,1499
13,UP5526-CUSA24046_00-KAIRO00000125000,1399,1399
13,UP4729-PPSA14216_00-0879446173441866,1249,1249
13,UP1440-CUSA12932_00-DEANATLJH0000001,1499,1499
13,UP5642-CUSA16400_00-EFFIEUSA00000000,1999,1999
13,UP1440-PPSA13621_00-0005384136268525,1999,1999
13,UP4389-CUSA07389_00-LOCKSQUESTUS0001,1999,1999
13,UP0785-PPSA15357_00-0951198571942351,1499,1499
13,UP6927-PPSA19749_00-0479508125598281,1199,1199
13,UP6927-PPSA20134_00-0287317083721528,1199,1199
13,EB1697-PPSA37452_00-0724666385514983,1199,1199
13,UP6927-PPSA19071_00-0945260135694120,1499,1499
13,UP6695-CUSA36407_00-PORTALDUNGEONSNA,1099,1099
13,UP5290-CUSA32395_00-8087357034257696,1499,1499
13,UP2715-CUSA08044_00-TRANSPORTGPS4US0,1999,1999
13,UB0528-CUSA55884_00-0385775224487898,1099,1099
13,UP1023-CUSA16152_00-HEROLAND00000000,1499,1499
13,UP5552-CUSA18408_00-NINEWITCHESPS400,1999,1999
13,UB1503-PPSA35832_00-0990100488339647,1099,1099
13,UP5880-PPSA11009_00-CYBERTDBUNDLE000,1999,1999
13,UB0528-CUSA51720_00-0977690817225783,1099,1099
13,UP4008-CUSA07476_00-OUTCAST000000000,1499,1499
13,UP0785-PPSA15355_00-0046567086713599,1199,1199
13,JP6175-CUSA51395_00-0459608970590612,1499,1499
13,UP4713-PPSA17664_00-0132957788772362,1499,1499
13,UP7013-PPSA14305_00-0520475199867100,1999,1999
13,UP3165-CUSA33855_00-KINGLEOAMERICADR,1999,1999
13,UP5290-CUSA43166_00-0906463143336451,1299,1299
13,UP6927-PPSA20995_00-0633113509977314,1249,1249
13,UP6088-CUSA24068_00-6301202985058785,1499,1499
13,UP0005-CUSA01515_00-ABYSSODYSSEYXPS4,1499,1499
13,UP3643-CUSA12259_00-000000000000IHRB,1499,1499
13,UP5180-PPSA05857_00-00000FIREGIRLUS5,1799,1799
13,UP4713-CUSA29020_00-1565558748156814,1499,1499
13,UP5290-CUSA27535_00-3957729481318159,1499,1499
13,UP5155-CUSA27290_00-1646979601136582,1399,1399
13,UP0097-CUSA10965_00-0849121745770098,1999,1999
13,UP6927-PPSA19204_00-0297457593409579,1199,1199
13,UP2500-PPSA06451_00-US0LDRAGON000PS5,1499,1499
13,UP4370-CUSA17468_00-CUBERSARENA00000,1499,1499
13,UP2715-CUSA03807_00-JOESDINERPS4US00,1999,1999
13,UP0891-PPSA10104_00-INTREPIDIZZYRATG,1099,1099
13,EP0896-PPSA28320_00-KARMACITYPOLICRG,1199,1199
13,UP1440-PPSA13958_00-0915694740631830,1999,1999
13,UP4396-PPSA02957_00-SHINGGAME0000002,1999,1999
13,HP3379-PPSA27575_00-0684830837221441,1499,1499
13,UP5290-CUSA32145_00-3227570963928992,1999,1999
13,UP5290-CUSA28363_00-9974666274002046,1999,1999
13,UP3431-CUSA42223_00-0429350034573782,1999,1999
13,UP1842-CUSA06215_00-SPACERIFT0000000,1999,1999
13,UP0825-CUSA04423_00-INBETWEENSIEA000,1199,1199
13,UP5155-PPSA05893_00-GOL0000000000000,1399,1399
13,UP3165-PPSA18957_00-SHERLHOLMESPS5US,1649,1649
13,UP4459-CUSA10996_00-MOONFALLULTIMATE,1299,1299
13,UB1503-PPSA35833_00-0293007956713820,1299,1299
13,UP0177-CUSA11286_00-EMPYREANPS4US000,1499,1499
13,UP6072-CUSA40698_00-0318277341351245,1299,1299
13,EP5987-PPSA28127_00-ULGCARGOPS500002,1299,1299
13,JP0571-PPSA32483_00-HAMPRDC000000001,1199,1199
13,EP3921-PPSA33834_00-0959873410005018,1999,1999
13,UP7788-PPSA27631_00-DUNJUNGLEPS5FULL,1999,1999
13,UP2005-CUSA27279_00-EMPIREOFANGELSIV,1999,1999
13,UP3252-CUSA26355_00-JANDUSOFT0000001,1299,1299
13,UP4034-CUSA12072_00-HPBUNDLEAWSWIS00,1499,1499
13,UP5460-CUSA34035_00-LNAM000000000001,1499,1499
13,HB0260-PPSA22116_00-0080174508536311,1999,1999
13,UP7788-PPSA23982_00-MSLPS5DEMO000000,1999,1999
13,EP3024-PPSA23295_00-0189974110710471,1999,1999
13,UP0969-CUSA20498_00-0000000000000000,1999,1999
13,UP7696-CUSA45829_00-0028663675344430,1999,1999
13,UP6893-CUSA44677_00-0208109882183060,1999,1999
13,UP6927-PPSA18713_00-0513857992815496,1499,1499
13,EP3729-CUSA49243_00-0RUNTEKILARUNPS4,1099,1099
13,UP0891-PPSA07494_00-RGTALESOFARAVORN,1999,1999
13,UP5834-CUSA32094_00-0258604723839857,1999,1999
13,UB0675-PPSA35865_00-0757354913889045,1199,1199
13,UP1004-PPSA03420_00-GTAVCROSSGENBUND,3999,3999
13,EP4389-PPSA23372_00-ANIMALGAMEGLOBAL,3999,3999
13,UP1003-CUSA12057_00-PRJMTN0000000000,3999,3999
13,UP1001-PPSA17952_00-PGA2K25PRO000000,3999,3999
13,UP0102-PPSA02632_00-SF60000YEARS12FE,3999,3999
13,UP2006-PPSA05825_00-5943095808502838,3999,3999
13,UP6312-PPSA17669_00-MINERVA000000000,3999,3999
13,UP3501-CUSA08661_00-THCOTWBASE000000,2999,2999
13,UP0001-PPSA01576_00-AVATAR2EXPED0000,2999,2999
13,UP1003-PPSA03746_00-TESVSKYRIM000000,3999,3999
13,UP8365-PPSA24545_00-NBATHERUNPBP0000,2999,2999
13,UP1018-CUSA00078_00-DLCLASSICEDITION,2499,2499
13,UP0002-CUSA03522_00-CODMWRTHEGAME001,3999,3999
13,UP0001-PPSA01374_00-MADSTANDARTED000,3999,3999
13,UP0700-PPSA05144_00-LITTLENIGHTS3000,3999,3999
13,UP0102-PPSA01442_00-DMC5SE0000000001,3999,3999
13,UP1003-CUSA13338_00-DOOMETERNALDELUX,2999,2999
13,UP0638-PPSA01797_00-FNAFSECUREBREACH,3999,3999
13,UP3696-PPSA07934_00-MEDIEVALDYNPS5NA,3499,3499
13,EP2566-PPSA23770_00-REMATCHULTIMATE0,2999,2999
13,UP0002-CUSA13795_00-CRASHTEAMRACING1,3999,3999
13,UP0002-CUSA07402_00-CRASHNSANETRLOGY,3999,3999
13,UP3501-PPSA05725_00-TORTOISE00000000,2999,2999
13,UP0002-PPSA02443_00-D2RBUNDLE0000000,3999,3999
13,UP0082-CUSA04551_00-GOTYORHADIGITAL0,3999,3999
13,UP0700-PPSA27501_00-OPPW4LGDEDITION0,3999,3999
13,UP8268-PPSA14410_00-PAYDAY3FULLGAME0,2999,2999
13,UP0638-PPSA25682_00-FNAFCARNIVAL0001,3999,3999
13,UP9000-PPSA28997_00-SONSOFSPARTAPS50,2999,2999
13,UP1001-CUSA01401_00-BORDERLANDSHDCOL,3999,3999
13,UP2047-PPSA02873_00-SRTTRPS5SIEA0000,2999,2999
13,UP1001-CUSA03652_00-MAFIA3DEFINITIVE,2999,2999
13,UP0082-CUSA01633_00-FFXVROYALEDITION,3499,3499
13,EP0771-PPSA28769_00-CAIRNGAMESTNOV25,2999,2999
13,UP6312-PPSA25366_00-0809826663220128,3999,3999
13,EP4389-PPSA26893_00-SPONGETOTTULTIMA,3999,3999
13,UP5428-CUSA31548_00-3432195032953793,2999,2999
13,UP2703-PPSA05132_00-7522931300249907,3599,3599
13,UP1477-PPSA01924_00-AWREMASTERED0001,2999,2999
13,UP0177-PPSA03831_00-SONICRANGERSDX00,3999,3999
13,UP0082-CUSA09254_00-JC4RELOADED00000,3999,3999
13,EP4062-PPSA28784_00-0262533748719750,2999,2999
13,UP4737-CUSA18938_00-0000000000000000,2399,2399
13,UP0001-CUSA03352_00-PRIMALGAME000001,2999,2999
13,UP1001-CUSA16990_00-MAFIATWOREMASTER,2999,2999
13,UP6312-PPSA18653_00-0600728796128379,2999,2999
13,UP7236-PPSA16109_00-DREADXPTMASIEA00,2499,2499
13,UP4108-CUSA24123_00-NINJAGAIDENMC000,3999,3999
13,UP0082-CUSA18600_00-0000000000000000,3999,3999
13,UP4133-PPSA08267_00-TOXICCOMMANBLOOD,3999,3999
13,JP4443-PPSA25414_00-0905368681809535,2999,2999
13,EP4295-PPSA14455_00-EOAPS500000000EU,3999,3999
13,UP0177-CUSA00363_00-AIGOTYBUNDLE4PS4,2999,2999
13,UP7666-PPSA17884_00-0193558750092408,2499,2499
13,UP5259-CUSA12260_00-GENZEROBASE00000,2999,2999
13,UP2047-PPSA02813_00-SRGOLD000000SIEA,2999,2999
13,UP4064-PPSA08207_00-1718605728771034,2999,2999
13,UP0700-PPSA18189_00-PACMANWORLD2RPAC,2999,2999
13,EP0114-PPSA08427_00-KF3DLX0000000000,3999,3999
13,UB1036-PPSA30595_00-0757974460104531,2999,2999
13,UP4108-PPSA08772_00-WOLONGCE00000000,3999,3999
13,UP4016-PPSA15552_00-0346178818197913,2499,2499
13,UP6312-PPSA27581_00-0368189183871703,2999,2999
13,UB0403-PPSA20779_00-MUTANTFOOTBALL02,2999,2999
13,UP4389-PPSA15573_00-SPSDDELUXEDITION,2999,2999
13,UP5608-PPSA17745_00-0574495068229115,2999,2999
13,EP6665-PPSA21601_00-DKB00DELUXE00001,3999,3999
13,UP4108-PPSA25843_00-WARRIORSABYSS002,2499,2499
13,UP4389-CUSA08880_00-DS3ULTIMATEED000,3999,3999
13,UP0700-PPSA22828_00-TALESOFBERSERIAR,3999,3999
13,UP0001-CUSA04768_00-SOUTHPARKTSOT001,2999,2999
13,EP3550-PPSA26057_00-SENGOKUDYNPS5GP0,2999,2999
13,UP6665-PPSA14176_00-TLCDS00000000000,3999,3999
13,UP4133-CUSA02737_00-DIVINITYORIGINAL,3999,3999
13,UP4064-CUSA16275_00-BLASPHEMOUS00000,2499,2499
13,UP2985-PPSA13628_00-0558420118704168,3499,3499
13,UP4393-PPSA08526_00-7929562390099858,2999,2999
13,UP0115-CUSA02134_00-ULTIED0000000000,2999,2999
13,UP2104-PPSA01502_00-BSNAX92769600533,2499,2499
13,UP2139-CUSA01229_00-JBGPARTYPACKPS41,2499,2499
13,UP2047-PPSA03798_00-OUTWARDDEFUS0000,3999,3999
13,UP3535-PPSA17012_00-0223307323988320,3999,3999
13,UP0406-PPSA03054_00-3390974934506823,2999,2999
13,HP7254-PPSA28640_00-0367265685514349,2999,2999
13,UP7818-PPSA18528_00-0444976593126924,3499,3499
13,UP4040-CUSA07953_00-BLOODSTAINED0000,3999,3999
13,UP1980-CUSA10507_00-REMNANT000000001,3999,3999
13,UP0700-CUSA15929_00-HEROGAME00000000,3999,3999
13,UP6469-PPSA21628_00-0233386470989011,2499,2499
13,UP4433-PPSA05509_00-8852642893808980,3999,3999
13,UP0576-PPSA02213_00-PS5KOF15USUE0000,2999,2999
13,UP0638-PPSA18886_00-FNAFHELPWANTEDP2,3999,3999
13,UP0001-PPSA10067_00-MEMORYCOMPLETEDI,2999,2999
13,UP4001-CUSA12819_00-DIRTRALLY2US0001,2999,2999
13,JP0747-PPSA19053_00-0384862173779549,2499,2499
13,EP6665-PPSA09253_00-RW000DELUXE00001,2999,2999
13,JP0106-PPSA30250_00-RYZADX0000MASTER,3999,3999
13,UP0082-CUSA09512_00-NTPKG00000000000,2999,2999
13,JP6928-PPSA34745_00-0318408349215998,2099,2099
13,UP1850-PPSA01953_00-MHCOMPLETEEDTN01,3999,3999
13,UP0177-PPSA19461_00-SHINOBIAOVDX0001,2999,2999
13,UP0082-PPSA03232_00-SOPFFORIGINDDE00,3999,3999
13,UP0700-PPSA19991_00-TALESOFGRACESF00,3999,3999
13,UP0177-PPSA01668_00-FLASH20000000005,3999,3999
13,UP3824-PPSA17245_00-TMNTMU0000000001,3999,3999
13,UP4040-CUSA01830_00-ASSETTOCORSAXXXX,2999,2999
13,UP6665-PPSA06511_00-SSSG000000000000,3999,3999
13,UP0102-CUSA43546_00-COLLECTION000001,3999,3999
13,UP4108-PPSA04334_00-APPFOCUS00000000,3999,3999
13,UP4108-PPSA07421_00-DDX0000000000000,3999,3999
13,HP4226-PPSA27366_00-0181774315592582,3499,3499
13,UP6850-PPSA10965_00-PDWITWEDITION000,2999,2999
13,UP2292-PPSA09772_00-0658079773527717,3999,3999
13,UP2292-PPSA30390_00-ARIEVOLVEDDELUXE,2999,2999
13,UP1023-CUSA12365_00-EDSENNOKISEKI1ST,3999,3999
13,UP1003-CUSA03642_00-DISHONORED2NAMER,2999,2999
13,UP5180-PPSA10249_00-VIEWFINDER0005US,2499,2499
13,UP0977-PPSA03677_00-3500064843801358,2999,2999
13,UP2985-PPSA25045_00-0865705303155937,3999,3999
13,UP1063-PPSA06812_00-0000000000000000,3999,3999
13,JP8394-PPSA31878_00-LOKDRDELUXE00000,2499,2499
13,UP0700-PPSA08954_00-WELOVEKINGJR0000,2999,2999
13,EP5987-PPSA26991_00-UBOATPS500000001,2999,2999
13,UP4040-PPSA10021_00-JTTSPEMPLOYEEPS5,2999,2999
13,UP1003-CUSA04493_00-MNCRSHFULLBUNDLE,2999,2999
13,UP1023-CUSA12566_00-EDSENNOKISEKI2ND,3999,3999
13,EP6665-PPSA15528_00-ALAPSDELUXE00001,3999,3999
13,UP4389-CUSA08539_00-TITANQUEST000000,2999,2999
13,UP4064-CUSA17670_00-MOVINGOUT0000000,2499,2499
13,UP1023-CUSA03235_00-0000000000000000,2999,2999
13,UP1023-CUSA11712_00-BURSTHDREVIVAL12,2999,2999
13,UP1023-CUSA08373_00-PEACHBEACHSPLASH,2999,2999
13,UP4040-PPSA03682_00-GHOSTRUNNERPS500,2999,2999
13,UP0177-CUSA04518_00-PJDX393MAJITENSI,2999,2999
13,UP0082-CUSA09565_00-SECRETOFMANAPS40,3999,3999
13,UP3003-PPSA12397_00-4870570726401771,2999,2999
13,UP1023-CUSA02159_00-ONECHANBARAZ2CHA,2999,2999
13,UP3824-PPSA17464_00-0539552433700888,3999,3999
13,UP0082-CUSA01799_00-DXMDPREORDDEL001,2999,2999
13,UP1063-PPSA17675_00-EDSENNOKISEKI4TH,3999,3999
13,UP1023-PPSA24038_00-YSMEMOIRFELGHANA,2999,2999
13,EB2535-PPSA36388_00-0378845982603751,2499,2499
13,UP5844-PPSA06227_00-EXPDELUXEPS5SIEA,2499,2499
13,EP6665-PPSA22273_00-ARCHI00000000000,3999,3999
13,UP1023-PPSA10513_00-0000000000000000,2999,2999
13,UP0177-CUSA16147_00-VANQUISHPS4GAME0,2499,2499
13,UP4389-PPSA04198_00-SPELLFORCE3PS5US,3999,3999
13,UP3643-PPSA03751_00-SERIOUSSAM4PS5US,3999,3999
13,UP4744-PPSA23122_00-0563899439262251,2499,2499
13,HB1900-PPSA35562_00-0700341064285620,2499,2499
13,UP1676-PPSA03555_00-4837774990774890,2999,2999
13,UP5805-PPSA22000_00-0016064972222521,2999,2999
13,UP2292-PPSA06449_00-0059718315167970,3999,3999
13,UP0082-CUSA09485_00-STAROCEAN4201711,2099,2099
13,UP0082-CUSA03246_00-STAROCEAN5PS4000,2999,2999
13,EP3550-PPSA29228_00-WWLEGACYPS5GP000,2999,2999
13,UP1850-CUSA12680_00-MYZDELUXEEDITION,3499,3499
13,UP4040-PPSA06222_00-MIASMACHRONPS500,3499,3499
13,UP3824-PPSA21173_00-BRATZ2GAME000000,3999,3999
13,UP0177-CUSA12279_00-SHENMUE1AND2GAME,2999,2999
13,UP6665-PPSA09258_00-PZP0000000000000,3999,3999
13,UP0082-CUSA24495_00-LOMPS4NA00000001,2999,2999
13,JP0101-PPSA19724_00-GRADIUSORIGINCOL,3999,3999
13,JP6400-PPSA24938_00-0605130831842075,2999,2999
13,UP1440-PPSA16245_00-CAPES000000NAPS5,3999,3999
13,UP0031-PPSA33315_00-MLARIANANSGAM000,2999,2999
13,JP0106-PPSA31214_00-RYZA2DX000MASTER,3999,3999
13,UP4008-PPSA02114_00-WTASIEA000000000,2999,2999
13,UP4139-PPSA21461_00-ATOSTARTERSET001,2499,2499
13,UP5025-PPSA08070_00-SH3THEAWAKENEDUA,3999,3999
13,UP1050-PPSA11263_00-0109851004267575,2499,2499
13,UP6492-CUSA26115_00-5192797089817796,2499,2499
13,UP5969-CUSA18142_00-5787727856000049,2999,2999
13,UP1477-PPSA12771_00-HORIZONCHASE2000,2499,2499
13,UP0283-PPSA28795_00-0719145468925678,3999,3999
13,UP4040-PPSA09441_00-DRIFT21PS5000000,2999,2999
13,EP4064-PPSA23605_00-0916712229105753,2499,2499
13,UP1850-PPSA22617_00-MHELLSINGERVRCED,2999,2999
13,UP4176-PPSA08681_00-0070258853771476,2999,2999
13,UP3824-PPSA16494_00-MLP2BASEGAME0001,3999,3999
13,JP0106-PPSA31216_00-RYZA3DX000MASTER,3999,3999
13,UP4064-PPSA05214_00-0984199900323554,2999,2999
13,UP2719-CUSA56071_00-TALISMANDIGITAL5,2499,2499
13,UP3864-CUSA16252_00-0000000000000000,2999,2999
13,UP3643-CUSA08218_00-0000000000000SSC,2999,2999
13,UP2514-PPSA21790_00-F1MANAGER2400000,3499,3499
13,UP6714-PPSA08596_00-4886581446111662,2999,2999
13,UP6665-PPSA09850_00-OP20000000000000,2999,2999
13,UP4040-PPSA26312_00-0000BLADESOFFIRE,3999,3999
13,UP4389-PPSA17230_00-SFCOEOSTANDARD00,2999,2999
13,UP2047-PPSA01591_00-CHORUSGAMESHARED,2499,2499
13,UP0283-PPSA25614_00-0088832068485636,3999,3999
13,UP1023-CUSA18410_00-KANDAGAWAJET0000,2999,2999
13,UP3696-PPSA13892_00-GARDENSIMPS5NA00,2699,2699
13,UP1023-CUSA05633_00-FATEEXTELLA00000,2999,2999
13,UP1023-CUSA27918_00-RUNEFACTORY4SP00,2999,2999
13,UP3003-PPSA05211_00-4328145990381413,2999,2999
13,UP4008-PPSA01446_00-WHCBSIEA00000000,2999,2999
13,UP6665-PPSA05064_00-STR00DELUXE00001,3999,3999
13,UP0177-PPSA03645_00-CAMPUSNA00000000,2999,2999
13,UP0082-PPSA17023_00-0372067956921441,2999,2999
13,UP1023-PPSA11540_00-WONDERFULLIFE000,3999,3999
13,UP5223-PPSA26076_00-0354006355653106,2499,2499
13,UP4139-CUSA13583_00-AOWPREMIUM000000,2999,2999
13,EP8208-PPSA31885_00-WINXCLUB00000001,2999,2999
13,UP2611-CUSA05533_00-KOF14UE0000000NA,2999,2999
13,UP3003-PPSA17450_00-0604166182553820,3999,3999
13,UP4744-PPSA18207_00-0395130479595738,2499,2499
13,UP2960-PPSA14654_00-0861216938906002,3499,3499
13,UP0283-CUSA18380_00-NICKKARTRACERS02,3999,3999
13,UP1023-PPSA07576_00-NOMOREHEROES3002,3999,3999
13,UP0913-PPSA24075_00-0592964266082330,2499,2499
13,UP1023-CUSA26005_00-0000000000000000,3999,3999
13,UP0082-CUSA14219_00-CMDEB0STANDEDBUN,3999,3999
13,UP6964-PPSA09733_00-SIEAWILDMENDERPS,2499,2499
13,UP0700-CUSA08325_00-OPUWR00APPLI0000,3999,3999
13,UP8233-PPSA34420_00-CTS26EXPERTEDITN,3999,3999
13,UP7581-PPSA07382_00-FLOCKDX0000PS5US,3999,3999
13,HP5249-PPSA27100_00-0743603662012908,2999,2999
13,UP6665-PPSA07303_00-6690491999107357,2999,2999
13,UP1023-CUSA17290_00-YSCELCETA0000000,2999,2999
13,UP0082-CUSA04778_00-SLUS204880000001,2099,2099
13,UP0102-CUSA43543_00-FULLGAME00000001,2999,2999
13,UP0969-PPSA16090_00-0000000000GNOSIA,2499,2499
13,UP4108-CUSA16921_00-APPA14DX00000000,3999,3999
13,UP3643-CUSA05617_00-SWBUNDLE00000000,2999,2999
13,UP0177-CUSA16081_00-8982731268567377,2999,2999
13,UP8160-PPSA10720_00-THEBEASTINSIDE00,2499,2499
13,UP4008-PPSA02020_00-TWT2SIEA00000000,3999,3999
13,UP1440-PPSA30364_00-SHADOWTACTICSNA5,3999,3999
13,UP1063-CUSA13239_00-SNK40ANNIVERSARY,3999,3999
13,UP4389-CUSA11318_00-DES3DELUXEUS0000,3999,3999
13,UP1001-PPSA03499_00-CYPRESPS5SIEADLX,3999,3999
13,UP3643-CUSA09857_00-OBSERVATION00000,2499,2499
13,UP6665-PPSA09256_00-GOS0000000000000,2999,2999
13,UP4108-CUSA14023_00-APPA11RORONA0000,3999,3999
13,UP4389-CUSA15174_00-CHRONOSUS0000000,2999,2999
13,UP4008-CUSA10157_00-VR40000000000000,2999,2999
13,UP5290-CUSA25518_00-9989571494511192,3999,3999
13,EP4295-PPSA16078_00-AMERZONEPS5000EU,3999,3999
13,UP2844-PPSA14191_00-HAZEROEPISODEUS2,3999,3999
13,UP3824-CUSA19253_00-0000000000000000,2999,2999
13,UP0177-CUSA06810_00-ARVALKYRIE000100,2999,2999
13,UP2767-PPSA19415_00-0026837043251690,2249,2249
13,UP0406-PPSA08518_00-4000367384034589,2499,2499
13,EP4295-PPSA27029_00-KINGOFTOKYOPS5WW,2999,2999
13,UP1023-CUSA31885_00-ZERO000000000000,3999,3999
13,UP3824-PPSA08358_00-6955715158927034,2999,2999
13,UP6665-PPSA14172_00-GRD00DELUXE00001,3999,3999
13,UP4064-CUSA16148_00-YOOKALAYLEEIL000,2999,2999
13,UP8536-PPSA18403_00-LEGIONVRDELUXEED,2999,2999
13,UP0097-PPSA08193_00-8607921909272886,3499,3499
13,UP6946-CUSA44624_00-0059795613280096,2499,2499
13,EB2018-PPSA31602_00-0076221943588590,2499,2499
13,UP2070-CUSA14687_00-SNOOKER000000001,3499,3499
13,EP4295-PPSA17337_00-COBRAPS5000000EU,3999,3999
13,UP5290-CUSA16424_00-LEISURESUITLARRY,3999,3999
13,UP1014-CUSA47381_00-RFBOOK00000PS4US,2999,2999
13,UP2060-CUSA10425_00-SHADOWSAWAKENING,2999,2999
13,UP2680-CUSA20207_00-PHOGS000000000US,2499,2499
13,UP3696-CUSA32419_00-LUMBERJACKSDYNNA,2999,2999
13,UP2985-PPSA18627_00-LITTLECITIESVRUS,2499,2499
13,UP1713-CUSA20572_00-COGEN00000000000,2499,2499
13,UP6088-PPSA35656_00-0211746532534497,2999,2999
13,UP2053-PPSA07249_00-RCG20000PS5000NA,3999,3999
13,UP4363-CUSA11506_00-SNIPERELITEPVR01,2999,2999
13,UP0031-CUSA20294_00-NEPVIRTUALSTARS0,3999,3999
13,UP3864-CUSA28245_00-5QRZFI14VTWAHA00,2499,2499
13,UP4108-CUSA16922_00-APPA15DX00000000,3999,3999
13,UP1376-CUSA06583_00-PAVRTHELOSTSOUL1,2999,2999
13,UP1023-PPSA16461_00-0000000000000000,2499,2499
13,UP0700-PPSA20298_00-SHADOWLABYRINTH0,2999,2999
13,UP6779-PPSA16280_00-ULTROS00000PS5US,2499,2499
13,UP2680-PPSA09887_00-4772599059785254,2499,2499
13,EP4295-PPSA14419_00-FLINTAPSPS5000EU,3999,3999
13,UP4256-PPSA06437_00-8662334965672631,2699,2699
13,EP8923-PPSA27248_00-ONCEUPONAPUPPET5,2999,2999
13,UP3177-CUSA24376_00-EDFWORLDBROTHER0,3999,3999
13,UB0342-PPSA27043_00-0721389548337788,2499,2499
13,UP0112-PPSA31747_00-0159661423353178,2499,2499
13,UP1063-PPSA08832_00-RAIDENXMIKADOPS5,2999,2999
13,UP4108-CUSA14024_00-APPA12TOTORI0000,3999,3999
13,UP6169-PPSA20094_00-0298455041398675,2499,2499
13,UP1004-CUSA15405_00-LANVRCASEFILES01,2999,2999
13,UP0082-CUSA12651_00-0000000000000001,2999,2999
13,UP7800-PPSA10640_00-6686956259647905,2499,2499
13,EP2865-PPSA25347_00-0324545088411246,2999,2999
13,UP4108-CUSA16923_00-APPA16DX00000000,3999,3999
13,UP5180-PPSA22013_00-0849526608511593,2999,2999
13,UP6169-PPSA21766_00-0591630581737936,2499,2499
13,UP4108-CUSA14025_00-APPA13MERURU0000,3999,3999
13,UP1063-PPSA13356_00-RAIDENXMIKADOPS5,2999,2999
13,UP0969-CUSA29499_00-THEGOODLIFE00000,3999,3999
13,UP2535-CUSA10750_00-AREZ0001TSAMCPS4,2999,2999
13,UP0031-PPSA22676_00-NEPBIKEMAINGAME0,3999,3999
13,UP8281-PPSA35480_00-0129888705347668,2449,2449
13,UP0031-PPSA27558_00-SCARLEADSAGAM000,2999,2999
13,UP1850-CUSA15373_00-MOONSOFMADNESS01,2999,2999
13,EP3583-PPSA31155_00-0602125704981712,2499,2499
13,UP2060-CUSA26394_00-COMMANDOS3HD0001,2999,2999
13,EP5987-PPSA32035_00-ULGFARMWORLD0001,2499,2499
13,UP5223-PPSA27127_00-MYTHWRECKEDPS5WW,2499,2499
13,UP2060-CUSA05041_00-VIKINGSWOLVESOFM,2999,2999
13,UP1713-PPSA11199_00-KATTB00000000000,3499,3499
13,UP0700-PPSA25938_00-TOWA0DLXEDITION0,2999,2999
13,UP2047-CUSA11668_00-BGMNDAKAR18000AM,2499,2499
13,UP4389-PPSA08512_00-RITTERTHEVALIANT,2499,2499
13,UP6714-PPSA05386_00-KONA2KOCHPS5US00,2999,2999
13,UP0969-PPSA05840_00-2994433267166452,2499,2499
13,UP2106-CUSA35552_00-TV1AND2BUNDPS4NA,2499,2499
13,UP4735-CUSA16370_00-ROCKOFAGES3SIEA0,2999,2999
13,EP3024-PPSA23234_00-MOORHUKART4PS5WW,2499,2499
13,UP5180-PPSA24580_00-0198890100100232,2499,2499
13,UP0118-CUSA44637_00-0983511086118423,2499,2499
13,UP2535-CUSA43883_00-THSHOUJOTALE0000,2999,2999
13,UP2500-CUSA24514_00-US0CITIZENSU0PS4,2999,2999
13,UP6927-PPSA19240_00-0100548298937628,2499,2499
13,UP6665-PPSA20115_00-TDF2400000000000,2999,2999
13,UP5180-PPSA06443_00-WAVETALESIEA0000,2999,2999
13,UP0082-CUSA27320_00-VOCTRILOGYSET001,2999,2999
13,UP1063-CUSA10995_00-25THWARDPS400000,2999,2999
13,UP0134-CUSA11054_00-TBSTRILOGYBUNDLE,2499,2499
13,UP1643-CUSA42923_00-RUBBERDUCK0PS4US,2999,2999
13,UP1104-PPSA17063_00-QON00000APPUS000,2499,2499
13,UP1063-CUSA07036_00-HAPPYBIRTHDAY000,3999,3999
13,UP6088-PPSA25994_00-0570459330518610,2499,2499
13,UP2060-CUSA07824_00-0000000DUNGEONS3,2999,2999
13,UP5180-PPSA06485_00-0149003179682129,2999,2999
13,UP4040-PPSA12645_00-RS2ULTEDITIONPS5,2999,2999
13,UP1440-PPSA19582_00-INKULINATINAPS50,2499,2499
13,EB1784-PPSA30631_00-0172864945735769,2199,2199
13,EP4539-PPSA19035_00-0929460866492392,2999,2999
13,UP1063-CUSA17444_00-LAMULANA20000000,2499,2499
13,UP1643-CUSA11371_00-DARKMYBUNJDPS4US,3999,3999
13,UP3515-CUSA46429_00-CONTRAPTIONSCUSA,2999,2999
13,UP1063-PPSA06018_00-YURUKILLGAMESPS5,3999,3999
13,UP3824-PPSA05851_00-RYANSWORLDGAME01,3999,3999
13,UP3177-PPSA13736_00-0615717178798545,2999,2999
13,UP0737-CUSA32714_00-2622775243738349,3999,3999
13,UP0031-CUSA10444_00-GAME000000000000,2999,2999
13,UP3287-CUSA31665_00-0720490855078446,2099,2099
13,JP0118-CUSA55166_00-0413372185319286,2499,2499
13,UP0182-PPSA09089_00-0566977311990122,2999,2999
13,UP8727-PPSA20188_00-0333740456812142,2899,2899
13,UP2777-PPSA18167_00-0519882242053204,2999,2999
13,UP1713-CUSA25361_00-LBCB000000000000,2099,2099
13,UP5946-CUSA24369_00-00WINGOFDARKNESS,2999,2999
13,UP3515-PPSA03203_00-CLASSICRACERSUS5,3499,3499
13,UP0737-CUSA16619_00-TOKYOCHRONOSPATY,2999,2999
13,UP6927-PPSA27857_00-0607465913958176,2499,2499
13,UP1713-CUSA25360_00-LBCA000000000000,2099,2099
13,EP4539-PPSA15285_00-0804658770440128,2499,2499
13,UP0182-PPSA13515_00-0005489104440000,2499,2499
13,UP1063-CUSA04646_00-0000000000000000,2999,2999
13,UP1063-PPSA06606_00-FALLENLEGNREVPS5,3999,3999
13,UP4363-CUSA05174_00-BATTLEZONE000000,3499,3499
13,UP3696-CUSA15274_00-FTGPS4NA00000000,3999,3999
13,UP1713-CUSA20645_00-SAW2000000000000,2499,2499
13,UP5946-PPSA09794_00-ONI0000000000001,2899,2899
13,UP5946-CUSA24371_00-CLMARCHENFOREST0,3499,3499
13,UP4382-CUSA15487_00-CTTSDIGIDDELUXE0,2499,2499
13,UP0700-CUSA04731_00-NECROPOLISBUNDLE,2999,2999
13,UP2005-CUSA03444_00-RAINBOWSKIES0001,2999,2999
13,UP1063-CUSA32576_00-KAMIWAZAWOTT0000,3999,3999
13,UP3696-CUSA15022_00-AIRPORTSIMPS4US0,2999,2999
13,UP6261-PPSA13898_00-0343523473032623,2499,2499
13,UP2715-CUSA06771_00-FIREFIGHT17PS4US,2999,2999
13,UP3003-CUSA27248_00-3820002823485249,2999,2999
13,UP1057-PPSA23116_00-0176190403782828,2499,2499
13,EP4358-CUSA55605_00-WILDWESTSHOOTER4,2999,2999
13,UP0737-CUSA19573_00-SP00000000202002,2999,2999
13,UP3226-CUSA13638_00-INDEATHVRREL1000,2999,2999
13,UP0283-PPSA15836_00-0658692497408213,3999,3999
13,JP0118-CUSA55167_00-0058011131283821,2499,2499
13,UP4064-PPSA11545_00-GORDDELUXE000000,3499,3499
13,UP2715-CUSA29672_00-AIRPORTDAYPS4NA0,3499,3499
13,UP3824-CUSA10446_00-HT3MONSOVERBOARD,2499,2499
13,UP2985-CUSA04253_00-THEASSEMBLY00000,2999,2999
13,UP1063-CUSA06521_00-0000000000000001,2999,2999
13,UP2715-CUSA03808_00-ROABODPS4US00000,2999,2999
13,UP2535-CUSA47680_00-AVARIS3US0000000,2899,2899
13,EP4539-CUSA51765_00-0256439029800069,3999,3999
13,UP1063-CUSA19309_00-0000000000000000,2999,2999
13,UP4064-CUSA10993_00-2629839344255251,2999,2999
13,UP4713-PPSA16281_00-0519655859227818,2499,2499
13,UP2715-CUSA03809_00-PDJDBUNDLEPS4US0,2999,2999
13,UP5898-PPSA24765_00-0182527089413650,2499,2499
13,UP2715-CUSA12003_00-STARTRAILNA00001,2999,2999
13,UP4713-CUSA28126_00-0131180449950518,2999,2999
13,UP1713-CUSA16705_00-SAWVR00000000000,2499,2499
13,UP1063-CUSA05128_00-PSYCHOPASSPS4000,2999,2999
13,UP1790-CUSA27483_00-7033736696769748,2499,2499
13,UP1790-PPSA14721_00-0451462013594164,2499,2499
13,UP2715-CUSA15231_00-NIGHTFALLPS4NA00,2999,2999
13,UP2535-CUSA13437_00-0000000000000000,2499,2499
13,EP5987-PPSA25246_00-0790207443574046,2499,2499
13,UP2715-CUSA06522_00-IG2BUNDLEPS4US00,2499,2499
13,UP4040-CUSA17384_00-BOOKOFDEMONS0USA,2499,2499
13,UP2715-CUSA15232_00-MOUNTAINRESPS4NA,2999,2999
13,UP4713-CUSA28128_00-1779802325004971,2999,2999
13,UP3515-CUSA42648_00-MARTIANPANICSIEA,2499,2499
13,EP5987-PPSA28916_00-ULGMACHINES00001,2199,2199
13,UP2715-CUSA09459_00-FARMAMERICAPS4US,2499,2499
13,EP4358-PPSA16496_00-BATTLEREBELSP5EU,3499,3499
13,UP2715-CUSA10366_00-FIREPLANTPS4US00,2499,2499
13,UP3696-CUSA15382_00-HIGHWAYCOPSPS4US,2999,2999
13,UP0082-CUSA30488_00-VOCTFMSET0000001,2999,2999
13,UP1643-PPSA02800_00-3885561952369190,2499,2499
13,UP2715-CUSA08040_00-PROCONSTPS4US000,2499,2499
13,UP1643-PPSA07455_00-SPTGMECOLJDPS5US,3999,3999
13,UP5290-CUSA27962_00-0771134362286867,2999,2999
13,UP2715-CUSA17875_00-AIRPORTHEROPS4US,2999,2999
13,UP2715-CUSA09237_00-FIREAIRPORTPS4US,2499,2499
13,UP4713-CUSA17332_00-BIGPHARMA0000000,2999,2999
13,UP4370-CUSA05103_00-WORLDSOFMAGICUSA,2899,2899
13,UP0082-CUSA31158_00-VOCTBOBSET000001,2999,2999
13,EP4539-CUSA51768_00-0729437041935801,2999,2999
13,HP3332-PPSA23832_00-0379245893885774,2499,2499
13,UP8600-PPSA28396_00-0282361649534967,2999,2999
13,JP1970-CUSA53122_00-0000000000000000,2499,2499
13,UP0794-CUSA32496_00-8488996025940647,2999,2999
13,UP3165-PPSA18761_00-PETVET2FARMPS5US,2499,2499
13,UP1260-CUSA16696_00-STRANDEDSAILSUS1,2499,2499
13,UP8754-CUSA48538_00-0274281353265896,2499,2499
13,UB2134-PPSA34579_00-0679049422108833,5999,5999
13,UP0001-CUSA02902_00-GRWNCSANORMAL000,4999,4999
13,EP2377-PPSA25153_00-JWEVOLUTION30000,5999,5999
13,UP6312-PPSA22327_00-0629872585919347,5999,5999
13,UP9000-PPSA01467_00-MARVELSSPIDERMAN,4999,4999
13,EP4415-PPSA24616_00-RUSTCONSOLEBASE5,4999,4999
13,UP1004-CUSA03041_00-RDR2ULTMEDTNBUND,5999,5999
13,UP9000-PPSA01411_00-MARVELSSMMORALES,4999,4999
13,JP0101-PPSA15304_00-MGSDELTAMAINGAME,4999,4999
13,UP1003-PPSA24884_00-PREMIUMBUNDLE000,4999,4999
13,UP4497-PPSA03974_00-EXPANSION1B00000,4999,4999
13,UP1018-PPSA07570_00-MK1DEFINED000000,4999,4999
13,UP9000-PPSA28180_00-DAYSGONEREMASTER,4999,4999
13,UP0001-CUSA14405_00-TGTULT2021000000,5999,5999
13,UP0082-PPSA08666_00-0783148264580163,4999,4999
13,UP0002-CUSA00018_00-B000000000000343,5999,5999
13,UP1003-PPSA21203_00-ALTAR00000000000,4999,4999
13,UP0727-PPSA16645_00-0184103882519534,4499,4499
13,HP0177-PPSA25427_00-DELUXEEDITION001,5999,5999
13,UP9000-PPSA10662_00-THELASTOFUSPART2,4999,4999
13,UP4497-PPSA03972_00-00000000000GOTY7,4999,4999
13,UP2047-PPSA21915_00-UNDCHMPEDITIONNA,4499,4499
13,UP3050-PPSA24002_00-DLTBDELUXE000000,5999,5999
13,UP1001-PPSA14251_00-DELUXEEDITION000,4999,4999
13,UP0001-PPSA01491_00-EDITIONYEAR20000,5999,5999
13,UP0002-CUSA00803_00-CODAWPSNGOLDEDIT,5999,5999
13,UP1018-PPSA01617_00-MK11ULTIMATEKOLL,4999,4999
13,UP0082-CUSA12031_00-COLLECTION300000,5999,5999
13,EP7579-PPSA17599_00-EXP33DX000000PS5,4999,4999
13,UP9000-PPSA17905_00-HFWCE00000000000,4999,4999
13,UP2908-CUSA16490_00-TWDTDS0000000000,4999,4999
13,UP1477-PPSA02571_00-ALANWAKE20000000,5999,5999
13,UP1004-CUSA36842_00-REDDEADREDEMPBDL,4999,4999
13,UP0700-PPSA03639_00-BROS0ULTEDITION0,5999,5999
13,UP1980-PPSA06693_00-REM2ULTIMATE0000,4999,4999
13,UP6312-PPSA26136_00-0827146390058176,4999,4999
13,UP0006-CUSA15081_00-NEEDFORSPEED2020,5999,5999
13,UP0177-PPSA10872_00-ADDCONTENT200012,5999,5999
13,UP1685-PPSA10261_00-0042162288945083,5999,5999
13,JP0082-PPSA21783_00-FFTACTICS0000000,4999,4999
13,UP9000-PPSA13428_00-HORIZONREMASTER1,4999,4999
13,UP0082-PPSA10664_00-SEIA0000000000CE,4999,4999
13,UP9000-PPSA01289_00-DIGITALDELUXE001,5999,5999
13,UP3526-PPSA06865_00-ORIGINALSIN2XPS5,5999,5999
13,UP0001-CUSA04459_00-WD2GOLDEDITION00,4999,4999
13,UP0700-CUSA05636_00-ACE7TOPGUNMEUE22,5999,5999
13,EP2866-PPSA29953_00-TSW6STANDARDEDIT,4999,4999
13,UP0177-PPSA05109_00-P5RGAME000000000,5999,5999
13,UP0700-PPSA04220_00-JASBRMAINGAME000,4999,4999
13,UP1018-PPSA01864_00-LSWTSSBNDLEDELUX,5999,5999
13,EP2377-PPSA19633_00-PLANETCOASTER200,4799,4799
13,UP8236-PPSA20447_00-0119011093070089,5999,5999
13,UP1850-CUSA10608_00-CONANEXILES00001,4999,4999
13,UP2514-PPSA03287_00-JWEVOLUTION2AAAA,5999,5999
13,JP0106-PPSA26679_00-NG2B000000000000,4999,4999
13,UP2514-PPSA18027_00-PLANTZOODELUXEED,4999,4999
13,UP0082-CUSA27687_00-4584232154698924,4999,4999
13,EP9000-PPSA15421_00-FULLGAME00000001,5999,5999
13,EP6311-PPSA25991_00-0714721000209651,4999,4999
13,UP4108-CUSA07478_00-SLAYERGAME000000,5999,5999
13,UP0082-PPSA17730_00-DQ7RE00000000000,5999,5999
13,UP4139-PPSA15186_00-VTMB2BLOODMOONED,5999,5999
13,UP0700-PPSA26175_00-MHAAJDLXEDITION0,5999,5999
13,UP0082-CUSA05532_00-FFXIIGAMEPS400NA,4999,4999
13,JP0082-PPSA28492_00-OCTOPATH000PS5JP,4999,4999
13,UP0002-CUSA00242_00-D3ETERNALCOLL000,5999,5999
13,EP4176-PPSA24096_00-TITANBUNDLEDELUX,5999,5999
13,UP4363-PPSA01685_00-SNIPERELITE500DE,5429,5429
13,UP0177-PPSA17597_00-DDXEDITION000000,4999,4999
13,EP4356-PPSA20435_00-SUPERCROSS25GAME,5999,5999
13,EP4356-PPSA21725_00-RIDE6FULLGAME000,5999,5999
13,UP1063-PPSA26391_00-EDKAINOKISEKI001,5999,5999
13,UP1023-PPSA26677_00-RYUNOKUNI0000001,5999,5999
13,UP4040-PPSA09518_00-WUCHANGDELUXEEDN,4999,4999
13,UP0082-CUSA18774_00-0000000000000000,5999,5999
13,UP0082-PPSA09797_00-OCTOPATH2PS5N000,5999,5999
13,EP6665-PPSA05965_00-TDUSCDELUXE00002,5999,5999
13,UP4139-PPSA07434_00-AOW4BG00000001NA,4999,4999
13,UP1981-PPSA16160_00-MONSTERJAMGAME00,4999,4999
13,UP0700-PPSA08065_00-GB4ULTEDITION000,5999,5999
13,EP4108-PPSA24062_00-FAIRYTAIL2DDXSP0,5999,5999
13,UP4133-PPSA02372_00-EVILWESTGAME0000,5999,5999
13,UP0082-PPSA20612_00-00000000000000NA,5999,5999
13,UP1981-PPSA15191_00-HWU2TURBOCHARGED,4999,4999
13,UP1018-CUSA09878_00-SHOWTIME00000000,5999,5999
13,UP0177-CUSA17416_00-PERSONA5RULTIMAT,5999,5999
13,UP1018-CUSA11542_00-LEGODCVILLAINS00,5999,5999
13,UP0177-PPSA15716_00-DDXEDITION000000,5999,5999
13,EP4356-PPSA26092_00-SCREAMERFULLGAME,5999,5999
13,UP1023-PPSA25068_00-BAZAAR0000000000,4999,4999
13,EP6665-PPSA21840_00-GF20000000000000,5999,5999
13,UP0082-PPSA16096_00-VOMPS5NA00000001,5999,5999
13,UP0082-PPSA13715_00-000STAROCEAN2RUP,4999,4999
13,UP0700-CUSA09903_00-SC6DELUXEEDITION,5999,5999
13,UP4133-PPSA05366_00-APLAGUEINREQBDLE,5999,5999
13,JP0106-PPSA32802_00-CRIBATTFFFDDXEDT,4999,4999
13,EP4356-PPSA32557_00-MOTOGP26FULLGAME,5999,5999
13,HP9000-PPSA26358_00-LOSTSOULASIDEDDE,5999,5999
13,UP2514-PPSA01736_00-PLANETCOASTER000,4999,4999
13,UP1003-PPSA01302_00-DEATHLOOP0000000,5999,5999
13,UP5541-CUSA15915_00-SAMURAISPIRITSEA,5999,5999
13,UP4108-CUSA12653_00-MO3DDX0000000000,5999,5999
13,UP4108-CUSA17584_00-APP0000000000000,5999,5999
13,UP1063-PPSA18986_00-ULTIMATEEDITION0,5999,5999
13,UP3177-PPSA19238_00-EDF6MASTERPKG000,5999,5999
13,UP0700-CUSA10410_00-CODEVEIN00000000,5999,5999
13,UP0006-PPSA06141_00-SMB4PS5GAME00000,4999,4999
13,UP2514-CUSA10205_00-JWEVOLUTION00000,4999,4999
13,UP0177-CUSA19610_00-BSTUBCUSA1961000,5999,5999
13,UP1063-PPSA24326_00-EDKURONOKISEKI02,5999,5999
13,EP6665-PPSA28835_00-STYX3DELUXE00001,4999,4999
13,EP4108-PPSA26792_00-RESLERIDDXSSP000,5999,5999
13,UP4363-CUSA12583_00-ZOMBIEARMY400000,4999,4999
13,UP0082-PPSA26352_00-0066466457920105,5999,5999
13,UP0700-CUSA11205_00-OPWSK00APPLI0000,5999,5999
13,UP2514-PPSA12578_00-WARHAMMERBUNDLE0,4499,4499
13,UP4108-PPSA10279_00-APPZEROMOL000000,4999,4999
13,UP0700-PPSA16411_00-TAIKORHYTHMFES00,4999,4999
13,UP0006-PPSA03865_00-GRIDLEGPS5GAME00,5999,5999
13,UP0082-CUSA26376_00-NEOTWEWY20072021,5999,5999
13,UP4108-CUSA00588_00-WORO3ULTHDDBOOT0,5999,5999
13,UP1003-PPSA01337_00-GHOSTWIRETOKYOFG,5999,5999
13,EP6665-PPSA22981_00-MXGP100000000000,5999,5999
13,UP0177-CUSA05083_00-ODINSPHERELE0000,5999,5999
13,UP2772-CUSA27480_00-MBTL000000000000,4999,4999
13,UP4108-CUSA01632_00-DW8EMPBOOT000001,4999,4999
13,UP1018-CUSA07739_00-LEGONINJAGOMOVIE,4999,4999
13,UP0700-CUSA05469_00-DIGIMONWORLDNE0A,5999,5999
13,JP0005-PPSA15366_00-DDXEDITION000000,4999,4999
13,UP0283-PPSA29010_00-0567463786328978,4999,4999
13,UP3177-CUSA20271_00-ANEZ3GAME0000000,5999,5999
13,UP0283-PPSA02279_00-5063066328046533,4999,4999
13,EP6665-PPSA14453_00-TEN23DELUXE00001,4999,4999
13,UP4108-CUSA00919_00-HGEXEC0000000000,5999,5999
13,UP0700-CUSA18223_00-DIGIMONSURVIVE01,5999,5999
13,UP0082-PPSA07274_00-VEPS5UP000000001,5999,5999
13,UP0283-PPSA05174_00-0736812380778368,4999,4999
13,UP2514-PPSA06927_00-AOSRORULTEDITION,5999,5999
13,UP0700-PPSA08575_00-SANDLMAINGAME000,5999,5999
13,UP4108-CUSA03858_00-HGEXEC0000000000,4999,4999
13,UP0700-CUSA16186_00-ONEPUNCHMAN000NA,5999,5999
13,UP6665-PPSA08811_00-TT30000000000000,4999,4999
13,UP1023-CUSA12154_00-FATEEXTELLALINKS,4999,4999
13,JP0101-PPSA25348_00-EDENSZERODXPS500,5999,5999
13,UP1063-PPSA08394_00-0000000000000001,4999,4999
13,UP4108-PPSA10908_00-APPA01REMAKEDDX0,4999,4999
13,UP1063-CUSA16120_00-LANGRISSERONETWO,4999,4999
13,UP4108-CUSA28451_00-MYSTERIOUSMASTER,5999,5999
13,UP1063-PPSA21466_00-0839124461635542,4999,4999
13,UP1063-PPSA15174_00-MMTOKINOTAIKA000,5999,5999
13,UP4108-CUSA02860_00-HGEXEC0000000000,4999,4999
13,UP4108-PPSA14260_00-SAN8RGAME0000000,5999,5999
13,UP0283-PPSA19563_00-0461732787446079,4999,4999
13,UP2047-PPSA02394_00-USDSIRONHARVEST0,4999,4999
13,UP4108-CUSA14544_00-BDLDDX0000000000,5999,5999
13,UP4108-CUSA42979_00-HDDBOOT000000004,5999,5999
13,UP1063-PPSA20722_00-DIGITALDELUXEEDI,5999,5999
13,UP4108-CUSA08090_00-STARGAMEUS000000,5999,5999
13,UP4108-CUSA24099_00-ORIGINGAME000000,5999,5999
13,UP4108-CUSA01902_00-BLADE0NIGHT00000,5999,5999
13,EP6665-PPSA16349_00-R250000000000000,4999,4999
13,UP0082-PPSA08752_00-STRASHSEUPS50001,5999,5999
13,UP1063-PPSA04103_00-MRKDIGITALDELUXE,5999,5999
13,UP1063-CUSA10570_00-SNKHEROINESPS400,4999,4999
13,JP0367-PPSA26581_00-MACHINEGIRLDX000,4999,4999
13,UP0700-CUSA03305_00-PS4GE2RAGEBURST0,5999,5999
13,UP3177-CUSA12535_00-EDF5MASTERPKG000,5999,5999
13,UP2777-PPSA28190_00-DDXEDITION000000,5999,5999
13,UP4108-CUSA07942_00-SAN13WPKGAMENA00,5999,5999
13,UP0700-PPSA04215_00-GUNDAMBOCFSTPS50,4999,4999
13,UP4108-CUSA08011_00-RIVERGAME0000000,4999,4999
13,UP1063-CUSA27396_00-CE2DIGITALDELUXE,4999,4999
13,UP1023-PPSA21484_00-FARMAGIA00000001,4999,4999
13,UP0700-PPSA15214_00-SPYFAMILYODDX000,4999,4999
13,UP0082-CUSA32852_00-TFBLDDE000000000,4999,4999
13,UP4008-CUSA13337_00-THESINKINGCITYUA,4999,4999
13,UP3177-PPSA08899_00-0000000000000000,5999,5999
13,UP1063-PPSA09384_00-CALIGULAEFFODPS5,4999,4999
13,UP0082-PPSA16122_00-SAGAEMERALDBYDUS,4999,4999
13,UP4108-CUSA13085_00-ATELIER20TH00000,5999,5999
13,UP0031-CUSA26177_00-BUNDLE0000000002,4999,4999
13,UP5946-CUSA30305_00-DGEXFULLGAME0000,5999,5999
13,UP3177-PPSA15927_00-EDFWB2DXEDITION0,4999,4999
13,UP1063-CUSA16014_00-UTAWARERUMONO000,5999,5999
13,UP1063-CUSA14388_00-RPGMAKERMV000000,4999,4999
13,UP6665-PPSA09252_00-CW00000000000000,4999,4999
13,UP0031-PPSA07660_00-NEPTUNIASISTERS1,4999,4999
13,UP1063-CUSA16017_00-0000000000000000,5999,5999
13,UP4176-PPSA03717_00-0942738937440950,4999,4999
13,UP3177-CUSA13283_00-EDFIRONRAIN00000,5999,5999
13,UP4108-CUSA02033_00-SOUZOUWPK0000000,5999,5999
13,UP5290-PPSA03665_00-8043453697727105,4999,4999
13,UP0082-PPSA05880_00-DFCDD0000000005N,5999,5999
13,UP0283-PPSA13790_00-NASCARARCRUSHDLX,4999,4999
13,UP3177-PPSA14367_00-0000000000000000,4999,4999
13,UP4108-CUSA06586_00-PIECEGAMENA00000,5999,5999
13,UP0177-PPSA06380_00-NAHKHERITAGEEDTN,4999,4999
13,UP1063-PPSA17527_00-LLHDFULLGAME0000,4999,4999
13,UP3824-PPSA03945_00-1963885871236657,4999,4999
13,UP1063-CUSA16035_00-UTAWARERUMONOZAN,5999,5999
13,UP2060-PPSA03721_00-MATCHPOINT000000,4999,4999
13,UP0700-CUSA18489_00-DORABOKUUS000000,4999,4999
13,UP0737-CUSA32715_00-3787041984153372,4499,4499
13,UP4108-CUSA05973_00-HDDBOOT000000001,5999,5999
13,UP1063-CUSA11862_00-APP0000000000001,4999,4999
13,UP0177-PPSA12373_00-0786632763620202,4999,4999
13,UP0082-CUSA09057_00-SKIMG00000000000,4999,4999
13,UP4108-CUSA12058_00-HDDBOOT000000001,5999,5999
13,UP0082-CUSA11229_00-LEFTALIVEDAYONE0,5999,5999
13,UP3177-CUSA16431_00-0000000000000000,4999,4999
13,UP1063-CUSA15673_00-NINELIVES0000000,4999,4999
13,EP4539-CUSA51756_00-0563353095656017,4999,4999
13,UP1001-PPSA28420_00-NBA2K26DELUXE000,6999,6999
13,UP9000-PPSA30630_00-MLBTHESHOW26DGDL,6999,6999
13,UP9000-PPSA26344_00-GHOST2CE00000000,6999,6999
13,UP9000-PPSA03016_00-MARVELSPIDERMAN2,6999,6999
13,UP1001-PPSA34299_00-WWE2K26000000000,6999,6999
13,UP0006-PPSA19534_00-SANTIAGODELUXE00,6999,6999
13,UP1018-PPSA16833_00-LEGOBATMAN000000,6999,6999
13,UP3526-PPSA14001_00-0507384846053057,6999,6999
13,UP1003-PPSA20560_00-DOOMTDAPREMIUMED,6999,6999
13,UP6312-PPSA23943_00-FLIGHTSIM2024STA,6999,6999
13,UP1003-PPSA26786_00-PREMIUMEDITION00,6999,6999
13,UP1001-PPSA01494_00-DELUXEEDITION000,6999,6999
13,UP9000-PPSA07632_00-SAROS00000000000,6999,6999
13,UP9000-PPSA03396_00-THELASTOFUSPART1,6999,6999
13,UP6312-PPSA24588_00-0872768154966924,6999,6999
13,JP0177-PPSA08804_00-SONICRACINGCW000,6999,6999
13,UP1018-PPSA01593_00-HOGWARTSLGCYDELX,6999,6999
13,UP0700-PPSA24702_00-DLTS0DLXEDITION0,6999,6999
13,EP4108-PPSA32785_00-NIOH3DDX00000000,6999,6999
13,JP0106-PPSA15972_00-DWORIGINSGAME000,6999,6999
13,UP6312-PPSA25258_00-0173149685884705,6999,6999
13,UP0001-PPSA08261_00-GOLDEDITION00000,6999,6999
13,UP0006-PPSA07783_00-DELUXEEDITION000,6999,6999
13,UP9000-PPSA13196_00-STELLARBLADECE00,6999,6999
13,JP0102-PPSA26873_00-FULLGAME00000001,6999,6999
13,UP0177-PPSA20800_00-METAPHORANV00001,6999,6999
13,UP1001-PPSA02621_00-MMSDIGITALPLUS00,6999,6999
13,UP0006-PPSA03845_00-DSBDLXEDITION000,6999,6999
13,UP1018-PPSA02223_00-GOTHAMKNIGHTSDLX,6999,6999
13,UP1001-PPSA01492_00-TTWSSTANDPS5SIEA,6999,6999
13,JP0005-PPSA23593_00-APPLICATION00000,6999,6999
13,UP0700-PPSA23909_00-CHRNSDLXEDITION0,6999,6999
13,UP1018-PPSA02182_00-SSKTJLDELUXE0000,6999,6999
13,UP0006-PPSA01390_00-DRAGON4DLXBUNDLE,6999,6999
13,UP1023-PPSA29154_00-DXMTSDELUXE00000,6999,6999
13,UP1063-PPSA17672_00-EDSEN3AND4BUNDLE,6999,6999
13,UP0082-PPSA16105_00-0640252769579027,7999,7999
13,EP4108-PPSA25468_00-YUMIA10000DDX000,6999,6999
13,UP0082-PPSA03982_00-ATHIADD000000001,6999,6999
13,UP1063-PPSA14427_00-CRYDIGITALDELUXE,7999,7999
13,UP0006-PPSA07837_00-DELUXEEDITION000,6999,6999
13,UP0006-PPSA08236_00-ARTEMISGAME00000,6999,6999
13,UP2047-PPSA21705_00-KINGDOM2GOLDSIEA,8599,8599
13,UP1001-PPSA01462_00-000000OAKSIEAUEB,9999,9999
13,UP4108-CUSA26642_00-APPA17DX00000000,8999,8999
13,UP4133-PPSA04452_00-SMARINESIIEDYEA2,12999,12999
13,UP4133-PPSA04930_00-SNOWRUNNERGAME01,12999,12999
