day,id,price,base
1,UP2833-PPSA36468_00-3000000000000000,0,0
1,UP1643-CUSA46998_00-GREEDSERIJDPS4US,1339,1999
1,EP6930-PPSA35366_00-0861782650106791,2499,2499
1,UP7962-CUSA36461_00-2782641365660476,199,199
1,UP8787-CUSA54787_00-0911699587274361,149,149
1,UP2181-PPSA13786_00-0722089606236995,499,499
1,UB0108-PPSA37740_00-0901802138833225,499,499
1,UP6162-CUSA25860_00-6594310225251234,249,249
1,EP3644-PPSA39661_00-0000000000000000,299,299
1,EP6880-PPSA39821_00-0291288894348327,399,399
1,UP7552-CUSA54369_00-0180564092731637,699,699
1,UP7552-PPSA38745_00-0750177692010888,799,799
1,UP7552-PPSA36729_00-0818631988650899,999,999
1,UP6718-CUSA56244_00-0047834595348900,799,799
1,HB1160-PPSA31116_00-0824156255769709,999,999
1,UP1778-CUSA12156_00-RIDDLED000000000,999,999
1,JP0571-PPSA39061_00-HAMPRDC000000001,999,999
1,JP0571-PPSA39179_00-HAMPRDC000000001,999,999
1,JP0571-PPSA39264_00-HAMPRDC000000001,799,799
1,UP6410-CUSA53619_00-0457773201980063,999,999
1,UB1052-CUSA54843_00-0497933319248156,599,599
1,UP7552-CUSA56523_00-0766304433958207,999,999
1,EP4897-CUSA54441_00-0358900205830030,999,999
1,UP6718-CUSA53702_00-0982380298448697,999,999
1,UP8247-PPSA38039_00-0935900053859872,999,999
1,UP6291-PPSA13346_00-0295827992839630,599,599
1,UB2749-PPSA39655_00-0217595692838181,699,699
1,EB2681-PPSA37607_00-0077495122291906,1999,1999
1,UP4361-PPSA05103_00-0000TWOMCOMPLETE,1999,1999
1,UP1983-PPSA09591_00-8359934314803426,1999,1999
1,UP5180-CUSA32720_00-SOURCEOFMADNEUS4,1999,1999
1,UP6946-CUSA29315_00-9062560693836546,1499,1499
1,UP5290-CUSA32175_00-2310326871882822,1999,1999
1,UP2522-CUSA26894_00-PGNCA01SOLCRESTA,1799,1799
1,UP5290-PPSA16174_00-0297206343634422,1499,1499
1,EP3024-CUSA51025_00-LUDOXXL02WOWIPS4,1999,1999
1,UB1802-PPSA39278_00-0570785219378621,1249,1249
1,UP2680-CUSA47016_00-0226433641075989,1999,1999
1,UB0429-PPSA25019_00-0120493779842648,1299,1299
1,EP8247-CUSA53514_00-0485868444191812,1999,1999
1,UB0675-PPSA36689_00-0397297507158993,1499,1499
1,JP5361-CUSA58642_00-KAIRO00000161000,1399,1399
1,UP4321-PPSA03130_00-2478417276876954,3999,3999
1,UP4108-PPSA25843_00-WARRIORSABYSS002,2499,2499
1,UP4040-CUSA11785_00-ASSETTOCORSASPEC,2999,2999
1,JP0747-PPSA19053_00-0155802578228805,2289,2289
1,UP0102-CUSA43546_00-FULLGAME00000001,3999,3999
1,UP0102-CUSA31205_00-CFCBUNDLE0000002,2999,2999
1,UP2053-PPSA07249_00-RCG20000PS5000NA,3999,3999
1,UP0031-CUSA48547_00-NEPBIKEMAINGAME0,3999,3999
1,EP6027-PPSA38429_00-MUCHIMUCHICRGEUS,3999,3999
1,UP3050-PPSA24002_00-DLTBDELUXE000000,5999,5999
1,UP0700-PPSA03639_00-BLEACHROFS000000,5999,5999
1,UP1063-PPSA11307_00-HAJIMARIULTIMATE,5999,5999
1,UP0102-PPSA01622_00-EXOPRIMALDELUXE0,5999,5999
1,UP4108-PPSA10279_00-APPZEROMOLDDX000,4999,4999
1,UP2772-CUSA27480_00-2179878531310326,4999,4999
1,UP2777-PPSA28190_00-DDXEDITION000000,5999,5999
1,UP3177-PPSA08899_00-00000000000000DX,5999,5999
1,UP6665-PPSA09252_00-CW000DELUXE00001,4999,4999
1,UP0031-PPSA16817_00-CHNEPMAKERSBR001,4999,4999
2,UP1681-CUSA29379_00-EFSHADOW0PS4SIEA,449,1499
2,EP4459-PPSA36364_00-SLIMYMINESPS5DEM,1104,1299
2,JP6928-PPSA34944_00-0954284737531295,1999,1999
2,UP7962-CUSA37856_00-4370724993070325,199,199
2,UP7962-CUSA37848_00-5756111875732917,199,199
2,UB0706-CUSA52938_00-0328096785053519,99,99
2,UP4312-PPSA08371_00-7504775039847698,299,299
2,JB2357-PPSA40048_00-HAMVENTURENA0000,499,499
2,UP0891-CUSA15805_00-RGAONENIGHTSTAND,499,499
2,UB2239-PPSA39564_00-ROOMS0000000SIEA,399,399
2,UP6718-CUSA57887_00-0215548374792869,599,599
2,UP2005-CUSA20481_00-METALOIDORIGIN00,699,699
2,UP2005-CUSA26529_00-BISHOUJOBATTLECP,599,599
2,UP5958-CUSA52662_00-0934440210550738,899,899
2,UP1104-CUSA48361_00-FLFR0000APPWW000,699,699
2,UP5958-CUSA31818_00-9306631097721998,999,999
2,UP5958-CUSA37534_00-8414521300449014,899,899
2,UP5958-CUSA31033_00-1785171286791189,899,899
2,UP1675-PPSA33742_00-SYPS5KINGSBLADE0,999,999
2,UP7552-PPSA28253_00-0586356181865211,699,699
2,UP2005-PPSA05440_00-PGMAHJONGGBBUNDL,599,599
2,UP5958-CUSA25257_00-7588732654624022,899,899
2,UP5958-CUSA43672_00-0842118268121448,899,899
2,UP5958-CUSA46671_00-0261023321307393,999,999
2,UB0142-PPSA38644_00-0826257441800527,599,599
2,UP5958-CUSA26935_00-0668481262758144,899,899
2,EP6985-CUSA56432_00-0534944485271789,999,999
2,UP5958-CUSA41033_00-0840838767049053,799,799
2,EP0896-PPSA38018_00-MISTERSCARYRATGA,599,599
2,UP0102-CUSA07713_00-0000000000000000,1999,1999
2,UP0299-CUSA45389_00-0977861668135704,1499,1499
2,UP1003-CUSA13084_00-YNGBLD0000000000,1999,1999
2,UP4293-CUSA54296_00-0108062093007839,1999,1999
2,UB0290-CUSA50446_00-0031777686845372,1499,1499
2,UP4774-CUSA15175_00-0000000000000000,1999,1999
2,UB0429-CUSA47562_00-0236883203951565,1999,1999
2,UP0977-CUSA31538_00-0875806688425289,1999,1999
2,UP7076-CUSA31168_00-ETERNALTHREADS01,1999,1999
2,UP1104-CUSA44339_00-GVRCC000APPUS000,1499,1499
2,HP7254-PPSA38489_00-0965978845095857,1499,1499
2,UP5958-CUSA35626_00-0318667407522197,1199,1199
2,UP6508-CUSA42222_00-0553333828410331,1999,1999
2,JB2682-PPSA39406_00-0462689924261615,1049,1049
2,UB0991-PPSA24088_00-0762843402580500,1499,1499
2,UP6974-CUSA40472_00-0883312796540943,1999,1999
2,UP7862-CUSA34950_00-0464278840795212,1999,1999
2,UP0312-CUSA05605_00-WHITESTONEHUMORI,1999,1999
2,UP0102-PPSA08033_00-SBDOUBLEDELUXE00,3999,3999
2,UP4108-PPSA25843_00-WARRIORSABYSS001,2499,2499
2,UP5025-PPSA08070_00-SHTADELUXEEDITIO,3999,3999
2,UP4361-CUSA10862_00-1535695388936346,2199,2199
2,UP0700-PPSA19991_00-TOGFRDLXEDITION0,3999,3999
2,UP6779-PPSA16280_00-ULTROSDX000PS5US,2499,2499
2,UP2053-PPSA04075_00-RIVERCITYGIRLSNA,2999,2999
2,UP0097-PPSA08193_00-8607921909272886,3499,3499
2,UP4735-CUSA31652_00-HAMMERWATCH20000,2499,2499
2,UP7375-CUSA47952_00-0901437869525748,2199,2199
2,UP4133-PPSA21225_00-ELTAGAME00000000,2999,2999
2,UP0794-CUSA32496_00-8488996025940647,2999,2999
2,UP5290-CUSA25518_00-9989571494511192,3999,3999
2,UP0097-CUSA30756_00-4619604484980386,2499,2499
2,JP0082-PPSA21783_00-0607198398321785,4999,4999
2,UP0102-PPSA18259_00-DEADRISINGDELUXE,4999,4999
2,UP0082-PPSA17730_00-DQ7RE0000000DE00,5999,5999
2,UP4108-CUSA17584_00-FAIRYTAILDDX0000,5999,5999
2,EP6665-PPSA21840_00-GF200DELUXE00001,5999,5999
2,UP4108-CUSA14544_00-LULUA00000MASTER,5999,5999
2,EP4108-PPSA25468_00-YUMIA10000MASTER,6999,6999
3,EP2696-CUSA59205_00-0338795769706834,1499,1499
3,EP2696-PPSA38356_00-0182548099588241,1499,1499
3,UB0706-CUSA53810_00-0699248565861555,99,99
3,EP2919-CUSA54837_00-0149344847939816,49,49
3,EP6985-CUSA58186_00-0042820000875473,399,399
3,HB2024-PPSA38998_00-0553019229862921,499,499
3,UP1564-PPSA38860_00-0003743834688230,499,499
3,UP2833-CUSA55020_00-5000000000000000,499,499
3,UP6718-CUSA46261_00-0122135279465844,399,399
3,UP7552-CUSA60099_00-0116188967145799,499,499
3,UP1778-CUSA19012_00-DEMON00000000000,999,999
3,UP0825-CUSA23758_00-BCTWDSIEA0000000,999,999
3,UP6718-CUSA31574_00-7189696949639135,699,699
3,UP7552-CUSA60082_00-0326968294429373,999,999
3,EP6325-CUSA56083_00-0153184171495181,1999,1999
3,UP0097-PPSA15370_00-0864734995899140,1999,1999
3,UP4448-CUSA12030_00-RM1RELEASE000001,1999,1999
3,UP4735-CUSA18357_00-REMOTHEREDBROPOR,1999,1999
3,UP0891-CUSA46247_00-FINDLOVEORDIETRG,1299,1299
3,HP8406-CUSA55917_00-0456253932798126,1499,1499
3,UP5246-CUSA41298_00-0985468314764790,1299,1299
3,JP8394-PPSA31878_00-LOKDRBASEPS50000,2499,2499
3,UP2047-CUSA15815_00-LSCOUNTRYSNGPASS,3999,3999
3,UP0097-PPSA15513_00-0331313377975206,2999,2999
3,UP4035-CUSA31637_00-OXIDE104BASEGAME,2999,2999
3,UP1260-CUSA30348_00-6083661116869159,2499,2499
3,UP0937-CUSA23190_00-UNTILYOUFALL0001,2499,2499
3,UP1104-CUSA44011_00-YOHANEBDAPPUS000,2999,2999
3,UP1980-PPSA06693_00-REM2STDPREORDER0,4999,4999
3,UP3177-PPSA19238_00-EDF6DXEDITION000,5999,5999
3,UP0082-PPSA16105_00-0460099951583879,7999,7999
4,UP4008-PPSA01900_00-2341833608696568,3999,3999
4,UP3658-CUSA10896_00-0000111122223333,149,299
4,UP0334-CUSA15147_00-ROCOYEAR1PASSBUN,0,0
4,UP7962-CUSA36755_00-0809370245142939,199,199
4,UP7962-CUSA35387_00-5699571177803078,199,199
4,UP8787-CUSA56271_00-0345981824745258,199,199
4,UB0706-PPSA31912_00-0280630820935684,99,99
4,UP8787-CUSA57651_00-0968490611079697,149,149
4,UB1052-PPSA35515_00-0268802904361681,199,199
4,UP4064-CUSA33248_00-SLUS014480000000,499,499
4,UP7552-CUSA59179_00-0815720832165369,499,499
4,UP4312-CUSA34427_00-7569959058188778,299,299
4,UP7552-PPSA40051_00-0723954392860078,499,499
4,UP5085-CUSA33554_00-9463405462742216,499,499
4,JP0571-CUSA59446_00-HAMPRDC000000001,999,999
4,UP4312-PPSA26081_00-0107876297562517,699,699
4,UP0604-CUSA49864_00-0435556836962914,999,999
4,UB0748-PPSA35727_00-0225606492909983,749,749
4,UP7552-CUSA55890_00-0850314992259041,799,799
4,UP6718-CUSA53151_00-0793216125805990,999,999
4,EB2055-CUSA58470_00-0024513487723480,899,1499
4,UP3177-PPSA22107_00-THOSEGAMES120000,999,999
4,UP6139-CUSA43339_00-0668747192563039,1499,1499
4,UP4774-CUSA11967_00-PJM2DELUXE000000,1499,1499
4,EP5265-PPSA37192_00-0970804381932967,1199,1199
4,UB0108-CUSA56625_00-0880719670766672,1499,1499
4,UP7696-CUSA45829_00-0028663675344430,1999,1999
4,UP2181-CUSA07637_00-RCAC0V0010000000,1499,1499
4,UP1340-CUSA28403_00-2483492965234357,1999,1999
4,UB0946-CUSA52624_00-BUND1DOUPS4SIEAE,2999,2999
4,EP6853-PPSA22143_00-DOCKEDGAME000000,2999,2999
4,UP2080-PPSA10795_00-PALEOBUNDLE00000,2999,2999
4,JP1970-CUSA53122_00-0000000000000000,2499,2499
4,UP3824-CUSA14658_00-JUMANJIBASEGAME0,2999,2999
4,UP0481-CUSA32164_00-6762033643870926,2999,2999
4,UP8160-CUSA37353_00-0000000000000000,2499,2499
4,UP1475-PPSA16717_00-0945810777707974,3999,3999
4,UP1963-CUSA24840_00-WMDCUS2021000002,3999,3999
4,UP5290-CUSA42894_00-0204222237448616,4999,4999
4,UP4108-CUSA42979_00-HDDBOOT000000004,5999,5999
4,UP1063-CUSA15119_00-DIGITALDELUXEPRE,6999,6999
4,UP2047-PPSA21705_00-KCD2MAINGAMEDSUS,8549,8549
5,UP0177-PPSA03489_00-ULTIMATEEDITIONA,5999,5999
5,EP6444-PPSA21827_00-0007573299441097,1349,1799
5,UP3058-CUSA44830_00-0332036444261514,24,49
5,EP4295-PPSA37453_00-KPOPRISING0PS5WW,3499,3499
5,EP3024-PPSA23295_00-0189974110710471,399,1999
5,UP5992-CUSA19593_00-ODDL001OHSHAPE01,1199,1999
5,UP3004-CUSA19187_00-EUROFCATCHBUNDLE,2499,2499
5,UB0313-PPSA25220_00-0323685134041782,2999,2999
5,UB0190-PPSA39199_00-0384713749324951,0,0
5,UP7962-CUSA37852_00-8705525267236385,199,199
5,UP8787-CUSA58123_00-0417353170877739,149,149
5,UP3058-CUSA29130_00-8442103035737745,199,199
5,UP2833-CUSA58765_00-2000000000000000,499,499
5,UP5085-CUSA27050_00-8615745228908378,499,499
5,HB2024-CUSA58427_00-0348815613207862,499,499
5,UP7552-CUSA57285_00-0773940594029681,499,499
5,UB2408-CUSA59676_00-0ORDERAUTOMATICA,599,599
5,EB0759-PPSA20537_00-0713525622545318,999,999
5,UP2833-CUSA57112_00-2000000000000000,599,599
5,EP6922-PPSA26445_00-0843683707252121,999,999
5,UP7552-CUSA58520_00-0282221017648257,999,999
5,UP7552-CUSA55327_00-0568073023042569,999,999
5,UP5958-PPSA28952_00-0817092399709140,899,899
5,UP7552-CUSA57058_00-0077312878047666,999,999
5,UP4312-PPSA18684_00-0169283096358746,699,699
5,UP6012-CUSA37909_00-8059260169158399,999,999
5,UB0046-PPSA24602_00-0361316214436572,1999,1999
5,UP6978-PPSA14219_00-0204816574093494,1999,1999
5,UP4713-PPSA19855_00-0363967699646224,1499,1499
5,UP5947-CUSA45546_00-0053605399550265,1499,1499
5,UP3252-PPSA33103_00-JANDUSOFTBUNDLE0,1499,1499
5,UP3643-CUSA18144_00-00000000GORNPSVR,1999,1999
5,UP1981-CUSA13220_00-SX2USSPECIAL0000,1999,1999
5,JP5441-CUSA54235_00-0287556492615681,1249,1249
5,UP5180-CUSA33322_00-PAPERCUTMANPS4US,1999,1999
5,UB0429-CUSA50338_00-0598241399253007,1299,1299
5,UP6312-PPSA18653_00-0498321349758666,2999,2999
5,UP1980-CUSA10507_00-REMBUNDLE2000000,3999,3999
5,UP6169-PPSA16487_00-0855535857918524,2499,2499
5,UB1335-PPSA28617_00-0391566357870994,2999,2999
5,UP4108-PPSA04334_00-MOBWDDX000000000,3999,3999
5,EP6665-PPSA22273_00-ARCHIDELUXE00001,3999,3999
5,UP6625-CUSA54952_00-DDSGAMEPS4000001,2499,2499
5,UP1713-CUSA33095_00-KATTB00000000000,3499,3499
5,UP6856-PPSA05827_00-DKRGAMEDEPS500US,2999,2999
5,UP4008-CUSA23446_00-TWT2SIEADELUXEED,3999,3999
5,UP7847-CUSA55794_00-0339431449598882,2549,2549
5,UP7969-CUSA35697_00-7610138063794756,2499,2499
5,UP6665-CUSA33242_00-VTMS000000000000,2999,2999
5,UP4008-CUSA13072_00-WHCBSIEA00000000,2999,2999
5,UP0700-PPSA16411_00-DLXMUSICEDITION0,4999,4999
5,UP0082-PPSA08752_00-STRASHDXUPS50001,5999,5999
5,UP0082-CUSA40892_00-PS4UPDMLIVEALIVE,4999,4999
5,UP0700-PPSA08575_00-SANDLDLXEDITION0,5999,5999
5,UP6665-PPSA08811_00-TT300DELUXE00001,4999,4999
6,JP9200-PPSA24487_00-MARBUNDLE0000001,2399,3999
6,JP9200-PPSA24487_00-MARBUNDLE0000003,3299,5999
6,EP5291-PPSA25944_00-0460553555531695,1199,1999
6,UP3528-PPSA22369_00-0529305527257288,149,199
6,UP7111-CUSA28187_00-BONFIREPEAKSP4NA,599,1999
6,UP1778-CUSA37654_00-BROKCOMPLETEBUND,1999,1999
6,EP2430-PPSA17456_00-0789445861817215,3499,3499
6,EP2627-PPSA30521_00-CYABUNDLE0000000,999,1999
6,UP5155-CUSA52339_00-KINGDOMSHELLDEMO,1169,1799
6,UP6088-CUSA25847_00-3957480214551185,699,1999
6,UP0082-CUSA31700_00-SHIJIMASTORYDEMO,1999,4999
6,UP3385-CUSA26051_00-DARKSIDE2NAPS400,599,1499
6,UB0714-CUSA49542_00-0935220129514080,974,1499
6,UP6665-PPSA03852_00-TLRS000000000000,749,2499
6,UP0101-CUSA26997_00-EDITION000000014,0,0
6,UP4432-PPSA02187_00-2202215782425232,0,0
6,UP2538-PPSA08037_00-CUTIESHACKEDUS51,0,0
6,HB1050-CUSA59368_00-0191595865103503,0,0
6,UB0599-PPSA31992_00-BRAINROT00BUNDLE,49,49
6,UB0706-CUSA53252_00-0820205163701918,99,99
6,UB0706-CUSA56180_00-0371016595056928,99,99
6,UP3058-CUSA46561_00-0017577207701894,49,49
6,UB0706-PPSA33522_00-0800789964138746,99,99
6,UB0706-CUSA51299_00-0225408446904607,99,99
6,UP8787-CUSA55386_00-0329681715170812,199,199
6,UP3058-PPSA09627_00-8711125240655364,199,199
6,UP7962-CUSA36659_00-5919216133390488,199,199
6,UP7962-PPSA10242_00-4731764838091999,199,199
6,EP6985-CUSA57018_00-0569016007153302,299,299
6,UP6291-CUSA40510_00-0251172261730614,499,499
6,UP7605-CUSA34623_00-1140204981803871,499,499
6,UP4947-CUSA56142_00-PICABLOCKFULL123,399,399
6,JP0571-CUSA59770_00-HAMPRDC000000001,999,999
6,UB1011-CUSA49812_00-0136038643638415,799,799
6,EP6985-CUSA54487_00-0736318681584081,599,599
6,UP8016-PPSA13932_00-INDIEBUNDLE00825,999,999
6,EP2696-CUSA58738_00-2000000000000000,799,799
6,UP3202-PPSA36914_00-0353592502747228,799,799
6,UP6883-PPSA27730_00-0976199848405130,899,899
6,UB0851-CUSA59796_00-ZOMBUFFOONERYPS4,999,999
6,EP2723-PPSA20773_00-WEEOEAEDP0000000,1999,1999
6,UP2775-CUSA40908_00-0601145835585159,1999,1999
6,HB1160-CUSA55309_00-0810812277431200,1199,1199
6,UP4064-CUSA18917_00-1895079299747308,1999,1999
6,UP3643-CUSA16694_00-GRISPS4SIEA00000,1699,1699
6,EP5478-CUSA49070_00-0888174165534692,1999,1999
6,UP6093-CUSA45567_00-0160994265024834,1999,1999
6,UP1475-CUSA16537_00-0181568528411985,1999,1999
6,EP6941-PPSA23595_00-0343046095966732,1999,1999
6,UP4735-CUSA33076_00-HAMMERWATCHAE000,1999,1999
6,UP7305-CUSA46108_00-0489844165273485,1999,1999
6,UP8381-PPSA30928_00-POOLFARMER000000,1799,1799
6,EP2723-PPSA23883_00-0944346631053474,1999,1999
6,UP0101-CUSA31585_00-9795983565394038,1999,1999
6,UP4382-CUSA26325_00-TINYTROOPERSMERC,1999,1999
6,EP0806-CUSA59855_00-0188443175443848,1999,1999
6,UB0429-CUSA50337_00-0522012726237230,1299,1299
6,EP1549-CUSA51610_00-0431200116012289,1999,1999
6,UP0102-PPSA07411_00-BHB0000000000003,3999,3999
6,UP1981-PPSA02324_00-HWUGAMEOFTHEYEAR,2999,2999
6,UB0511-PPSA25582_00-0885085162002695,2999,2999
6,UP0102-CUSA06400_00-DUCKDELUXEUS0000,3999,3999
6,UP4001-CUSA12819_00-DIRTRALLY2SDELUX,2999,2999
6,EP2114-CUSA53281_00-0813714522498608,2899,2899
6,EP2025-CUSA49329_00-0522574485493058,2499,2499
6,UP0097-PPSA20491_00-DEADSIDESUPPORT1,2499,2499
6,UP2139-CUSA03183_00-0456482096836883,2499,2499
6,UP2139-CUSA15888_00-9586731488346660,2999,2999
6,UP4040-PPSA03682_00-GHOSTRUNNERCMPLT,2999,2999
6,UP4735-PPSA22924_00-0050053422074681,2499,2499
6,UB1335-PPSA28617_00-0835224550671104,2999,2999
6,UP1643-CUSA09279_00-3DMINIGOLF000000,2499,2499
6,UP7641-PPSA10684_00-0846602238623934,3999,3999
6,JP0747-PPSA19053_00-FLCAPP0000000000,2289,2289
6,EP8483-CUSA44319_00-0768805636130419,2999,2999
6,UP0751-CUSA05868_00-REZINFINITE00000,2999,2999
6,UP2775-CUSA29191_00-4983179234517254,2499,2499
6,UP7552-CUSA57593_00-0943448471748180,2999,2999
6,UP4008-CUSA16865_00-WTASIEA000000000,2999,2999
6,UP0700-PPSA04220_00-JASBRUTEDITION00,4999,4999
6,UP0006-CUSA14204_00-DELUXEEDITION000,5999,5999
6,UP0006-PPSA06141_00-SMB4BALLPARKEDIT,4999,4999
6,UP1023-PPSA26677_00-RYUNOKUNIPREMIUM,5999,5999
6,EP4108-PPSA24062_00-FAIRYTAIL2DDX000,5999,5999
6,UP1063-CUSA28934_00-ZEROCROSSBELLKAI,6999,6999
7,UP0006-PPSA32904_00-MADDENNFL27GAME0,4549,6999
7,UP0006-PPSA32904_00-M27KICKOFFBUNDLE,6999,9999
7,UP1001-PPSA35889_00-NBA2K27000000000,4899,6999
7,UP0006-PPSA32814_00-COLLEGEFOOTBAL27,4549,6999
7,UP0006-PPSA32814_00-C27KICKOFFBUNDLE,6999,9999
7,EP3969-PPSA11386_00-007FIRSTLIGHT000,4899,6999
7,EP0006-PPSA23566_00-BASEUFC6GAME0000,4899,6999
7,UP0006-PPSA19534_00-SANTIAGOSTANDARD,2799,6999
7,UP6322-PPSA18605_00-0342498734252743,3749,4999
7,UP0006-PPSA02342_00-ITTAKESTWORETAIL,1199,3999
7,UP6360-PPSA23126_00-0112788005082769,2099,2999
7,EP6848-PPSA04998_00-4085881659726287,1999,3999
7,EP6848-PPSA04998_00-0848816902205797,2999,5999
7,EP2566-PPSA23770_00-REMATCHDELUXE000,1599,3999
7,UP1004-CUSA03041_00-REDEMPTIONFULL02,1499,5999
7,UP0006-PPSA08560_00-SPLITSTANDARDED0,3249,4999
7,UP9000-PPSA01467_00-MARVELSSPIDERMAN,2499,4999
7,UP9000-CUSA02299_00-MARVELSSMGOTY000,999,3999
7,UP6312-PPSA32718_00-AUGUSTA000000000,2699,2999
7,UP1001-PPSA17952_00-PGATOUR2K25GBL00,1799,3999
7,UP1001-PPSA14251_00-00000NEROPS5SIEA,2999,4999
7,UP0102-PPSA30803_00-REREQUIEMDX00000,5599,7999
7,UP0700-PPSA15211_00-DBSZ0LGDEDITION0,8999,11999
7,EB0236-PPSA28336_00-STALKER2UA000000,4199,5999
7,UP0700-PPSA06981_00-NARUTOUNSA000000,1979,5999
7,UP0700-PPSA06981_00-NARUTOUNSAULT000,2849,9499
7,EP4399-PPSA19644_00-FARMSIMULAT25PS5,2999,3999
7,UP1003-PPSA03746_00-SKY10ANNIVERSARY,1649,4999
7,UP1004-PPSA03420_00-GTAVANDGWSBUNDLE,2499,4999
7,UP1018-PPSA16833_00-LEGOBATMANDLXEDT,6299,8999
7,UP1018-PPSA16833_00-LEGOBATMAN000000,4899,6999
7,UP1001-PPSA01494_00-000000000000OAK2,3499,6999
7,UP1001-PPSA01494_00-SUPERDELUXEED000,6499,12999
7,UP1018-CUSA00133_00-ARKHAMBUNDLE0000,599,5999
7,EP7579-PPSA17599_00-EXP33000000PS5EU,3749,4999
7,UP4133-PPSA04452_00-SPACEMARINESII00,1749,6999
7,EP6665-PPSA26223_00-MND0000000000000,2399,2999
7,UP0006-PPSA07783_00-APPLEJACKGAME000,1049,6999
7,UP0006-PPSA07783_00-FALLEN00SURVIVOR,2399,7999
7,UP2776-PPSA27163_00-0096187913382883,1499,1999
7,UP2047-PPSA21915_00-UNDISPUTEDPS5NA1,1999,4999
7,UP0006-PPSA34063_00-NHL27DELUXEDITON,7499,9999
7,UP0700-PPSA10595_00-TEKKEN8000000000,2399,3999
7,EP2377-PPSA25153_00-JWE3DELUXEDITION,4874,7499
7,JP9000-PPSA15595_00-MTFSUE0000000000,8499,9999
7,JP0101-PPSA15304_00-MGSDELTAMAINGAME,3499,4999
7,UP9000-PPSA07632_00-SAROS00000000000,4969,6999
7,EP5205-PPSA18543_00-TSC2PREMIUM00PS5,4799,5999
7,UP0006-CUSA07995_00-HAZELIGHTAWAYOUT,899,2999
7,JP0177-PPSA31334_00-KIWAMIBUNDLE0000,1499,2999
7,UP0006-PPSA01716_00-COMPLETEEDITION0,1274,8499
7,UP0006-PPSA01716_00-NEEDFORSPEED2022,699,6999
7,UP6856-PPSA15246_00-TRDNBASE00000000,1499,2999
7,EP9000-PPSA15421_00-FULLGAME00000001,2399,5999
7,EP6764-PPSA27582_00-0630776202841609,1249,2499
7,EP4151-PPSA27311_00-ICARUSCONSOLEULT,10499,13999
7,UP7742-PPSA29413_00-0632159817352246,1749,2499
7,UP3971-PPSA33764_00-WALKWALKWALKWALK,1599,1999
7,UP1004-PPSA30528_00-REDEMPTION000001,2499,4999
7,UP2430-PPSA26578_00-PLYXFUMIMOUSEPS5,2399,2999
7,UP0102-PPSA02632_00-SF600000STANDARD,1599,3999
7,UP0102-PPSA02632_00-SF60000YEARS12FE,1599,3999
7,UP1018-PPSA07570_00-MKONE00000000000,999,4999
7,UP1018-PPSA07570_00-MK1DEFINED000000,999,4999
7,UP0006-CUSA10483_00-COLDWOODPIKE0000,499,1999
7,EP4356-PPSA21725_00-RIDE6ULTIMATE000,5999,9999
7,EP4356-PPSA21725_00-RIDE6FULLGAME000,3599,5999
7,UP1003-PPSA26786_00-INDIANAJONESATGC,4199,6999
7,UP1001-PPSA04203_00-CIV7CROSSGENPS50,3499,6999
7,UP1001-PPSA04203_00-CIV7SETTLERSPS50,5999,11999
7,UP0700-PPSA09790_00-DBPROJECTZGOKU18,959,5999
7,UP0177-PPSA17597_00-SONICXSHADOWGENE,1499,4999
7,UP1018-CUSA04408_00-SHADOWOFMORDOR02,499,4999
7,UP1018-CUSA04601_00-RETURNTOARKHAMHD,499,1999
7,UP1001-PPSA05813_00-8185911092060169,699,6999
7,UP3643-PPSA06464_00-0874137573989438,1574,4499
7,UP1001-CUSA03652_00-MAFIATRILOGYDEFI,1199,5999
7,UB2066-PPSA36797_00-0661353469002457,1039,1299
7,UP9000-CUSA01623_00-0000GODOFWAR3PS4,999,1999
7,UP4064-PPSA01529_00-4759077947287005,1199,3999
7,UP3696-PPSA07934_00-MDCOMPLETEPS5NA0,2399,3999
7,UP3696-PPSA07934_00-MDSETBUNDLEPS5NA,2159,3599
7,UP3696-PPSA07934_00-DYNASTYBUNDLENA0,2499,4999
7,UP0001-PPSA01491_00-EDITIONCOMPLETE0,3499,13999
7,UP0001-PPSA01491_00-GAME000000000000,1499,5999
7,UP1001-PPSA36393_00-MAFIA1DEPS500000,599,3999
7,UP0700-PPSA08587_00-DRAGONBALLXV2002,599,1999
7,UP6312-PPSA29642_00-0031868794271950,2999,3999
7,JP9000-PPSA02015_00-DS2OTBDDE0000001,3999,7999
7,UP1003-PPSA09016_00-FALLOUT4FULLGAME,499,1999
7,UP1003-PPSA09016_00-FO4ANNIVERSARYED,2999,5999
7,UP1003-PPSA09016_00-SKYRIMFALLOUT4AE,499,1999
7,JP6421-PPSA22266_00-0520207623720492,1374,2499
7,UP1004-CUSA09084_00-LANOIRE000000PS4,1999,3999
7,UP0102-PPSA04288_00-BH20000DELUXE001,999,4999
7,UP0115-PPSA02183_00-3211965506283656,799,3999
7,UP1018-PPSA01593_00-HOGWARTSLEGACY01,1049,6999
7,UP1018-PPSA01593_00-HOGWARTSLGCYDELX,1049,6999
7,UP0177-PPSA20800_00-METAPHORNA000001,2799,6999
7,UP0082-PPSA08666_00-0978938405039882,2099,6999
7,UP0700-CUSA08789_00-SHINOBISTRIKER01,499,1999
7,UP4040-CUSA00740_00-TERRARIA00000001,999,1999
7,UP6312-PPSA18654_00-0135174197988055,2599,3999
7,JP0082-PPSA28492_00-OCTDDX00001PS5JP,3599,5999
7,UP2565-PPSA04379_00-8001017598364664,899,2999
7,UP0700-PPSA10738_00-LITTLEDELUXEED00,749,2999
7,UP4415-CUSA31488_00-D11RIMWORLD00001,2799,3999
7,UP0006-CUSA19500_00-METR000000000000,1499,5999
7,UP1018-PPSA01617_00-00MORTALKOMBAT11,499,4999
7,UP1018-PPSA01617_00-MK11ULTIMATEKOLL,499,4999
7,UP0177-PPSA10872_00-APPLICATION00000,2099,5999
7,UP0700-PPSA09536_00-JJTKCULTEDITION0,2499,9999
7,UP0700-PPSA09536_00-JJKCVSX400000000,1499,5999
7,UP4133-PPSA17423_00-EXPEDITIONSEDSUP,3199,7999
7,UP0082-PPSA28099_00-0080378134598239,2999,3999
7,UP1018-CUSA05462_00-INJUSTICE2000000,499,1999
7,UP0036-PPSA02181_00-GGSTPS5US0000100,1999,3999
7,UP0177-CUSA00363_00-ALIENISOLATIONP4,899,2999
7,UP1004-PPSA05804_00-GTATRILOGYBUNDLE,1979,5999
7,UP4664-PPSA02967_00-DRGDELUXEPS5US00,1169,3899
7,UP4399-PPSA02426_00-1548339055872147,2799,3999
7,UP6312-PPSA22327_00-0547256477986893,3199,7999
7,EP6665-PPSA09259_00-HIU00COLLECTION1,2999,9999
7,EP6665-PPSA09259_00-HIU0000000000000,1199,5999
7,UP5428-CUSA45177_00-0987355994859006,2999,5999
7,EP5609-PPSA28116_00-0721213427652178,799,1999
7,EP5609-PPSA28116_00-0392441310227895,1399,2799
7,EP5609-PPSA28116_00-0316578846055774,2749,5499
7,EP5609-PPSA28116_00-0463192272666543,2999,5999
7,UP3050-PPSA02261_00-DL2GAME0000000US,1199,5999
7,UP3050-PPSA02261_00-DLGAMESBUNDLE000,1199,5999
7,EP8334-PPSA29009_00-0520511452993933,4499,5999
7,EP8334-PPSA28822_00-0466479398570632,2249,2999
7,UP8233-PPSA34420_00-CTS26STARTEREDTN,3199,3999
7,UP8233-PPSA34420_00-CTS26EXPERTEDITN,4799,5999
7,UB2295-CUSA58562_00-0681832737712579,1599,1999
7,UB2295-PPSA36210_00-0148169968916542,1599,1999
7,EP3877-PPSA34484_00-FULLGAMECROSAKPA,1079,1799
7,EP3877-CUSA57536_00-FULLGAMECROSAKPA,899,1499
7,UP0700-PPSA05922_00-SMGTDPS1BUNDLE01,3999,9999
7,JP0106-PPSA26679_00-NG2B000000000000,1999,4999
7,UP2026-CUSA05332_00-BATM000000000000,599,1499
7,UP0006-PPSA29802_00-PVZRELOADEDGAME0,1199,1999
7,UP2565-CUSA17703_00-C661330000000000,749,2499
7,UP0700-PPSA08575_00-SANDLDLXEDITION0,3989,6999
7,UP9000-CUSA02945_00-HELLDIVERSSCEA00,1599,3999
7,UP1981-PPSA09135_00-SUPERCROSS6FGAME,499,4999
7,UP0006-PPSA02198_00-RESPAWNSWBIRDDOG,799,3999
7,UP9000-CUSA02320_00-UNCHARTEDTRILOGY,599,1999
7,UP0102-PPSA07411_00-RE4GOLDEDITION00,1499,4999
7,EP1411-PPSA32099_00-0495566589103734,599,1499
7,EP4361-PPSA15789_00-0000MOONLIGHTER2,2549,2999
7,UP0177-CUSA19640_00-P5SDIGITALDELUXE,1749,6999
7,UP0082-PPSA03839_00-TORDPEPS5US00000,1799,5999
7,UP0781-PPSA36585_00-0855472689709905,1979,2999
7,UP1001-CUSA15322_00-CIV6BASE00000000,599,2999
7,UP0700-CUSA05972_00-000000000TEKKEN7,999,4999
7,UP0700-CUSA05972_00-DEFINITIVE000000,1919,11999
7,EP4910-PPSA25972_00-0195277423964282,1499,2999
7,UP0700-PPSA02200_00-LITTLENIGHTS2000,989,2999
7,JP0177-PPSA24478_00-DELUXEEDITION000,1874,7499
7,UP0177-CUSA16113_00-BAYOVANQUISH10RE,999,3999
7,UP6665-PPSA05060_00-ROB0000000000000,799,3999
7,UP0006-CUSA15081_00-DELUXEEDITION000,699,6999
7,UP3797-CUSA14098_00-HS01930482756932,224,1499
7,UP1018-PPSA02223_00-GOTHAMKNIGHTS000,699,6999
7,UP1018-CUSA01513_00-LEGOJW0000000001,499,1999
7,UP3824-PPSA09189_00-0884984015825227,2399,3999
7,UP1018-CUSA02985_00-LEGOWORLDS000001,499,1999
7,UP8533-PPSA27945_00-0325547765477508,519,1299
7,UP0006-PPSA03845_00-BEYONDPS5GAME000,1399,6999
7,UP0700-PPSA24702_00-DIGIMONSTORYTS00,3989,6999
7,UP0006-CUSA23264_00-NEEDFORSPEEDHPR0,799,3999
7,UP0001-PPSA01518_00-STANDARDEDITION0,799,3999
7,UP0006-CUSA01975_00-PVZGW2BASEGAME00,599,1999
7,UP0177-CUSA33873_00-DAYLIGHT00000000,999,1999
7,UP9000-CUSA00341_00-U4UTLLBUNDLE0000,1599,3999
7,UP4321-CUSA14638_00-SGWCONTRACTS0002,399,3999
7,UP1001-CUSA10455_00-BORDERLANDSHD001,599,2999
7,UP2054-CUSA05297_00-INSIDE0000000000,249,2499
7,UP3252-PPSA25567_00-JANDUSOFT0000001,649,1299
7,UP0700-PPSA05144_00-LITTLENIGHTS30DX,3479,5999
7,UP2565-PPSA05830_00-6357358955359147,899,2999
7,UP6007-PPSA15869_00-0598507980022830,399,1999
7,UP6007-PPSA15869_00-PFWRATHGOTYEDITN,949,4999
7,UP4363-PPSA15493_00-ATOMFALLDLCCOMP0,3599,8999
7,UP5505-CUSA24224_00-2702916847358357,599,1999
7,EP2430-PPSA17456_00-0206793519245545,2099,3499
7,UP0177-PPSA16195_00-P5TPS5NA00000000,1799,5999
7,UP0177-PPSA16195_00-P5TPS5US00DELUXE,1999,7999
7,UP0006-CUSA01925_00-NFS16SE000000001,599,1999
7,UP2715-CUSA08040_00-PROCONSTPS4US000,749,2499
7,UP2514-PPSA21790_00-F1MANAGER2400000,874,3499
7,UP0006-PPSA01390_00-DRAGON4STANDBUND,2449,6999
7,UP4040-PPSA14501_00-BROTHERSFORPS5US,799,1999
7,UP6312-PPSA29586_00-0765025196979148,1799,2999
7,UP0700-CUSA09903_00-SC6GAME000000001,959,5999
7,UP2047-PPSA03098_00-DI2GEDITPS5SIEA0,4199,4199
7,HB1956-PPSA33177_00-CASHCLEANERSIM00,1799,1999
7,UP2611-CUSA12380_00-PERSONA5DUS00000,899,2999
7,UP1685-PPSA10261_00-4396566144501976,2999,5999
7,UP5420-PPSA31665_00-0807198200770730,1599,1999
7,JP0128-PPSA32236_00-TOKYOXTREMERACER,2999,4999
7,UP2047-CUSA03684_00-DIDECOLLECTION00,299,2999
7,EP5374-CUSA49952_00-0125272499443437,2399,2999
7,UP0283-PPSA04340_00-6295996030780486,999,4999
7,UP1003-PPSA30932_00-PROJECTSYMES0000,799,3999
7,UP1003-CUSA12057_00-DEATHCLAWPETDLUX,1979,5999
7,UP1018-CUSA02107_00-LEGOMARVELAVENGE,499,1999
7,UP0177-PPSA03831_00-SONICRANGERS0000,1399,3999
7,UP0082-PPSA08177_00-PS5UP00LIVEALIVE,1999,4999
7,UP0082-PPSA10664_00-FF16SIEA00000002,1999,4999
7,UP3004-CUSA12494_00-FISHINGSIMWORLD1,399,1999
7,UP7702-PPSA18176_00-0562161431188006,2399,3999
7,UP7604-PPSA18718_00-0415489590319879,1399,1999
7,UP4731-CUSA15146_00-BARTENDERVRSIMUL,1399,1999
7,EP1481-PPSA32634_00-0092151181368739,2099,2999
7,UP1676-PPSA02759_00-2386332613796784,399,1999
7,UP2514-CUSA10205_00-JWEVOLUTION00000,749,4999
7,UP0102-PPSA01556_00-VILLAGEGDEDITION,1499,4999
7,UP3696-CUSA32419_00-LUMBERJACKSDYNNA,599,2999
7,UP4395-PPSA02431_00-HFFGAME000000PS5,599,1999
7,UP1018-CUSA00078_00-PLATINUMEDITION1,999,4999
7,UP4713-CUSA15425_00-WE0THEREVOLUTION,299,1999
7,UP4064-PPSA13580_00-BLASPHEMOUS20000,749,2999
7,EP6665-PPSA15528_00-ALAPS00000000000,1399,3999
7,EP6665-PPSA15528_00-ALAPSDELUXE00001,1399,3999
7,UP1001-PPSA01462_00-0000000OAKNGSIEA,599,5999
7,UP4389-CUSA19156_00-MONSTERJAM2US000,999,3999
7,UP6312-PPSA17669_00-DELUXEPACK202600,1749,4999
7,UP7013-PPSA14305_00-0520475199867100,499,1999
7,UP7013-CUSA41257_00-0401010325726199,2249,4499
7,UP7013-PPSA14305_00-0833507567385983,2249,4499
7,UP7013-CUSA41257_00-0192855716434110,499,1999
7,EP4064-PPSA21617_00-SWORN00000000000,749,2999
7,UP7458-PPSA20154_00-REVESAVAGEPDLXED,1499,2999
7,UP0700-PPSA04996_00-KIZOKAPPLI000000,999,3999
7,UP1018-CUSA08469_00-LEGOMARVELCOL000,899,5999
7,UP4060-PPSA02474_00-TERMINATORPS5VER,1249,4999
7,UP4060-CUSA17812_00-TERMINATORGAME19,999,3999
7,UB0788-PPSA33042_00-0315813052436806,1999,2499
7,UP4064-PPSA20053_00-WORMSARMAGEDDON0,849,2499
7,UP0283-PPSA26501_00-0738925408974089,1199,3999
7,UP7389-PPSA13853_00-0086680818243756,2309,3299
7,UP7389-PPSA13853_00-0582097360101182,1609,2299
7,UP8247-PPSA33224_00-0167830668720408,799,999
7,EP1018-PPSA22946_00-HARRYPOTTER17000,599,3999
7,UP4827-CUSA15145_00-BATTLEFORTHEGRID,399,1999
7,UP4827-CUSA15145_00-SE00000000000002,999,4999
7,UP0082-PPSA02046_00-7330014527380857,2099,6999
7,UP0082-PPSA02046_00-1336949547454056,1799,5999
7,EP3643-PPSA26283_00-0008911345432117,1399,3999
7,UP0700-CUSA06417_00-NARUTOUNST000000,1399,3999
7,UP4133-PPSA09742_00-INSURGENCYSANDST,999,3999
7,UP1001-PPSA01492_00-TTWPREMIUMSIEA00,1199,3999
7,UP0700-CUSA10410_00-CODEVEINDELUXEED,799,7999
7,UP0082-CUSA01227_00-FFX0FFX20USA0PS4,999,2499
7,UP2032-CUSA01606_00-SG2NDENCORE00000,1249,2499
7,UP5452-CUSA26865_00-7582797769000004,874,2499
7,UP1001-PPSA06898_00-TS2K25CROSSGENED,1499,1999
7,EP8268-PPSA30893_00-UNRAILED2PS50000,1499,1999
7,UP0259-PPSA22821_00-0573190523836592,899,2999
7,UP9000-CUSA07840_00-SCUS972650000001,749,1499
7,UB1029-PPSA27066_00-0603988493438531,1124,1499
7,UP4133-PPSA35314_00-MUDRUNNER0000000,1499,2999
7,EP6665-PPSA09253_00-RW00000000000000,899,2999
7,EP6665-PPSA21601_00-DKB0000000000000,1999,3999
7,UP4108-CUSA24123_00-NINJAGAIDENMC000,1999,3999
7,EP2006-PPSA34342_00-NICKXTREMETENNIS,1499,2999
7,UP2796-PPSA28677_00-0522336102818921,1049,1499
7,UP2796-CUSA53621_00-0152760377043684,1049,1499
7,UP4162-PPSA22500_00-0778544241082123,499,999
7,UP4162-PPSA22500_00-0615257699896826,2799,3999
7,UP4162-PPSA22500_00-0383936675855345,8399,11999
7,JP0102-CUSA49799_00-ONIMUSHA1AND2SET,1949,3899
7,EP3550-PPSA26057_00-SGDSAKURAEDPS5GP,1814,3299
7,UP2982-PPSA30658_00-TLDRKFULLGAMEPS5,1189,3499
7,UP0283-PPSA16744_00-NALLSTARBRAWLTWO,1499,4999
7,UP0177-PPSA06435_00-LIKEADRAGON80000,1749,6999
7,UP0177-PPSA06435_00-ULTIMATEEDITION0,2749,10999
7,UP6856-PPSA05849_00-8009578235641746,799,1999
7,UP4040-PPSA06780_00-GUNFIREREBORNPS5,999,1999
7,UP0102-PPSA04404_00-BH7G000000000001,999,3999
7,UP4064-CUSA04047_00-WORMSWMD00000000,599,2999
7,EP2696-CUSA55930_00-0237894783951336,999,2499
7,EP2696-CUSA55930_00-0953925426092026,479,1199
7,UP1050-PPSA06368_00-2289808112335141,874,2499
7,UP4016-PPSA15552_00-DEADCELLSPS5SIEA,1249,2499
7,EP6719-PPSA21396_00-ROBOQUEST0000000,1499,2499
7,UP2775-PPSA13938_00-0466294767641317,1099,1999
7,UP2775-CUSA40908_00-0601145835585159,1099,1999
7,UP4133-CUSA11598_00-FARMINGSIMULAT19,1499,2999
7,UP0283-PPSA02275_00-3483070832267869,1249,4999
7,UP9000-PPSA28997_00-SONSOFSPARTAPS50,1979,2999
7,UP2833-CUSA56690_00-2000000000000000,719,1199
7,UP2833-CUSA56690_00-0066832634253029,1199,1999
7,UP0102-CUSA09407_00-DMCHDC0000000000,989,2999
7,UP0102-CUSA09407_00-DMCHDC4SEBUNDLE0,1484,4499
7,UP0283-PPSA15482_00-0521950384070831,1499,4999
7,UP0001-PPSA15317_00-UBSFTUNOSTANDARD,499,999
7,UP4735-PPSA14052_00-AFTERIMAGEBASE00,499,2499
7,UP2775-PPSA04460_00-6205314117447406,699,2499
7,UP2775-CUSA29191_00-4983179234517254,699,2499
7,UB0714-PPSA27098_00-0402462226417113,599,1499
7,UP0700-CUSA01341_00-B000000000001360,974,6499
7,UP0082-PPSA07809_00-CRISISCORE000000,1999,4999
7,UP0700-PPSA02595_00-SMGDARKPICTURESC,749,2999
7,UP2047-PPSA02395_00-METROEXODUS0GEN9,299,2999
7,UP2047-CUSA11408_00-METROSAGABUNDLE0,599,5999
7,UP6883-PPSA27831_00-0719071885592398,749,1499
7,EP6880-PPSA27830_00-0279281854521644,1649,2999
7,UP2005-PPSA31211_00-ELECTRONICSPLAB2,349,499
7,UP6883-PPSA27057_00-0140394277201552,399,999
7,UP6883-PPSA27057_00-0910244419671401,769,1399
7,EP6880-PPSA26385_00-0121144232034228,974,1499
7,UP0177-CUSA05637_00-0000000000091623,999,1999
7,UB1486-CUSA55083_00-0117888130711288,899,1499
7,UP2107-CUSA13369_00-MARKOFTHENINJARA,499,1999
7,UP2059-CUSA06408_00-MOVEORDIEPS40000,374,1499
7,UP3800-CUSA08639_00-0000000000REDOUT,874,2499
7,UP1003-CUSA08793_00-BLKHRT0000000000,599,2999
7,UP3824-CUSA09625_00-BEN1000000000000,874,2499
7,EB2067-PPSA34146_00-0672672969539251,299,499
7,UP3643-CUSA00911_00-00000BROFORCEPS4,449,1499
7,EP7345-PPSA38082_00-0253077923198166,161,249
7,UP0082-CUSA01799_00-DXMANKINDIVIDED0,449,2999
7,UP3643-PPSA29043_00-0279765472547786,699,1999
7,UP4395-PPSA04870_00-LAWNMOWINGSIMPS5,399,1999
7,UP4395-PPSA04870_00-00000LMSLANDMARK,499,2499
7,UP0182-PPSA13515_00-0005489104440000,749,2499
7,UP0182-CUSA40501_00-0936057856071963,749,2499
7,UP2104-PPSA01502_00-BSNAX92769600533,1249,2499
7,UP4735-PPSA06470_00-UNTILTHEN00PS5EA,799,1999
7,UP4735-PPSA06470_00-UNTILTHENDLX0000,999,2499
7,UP4043-CUSA07324_00-0000000000000006,1199,1499
7,UB1486-CUSA53449_00-0079115779227998,749,1499
7,UP0082-CUSA33829_00-FF4PS4APPNA00001,1079,1799
7,UP1981-PPSA16160_00-MONSTERJAMGAME00,999,4999
7,UB1264-CUSA51890_00-0251242347093904,749,1499
7,UP0082-CUSA09512_00-DISSIDIAFFDELUXE,1124,4499
7,UP0283-PPSA28795_00-0538321076093656,1799,3999
7,UP5099-PPSA18607_00-SURVIVORMANVRNA1,874,1249
7,UP7583-PPSA16617_00-0214089695784057,999,2499
7,UP0177-CUSA07023_00-SONICMANIA000000,799,1999
7,UP0969-CUSA28368_00-0380691938510186,1759,2199
7,EP2520-PPSA19417_00-0407635045707470,1199,1999
7,EP2520-CUSA45871_00-0208640006777278,1199,1999
7,UP4133-CUSA04640_00-FARMINGSIMULAT17,999,1999
7,UP9000-CUSA08014_00-KNACK20000000000,799,1999
7,UP0006-CUSA00113_00-NFS14000PS4000NA,599,1999
7,UP5025-CUSA26738_00-SHERLOCKHOLMES78,649,6499
7,UP0700-PPSA02211_00-SCRLTNXS00000000,899,5999
7,UP0700-PPSA02211_00-SCRLTNXSULT00000,1399,9999
7,UP0177-CUSA33871_00-MIDNIGHT00000000,999,1999
7,UP2660-PPSA29952_00-SIEESIEADSHA0000,1499,1999
7,UP3643-PPSA06416_00-7992194873723757,749,2499
7,UP0006-CUSA02684_00-ME4RECRUITSTNDRD,599,1999
7,UP0006-CUSA02684_00-BIOWAREBUNDLE000,1199,5999
7,EB2107-CUSA56954_00-0337741580590284,974,1499
7,UP2320-PPSA01545_00-CALLOFTHESEA0000,599,1999
7,UP1685-CUSA27428_00-1090290200025958,1199,1999
7,UP2764-CUSA13413_00-DARKWOOD00000000,374,1499
7,UP0082-PPSA01778_00-0083943153298814,1199,2999
7,UP2104-CUSA00196_00-OCTODADDADLIESTC,749,1499
7,EP1411-PPSA36192_00-0659143720948236,489,699
7,UP2858-PPSA36710_00-0561399811618100,1189,1699
7,UP2858-CUSA58811_00-0794704873209995,1189,1699
7,JP0177-PPSA30247_00-VF5REVOMAIN00001,999,1999
7,UP1003-CUSA01540_00-WOLFENSTEINBLOOD,499,1999
7,UP0102-PPSA38272_00-CLASSICONIMUSHA0,499,999
7,UP0001-CUSA09338_00-TWT0001110001110,399,1999
7,UP4968-CUSA18449_00-STRANDEDDEEPSIEA,799,1999
7,UP9000-PPSA20928_00-SCUS971240000000,499,999
7,UP6301-PPSA29132_00-0363326950872546,1099,2199
7,UP6301-PPSA29132_00-PS5GSSASCTT000US,1349,2699
7,UP6301-CUSA31828_00-0896785569705537,1349,2999
7,UP0006-CUSA10866_00-STELLARPARADISE0,499,1999
7,UP0789-CUSA02291_00-BEACHBUGGYPS4000,399,999
7,EB2797-PPSA39250_00-0545245991654234,749,999
7,UP8703-CUSA49276_00-0141798712503422,649,999
7,UP4064-PPSA02422_00-1775940659903345,1249,4999
7,UP3004-PPSA07227_00-CATANBOARDGAMEDX,399,1999
7,EB0474-PPSA18346_00-0378150337949493,749,1499
7,UP0082-CUSA33817_00-FF1PS4APPNA00001,719,1199
7,UP7512-PPSA25242_00-0576577522657797,599,1499
7,UP1001-CUSA04552_00-XCOM2COLLECTION1,999,3999
7,UP0177-CUSA19345_00-SONICCOLORSULTIM,1199,3999
7,UP2467-CUSA16473_00-0445872545840072,999,3999
7,UP2833-CUSA58755_00-2000000000000000,249,499
7,UP2833-CUSA58755_00-0236427048830629,349,699
7,UP2833-CUSA58755_00-0558525566268014,399,799
7,UP2080-CUSA02798_00-LICHDOMBTMGMMGUS,99,999
7,UP0700-CUSA07345_00-NNK2GAME00000000,899,5999
7,UP0283-PPSA05174_00-NHRA2022GAME0000,999,4999
7,UP2320-PPSA15347_00-PIZZAPOSSUMOMNOM,349,699
7,UP6007-PPSA24590_00-0607604799725823,149,1499
7,UP2107-PPSA02069_00-DSTCEPS5PORTSIEA,599,1499
7,EB2797-PPSA38416_00-0190684197507087,674,899
7,UP6665-PPSA05058_00-CLASHDELUXE00001,749,2499
7,UP1082-CUSA03474_00-SLUS202680000001,499,999
7,UP2833-CUSA47614_00-0653728010029185,449,899
7,UP4064-PPSA07259_00-0739785289722498,599,2999
7,UP7347-PPSA35985_00-0989186111814593,119,199
7,JB2357-PPSA37240_00-AMERICAS00000000,169,199
7,UP2833-CUSA45865_00-0094062286036021,299,599
7,UB0683-PPSA37152_00-0214922225959820,799,999
7,UP1082-PPSA14378_00-0193908117006605,389,599
7,UP2154-CUSA03881_00-SLUS211200000001,149,999
7,UP0292-CUSA07143_00-BULLETSTORMFC000,599,3999
7,HB1607-PPSA34101_00-0849562224596029,349,499
7,UP3528-PPSA16026_00-0077455465101829,1199,2999
7,UP5025-PPSA01771_00-4808179501689027,974,6499
7,UP3528-CUSA48298_00-0034149936460381,3999,4999
7,UP3528-PPSA22369_00-0529305527257288,1399,1999
7,UP6472-PPSA02973_00-LEGENDSOFTALIAAR,149,299
7,UP8787-PPSA34332_00-0356921942954806,74,149
7,UP8787-CUSA57439_00-0108063667079952,74,149
7,EP7868-PPSA19345_00-FFMANCHESTERBUND,479,3999
7,UP4008-PPSA02077_00-7936170847725479,249,2499
7,UP1082-PPSA14390_00-0215165814942140,299,499
7,UB0245-CUSA49316_00-0707989542684692,599,1999
7,UP1082-PPSA07336_00-6684300313937060,299,499
7,UP6989-PPSA08438_00-8769124506242907,89,299
7,UP6989-CUSA34503_00-9057663363509538,89,299
7,UP1018-PPSA05834_00-QUIDDITCH0000000,449,2999
7,UP4425-PPSA18472_00-0566161477848897,349,499
7,HB1607-PPSA29298_00-0756444843813602,244,349
7,UP6989-PPSA15706_00-0153718069506482,149,299
7,UB0796-PPSA29207_00-0163318595925595,79,99
7,UB0796-CUSA54234_00-0958961534868698,79,99
7,UB0599-PPSA30453_00-TUNGSAHURSIEA000,39,49
7,UB2239-PPSA35508_00-67THEGAME000SIEA,39,49
7,UB0599-PPSA31502_00-LIRILIGAME00SIEA,39,49
7,EP5974-CUSA53792_00-0796113556675400,39,49
7,UB0599-PPSA31403_00-BRBRPATAPIM0SIEA,39,49
7,UB0599-PPSA31257_00-CAPPUCCINO00SIEA,39,49
7,UB0599-PPSA31180_00-CHIMPANZINI0SIEA,39,49
7,UB0675-PPSA25737_00-0225746198175822,399,999
7,UP0700-CUSA13505_00-ELEVENELEVEN1111,599,2999
7,UP4947-PPSA25278_00-WHOPPINGWORDSEAR,179,299
7,EB0235-PPSA24249_00-1348BASEGAME0000,1499,2499
7,UP1291-CUSA14864_00-0000000000000005,749,1499
7,UP6022-PPSA35401_00-1998THETOLLKEEPE,779,1199
7,UB0027-PPSA35386_00-0123533566661672,1199,1499
7,EP2402-PPSA33536_00-20THCENTUPREMIUM,149,499
7,UP0259-CUSA11056_00-20XX000000000000,539,1799
7,UP4312-PPSA21271_00-0749293352533570,419,699
7,UP4312-CUSA47379_00-0926660573364666,419,699
7,UP4008-CUSA04685_00-2DARKTHEGAMEAUI3,599,2999
7,UP8016-PPSA17627_00-30SI100GAMEUSA01,499,2499
7,UP8016-CUSA44370_00-30SI100GAMEUSA00,499,2499
7,UP4735-PPSA21711_00-34GAMESWORLD0000,749,2999
7,UP3165-PPSA19600_00-3DARCADFISHPS5US,399,1999
7,UP3165-CUSA46041_00-3DARCADFISHPS4US,399,1999
7,UP1643-CUSA57514_00-3DMINIGOLFMOE4US,1499,1999
7,UP1643-PPSA26940_00-3DMINIGOLFMOE5US,1874,2499
7,UP1643-PPSA03647_00-3DMINIGOLFPS50US,1874,2499
7,UP4312-CUSA45279_00-0092753328073425,599,1199
7,UP4312-PPSA18662_00-0325111692561957,719,1199
7,UP4312-PPSA18662_00-0831623796469894,419,699
7,UP4312-CUSA45279_00-0828949163625545,419,699
7,UP4312-PPSA10173_00-0338842743724633,489,699
7,UP4312-PPSA10173_00-4299821707846438,419,699
7,UP4312-PPSA10173_00-3818016343391452,419,699
7,UP3165-PPSA19475_00-0945766931997072,2009,2999
7,UP3165-CUSA45284_00-0601564533460198,2009,2999
7,UP1643-PPSA02609_00-9133372310780856,1499,2499
7,UP1643-CUSA27858_00-RENZORACERPS4US0,1199,1999
7,EP8208-PPSA30284_00-40SPORTSGAMES000,1199,2999
7,UP2005-PPSA04583_00-41HOURSGAME00000,699,1999
7,UP4312-PPSA30218_00-0476323597314287,419,699
7,UP4312-PPSA29590_00-0373016628536845,539,899
7,UP4312-CUSA54288_00-0952055510210313,539,899
7,UP4312-PPSA29590_00-0234470455903314,419,699
7,UP4312-PPSA28875_00-0610778845437596,419,699
7,UP4312-CUSA53785_00-0052771382339735,419,699
7,UP4312-PPSA08077_00-0440164264903542,419,699
7,UP4312-CUSA29467_00-0983059678906592,419,699
7,UP4312-CUSA29467_00-0302135330473520,599,1499
7,EP4539-CUSA51753_00-0655428781909239,3999,4999
7,UP8533-PPSA33657_00-0229882937774295,319,799
7,UP8533-PPSA33657_00-0882186692347752,679,1699
7,UP4312-PPSA28007_00-0022686551330282,419,699
7,UP4312-CUSA53134_00-0975965115313020,419,699
7,UP4312-CUSA54192_00-0285473718988983,419,699
7,UP4312-CUSA49544_00-0359546438584019,419,699
7,UP4312-PPSA23971_00-0210442759484116,419,699
7,UP6718-PPSA21403_00-0936149301887651,299,999
7,UP6718-CUSA47501_00-0721657093647521,299,999
7,EB2797-PPSA38862_00-0158698054830179,524,699
7,UB0675-PPSA31186_00-0096368905648073,1249,2499
7,UP4312-PPSA06768_00-0798238744571810,419,699
7,UP4312-CUSA32594_00-0865220477676498,419,699
7,UP4312-CUSA32594_00-9029858083750236,419,699
7,UP4312-PPSA06768_00-7484851788887839,419,699
7,UP4312-CUSA32594_00-0903712946815245,419,699
7,UP4312-PPSA06768_00-0152368441985789,599,1199
7,UP1685-PPSA07175_00-8054878199970457,599,1999
7,UB0382-PPSA26703_00-0904090056693323,799,1999
7,EP6985-PPSA29900_00-0288567162902057,199,399
7,EP6985-CUSA54488_00-0078618654035076,199,399
7,UP2047-CUSA15976_00-9MOSAOGRBUKABNDL,999,3999
7,UP5610-CUSA17787_00-0000000000000003,959,1599
7,EP5791-PPSA27809_00-0266644482725612,959,1599
7,UP3252-PPSA28840_00-JANDUSOFT0000001,1499,1999
7,UP3252-PPSA24212_00-JANDUSOFT0000001,749,1499
7,UP1012-CUSA02700_00-BOYANDBLOB000000,349,999
7,UP6989-PPSA16751_00-0731950739441726,159,399
7,UP0977-CUSA08179_00-AOTLS22002171006,299,1499
7,UP7211-PPSA13758_00-0087399326343949,499,1999
7,UP2833-CUSA46762_00-5000000000000000,199,499
7,UP2833-CUSA46762_00-0347223681237219,349,699
7,UP2059-CUSA07228_00-9F923BDA7D66F600,374,1499
7,UB0249-CUSA45487_00-0963662473751319,239,299
7,EP6880-PPSA31218_00-0997624613711380,149,499
7,UP6508-CUSA47937_00-0881182567244376,1199,1999
7,UP6508-PPSA21887_00-0830587797532070,1199,1999
7,UP0891-CUSA17405_00-ADVENTUREHORRORB,599,1499
7,UP7862-CUSA34950_00-0464278840795212,624,2499
7,UP4912-CUSA33315_00-3457690791776511,149,1499
7,UP1024-CUSA04110_00-ACQUIRESTIIM0001,799,3999
7,UP7013-PPSA04248_00-9699608821808536,749,2999
7,EP0896-PPSA35973_00-AFROGSJOB2RATGAM,299,499
7,UP3528-PPSA18390_00-0972557468143923,999,2499
7,UP3528-CUSA45692_00-0012737634555509,999,2499
7,UP3252-PPSA14496_00-JANDUSOFT0000001,174,699
7,UP6718-PPSA23493_00-0605979452346263,839,1199
7,UP6718-CUSA49188_00-0004799786690703,839,1199
7,UP4051-PPSA06295_00-3848570674059603,499,999
7,UP6312-PPSA25366_00-0214083431522376,3899,5999
7,UP6312-PPSA18653_00-0498321349758666,2999,4999
7,UP0891-PPSA13368_00-RGHEROANDAGARDEN,249,499
7,EP6470-PPSA20807_00-AHHNALOG11200000,299,599
7,UP6718-PPSA21624_00-0074040351104335,449,1499
7,UB0851-CUSA50352_00-0487575050449126,349,699
7,UB0851-PPSA30501_00-0404815845936063,349,699
7,HP4226-PPSA27366_00-0697535294250993,2274,3499
7,UP4199-CUSA40255_00-0330845764978105,199,1999
7,EP2649-PPSA30356_00-0498787324103727,499,1999
7,UP3696-CUSA15022_00-AIRPORTSIMPS4US0,599,2999
7,UP2715-CUSA29672_00-AIRPORTDAYPS4NA0,1049,3499
7,UP7126-CUSA55078_00-0713727153480453,149,499
7,UP3252-PPSA16067_00-JANDUSOFT0000001,324,1299
7,UP8553-PPSA36770_00-0ALCHEWIZARDGAME,119,299
7,UP2080-CUSA02789_00-0000000000000001,199,1999
7,UB0851-PPSA37784_00-ALIENCATSTORYPS5,399,799
7,UB0851-CUSA59323_00-ALIENCATSTORYPS4,399,799
7,UP4312-CUSA44124_00-0358947526287083,419,699
7,UP4312-PPSA17315_00-0201382059354721,419,699
7,UP4312-PPSA27549_00-0950532125282581,419,699
7,UP4312-CUSA52593_00-0855745155506296,419,699
7,UP5155-CUSA46448_00-ALISADEMO0000000,1169,1799
7,UP1421-PPSA20218_00-0223552308880610,149,999
7,UP1681-PPSA03843_00-FAMILMYS3PS5SIEA,374,1499
7,UP1681-CUSA28199_00-FMCOLLECTIONSIEA,1799,3599
7,UP2500-PPSA13313_00-US0ALPHANEO00PS5,749,1499
7,UP4312-PPSA15204_00-0596979542370476,419,699
7,UP6718-CUSA35823_00-1906616330920827,299,999
7,UP6718-PPSA12398_00-2788880025180764,299,999
7,UP5813-CUSA32745_00-6274400224445567,899,999
7,UP2833-CUSA42695_00-0753556162277703,399,799
7,UP5325-CUSA30350_00-AMAZINGBREAKER00,183,799
7,UB2202-PPSA38617_00-00000AMAZINGMAZE,324,499
7,UP4912-CUSA32342_00-1088899291819525,97,699
7,EP1411-PPSA29191_00-0439009117415359,149,999
7,EP1411-PPSA26457_00-0410102237904620,149,999
7,UP6718-PPSA29016_00-0795928489204167,1259,1799
7,UP6718-CUSA53886_00-0653640490959484,1259,1799
7,UP2500-PPSA06520_00-US0AMBITION00PS5,749,1499
7,HB1334-CUSA54880_00-0769330383560101,1099,1999
7,EP7303-PPSA27905_00-0033843636476678,899,1499
7,EP7303-PPSA27905_00-0537744621723196,1199,1999
7,UP2320-PPSA25653_00-AMERICANARCADIA0,1199,1999
7,EP7303-PPSA35359_00-0144263678655744,299,499
7,UB1503-PPSA35832_00-0990100488339647,769,1099
7,UP2187-PPSA04660_00-7021056675270301,299,1499
7,UP2187-CUSA29486_00-3220296841489860,299,1499
7,JB1401-PPSA29208_00-0193412384225374,599,1199
7,JB1401-CUSA54015_00-0013184884805848,599,1199
7,UB1029-PPSA26857_00-0727870022865047,599,1199
7,UP2212-CUSA32059_00-4224762369613239,269,1799
7,UP0969-CUSA27719_00-000ANGELSOFDEATH,899,1499
7,UP0891-PPSA03087_00-RATAGASCALYWINGS,599,999
7,UP5420-PPSA28679_00-0452471822014809,1599,1999
7,UP5420-CUSA24806_00-6128277563424915,799,999
7,UP3696-CUSA26927_00-ANIMALDOCPS4NA00,399,1999
7,UP6665-PPSA13695_00-AH00000000000000,999,3999
7,EP1411-PPSA31412_00-0911405674476083,149,999
7,UB2099-PPSA34416_00-GISHELTER2000001,1999,2499
7,UP7425-PPSA06799_00-9351926314516028,1749,2499
7,UB1029-PPSA32332_00-0739126934128179,399,799
7,UB1029-CUSA55136_00-0362658863886933,299,599
7,UB1029-PPSA30865_00-0124183760025913,299,599
7,UB1029-PPSA28837_00-0564886028601563,599,1199
7,UB1029-PPSA26919_00-0480610421274850,399,799
7,UB1029-PPSA33036_00-0982639412956521,559,799
7,UP5325-PPSA29084_00-ANIMEUNIPS5UP000,174,249
7,EP5506-CUSA59071_00-UNI3DHOTVACAYPS4,174,249
7,EP5506-PPSA37304_00-UNI3DHOTVACAYPS5,174,249
7,EP5506-PPSA35662_00-ANIMEUNI6PS50000,174,249
7,EP5506-CUSA58270_00-ANIMEUNI6PS40000,174,249
7,HP8406-CUSA52996_00-ANNIELASTHOPEPS4,1499,2499
7,HP8406-PPSA27923_00-ANNIELASTHOPEPS5,1499,2499
7,UP6305-PPSA05925_00-7779893283764094,1749,3499
7,UP6305-PPSA05925_00-7392023519013002,1249,2499
7,UP4361-CUSA00082_00-ANOMALY200000001,149,1499
7,UP7939-PPSA26184_00-0131791012611868,449,1499
7,UB0883-PPSA23830_00-0271537667124706,424,849
7,UP4489-CUSA00748_00-ANOTHERWORLD0000,279,799
7,UP3797-CUSA14100_00-ANTIGRAVIATOR00F,299,1999
7,EP6325-PPSA24351_00-0340256738942113,899,1499
7,EP6325-PPSA26058_00-0515644916964899,899,1499
7,UP4008-CUSA17121_00-AO2SIEA000000000,749,2999
7,UB0675-PPSA22356_00-0212391081647438,1249,2499
7,UP6718-PPSA32972_00-0401685566364953,979,1399
7,UP0102-CUSA37738_00-AAT456FULLGAME00,2499,4999
7,UP0102-CUSA37738_00-PWAAT123AJAAT456,2499,4999
7,UP0891-PPSA08624_00-RATALAIKAQUADINE,799,1999
7,UP6718-PPSA34315_00-0454918447138725,1399,1999
7,UP1629-CUSA03815_00-MOTOUTOPIAUSA000,129,1299
7,HB1576-PPSA31873_00-0PS5ARASHIGAIDEN,1086,1449
7,UP0571-CUSA24179_00-HAMPRDC000000001,559,799
7,UP0571-CUSA03719_00-HAMPRDC000000001,559,799
7,UP0571-CUSA03715_00-HAMPRDC000000001,559,799
7,UP0571-CUSA28232_00-HAMPRDC000000001,559,799
7,UP0571-CUSA39334_00-HAMPRDC000000001,559,799
7,JP0571-CUSA55299_00-HAMPRDC000000001,559,799
7,UP0571-CUSA05116_00-HAMPRDC000000001,559,799
7,UP0571-CUSA15877_00-HAMPRDC000000001,559,799
7,UP0571-CUSA48449_00-HAMPRDC000000001,559,799
7,UP0571-CUSA15593_00-HAMPRDC000000001,559,799
7,UP8016-PPSA19015_00-0489895718491618,374,2499
7,UB1029-PPSA28946_00-0691571555436233,499,999
7,UP4389-CUSA01644_00-ARCANIATCTUS0000,599,1999
7,EP6665-PPSA22273_00-ARCHIDELUXE00001,1999,4999
7,UP7698-PPSA31393_00-0084794517690682,1099,1999
7,UP0031-CUSA56782_00-MLARIANANSGAM000,2099,2999
7,UP4912-PPSA19391_00-0440358565849632,199,1999
7,UP4912-CUSA29691_00-6949139496094339,199,1999
7,UP3050-CUSA12755_00-ARISETHEGAME00NA,399,1999
7,HB1358-PPSA30746_00-0218423062295876,639,1599
7,UP1120-CUSA03300_00-00ARMELLOONESCEA,999,2499
7,UP1120-CUSA03300_00-5748247852872551,1799,4499
7,EP1411-PPSA29195_00-0799058845357158,149,999
7,UP1421-PPSA21374_00-0466939607406900,149,999
7,EP1411-PPSA24805_00-0597768223923958,149,999
7,UP5099-CUSA17106_00-0000ARTPULSE11US,909,1299
7,UP2500-PPSA26602_00-US0AHEARTS200PS5,749,1499
7,UP4802-PPSA06718_00-6983340659885127,249,499
7,UP4802-CUSA32505_00-7465914961914779,249,499
7,UP2833-CUSA47360_00-5000000000000000,199,499
7,UP2833-CUSA47360_00-0957657989242890,279,699
7,UP6963-CUSA34920_00-ASPIREINASTALEUS,324,1299
7,UP0001-CUSA03482_00-ACCHRONICLESTRIL,749,2499
7,UP4199-CUSA20309_00-AOM0000000000001,69,699
7,UP4040-PPSA03847_00-ACCOMPPS50000000,999,3999
7,UP4040-CUSA11785_00-ASSETTOCORSASPEC,999,3999
7,UP6665-PPSA16710_00-AOH0000000000000,599,1999
7,UP0182-PPSA05551_00-4703929185782707,199,999
7,UP6246-PPSA03608_00-7669987353540617,999,2499
7,UP1309-PPSA03174_00-ASTRIA0ASCENDING,799,3999
7,UP3252-PPSA08287_00-JANDUSOFT0000001,374,1499
7,JP0013-PPSA21884_00-JP0AACADEMY00PS5,749,1499
7,EB0878-PPSA22658_00-0740091360196808,799,999
7,UP0182-CUSA34728_00-ATARI50GAMEDLC00,3119,5199
7,UP0182-PPSA08601_00-ATARI50GAMEDLC00,3119,5199
7,UP0182-PPSA10081_00-9038267019513532,249,999
7,UP4133-PPSA03390_00-AFREIGNOFSANDEE0,1249,4999
7,UP2320-CUSA17295_00-ATOMICROPS000000,374,1499
7,UP2320-CUSA17295_00-REAPWHATYOUBUNDL,699,1999
7,EP1411-PPSA29664_00-0362414912614957,999,2499
7,UP3252-PPSA23315_00-JANDUSOFT0000001,874,1249
7,UP3252-CUSA49051_00-JANDUSOFT0000001,874,1249
7,UP0814-CUSA27718_00-0356852808418928,399,1999
7,UP4395-PPSA03448_00-AUTONAUTSPS5US00,399,1999
7,UP4312-CUSA25151_00-3622460634982900,419,699
7,UP4312-CUSA27240_00-4188174694970146,419,699
7,UP4312-CUSA27525_00-8886578521391848,419,699
7,UP4064-CUSA08138_00-AVENCOLONY000000,599,2999
7,UP6312-PPSA26136_00-0074184226734561,3599,5999
7,UP7862-PPSA22483_00-AWAKMBPS500000US,1499,2999
7,UP1309-CUSA08327_00-AWAYEU0000000000,254,1699
7,JP0202-PPSA31451_00-LASTBOSSPS500001,719,2399
7,JP0202-CUSA55588_00-LASTBOSSPS400001,719,2399
7,UP2149-CUSA01230_00-AXIOMVERGE001PS4,699,1999
7,UP2149-PPSA05172_00-8610758557647620,999,1999
7,UP0891-PPSA05311_00-RGAYEAROFSPRINGS,249,499
7,UP3252-PPSA19835_00-JANDUSOFT0000001,299,599
7,UP3824-PPSA09194_00-BSBASEGAME000001,599,3999
7,UP4199-CUSA40629_00-0865297194055360,199,1999
7,UP1018-PPSA01695_00-BACK4BLOOD000000,599,5999
7,UP1018-PPSA01695_00-BACK4BLOODULTIMA,999,9999
7,UP1018-PPSA01695_00-BACK4BLOODDELUXE,599,5999
7,UP0891-CUSA14072_00-RATAGABACKIN1995,499,999
7,UP6974-CUSA57603_00-0187792737107231,849,999
7,UP6974-PPSA28157_00-0787408058772317,849,999
7,UP0814-PPSA14955_00-0192604961482671,449,1499
7,EP8062-PPSA36652_00-0896853866127829,507,1449
7,EB0792-PPSA23746_00-BADBIRDS00000000,139,199
7,UP2320-CUSA10969_00-BADNORTHDLGAME01,299,1499
7,UP2833-PPSA35795_00-0428351863177517,2879,3599
7,UP2833-CUSA58368_00-0676209578534149,2879,3599
7,UB0675-PPSA30202_00-0987096754595547,499,999
7,UP4389-CUSA07711_00-BAJAHDUS00000001,899,2999
7,UP8448-CUSA45899_00-0759016753399534,169,1699
7,UB0946-PPSA27577_00-BAKIHANMAGAMEPS5,1499,2999
7,UB0946-CUSA52624_00-BAKIHANMAGAMEPS4,1499,2999
7,UB0946-PPSA27577_00-BUND1DOUPS5SIEAE,1499,2999
7,UP2775-PPSA20087_00-0492072201135743,1449,2499
7,UP2775-CUSA46425_00-0531116731292823,1449,2499
7,EP5974-CUSA53793_00-0142206765736641,39,49
7,UP0891-CUSA18494_00-RATAGABALANCELOT,159,799
7,UP2833-CUSA55424_00-5000000000000000,299,599
7,UP2833-CUSA55424_00-0954544520259959,449,899
7,UP6963-PPSA11115_00-BANGONBALLSPS5US,857,2449
7,UP4133-PPSA10054_00-NEWWORLDGAME0000,1799,5999
7,UP4357-CUSA19066_00-CEASIAAFBOTMA001,509,1699
7,UP4480-CUSA26218_00-2679946741146799,599,1999
7,HP3768-PPSA23663_00-PROJECTCOWGIRL00,1999,3999
7,EB1792-CUSA57608_00-0057266175284460,749,999
7,UP1018-CUSA05335_00-ARKHAMVRLT000000,499,1999
7,UP2026-CUSA09313_00-BAT20000000000SP,599,1499
7,UP4064-PPSA05515_00-0292940942219672,249,2499
7,UP4389-CUSA06807_00-BATTLECHASERSUS0,899,2999
7,EP4904-PPSA35717_00-0860062433919496,1399,1999
7,EP4358-PPSA16496_00-BATTLEREBELSP5EU,874,3499
7,UP4389-CUSA04483_00-BATTLEWORLDSKNA1,799,1999
7,UB1503-PPSA36478_00-0634312235762345,1049,1499
7,UP0789-CUSA26789_00-BBR2PS4SIEA00000,799,1599
7,EP0896-PPSA33079_00-BEAKEDBUCCANEERG,249,499
7,UP2775-CUSA43308_00-0502143172493288,659,1999
7,UP2775-PPSA16362_00-0854153296307115,659,1999
7,UP4361-CUSA13615_00-BEATCOP000000000,149,1499
7,UP7958-CUSA42986_00-IRONELEGENDPS4NA,599,999
7,UB0675-PPSA30704_00-0410935375679330,499,999
7,UP3329-CUSA14646_00-BEATSFEVER0000AM,999,1999
7,UB0946-CUSA56718_00-BEATTHECHAMPSPS4,1199,1999
7,UB0946-PPSA33213_00-BEATTHECHAMPSPS5,1199,1999
7,UP6963-CUSA27379_00-0892850865329440,439,2199
7,UB0851-CUSA52169_00-0512242463744176,349,699
7,UB0851-PPSA27106_00-0330660289142905,349,699
7,UP4008-CUSA15611_00-BEESIEA000000000,399,1999
7,HP6978-PPSA27567_00-BEESIMTHEHIVE001,1249,2499
7,HP6978-CUSA52609_00-BEESIMTHEHIVE001,1249,2499
7,EP0896-PPSA37436_00-BEEWITHGUNRATAGA,349,499
7,UP6883-CUSA51120_00-0511141386172000,399,799
7,EP6880-PPSA24244_00-0200251862337166,399,799
7,EP6880-PPSA24244_00-0434373984968753,499,999
7,UP6883-CUSA51120_00-0554560536630122,499,999
7,UP3696-CUSA36286_00-BEHOLDER3PS4NA00,399,1999
7,UP3696-PPSA09819_00-BEHOLDER3PS5NA00,399,1999
7,UP6718-CUSA35781_00-7606215704361958,399,999
7,UP6718-PPSA09495_00-5359527840123028,399,999
7,UP6718-PPSA36918_00-0038186100283177,1439,1799
7,UP6718-PPSA36918_00-0754996608291098,1749,2499
7,EP2946-PPSA23310_00-0797846115135541,749,2499
7,EP2946-CUSA49028_00-0286622805259714,749,2499
7,UB0851-PPSA37634_00-BESTIALRECEPTION,349,699
7,UB0851-CUSA59237_00-BESTIALRECEPTION,349,699
7,UP4713-CUSA30984_00-9549475246219758,699,1999
7,UP5099-PPSA15940_00-BESTOFBUNDLESIEA,2414,3449
7,UP5099-PPSA08478_00-7979797979797979,1749,2499
7,UP5099-PPSA15952_00-0890728148533518,1049,1499
7,UP8533-PPSA15839_00-0220195238657220,399,999
7,UP3165-PPSA02604_00-0024231166387186,1799,2999
7,UP3165-CUSA16752_00-BUTONHORSEFARMUS,1199,1999
7,UB0797-CUSA50770_00-0703885353408472,719,1799
7,UP1421-PPSA14127_00-0308235550809589,179,1199
7,UP1421-PPSA14129_00-0141740327796459,224,1499
7,UP1421-PPSA14131_00-0477362038856147,224,1499
7,UP1421-PPSA18233_00-0459486718293149,224,1499
7,UP1421-PPSA18235_00-0477738684839896,149,999
7,EP1411-PPSA24438_00-0773630428413777,149,999
7,EP1411-PPSA25117_00-0499829454091200,149,999
7,EP1411-PPSA28566_00-0780185950075959,399,999
7,EP1411-PPSA34794_00-0614019473250879,489,699
7,UB0045-PPSA19943_00-BIGHELMETPS50000,1124,2499
7,UP4713-PPSA19855_00-0363967699646224,857,3299
7,UP4713-PPSA19855_00-0827431908349233,749,1499
7,UP7085-PPSA19258_00-0294026655388531,999,1999
7,UP2775-PPSA16938_00-0553353247198132,339,1999
7,UP4199-CUSA26999_00-6756312551131788,49,499
7,EB1075-PPSA23451_00-BFRAMEOUTPOSTPS5,749,1499
7,UP4199-CUSA33166_00-5380745006648385,19,199
7,UB1029-PPSA34149_00-0770642573571601,399,799
7,UP1001-CUSA03979_00-BIOSHOCKCOLLECTN,999,4999
7,UP6007-PPSA23076_00-0000000BIPED2PS5,899,1999
7,EP5974-CUSA53684_00-0833664211792911,39,49
7,HB1607-PPSA37591_00-0992568882267000,479,599
7,UP6718-PPSA22503_00-0796075792854847,269,899
7,UP2148-PPSA20648_00-0604568823875380,2344,3499
7,UP2148-PPSA20648_00-0124893468255135,1339,1999
7,UP2148-PPSA20648_00-0802318071859116,1339,1999
7,UP2148-PPSA20648_00-0952923418599896,3014,4499
7,UP4457-CUSA04816_00-RUNNER2000000000,669,999
7,UP2769-CUSA07080_00-BLACKHOLE001COMP,299,1499
7,UB2239-PPSA37511_00-BLACKHOLE000SIEA,279,399
7,UP6718-CUSA35110_00-4913841091722733,199,399
7,UP6718-CUSA43472_00-0966687487806398,224,449
7,UP6718-PPSA16545_00-0237507461311418,224,449
7,UP5855-CUSA18678_00-0000000000111111,399,1999
7,UP7949-PPSA09250_00-0673811771733143,374,1499
7,EP0896-PPSA30173_00-BLASTERFORCE30RG,249,499
7,UP1024-CUSA04191_00-BBCFPS4000001000,3599,5999
7,UP1024-CUSA01437_00-BBCPPS4000001000,2999,4999
7,UP0036-CUSA11192_00-BBTAGPS400001000,399,1999
7,UP0036-CUSA11192_00-BBTAGPS4SPEDIT00,999,4999
7,UB0473-PPSA29714_00-GREATACTGAMEBBEE,1624,2499
7,UB0473-PPSA29714_00-BBEEXDELUXE00000,2274,3499
7,UP6521-CUSA25964_00-7549878942731669,374,1499
7,UP1024-PPSA08408_00-BLAZINGSTRIKEPS5,1199,3999
7,UP1024-CUSA34460_00-BLAZINGSTRIKEPS4,1199,3999
7,UP0700-PPSA03639_00-BROS0DLXEDITION0,5099,8499
7,UP4480-CUSA16341_00-0000000000000000,119,399
7,UB0675-PPSA25675_00-0792379009763368,599,1199
7,UP4199-PPSA18443_00-0962065676180674,99,999
7,UP8727-PPSA20188_00-0333740456812142,1449,2899
7,UP6261-PPSA05972_00-3116549526563399,799,1999
7,UP6261-PPSA05915_00-1079763634636692,799,1999
7,UP2764-CUSA07853_00-BUTCHERPS4DELUXE,324,1299
7,EP3540-PPSA35624_00-BLUEBERRY0000PS5,999,1249
7,EP3948-PPSA26875_00-0203959146993011,149,1499
7,UB0851-CUSA56177_00-BOBBRICKBREAKER4,349,699
7,UB0851-PPSA32280_00-BOBBRICKBREAKER0,349,699
7,EP6878-PPSA23274_00-0312284748143134,593,899
7,UP1309-CUSA07280_00-BOILINGBOLT00000,239,1199
7,JB0500-PPSA31797_00-0004842752856419,249,999
7,EP2919-CUSA59236_00-0651705216212643,24,49
7,UB0599-PPSA30869_00-BOMBARDIRO00SIEA,39,49
7,UP2500-PPSA31650_00-US0BOFTHES000PS5,749,1499
7,UB0851-CUSA59746_00-BONEMARROW2PS400,399,799
7,UB0851-PPSA38793_00-BONEMARROW2PS500,399,799
7,UP0891-PPSA04146_00-RATAGABONEMARROW,149,499
7,UP7486-PPSA32963_00-0022507026762178,1999,2499
7,UP4064-PPSA14014_00-0353284356689608,499,1999
7,UP1001-PPSA17638_00-BLWARCHESTBUNDLE,3749,14999
7,UP5325-CUSA26569_00-BORISTHEROCKET00,509,1499
7,UP1309-PPSA14458_00-BORNOFBREADSIEA5,599,2999
7,UP6718-PPSA24165_00-0252604507655418,699,999
7,UP6718-CUSA49705_00-0785092818788679,699,999
7,UP6963-PPSA19445_00-0515039785788907,1124,2499
7,UP1057-CUSA28294_00-BPMPS4GAMESIEA01,1199,2999
7,UP1260-PPSA09425_00-0863551605945340,599,2999
7,HB1638-PPSA39144_00-0462351472602630,2399,2999
7,HB1656-PPSA29800_00-0849210823475228,1399,1999
7,JP0714-PPSA32279_00-0425576082326651,769,1099
7,JP0714-CUSA56176_00-0689774525614751,769,1099
7,UP4064-CUSA33206_00-BRAVERYANDGREED0,399,1999
7,UP4008-PPSA06593_00-BRICK00000000000,499,999
7,UP4008-CUSA03889_00-BRICKBREAKER0000,499,999
7,UP6883-PPSA27050_00-0670523243610780,299,999
7,UP1421-PPSA14084_00-0013011435962056,224,1499
7,UP1778-CUSA37654_00-BROKCOMPLETEBUND,1619,2699
7,UP2154-CUSA01990_00-BROKENAGEPLAYS04,224,1499
7,UP8251-PPSA29641_00-0957065071073144,699,999
7,UP8251-CUSA55785_00-0635282462590449,699,999
7,UP8251-PPSA34497_00-0858799687348498,1189,1699
7,EP8442-PPSA30170_00-0056169496049437,699,999
7,UP8251-PPSA30591_00-0773502290588353,1399,1999
7,UP8251-PPSA30591_00-0306310001929995,1749,2499
7,UP6705-CUSA31332_00-7550949052290796,749,2499
7,UP6705-PPSA08306_00-8751975370510729,749,2499
7,EP6325-PPSA28078_00-0606757911085072,674,1499
7,UP2833-CUSA48345_00-5000000000000000,199,499
7,UP2833-CUSA48345_00-0638365185076593,239,799
7,HB1334-CUSA52566_00-0084610218554821,649,999
7,UP8553-PPSA27087_00-0218220609328763,29,299
7,UP6989-PPSA19087_00-0928645741077345,119,399
7,UP6989-CUSA45577_00-0790734227374310,119,399
7,UB1029-PPSA29730_00-0004666486056810,299,599
7,UB0675-PPSA25755_00-0156471035049263,499,999
7,UP2715-CUSA20290_00-BUSDRIVERPS4NA00,599,1999
7,UP2715-CUSA29675_00-BDSCOUNTRYPS4NA0,449,1499
7,HB1334-CUSA52785_00-0246660038441240,749,1499
7,EP2649-PPSA33620_00-0028536997502628,499,1999
7,HB2648-PPSA38957_00-0946565794974906,1049,1499
7,UP4735-PPSA22924_00-BYESWEETCAROLE00,1499,2499
7,UP4735-PPSA22924_00-0050053422074681,1499,2499
7,UP3252-PPSA23278_00-JANDUSOFT0000001,299,599
7,UP0891-PPSA02938_00-RATAGAMC14DATING,599,1999
7,EP0771-PPSA28769_00-DELUXEEDITION025,2774,3699
7,EP2696-CUSA54859_00-2000000000000000,199,499
7,EP2696-CUSA54859_00-0570634867264348,449,899
7,UP3252-PPSA20867_00-JANDUSOFT0000001,312,1249
7,UP1947-CUSA28866_00-2021005000101040,839,2099
7,UP3252-PPSA32532_00-JANDUSOFT0000001,1199,1499
7,UP6718-PPSA30473_00-0458218549113740,239,799
7,UP7949-PPSA24779_00-0500642495984918,1124,2499
7,UB0683-PPSA32540_00-0142963766933020,959,1199
7,UB0045-PPSA21891_00-CARAVANSWPS5SIEA,1249,2499
7,UP3252-PPSA04839_00-JANDUSOFT0000001,199,799
7,EP3948-PPSA27221_00-0821683129289670,374,1499
7,UP4735-PPSA24911_00-CAREBEARS0000000,749,2999
7,UP2545-CUSA15587_00-0000000000000000,199,1999
7,UB1428-PPSA33963_00-CARMAGEDDONRS000,2799,3999
7,UP1001-CUSA13807_00-BARKERBASEGAME00,799,1999
7,UP1001-CUSA05697_00-000000000CVRSCEA,499,1999
7,HP7240-CUSA56520_00-0890280690644960,849,1699
7,UP0283-CUSA04729_00-CARTOONNETWORKBR,499,1999
7,UP6718-CUSA43374_00-0094035961946758,199,399
7,UP6718-PPSA16450_00-0762556730583791,199,399
7,EP3948-PPSA32938_00-0193250449869660,649,1299
7,UP1309-PPSA06078_00-4379992031910149,424,1699
7,EP4897-PPSA31686_00-0489192085870577,124,499
7,UP4713-CUSA29628_00-5895376036557842,299,1499
7,UP0891-CUSA19387_00-RATAGACASTLEPALS,99,499
7,HB2304-PPSA36758_00-0578887000996795,699,999
7,HB1179-PPSA31328_00-0211015196244537,870,1299
7,UP7126-CUSA56312_00-0140195439543092,149,499
7,UP0259-CUSA04521_00-0000000000000001,249,999
7,UP6691-PPSA02513_00-2609580604908226,374,1499
7,UP4293-CUSA16539_00-0000000000000000,374,1499
7,UP7581-PPSA15065_00-CQ300000000PS5US,799,1999
7,EP6665-PPSA19407_00-CRS0000000000000,1599,3999
7,EP6985-CUSA55529_00-0822350665213987,149,299
7,EP6985-PPSA31370_00-0762492349171715,149,299
7,EP6985-PPSA35532_00-0590380884897903,239,299
7,UB1511-PPSA29767_00-0511525976214987,519,799
7,UB1511-PPSA28307_00-0736819809704156,324,499
7,UB1511-PPSA28239_00-0310361858287303,454,699
7,UP5869-PPSA03860_00-8772259760843589,349,999
7,EP6878-CUSA55832_00-CATSRITUALBUNDLE,296,449
7,EP6878-CUSA55832_00-CATSRITUAL000000,230,349
7,EP1053-PPSA26882_00-0717263378059655,1874,2499
7,UP5099-CUSA20416_00-CAVEDIGGERNONVR4,699,999
7,UP5099-PPSA15827_00-DIGGERBUNDLEOYEA,1924,2749
7,UP5099-PPSA15827_00-0520112251218665,699,999
7,UP0891-PPSA20639_00-CAVEMANRANSOMRAG,199,499
7,UP3252-CUSA09015_00-0000000000000001,374,1499
7,UP3252-PPSA11542_00-JANDUSOFT0000001,312,1249
7,UP3515-CUSA41214_00-CELEBRITYSLOTUSA,199,799
7,EB0757-PPSA27603_00-0584142113739935,1249,2499
7,UP0891-PPSA09320_00-RAGCHASINGSTATIC,599,1499
7,UP0891-PPSA13535_00-RGCHEMICALLYBOND,499,999
7,UB0714-CUSA50201_00-0302157819776941,599,1499
7,UP5580-PPSA04747_00-CHERNOBYLPS5SIEA,599,2999
7,UP5580-CUSA28036_00-CHERNOBYLITESIEA,599,2999
7,EP6985-CUSA58186_00-0042820000875473,279,399
7,EP6985-PPSA35530_00-0188386473231875,279,399
7,EP0896-PPSA35976_00-CHICKENCLIMBERRG,349,499
7,UP3515-CUSA11934_00-CHICKENRANGE0000,249,999
7,HP3768-PPSA29443_00-EGGSTRACTION0001,1199,3999
7,UP0001-CUSA00339_00-B000000000001642,899,2249
7,UP0001-CUSA00339_00-CHILDOFLIGHT0001,899,2249
7,UP4361-CUSA10862_00-1535695388936346,485,2699
7,UP1421-PPSA21785_00-0057777936886068,149,999
7,UP6718-PPSA34308_00-0542266234278713,799,999
7,EP1411-PPSA34778_00-0573105853994337,559,699
7,UP1421-PPSA14075_00-0738406884073747,224,1499
7,UP0082-CUSA23910_00-CHRONOCROSS00000,799,1999
7,UP2796-CUSA17911_00-CHUBBYPIXEBUNDLE,569,2999
7,UP2005-PPSA08300_00-CIONSOFVEGA00000,279,699
7,UP6718-PPSA24163_00-0352340346069115,299,999
7,UP6718-CUSA49704_00-0328146558768865,299,999
7,EP1411-PPSA24454_00-0648439763944208,149,999
7,UP3252-PPSA16139_00-JANDUSOFT0000001,249,499
7,UP3515-CUSA27198_00-CLASSICRACERSUS4,749,2999
7,UP3515-PPSA03203_00-CLASSICRACERSUS5,874,3499
7,UP6718-CUSA57969_00-0959040551388503,1599,1999
7,UP6718-PPSA35091_00-0886318626280292,1599,1999
7,UP7688-CUSA41026_00-0980379999511401,149,1499
7,UP1421-PPSA14117_00-0953481977224907,179,1199
7,UP1421-PPSA14125_00-0187166612120187,149,999
7,EP1411-PPSA25125_00-0831765838495080,104,699
7,UP1421-PPSA14121_00-0164485081499575,179,1199
7,UP1421-PPSA14119_00-0814439015142022,149,999
7,EP1411-PPSA26449_00-0596125163519808,299,999
7,EP1411-PPSA34790_00-0245598057987417,489,699
7,EP1411-PPSA24241_00-0384264815889757,149,999
7,UP1643-PPSA04303_00-COASTFLIGHTSIMUS,1799,2999
7,UP0283-PPSA04644_00-4810208968054641,1499,4999
7,UP0283-CUSA18956_00-COBRAKAISTRIKE00,1199,3999
7,UB1177-PPSA26288_00-0295650486691413,1104,1299
7,UB1177-CUSA55007_00-0698965786359095,1104,1299
7,UP1024-CUSA10864_00-CODEREALIZESHPS4,2999,4999
7,UP1024-CUSA12915_00-CODEREALIZEFD2P4,2999,4999
7,UP5503-PPSA26528_00-0656994000407395,2999,4999
7,UP3252-PPSA25997_00-JANDUSOFT0000001,1249,2499
7,UP4480-CUSA10078_00-0000000000000001,299,999
7,UP8255-PPSA21388_00-COFFEEPLIS0000NA,374,749
7,EP2696-CUSA55667_00-2000000000000000,249,499
7,EP2696-CUSA55667_00-0768286397730269,399,799
7,UP7553-PPSA08392_00-0612326340544564,1499,2499
7,UP7553-PPSA17148_00-0159450932476728,1199,1999
7,UB0027-CUSA56367_00-0914180665034076,1049,1499
7,UP3797-CUSA14099_00-CONARIUM10037XXX,299,1999
7,UP0891-PPSA02278_00-RATACONCEPTDESTR,199,499
7,UP0891-CUSA19113_00-RATACONCEPTDESTR,199,499
7,UP3800-CUSA26623_00-CONGLOM451BUNDLE,454,1299
7,EB1737-PPSA30936_00-0102553472550596,1199,1599
7,UP3515-CUSA15417_00-CONTRAPTIONSVER1,249,999
7,UP3515-CUSA46429_00-CONTRAPTIONSCUSA,499,1999
7,UP3515-PPSA20096_00-CONTRAPTIONSCUSA,749,2999
7,UP5522-CUSA28608_00-4983824635911138,799,1999
7,UP5522-CUSA47890_00-0359533593779250,1249,2499
7,UP5522-PPSA18074_00-0385378199123682,1249,2499
7,UP0135-PPSA30143_00-0980093899773631,899,2999
7,UP8787-PPSA27906_00-0409252050386120,59,149
7,UP8787-CUSA52968_00-0530302582607024,59,149
7,UB0851-CUSA59187_00-COSMICMIRAGE0000,349,699
7,UB0851-PPSA37546_00-COSMICMIRAGE0000,349,699
7,UP8703-PPSA33428_00-0884010025111481,899,1499
7,UP7126-CUSA57398_00-0586400876103986,249,499
7,HB1334-PPSA36443_00-0491751392715718,974,1499
7,UB2239-PPSA37694_00-COZYBASKET00SIEA,279,399
7,EB2067-CUSA56848_00-0687117318832305,299,499
7,EB2067-PPSA33460_00-0045977266070217,299,499
7,UP1676-PPSA02667_00-8422559889677992,399,1999
7,UP3515-CUSA13812_00-CRASHDUMMYSIEA00,249,999
7,UP3252-PPSA16981_00-JANDUSOFT0000001,249,499
7,UP8553-PPSA28225_00-0741655550981400,49,499
7,EP3024-PPSA24319_00-MHINVASIONPS55WW,599,1999
7,EP3024-CUSA49809_00-MHINVASIONPS44WW,599,1999
7,UP3165-CUSA32141_00-MOORHUHNKART02US,999,1999
7,UP3165-PPSA10281_00-MOORHUHNKART02US,999,1999
7,UP3165-PPSA18171_00-MOORHUHNXPS55AME,799,1999
7,UP3165-CUSA44860_00-MOORHUHNXPS45AME,799,1999
7,UP3291-PPSA21455_00-0009811648811321,1139,2849
7,UP4199-CUSA40257_00-0780679883782124,99,999
7,UP4654-PPSA15792_00-0294189142232583,1124,1499
7,UP4654-CUSA14002_00-0000000000000001,674,899
7,UP8281-CUSA45424_00-0965714244981804,1919,2399
7,UP8281-PPSA18876_00-0125463516810623,1919,2399
7,UP4735-PPSA02121_00-CRISTALES0000000,399,3999
7,UP4735-CUSA16433_00-CRISTALES0000000,399,3999
7,UB1036-PPSA30595_00-0757974460104531,1019,2999
7,UP0891-PPSA02718_00-RATAGACROSSKRUSH,99,499
7,UP2833-CUSA45691_00-0301447243625783,199,499
7,UP2833-CUSA45691_00-0583227144906990,349,699
7,UP4064-CUSA25245_00-CROWNTRICK000000,499,1999
7,UP6665-PPSA09252_00-CW000DELUXE00001,1199,5999
7,EP6665-PPSA28868_00-CTCA0DELUXE00001,2999,5999
7,UP6206-CUSA51598_00-0477994969636795,1599,1999
7,UP6206-PPSA26470_00-0425688666581995,1599,1999
7,UP4713-PPSA19532_00-0447618331405782,1124,2499
7,UB1029-PPSA32551_00-0745122114407899,149,299
7,UP3252-CUSA25101_00-JANDUSOFT0000001,174,699
7,UP4713-PPSA24128_00-0519863325343393,1499,2499
7,UP4713-PPSA24128_00-0178589152073139,1499,2499
7,UP2833-CUSA57232_00-0381389495408421,1249,2499
7,UP2080-PPSA02817_00-CURVEDSPACE00000,199,1999
7,UB0383-PPSA28905_00-0537823898691504,219,2199
7,UP2538-PPSA18505_00-CUTIESHGAMEPS5US,89,299
7,UP0891-PPSA18396_00-CYBERCITIZENS2RG,359,599
7,UP0891-PPSA21577_00-CYBERCITIZENS3RG,359,599
7,UP5464-CUSA25701_00-7021035546725753,149,499
7,EP0896-PPSA26160_00-CYCLECHASERH5RAG,299,599
7,UP7732-PPSA19253_00-0820641724141205,2099,2999
7,UB0599-PPSA30324_00-DAEMONFALL00SIEA,104,149
7,UP6856-PPSA05827_00-DKRGAMEDEPS500US,999,4999
7,UP2320-CUSA10749_00-DANDARALONGHATH1,374,1499
7,UP1685-CUSA27945_00-3534786958507733,799,1999
7,UP0891-PPSA07603_00-RAGADANDYRANDYDX,279,699
7,UP4199-CUSA27849_00-8321549666871703,99,999
7,HP6701-PPSA31964_00-0863078391184963,1624,2499
7,UP4556-PPSA22541_00-0012216031518646,249,999
7,EP1411-PPSA31421_00-0409254398118804,599,1499
7,JB1899-PPSA38611_00-0945464815981430,779,999
7,UP3515-CUSA27656_00-DARKTHRONESUS000,224,899
7,UP5869-CUSA20430_00-0506892255344576,244,699
7,UP3252-PPSA14156_00-JANDUSOFT0000001,199,399
7,UB0675-PPSA28208_00-0789573719366761,749,1499
7,UP2154-CUSA01991_00-0974178390161941,749,1499
7,UP4389-CUSA17424_00-DCLGAMEUS0000000,1199,3999
7,UP2181-PPSA13786_00-0754260327662353,199,499
7,UP2181-PPSA13786_00-0277017894395231,599,1499
7,UP2181-PPSA13786_00-0722089606236995,399,999
7,UP2181-CUSA12177_00-HADDDAYV00100000,599,1499
7,UP4724-CUSA20237_00-DEADDUNGEON00001,149,499
7,UB1486-CUSA54381_00-0445979848164777,824,1499
7,EP2627-PPSA22668_00-DEADLINKPS500000,999,2499
7,UP8738-PPSA17374_00-DEADMANSDIARY001,574,2299
7,UP2005-PPSA28010_00-DEADOFDARKNESS00,959,1599
7,UP0102-PPSA18259_00-DEADRISINGDELUXE,3599,5999
7,UP6094-PPSA26767_00-0001535859972007,1249,2499
7,UP6094-PPSA26767_00-0969047378962572,1749,3499
7,UB0637-PPSA29152_00-0571413721924841,1399,1999
7,UP4361-PPSA30896_00-0352542253776804,1644,2349
7,UP6883-PPSA30064_00-0180721434249791,269,899
7,UP1003-PPSA01302_00-DE1CDXDLOOPDELUX,1599,7999
7,UB0675-PPSA30757_00-0584145699627699,499,999
7,UP0700-PPSA18708_00-DNOTESPEDITION00,999,1999
7,UP9000-CUSA11260_00-DEATHSTRANDELUXE,1499,4999
7,UP4389-CUSA09934_00-DEBLOBONEUS00001,599,1999
7,UP4389-CUSA10447_00-DEBLOB2US0000001,899,2999
7,UP0115-PPSA05408_00-7962076650946286,199,1999
7,UP0115-PPSA05408_00-0161132191809585,199,1999
7,UB0565-PPSA21653_00-0876057869714418,1399,1999
7,UP6718-CUSA58050_00-0871472579773946,559,699
7,UP6718-PPSA35344_00-0265718982179914,559,699
7,UP1139-CUSA32727_00-5169176745194337,199,1999
7,UP2769-CUSA15814_00-DSDDEFEDUS000000,499,2499
7,EB0235-PPSA27895_00-DEERNBOYSTANDARD,1399,1999
7,EB0757-PPSA36520_00-0285986831750248,1599,1999
7,UP2005-PPSA33605_00-DEFENDINGCAMELOT,599,999
7,UP4713-PPSA17664_00-0350013113594921,374,1499
7,UB0675-PPSA25898_00-0235759978441150,499,999
7,UP4735-CUSA13083_00-0000000000000000,399,1999
7,UP2514-PPSA04520_00-5569621071826587,899,2999
7,UP8448-PPSA31431_00-0025052842393214,179,1799
7,UP2005-PPSA04914_00-DEMONIACA0000000,599,1499
7,UB0383-PPSA31227_00-0213195883730857,99,999
7,UP9000-PPSA01342_00-DEMONSSOULS00000,1749,6999
7,UP0265-CUSA18958_00-0000000000000001,799,1999
7,UP4385-PPSA02848_00-7735639468242410,1249,2499
7,UP1057-CUSA29946_00-9592841663725804,1249,2499
7,UB1029-PPSA34170_00-0257868602595900,249,499
7,EP1411-PPSA23660_00-0165489697272773,149,999
7,UP3252-PPSA27546_00-JANDUSOFT0000001,624,1249
7,UB0946-PPSA30799_00-DESVELADO0000PS5,499,999
7,UP1421-PPSA18237_00-0681699748160669,224,1499
7,UP1421-PPSA14144_00-0903388171518690,224,1499
7,UP3252-PPSA19650_00-DETECTIVEBUNDLE1,1874,2499
7,UP3252-PPSA19650_00-JANDUSOFT0000001,262,1049
7,UB0675-PPSA31160_00-0392959260425542,499,999
7,UP3252-PPSA22700_00-JANDUSOFT0000001,262,1049
7,UP3252-PPSA33477_00-JANDUSOFT0000001,824,1099
7,UP3252-PPSA30596_00-JANDUSOFT0000001,786,1049
7,UP3252-PPSA28275_00-JANDUSOFT0000001,734,1049
7,UP8281-CUSA48643_00-0458573379621031,1919,2399
7,UP8281-PPSA22763_00-0081572850641738,1919,2399
7,UP0102-CUSA01671_00-MAINRDOBXXXX0000,749,2499
7,UP1340-CUSA04587_00-0436439278918784,439,2199
7,UB1052-PPSA26583_00-0380971340905683,299,999
7,UB1052-CUSA51714_00-0794453398445708,799,799
7,EP5098-PPSA28406_00-0382348723155286,749,1499
7,UP6088-PPSA18499_00-0383883698921276,699,1999
7,UP6088-CUSA45141_00-0903683843686790,699,1999
7,UP6088-CUSA45141_00-0005762737866690,1399,3999
7,UP6088-CUSA45141_00-0057372668627025,2099,5999
7,UP6088-CUSA45141_00-0819469679451175,2799,7999
7,UP0102-PPSA07831_00-CLASSICDINO00001,499,999
7,UP4001-CUSA16195_00-FULLGAME00000000,1199,5999
7,UP4001-PPSA01552_00-DIRTFIVEPS5EDITI,1199,5999
7,UP4001-CUSA12819_00-DIRTRALLY2SDELUX,1999,4999
7,UP3696-PPSA22110_00-DISASTERBANDNA00,199,999
7,UP1082-CUSA16968_00-2728169992169082,1474,2949
7,UP1082-PPSA17219_00-0870447033747384,2099,2999
7,UP1082-CUSA00600_00-0000000004137605,599,1499
7,UP1082-CUSA01705_00-DISNEYINFINITY03,1199,2999
7,UP1082-PPSA14383_00-0768590071520415,1199,1999
7,UP1082-PPSA17498_00-0933361126391566,974,1499
7,UP0891-CUSA20256_00-RATAGMDISTRAINT2,359,899
7,UP0891-CUSA20256_00-DISTRAINTCOLLECT,599,1199
7,UP1340-CUSA12109_00-DISTRUSTSIEA0000,999,1999
7,UP2833-CUSA48700_00-5000000000000000,199,799
7,UP2833-CUSA48700_00-0755733045085564,384,1099
7,UP0102-CUSA01013_00-DMCDEFINITIVE000,999,3999
7,EP6853-PPSA22143_00-DOCKEDGAME000000,1979,2999
7,EP6853-PPSA22143_00-DOCKEDDELUXE0000,1979,2999
7,EP5974-CUSA55567_00-0416152569026212,39,49
7,UP5792-CUSA46085_00-0197273296560623,39,49
7,UB0245-CUSA52923_00-0981571934852392,209,699
7,UP4173-PPSA29026_00-0739229762817761,999,1999
7,UP1340-CUSA23658_00-6250917430173419,1199,1999
7,UP6718-PPSA25794_00-0306417717432687,299,999
7,UP6718-CUSA51049_00-0009031025020554,299,999
7,UP2107-CUSA00158_00-0412427303554001,1462,3249
7,UP0891-PPSA05018_00-RGDONTTOUCHTHISB,199,499
7,UB1029-PPSA26814_00-0546696686413934,149,299
7,UP2339-CUSA15364_00-1111000099990000,359,1199
7,UP2339-CUSA29701_00-0803448896757467,1699,3399
7,UP2080-PPSA16018_00-DDGBASEGAME00000,749,2499
7,UP4493-CUSA15290_00-DOUGHLINGSARCADE,174,699
7,UP4493-CUSA15641_00-DOUGHLINGSINVASI,249,999
7,UP1309-PPSA17213_00-DOWNARDBASEPS5US,349,999
7,UP3643-CUSA04550_00-DOWNWELLUSP40001,249,499
7,UP6883-PPSA28790_00-0360545773997349,439,799
7,UP7126-CUSA55957_00-0661879636338643,149,499
7,UP7126-PPSA31957_00-0223333152924307,149,499
7,UP0700-CUSA29213_00-DBPROJECTFORM000,499,1999
7,UB0675-PPSA35471_00-0821068578334461,1049,1499
7,UP0082-PPSA22320_00-00000000000000NA,3899,5999
7,UP0082-PPSA17730_00-DQ7RE0000000DE00,4874,7499
7,UP4724-CUSA24623_00-9699914385499274,174,499
7,UP3252-CUSA17646_00-JANDUSOFT0000001,249,499
7,UP0891-PPSA02929_00-RAGDREAMINGSARAH,49,499
7,EB1737-PPSA34091_00-0634369791435141,1199,1599
7,EP1629-PPSA24216_00-DREAMSCAPTSJDPS5,1599,1999
7,UP0283-PPSA13624_00-TROLLSTHEGAME000,999,4999
7,HB1334-CUSA57731_00-0630239891982947,844,1299
7,UP1421-PPSA21289_00-0265193116619818,104,699
7,UP2148-CUSA02534_00-DRIVEDRIVEDRIVE0,669,999
7,UP2181-PPSA12377_00-6855510422539689,319,799
7,EP6625-PPSA28764_00-DDS2GAME00000000,2074,2499
7,EP6625-PPSA28764_00-DDSSTANDBUNDLE00,2074,2499
7,UP7590-PPSA13961_00-0449753965066842,1499,2999
7,UP2005-PPSA06822_00-DRUNKENFIST20000,239,799
7,UP5869-PPSA21092_00-0397420605785526,174,499
7,EP1411-PPSA24463_00-0937891831251143,149,999
7,UB0883-PPSA23828_00-0536158776475011,749,1499
7,UP0292-CUSA04899_00-PAGODA0000000000,499,1999
7,UB0851-CUSA48792_00-K9KWEIGLQXOP0BUD,349,699
7,UB0851-PPSA30505_00-0054988948004377,349,699
7,UB1784-PPSA34362_00-0397196722973185,1469,2099
7,UP1309-CUSA07642_00-0DUNGEONRUSHERS0,299,1499
7,UP2060-CUSA07824_00-0331006500115282,1799,3999
7,UP2833-CUSA25751_00-DUNGEONTOPPS4V10,209,1399
7,UP2660-PPSA29264_00-SIEESIEADUSK0000,2249,2999
7,UB0675-PPSA34265_00-0198076879856709,974,1499
7,UB0675-PPSA34265_00-0689264570938878,1949,2999
7,UP4467-CUSA10312_00-DUSTOFF000000000,319,799
7,UP1629-CUSA20450_00-IS00012516000111,119,1199
7,UP5420-CUSA17464_00-1965091719921124,799,999
7,UP1507-CUSA10547_00-EARTHFALLDELUXE0,1499,2999
7,UP4034-CUSA05069_00-EARTHSDAWN000000,169,849
7,UP0006-PPSA02227_00-PGATOURDIGITAL23,699,6999
7,UP0006-PPSA06093_00-WRC2023PS5GAME00,2499,4999
7,UP4312-CUSA27735_00-2875088260510601,419,699
7,HB1050-CUSA58744_00-0932529884006239,759,1899
7,HB1050-CUSA58744_00-0965019014167913,1199,2999
7,JP0700-PPSA22969_00-SAOVEDLXEDITION0,6749,8999
7,JP0700-PPSA22969_00-SAOVEULTEDITION0,6999,6999
7,EP4062-PPSA25636_00-ECHOESOFTHEEND25,999,3999
7,HP6978-PPSA27165_00-ECOGNOMIX0000001,799,1999
7,EP1411-PPSA36188_00-0220094852527741,559,699
7,UB0851-PPSA38925_00-EDENCOILPS500000,349,699
7,UB0851-CUSA59793_00-EDENCOILPS400000,349,699
7,UP7013-PPSA20454_00-0606499624882096,624,2499
7,UP7013-CUSA46756_00-0746072220412897,2999,5999
7,UP7013-PPSA20454_00-0419171771100323,2999,5999
7,UP7013-PPSA21325_00-0573268239074327,624,2499
7,UP7013-PPSA25840_00-0848559404585606,124,499
7,UP5642-CUSA16400_00-EFFIEUSA00000000,499,1999
7,HB1606-PPSA35647_00-0146222756352397,1889,2099
7,UB0249-CUSA45581_00-0866429431271882,959,1199
7,UP6680-CUSA27241_00-1894759360570552,799,999
7,UP6680-CUSA27241_00-0381897533999737,1599,1999
7,UP1291-CUSA41319_00-0383158138052372,999,1999
7,UP1291-PPSA14352_00-0095330307024139,999,1999
7,UP8448-PPSA16248_00-0869329016266039,199,1999
7,UP6883-PPSA26255_00-0731918533500550,719,1799
7,UP6883-PPSA26255_00-0940673039528320,1154,2099
7,UP6883-PPSA26255_00-0756048385161109,1264,2299
7,EP6880-PPSA26254_00-0878965860326142,1319,2399
7,UP6883-PPSA26255_00-0635740721799834,1071,1949
7,UP6883-PPSA27730_00-0976199848405130,1264,2299
7,UP6883-PPSA27730_00-0959809733533310,494,899
7,UP6883-PPSA27730_00-0235722422076775,714,1299
7,UP6883-PPSA27607_00-0415689366351120,449,1499
7,UP4389-CUSA04317_00-ELEXRPGPBNGUS001,999,3999
7,UP4389-PPSA03804_00-ELEX2US000000000,1799,5999
7,UP2514-CUSA06362_00-EDBASEGAME000000,599,1999
7,UP3252-CUSA16887_00-0000000000000001,199,799
7,UP3252-CUSA25542_00-JANDUSOFT0000001,137,549
7,UP1309-PPSA14011_00-0620048428044620,699,1999
7,UP3252-CUSA18158_00-JANDUSOFT0000001,199,799
7,EP5506-CUSA51709_00-EMPIRESSHALLFALL,559,999
7,UP5325-CUSA47218_00-ELSANIMEPUZZLE00,174,249
7,UP5325-CUSA49641_00-EMYLIVESHOWDMT00,539,1199
7,EP1411-PPSA34782_00-0733466908883204,419,699
7,UP4064-CUSA27920_00-EPICCHEF00000000,499,2499
7,EP6325-PPSA33221_00-0259809898255734,1799,1999
7,EB0757-PPSA20548_00-0286086241569047,2799,3999
7,UP8703-PPSA34354_00-0672190993981436,599,999
7,UB0675-PPSA27974_00-0577923818972343,749,1499
7,UB0599-PPSA20815_00-0332689002614937,139,199
7,UB0599-PPSA22527_00-ESCAPETHEGLITCH2,159,199
7,UB2239-PPSA36812_00-ETG300000000SIEA,139,199
7,UP0115-CUSA15234_00-NAESPIRE10000000,499,1999
7,UP4551-CUSA25606_00-0567345231510190,999,1999
7,UP8281-CUSA48514_00-0545524111969029,1919,2399
7,UP8281-PPSA22638_00-0760810498739397,1919,2399
7,UP4597-CUSA25524_00-5363953339860061,999,1999
7,UP2769-CUSA08257_00-142030ETERNITY17,299,1999
7,UP6718-PPSA33261_00-0245156191921810,239,799
7,UP3004-CUSA08113_00-0000000000000000,399,1999
7,UP3004-CUSA19187_00-EUROFCATCHBUNDLE,299,1499
7,UP3004-CUSA19187_00-THECATCHDELUXEED,599,2999
7,UB0797-CUSA50243_00-0496199317486947,454,1299
7,UP0891-CUSA19416_00-RATAEVENTHEOCEAN,599,1499
7,UP8553-CUSA43353_00-0421936964430299,19,199
7,UP8553-PPSA20274_00-0115825471461411,19,199
7,UP1562-PPSA15671_00-0882639737248983,999,4999
7,UP2715-CUSA06771_00-HEROESBUNDNA0000,1049,3499
7,UP2715-CUSA06771_00-FIREFIGHT17PS4US,899,2999
7,UP2715-CUSA06771_00-FIREBUNDLEPS4NA0,1049,3499
7,UP0891-PPSA19020_00-EVILDIARYRATAGAM,199,499
7,UP5869-PPSA20610_00-0139183875962116,524,1499
7,UP8603-CUSA47570_00-000EVILGODKORONE,314,449
7,UP3252-PPSA02507_00-JANDUSOFT0000001,324,1299
7,UP3252-CUSA26355_00-JANDUSOFT0000001,324,1299
7,UP3252-PPSA33103_00-JANDUSOFTBUNDLE0,1499,1999
7,UP3252-PPSA33103_00-JANDUSOFT0000001,1124,1499
7,UP1947-PPSA18342_00-2023072800000050,599,999
7,UP1947-CUSA45050_00-2023072800000040,599,999
7,UP1024-CUSA04726_00-EXISTARCHIVE0004,2999,5999
7,UP4467-CUSA31462_00-EXITMANPS4NA0000,149,499
7,UB0851-PPSA37635_00-EXODUSCREEPYTIME,399,799
7,UB0851-CUSA59238_00-EXODUSCREEPYTIME,399,799
7,UP0102-PPSA01622_00-EXOPRIMALDELUXE0,1469,6999
7,UP4735-CUSA11530_00-EXTINCTIONGAME00,299,2999
7,UP4735-CUSA11530_00-EXTINCTIONDELUXE,399,3999
7,UP2158-PPSA25573_00-EXTINCTIONRIFTNA,649,999
7,EP6257-PPSA33617_00-0000EXTRACOINPS5,1499,1999
7,EP6257-CUSA56927_00-0000EXTRACOINPS4,1499,1999
7,UB0045-PPSA19657_00-FABLEDOMPS5SIAE0,999,2499
7,EP1411-PPSA24458_00-0468985324331624,149,999
7,EP1411-PPSA25101_00-0675183383129899,149,999
7,EP1411-PPSA25105_00-0595598398309974,149,999
7,EP1411-PPSA25109_00-0206527687802519,149,999
7,UP1681-PPSA23491_00-BTMBUNDL2024SIEA,539,1799
7,UB1029-PPSA27001_00-0847150797820728,649,1299
7,UP8281-PPSA26839_00-0955515644589497,1959,2449
7,UP8281-CUSA51906_00-0831766189958995,1959,2449
7,UP1421-PPSA14065_00-0366794174774029,224,1499
7,UP1421-PPSA14067_00-0340493457402060,224,1499
7,UP0704-CUSA09877_00-FALLENLEGIONFOR4,399,1999
7,UP1643-CUSA44076_00-HIOBADBDLJDPS4US,2009,2999
7,UP1643-PPSA13589_00-HIOBADBDLJDPS5US,2679,3999
7,UP1681-CUSA24204_00-FAMILYMYST20SIEA,374,1499
7,UP1681-CUSA20479_00-FAMILYMYST10SIEA,374,1499
7,UP1681-CUSA20479_00-SUMMERBUNDLESIEA,2999,5999
7,UB0675-PPSA31329_00-0020027052924643,499,999
7,UP2538-PPSA23879_00-FANTASYPREMUSPS5,149,299
7,UP4713-PPSA15907_00-0760300447657668,1224,3499
7,UP4713-CUSA34616_00-0455333670984208,1349,4499
7,UP8016-CUSA25042_00-FANTA00GAMEUSAWR,149,1499
7,UP4735-PPSA21757_00-FFDREAMWORLDS000,299,2999
7,UP8016-CUSA27866_00-FANTASEAGAMEUSA1,249,2499
7,UP1421-PPSA18243_00-0077532406135408,104,699
7,UP2514-PPSA03766_00-FARCHANGINGTIDES,599,1999
7,EP3111-PPSA37667_00-JANDUSOFT0000001,1349,1799
7,UP2715-CUSA05451_00-FAFOBUNDLEPS4US0,899,2999
7,UP2715-CUSA05451_00-FARM17PS4US00000,599,1999
7,UP2715-CUSA05451_00-PF17GOLDBUNPS4US,599,1999
7,UP2715-CUSA05451_00-WORLDFARMBUNDNA0,1049,3499
7,UP2715-CUSA05451_00-WORLDOFSIMBUNDNA,1499,4999
7,UP4008-CUSA13551_00-FDSIEA0000000000,399,1999
7,UP8381-PPSA28983_00-FARMERSLIFE00000,1299,1999
7,UP4399-CUSA16197_00-FARMINGSIMULAT15,749,1499
7,UP7543-CUSA48828_00-0806394621037344,359,899
7,EP2025-CUSA49329_00-0522574485493058,1749,2499
7,EP2025-PPSA23742_00-0313203602616166,1749,2499
7,UP4108-PPSA07421_00-DDX0000000000000,3899,5999
7,UP2005-PPSA26441_00-FAYEFALLING00000,399,799
7,UP0891-PPSA17524_00-FEARMONIUMRATGAM,519,1299
7,UP1681-CUSA16376_00-FSBUNDLE0000SIEA,1799,3599
7,UP8651-PPSA22699_00-FEARTHESPOTLIGHT,1199,1999
7,UP8651-CUSA48562_00-FEARTHESPOTLIGHT,1199,1999
7,UB0796-PPSA34042_00-0574820591841108,399,499
7,UP2769-CUSA13315_00-FELLSEALPSID2018,749,2999
7,UP2059-CUSA02223_00-FENIXFURIA002915,374,1499
7,UP4008-CUSA14872_00-TRCSIEA000000000,399,1999
7,UP0810-CUSA14660_00-BEDTIMEDGFIGMENT,399,1999
7,UP0810-PPSA05978_00-4379288486251671,499,2499
7,UP0810-PPSA05978_00-F1F2BUNDLE000000,499,2499
7,UP6718-PPSA35070_00-0858984330197728,699,999
7,UP0082-CUSA33821_00-FF2PS4APPNA00001,719,1199
7,UP0082-CUSA33825_00-FF3PS4APPNA00001,1079,1799
7,JP0082-PPSA21783_00-0607198398321785,3599,5999
7,UP0082-CUSA33833_00-FF5PS4APPNA00001,1079,1799
7,UP0082-CUSA33837_00-FF6PS4APPNA00001,1079,1799
7,UP0082-CUSA33837_00-FFBUNDLEPS4ENA06,1079,1799
7,UP0082-PPSA01903_00-0291763878924857,1499,5999
7,EP1411-PPSA26453_00-0887380836219350,149,999
7,EP1411-PPSA25121_00-0682769509818457,149,999
7,UP1421-PPSA14073_00-0286263761734373,224,1499
7,UP1421-PPSA21435_00-0698380109050997,149,999
7,UP1421-PPSA21687_00-0924719834429180,149,999
7,UP3252-PPSA18587_00-JANDUSOFT0000001,274,1099
7,UP2715-CUSA09237_00-FIREAIRPORTPS4US,749,2499
7,UP2715-CUSA17875_00-AIRPORTHEROPS4US,899,2999
7,UP2715-CUSA10366_00-FIREPLANTPS4US00,749,2499
7,UP2565-PPSA06404_00-CESD663730000000,1499,2999
7,UP1421-PPSA19550_00-0038452407148171,149,999
7,UP1421-PPSA14069_00-0531219639096559,224,1499
7,UP1421-PPSA14071_00-0303175443317455,224,1499
7,EP5974-CUSA58316_00-0871026304195784,39,49
7,UP8596-PPSA34934_00-0315502936071410,799,999
7,UP3004-CUSA23959_00-BASSPROSHOPSFULL,799,3999
7,UP0177-CUSA12776_00-HOKUTOGOTOUS0000,499,1999
7,UP8438-PPSA29461_00-0752718455554611,479,1199
7,UP1139-CUSA38152_00-1178045723949343,199,1999
7,EP1411-PPSA36985_00-0545504852494418,559,699
7,UP5610-CUSA34053_00-2385516152268823,599,999
7,UP2005-PPSA15522_00-FPATHGAME0000000,499,999
7,UP7581-PPSA07382_00-FLINTLOCK00PS5US,999,3999
7,UP7581-PPSA07382_00-FLOCKDX0000PS5US,999,3999
7,UP4199-CUSA45180_00-0007347630151094,129,1299
7,UP6718-PPSA36355_00-0032467875640980,479,599
7,UP0891-PPSA20202_00-FLOWERSHOPCOMPRG,399,999
7,UP5792-CUSA45060_00-0824361658785579,159,199
7,UP4035-CUSA20600_00-FLYINGBASEGAME00,179,1799
7,UP2080-PPSA05625_00-FOBIA00000000000,299,2999
7,UP2080-CUSA30958_00-FOBIA00000000000,299,2999
7,UP3252-PPSA05953_00-JANDUSOFT0000001,299,599
7,UP0891-CUSA17966_00-RATAFOOTBALLGAME,99,499
7,UP3252-PPSA37487_00-JANDUSOFT0000001,936,1249
7,UP2715-CUSA05490_00-FORE17PS4US00000,599,1999
7,EP6827-PPSA07867_00-FOREVERSKIESBNDL,1999,3999
7,UP2690-CUSA40246_00-FMF00000000000US,874,2499
7,UB1029-PPSA26426_00-0351242910076963,399,799
7,UB1029-CUSA52433_00-0939896580768735,399,799
7,EP3185-CUSA51536_00-0056980730101361,2999,3999
7,EP3185-PPSA26394_00-0529507570862690,2999,3999
7,EP3185-PPSA26394_00-0112002018904529,1686,2249
7,EP3185-CUSA51536_00-0100075952401000,1686,2249
7,UP0891-PPSA19739_00-FORRADERHERORAGA,199,499
7,UP0082-PPSA03982_00-ATHIA00000000001,2099,6999
7,UP1309-PPSA14374_00-FORTSOLISPS5SIEA,899,2999
7,UP0891-PPSA21934_00-FOXYRUSHRATALAIK,199,499
7,UP7543-CUSA34740_00-2378678090037822,459,1149
7,UP4944-PPSA34116_00-0850203374659776,2069,2299
7,UP4025-CUSA09685_00-FRAGMENTSOFHIM01,249,999
7,UP7347-PPSA36247_00-0163031091426384,124,249
7,UP8553-PPSA30696_00-00000000FRAMECAT,49,499
7,UP3252-CUSA18427_00-JANDUSOFT0000001,249,999
7,EP4904-PPSA35718_00-0644071486322813,1049,1499
7,EP0896-PPSA33739_00-MORTFILESULFATRG,359,599
7,UP6718-CUSA54229_00-0032580969654744,209,699
7,UP6718-PPSA29481_00-0248179195175699,209,699
7,UP0891-PPSA04439_00-RGFREDDYSPAGHET2,99,499
7,UP2320-PPSA15555_00-FRIENDSVSFRIENDS,499,999
7,UP2320-PPSA15555_00-00000000000000DE,1259,1799
7,UP2320-PPSA15555_00-000000000000WWFF,944,1349
7,UB0027-CUSA56608_00-0285365481765159,599,999
7,UP0814-PPSA09079_00-7377893988458952,299,1499
7,UP4199-PPSA16439_00-0187379972939315,699,3499
7,UP4199-PPSA21019_00-0307287032979894,1049,3499
7,EP3948-PPSA30599_00-0725921863315265,2099,3499
7,EP4361-PPSA16608_00-0834831119349003,3749,7499
7,UP4361-CUSA15716_00-FROSTPUNKCOMPLET,674,4499
7,UB1029-PPSA26800_00-0086611252963563,449,899
7,UB0605-PPSA30598_00-0437057424734856,2799,3499
7,UP2154-CUSA06644_00-0823922179631210,749,1499
7,UP2154-CUSA06644_00-FULLTHROTTLE0PS4,749,1499
7,EB0377-PPSA34888_00-FUNGUYSIEAMERICA,799,999
7,UP6705-CUSA34338_00-7105410451872716,149,1499
7,UP6705-PPSA08428_00-8537346595762036,149,1499
7,UP3252-CUSA15137_00-0000000000000001,249,999
7,UP5025-PPSA01979_00-SHCOFROGWARESUAK,449,4499
7,UP5025-CUSA18574_00-0624879723597126,449,4499
7,UP7013-PPSA36523_00-0494708120910057,1199,1499
7,UP1024-CUSA16423_00-JWEVGVQNVXNNUBQC,319,799
7,UP8553-PPSA20266_00-0846088015766840,24,249
7,UP8553-CUSA42509_00-0443591605199149,24,249
7,UP6718-CUSA55631_00-0881613970417272,149,499
7,UP6718-PPSA31525_00-0401777706152899,149,499
7,EP6880-PPSA37896_00-0287436289346727,1979,2199
7,UP3252-PPSA06570_00-JANDUSOFT0000001,399,799
7,UP5325-CUSA28329_00-GALAXYSQUAD00000,339,999
7,EP1411-PPSA23656_00-0750741534182981,149,999
7,JP0202-CUSA58131_00-APPRAISERPS40001,1679,2399
7,JP0202-PPSA35472_00-APPRAISERPS50001,1679,2399
7,UP6665-PPSA09256_00-GOS00DELUXE00001,399,3999
7,UP8016-CUSA32759_00-GANRYUGAMEUSAPS4,269,1799
7,UP4983-CUSA31562_00-5325393098479383,1599,1999
7,UP6665-PPSA14172_00-GRD0000000000000,1199,3999
7,UP3696-PPSA13892_00-GARDENSIMPS5NA00,539,2699
7,UP3696-CUSA40883_00-GARDENSIM3PS4NA0,539,2699
7,UP1082-CUSA33789_00-5761929739804239,524,1499
7,UP0891-PPSA15457_00-GASTROFORCERATGA,279,699
7,UP1018-CUSA00701_00-GAUNTLETGAME0000,499,1999
7,UP2833-CUSA57319_00-2000000000000000,249,499
7,UP3515-CUSA07572_00-000GEMSMASHERS3D,149,599
7,UP4064-CUSA10993_00-GENESISALPHA1000,449,2999
7,UP6881-CUSA44096_00-0154870575443784,329,1099
7,UP6881-PPSA17307_00-0290807864097366,314,1049
7,UP0700-CUSA07589_00-GETEVENGAME00001,449,2999
7,HB1576-PPSA33907_00-PS5GHETTOZOMBIES,749,999
7,UB0918-PPSA33214_00-0520874026535142,1399,1999
7,UP1309-CUSA14335_00-GHOSTOFATALE0000,374,2499
7,UP1024-CUSA16151_00-GHOSTPARADE12345,1599,3999
7,UP4040-PPSA09911_00-GR2DELUXEDITIOUS,999,4999
7,UP4040-PPSA09911_00-GRGAMEBUNDLE0000,2749,5499
7,UP4040-PPSA03682_00-GHOSTRUNNERCMPLT,1999,3999
7,UP4040-CUSA24170_00-GHOSTRUNNER00000,2999,2999
7,UP1003-PPSA01337_00-GHOSTWIRETPREDLX,2639,7999
7,UP3824-PPSA05518_00-GIGANTORACER0003,799,3999
7,UP3824-PPSA16492_00-GTCGBASEGAME0001,799,3999
7,HP6701-PPSA23704_00-0691986459296638,1499,2499
7,UB0851-PPSA30503_00-GINGER0PS5000000,349,699
7,UB0851-CUSA48913_00-0554901393633968,349,699
7,UB0675-PPSA30373_00-0998016640384846,749,1499
7,UP4912-CUSA32087_00-2771103518574866,99,499
7,UP0891-PPSA05375_00-GLEYLANDGYNOBUND,659,1099
7,HP6978-PPSA30376_00-0002817632118469,1249,2499
7,EP5098-PPSA21153_00-0725699013404195,1999,2499
7,EP5360-PPSA32175_00-0245312423848881,1259,2799
7,EP5360-PPSA32175_00-0687739503042615,1924,3499
7,UP0891-PPSA09009_00-RGGODDAMNTHEGARD,199,499
7,UP0700-CUSA13281_00-GODEATER30000000,599,5999
7,UP0700-CUSA03525_00-GERESURRECTI0N00,499,1999
7,UP2080-PPSA10821_00-GODOFROCKP5US000,299,2999
7,UP9000-CUSA07408_00-GODOFWARDDE00000,1499,2999
7,UP6705-CUSA28427_00-GODSTRIKEGAME002,974,1499
7,UB0675-PPSA30732_00-0530480555906801,749,1499
7,UP4199-CUSA20310_00-GOETIA0000000001,99,999
7,EB0757-PPSA30151_00-0359444564713153,1199,1999
7,UP4064-CUSA19106_00-GOINGUNDER000000,399,1999
7,UP4713-CUSA16589_00-GOLAZOFOOTBALLUS,149,1499
7,EP1411-PPSA24801_00-0523524897083773,149,999
7,UP8281-CUSA56583_00-0520265269839627,1959,2449
7,UP8281-PPSA33028_00-0742394495026502,1959,2449
7,UP2516-CUSA16635_00-GOLDRUSH00000000,374,2499
7,UP2516-CUSA16635_00-0997978616517254,1799,2999
7,UP2516-CUSA16635_00-0126841371231447,1814,3299
7,UP2516-CUSA16635_00-0548026378318603,1214,2699
7,UP6963-CUSA27457_00-0171402205301073,299,1199
7,UP2833-CUSA46686_00-0295598310645843,239,599
7,EB0759-PPSA20537_00-0713525622545318,299,1199
7,UP4064-CUSA17669_00-GOLFWYFRIENDS000,399,1999
7,UP4064-CUSA17669_00-GWYFULTIMATE0000,1099,5499
7,UP2320-CUSA11628_00-ARTINHEARTGONNER,99,999
7,UP2320-CUSA23371_00-9326626054356868,259,1299
7,UP2320-CUSA23371_00-2730690349334224,299,1999
7,UP4064-PPSA11545_00-GORD000000000000,699,3499
7,UP2080-PPSA18984_00-GORDIANQUEST0000,199,1999
7,UP6883-PPSA27422_00-0156382093196416,149,499
7,UP3643-CUSA18144_00-00000000GORNPSVR,699,1999
7,UP3643-PPSA13249_00-0478048849209824,699,1999
7,UP3643-PPSA28243_00-0525517213088023,899,1999
7,UP2195-CUSA07230_00-GRACEFULEXPLOSIO,519,1299
7,UP8299-CUSA43589_00-0792833251161643,1999,3999
7,UP6718-CUSA56541_00-0510375263038584,319,399
7,UP6718-PPSA32946_00-0433102350013034,319,399
7,UP2005-PPSA36518_00-GRANDVEGASCASINO,349,499
7,UP2690-PPSA09613_00-GRAVENPS500000US,749,2999
7,UP1309-PPSA10676_00-8503336119637375,769,2199
7,UB0675-PPSA27133_00-0604520297780993,499,999
7,UP4064-PPSA02850_00-0097635344379305,399,1999
7,EP1629-CUSA48988_00-GREED2FEXJDPS4EU,1004,1499
7,EP1629-PPSA23239_00-GREED2FEXJDPS5EU,1339,1999
7,EP6665-PPSA21840_00-GF200DELUXE00001,2799,6999
7,UP0006-PPSA03865_00-GRIDLEGPS5GAME00,1799,5999
7,UP0006-PPSA03865_00-DELUXEEDITION000,1799,5999
7,UP2107-CUSA27605_00-KLEIPS4GRIFTLAND,599,1999
7,UP2154-CUSA01319_00-0326127884382982,749,1499
7,UP2154-CUSA01319_00-GRIMFANDANGOPS04,749,1499
7,UP1681-CUSA11892_00-GRIM00COLLECTION,1799,3599
7,EP8021-CUSA59978_00-0978377070913253,2599,3999
7,EP8021-PPSA37739_00-GNLCRAZYPARTYPS5,2599,3999
7,UP4724-CUSA23907_00-1530346559766422,124,499
7,UP4040-CUSA25486_00-PROJECTGROW00000,749,2499
7,UP6883-PPSA30709_00-0656774089771915,399,799
7,UP0891-CUSA18288_00-RATAGAMGUARDDUTY,199,999
7,UP4724-CUSA25540_00-8944180625381679,149,499
7,EP6878-PPSA23450_00-0760102569901223,395,599
7,UP0036-CUSA12629_00-GUILTYGEARONE000,199,999
7,UP1024-CUSA07594_00-GGXRDREV2US00100,2399,3999
7,UP1024-CUSA04112_00-GGXRDREVUS000100,1199,1999
7,UP1024-CUSA00834_00-GGXRDSIGNUS00100,2999,4999
7,UP4912-PPSA06530_00-GUNBORGDARKMATTE,194,1499
7,UP0700-PPSA08065_00-GB4DLXEDITION000,2969,8999
7,UP6714-PPSA03683_00-GGSTANDARDSIEA01,599,2999
7,EP0896-PPSA27671_00-GUNSANDBULLETSRG,909,1399
7,UB0599-PPSA28538_00-GUNSHIPZOMBIE000,139,199
7,HB1334-CUSA56480_00-0554963812190950,824,1499
7,UP4838-CUSA13269_00-BULLETPROOFVRXXX,399,999
7,UB0108-PPSA17821_00-0830897685838757,399,999
7,UB0108-PPSA35149_00-0736492604990631,279,349
7,UB0108-CUSA57940_00-0969744341806940,279,349
7,UB0108-PPSA36777_00-0085153930983991,279,349
7,UB0108-CUSA58843_00-0391499834471617,279,349
7,UP4836-PPSA16875_00-0583491219047151,239,799
7,UP4836-PPSA04576_00-0616192208068613,299,999
7,UP7543-CUSA41037_00-0635937696100420,219,549
7,UP7939-PPSA34076_00-0970537708027864,649,999
7,UP0700-CUSA07559_00-HACKGURECODE0000,999,4999
7,UP2769-CUSA10203_00-HAIMRIKSIEA00001,299,1999
7,UP4312-CUSA30601_00-5366304143639700,419,699
7,UP4312-CUSA30538_00-0305465170554755,419,699
7,UP4312-CUSA25996_00-4795484610245453,419,699
7,UP4312-PPSA10069_00-7747924607674008,209,299
7,UP4312-CUSA36585_00-1187713179734579,209,299
7,UP4312-PPSA25188_00-0401485203567740,419,699
7,UP4312-CUSA50440_00-0607122388511359,419,699
7,UP4312-CUSA50440_00-0172329450932284,419,699
7,UP4312-CUSA50577_00-0062072446159919,419,699
7,UP4312-PPSA25372_00-0935659261478639,419,699
7,UP8121-PPSA19175_00-0961125378915448,134,499
7,UP4735-PPSA07173_00-HAMMERWATCHAE000,399,1999
7,UP4735-CUSA33076_00-HAMMERWATCHAE000,399,1999
7,UP4735-PPSA06106_00-HAMMERWATCH20000,499,2499
7,UP4735-CUSA31652_00-HAMMERWATCH20000,499,2499
7,UP4008-CUSA05449_00-HANDBALL17SCEAP4,499,999
7,UP1778-CUSA08499_00-HANDDRAWNBUNDLE0,899,1999
7,UP1778-PPSA06665_00-HANDDRAWNBUNDLE0,899,1999
7,UP2182-CUSA01503_00-0000000000000000,399,1999
7,UP2182-CUSA05304_00-0000000000000000,599,2999
7,UB1029-PPSA32482_00-0118410849288366,499,999
7,UP7013-PPSA34566_00-0124838367789595,749,1499
7,UP2158-PPSA28858_00-HANNAHQUBYTPS5NA,999,1999
7,UP8553-CUSA41478_00-0096081468789816,49,499
7,UP8553-PPSA19922_00-0758417322735034,49,499
7,UP5325-CUSA24868_00-HARDCUBE00000000,216,699
7,UP4133-PPSA07301_00-HARDSPACESHIPBRK,1199,3999
7,UP4199-CUSA18105_00-HARDWEST00000001,199,1999
7,EP1411-PPSA31417_00-0209283839271307,299,999
7,EP1411-PPSA26169_00-0946333515869729,149,999
7,UP1421-PPSA28554_00-0321973107494402,149,999
7,UP8517-PPSA26096_00-0154316970441540,499,1999
7,UP3696-CUSA41685_00-HARVESTDAYSPS4NA,399,1999
7,UP3696-PPSA14677_00-HARVESTDAYSPS5NA,399,1999
7,UP1014-CUSA18808_00-0000000000BUNDLE,3249,6499
7,UP0182-PPSA07606_00-0000000000000001,499,1999
7,UP0182-CUSA33646_00-0000000000000001,499,1999
7,HP6701-PPSA32527_00-0924810807693982,949,1899
7,UP4654-PPSA30236_00-0157455234672449,1159,1449
7,EP2627-PPSA30521_00-HEADINGOUTDELUXE,989,2199
7,UP4459-CUSA16991_00-HEADSPUNPS400000,389,1299
7,JB0181-CUSA55517_00-0732833214692499,799,999
7,UP8006-CUSA28813_00-1492912303091422,1999,1999
7,UP4912-PPSA07039_00-4438286929424106,194,1499
7,UP4713-CUSA19243_00-000000000000HWCT,199,1999
7,UP4912-CUSA31802_00-8700613438224620,288,1699
7,UP2005-PPSA03565_00-HNTVSEVL00000000,399,999
7,UP8215-PPSA30045_00-0521291584771106,1299,1999
7,UP0891-CUSA12217_00-RATAHEROESTRIALS,119,599
7,UP1681-CUSA25038_00-HEROESANDVILSIEA,1799,3599
7,UB0675-PPSA27878_00-0654955227412010,749,1499
7,UP4199-PPSA23696_00-0789037219289076,179,1799
7,UB0592-PPSA29070_00-0464125044529467,194,1299
7,EP6985-PPSA28364_00-0724554134174653,149,299
7,UP6989-CUSA47463_00-0806190670794614,149,299
7,UP6989-PPSA21357_00-0691808527103658,149,299
7,EP6985-PPSA32677_00-0498327342284746,279,399
7,EP6985-CUSA57625_00-0613443265474999,349,499
7,EP6985-PPSA34636_00-0684724390948804,349,499
7,EP6985-PPSA29899_00-0380614359093341,299,599
7,EP6985-CUSA54487_00-0736318681584081,299,599
7,UP6989-CUSA36918_00-6336460126845889,119,399
7,UP6989-PPSA10339_00-1212267079432523,119,399
7,EP2696-CUSA55931_00-2000000000000000,199,499
7,EP2696-CUSA55931_00-0644541252632323,349,699
7,UP3252-PPSA32091_00-JANDUSOFT0000001,999,1249
7,UB0542-PPSA36803_00-0795503333639471,1599,1999
7,UB0542-PPSA36803_00-0314332366271895,2449,3499
7,UP6163-PPSA14281_00-0796569729505678,499,1999
7,UP7305-PPSA19707_00-0080915506762794,1199,1999
7,UP7305-CUSA46108_00-0489844165273485,839,1399
7,UP0891-PPSA15472_00-HIRILUNRATAGAMES,399,999
7,UP3876-CUSA11584_00-4713237999899143,399,999
7,UP3876-CUSA11584_00-HIVEAWDELUXEPKG0,519,1299
7,UP3876-CUSA11584_00-HIVEAWSPECIALPKG,479,1199
7,UP4034-CUSA12072_00-HPWEREINSPACEUS0,224,1499
7,UP4034-CUSA12073_00-HPWEAPONSHOPUS00,224,1499
7,UP4034-CUSA12071_00-HPWHATTHEHELLUS0,224,1499
7,UP3058-CUSA46561_00-0017577207701894,24,49
7,UP8090-PPSA17287_00-0494061059281825,443,1199
7,UP3515-CUSA15416_00-HORIZONSHIFT81US,224,899
7,UB0683-PPSA37067_00-0548300556781896,799,999
7,UP4731-CUSA27246_00-5001059745784513,1399,1999
7,UP4312-CUSA35457_00-0775187964259038,209,299
7,UP4312-PPSA09154_00-4312189148608276,209,299
7,EP6878-PPSA30444_00-TUNTUNGTUNGSAHUR,659,999
7,UP4312-PPSA07955_00-3941387522711488,419,699
7,UP4312-CUSA34034_00-0005551619555522,519,1299
7,UP3252-PPSA22251_00-JANDUSOFT0000001,679,1699
7,UP3252-PPSA03637_00-JANDUSOFT0000001,374,1499
7,UP2005-PPSA16555_00-HOTBLOOD00000000,399,999
7,UP6665-PPSA07389_00-RSIM000000000000,399,1999
7,JP3918-PPSA21349_00-0703449023643973,2249,2999
7,UP4133-PPSA13721_00-HOTELRENVATR5SED,1574,4499
7,UP3643-PPSA09682_00-4803096615716929,249,999
7,UP3643-PPSA11355_00-3716880328179244,299,1499
7,UP0283-PPSA18191_00-HOTWMONSTERTRUCK,1799,3999
7,UP1564-PPSA21565_00-0857274377780230,2099,2999
7,UP1421-PPSA18695_00-0444361797924012,224,1499
7,UP8016-PPSA15230_00-HOW2E00GAMEUSA01,524,1499
7,UP8016-CUSA42234_00-HOW2E00GAMEUSA00,524,1499
7,EP8208-PPSA30135_00-HOW2ESCAPE2LS001,649,1299
7,EP8208-PPSA30135_00-H2EDOUBLEPACK001,649,1299
7,EP8062-PPSA26427_00-0241824007704745,752,2149
7,UP0891-CUSA25141_00-RGTAKEOFFYOURMAS,449,1499
7,UP5883-PPSA16605_00-0516469932656514,899,2999
7,UP5269-PPSA17931_00-0789034438679435,3199,3999
7,UP4664-CUSA19420_00-HUNTDOWN00000001,699,1999
7,EP7919-CUSA34884_00-9978783722478576,974,1299
7,UP3252-PPSA13447_00-JANDUSOFT0000001,249,499
7,UP5155-PPSA25558_00-HTRDEMO000000000,1299,1999
7,UP8121-PPSA21522_00-0675585388249382,219,999
7,JP0079-CUSA51969_00-0076373648247025,3499,4999
7,UP0079-CUSA42536_00-0409297405434010,2499,4999
7,UP3824-PPSA08353_00-7202971474897046,899,2999
7,EP5974-CUSA54977_00-0359784762342947,79,99
7,UP3686-CUSA11922_00-ICECREAMSURPS4US,399,799
7,UP3686-PPSA07304_00-8207945914178298,399,799
7,UB0675-PPSA26516_00-0146500451043715,599,1199
7,UB0675-PPSA26516_00-0609381023413073,999,1999
7,UB0675-PPSA26516_00-0163638088390094,1499,2999
7,UB0675-PPSA35865_00-0757354913889045,899,1199
7,UB0675-PPSA35865_00-0135283976715272,1649,2199
7,UP1421-PPSA18219_00-0625284455839001,149,999
7,UB0592-PPSA29069_00-0732157375134260,194,1299
7,UP2005-PPSA18597_00-IKKARUSPRINCESIN,399,999
7,UP1421-PPSA15292_00-0347788969244929,149,999
7,UP1421-PPSA14101_00-0011804432744706,149,999
7,EP1411-PPSA23507_00-0813736546381400,149,999
7,UP1421-PPSA14105_00-0696652124835957,224,1499
7,UP1421-PPSA19554_00-0750443916743802,149,999
7,UP1421-PPSA14107_00-0591701138593619,224,1499
7,UP1421-PPSA14109_00-0843514413608163,224,1499
7,UP1421-PPSA14103_00-0167472272951978,224,1499
7,EP1411-PPSA24817_00-0455393946457598,149,999
7,UP0006-PPSA08236_00-ARTEMISDLXED0000,1199,7999
7,UP6718-PPSA21626_00-0006182538208503,259,1299
7,UP1082-PPSA14388_00-0064394372965033,239,599
7,EP4539-CUSA51705_00-0752796842110616,5999,7999
7,UP3252-CUSA19528_00-JANDUSOFT0000001,312,1249
7,UP1309-CUSA05150_00-NEUROVOIDERPS4US,279,1399
7,UP6718-PPSA08580_00-0702045480047861,259,1299
7,UP6718-CUSA28208_00-3647752095310361,299,1499
7,UP2715-CUSA06522_00-INDUSTRYG2PS4US0,749,2499
7,UP2715-CUSA06522_00-IG2BUNDLEPS4US00,599,1999
7,UP2715-CUSA06522_00-THEGIANTSBUNDNA0,899,2999
7,UP1024-CUSA38230_00-INESCAPABLE00000,1499,4999
7,UP1024-PPSA12366_00-INESCAPABLE00000,1499,4999
7,UP4467-PPSA04247_00-INFINIPS5AMERICA,299,999
7,UP4459-CUSA00857_00-INFINITYRUNNERHD,209,699
7,UP0082-PPSA08752_00-STRASHDXUPS50001,2599,6499
7,UP6718-PPSA35202_00-0024759396265363,1199,1499
7,UP1018-CUSA00079_00-INJUSTICEULTIMAT,499,1999
7,UB0851-PPSA36526_00-INKLINGCATSBTD00,749,1499
7,EP2696-CUSA57403_00-2000000000000000,249,499
7,UP6326-PPSA12379_00-4048959180355327,374,1499
7,UP1032-CUSA07641_00-INNERSPACEFLIGHT,299,1999
7,UP2080-CUSA28257_00-INNIGHTMARE00000,199,1999
7,UP2080-PPSA06108_00-INNIGHTMARE00000,199,1999
7,UP4912-CUSA30540_00-INSPECTORWAFFLES,209,1399
7,EP5098-PPSA27035_00-0969250826173318,499,999
7,EP8208-PPSA35533_00-INSTANTSPORTS222,2399,2999
7,UP8016-CUSA33559_00-ISUSA00GAMEUSA01,374,2499
7,UP8016-PPSA07520_00-ISUSA00GAMEUSA01,374,2499
7,UP1309-PPSA04319_00-7393268510693622,499,1999
7,UP1309-PPSA08072_00-9289434640934386,399,1999
7,UB1029-CUSA52671_00-0822076710033989,499,999
7,UB1029-PPSA27030_00-0017989964528416,499,999
7,UP6718-PPSA28136_00-0853834228652721,299,999
7,EP4459-PPSA27589_00-RESTLESSRUINSPS5,899,1499
7,UP2107-CUSA04254_00-INVISINCPS4A0001,499,1999
7,UP0182-PPSA25423_00-IROBOTTHEGAMEPS5,749,1499
7,UP0182-CUSA50697_00-IROBOTTHEGAMEPS4,749,1499
7,UB1600-PPSA37081_00-0466507732876897,1039,1299
7,UP7168-PPSA21292_00-0837542098116935,749,1499
7,UP7168-PPSA29572_00-0501991777542894,1079,1799
7,UP7168-PPSA29572_00-0916168297335172,1749,2499
7,UP5420-PPSA22017_00-0103982145742144,1599,1999
7,UP0891-CUSA14958_00-RAGAMESIRONSNOUT,49,499
7,UP2500-PPSA17832_00-US0ISEKAIR000PS5,749,1499
7,JP0013-PPSA35788_00-JP0ISEKAIV0SEPS5,2474,3299
7,UP2680-CUSA28007_00-2689984507162142,179,599
7,UP2680-PPSA26225_00-ISLANDERSTWO0000,599,999
7,UP2680-PPSA26225_00-0839295725585595,749,1499
7,UP2680-PPSA26225_00-0032333787383426,599,1199
7,UB1802-PPSA33628_00-0106156656107177,209,299
7,UP1676-PPSA03555_00-1301412530951884,599,2999
7,JB2161-PPSA37001_00-0021644193995676,699,999
7,UB0599-PPSA31992_00-BRAINROT00BUNDLE,159,199
7,UP4389-CUSA08421_00-JAGGEDALLIANCEUS,599,2999
7,UP9000-CUSA07841_00-SCUS973300000001,749,1499
7,UP9000-CUSA07842_00-SCUS974290000001,749,1499
7,UP6718-PPSA25438_00-0192945654501506,209,699
7,UP6718-CUSA50732_00-0347320272029865,209,699
7,JP0079-CUSA50611_00-0289344714927573,2999,4999
7,UP0079-CUSA28207_00-1359332952711598,1979,5999
7,UP6705-CUSA30509_00-8979509001560044,99,999
7,UP4912-PPSA17164_00-0390842487618036,404,1499
7,UP3252-PPSA20378_00-JANDUSOFT0000001,312,1249
7,UP1421-PPSA21599_00-0752148353623920,149,999
7,EP1411-PPSA25113_00-0576176965978460,149,999
7,UP1421-PPSA14140_00-0442887583043796,149,999
7,EP1411-PPSA34802_00-0906297304552052,489,699
7,UP1421-PPSA14138_00-0936814201676899,224,1499
7,UP1421-PPSA21675_00-0387405556085612,149,999
7,EP1411-PPSA36989_00-0804230396205700,559,699
7,UP1421-PPSA14136_00-0234561798173626,224,1499
7,UP3515-CUSA41232_00-JIGSAWPUZZLEFEUS,199,799
7,UP0773-CUSA40345_00-0581129085686690,644,1499
7,UP0773-CUSA40345_00-0475261718056186,644,1499
7,HB1939-PPSA34016_00-0009338096047134,849,999
7,UP2500-PPSA19427_00-US0JINSHIN000PS5,749,1499
7,UP0891-CUSA20158_00-RATALAIKAGMJISEI,99,499
7,UP2715-CUSA03807_00-JOESDINERPS4US00,599,1999
7,UP4133-PPSA08267_00-TOXICCOMMANDO000,1999,3999
7,UP2833-CUSA46352_00-0927670963287403,539,1799
7,UP0700-PPSA04220_00-JASBRDXEDITION00,1959,6999
7,UP0700-CUSA04897_00-JOJOSEOHCOMPLETE,959,5999
7,UP9000-CUSA03306_00-JOURNEYCE000SCEA,1499,2499
7,UP4912-PPSA18146_00-0244423703330416,99,999
7,UP3824-PPSA03978_00-2517119461623984,899,2999
7,UP3824-CUSA14658_00-JUMANJIBASEGAME0,899,2999
7,UP6881-PPSA10512_00-7050707145566897,428,649
7,UP8381-PPSA30927_00-JUNKYARDBUILDER0,974,1499
7,UP7136-CUSA31060_00-2885271605091575,299,499
7,UP7136-CUSA45511_00-0543374565614187,399,999
7,UP2680-PPSA10064_00-4873227449157442,599,2999
7,UP2514-PPSA03287_00-7166882075494772,2449,6999
7,UP0082-CUSA09254_00-JC4COMPLETENEW00,1399,6999
7,UP1421-PPSA21691_00-0264821792182800,149,999
7,EP1411-PPSA23870_00-0461049535886508,149,999
7,EP1411-PPSA28562_00-0663044666811746,249,999
7,UP1421-PPSA21437_00-0777856539654792,149,999
7,EP2627-PPSA36442_00-LASSPLANESDELUXE,1429,2199
7,UB2057-CUSA58185_00-0226454229177102,699,999
7,UB1503-PPSA38577_00-0403797482660905,559,799
7,EP4173-PPSA29713_00-0680541569054298,419,599
7,EP4173-CUSA54292_00-0538613862955701,419,599
7,EP1411-PPSA37228_00-0666172186690391,559,699
7,UP3252-CUSA25417_00-JANDUSOFT0000001,274,549
7,UP3252-PPSA10966_00-JANDUSOFT0000001,299,599
7,EP3111-PPSA24320_00-JANDUSOFT0000001,1049,1499
7,UP1561-CUSA04464_00-KHOLATGAME000000,699,1999
7,UP1421-PPSA14123_00-0101727230717072,149,999
7,UP0913-PPSA24075_00-0592964266082330,999,2499
7,UP1309-CUSA05109_00-KILLTHEBADGUYEXK,209,699
7,UP9000-CUSA00190_00-KZ4RELEASE000041,699,1999
7,UP0891-PPSA20778_00-KINDUO2FROSTBIRG,199,499
7,UB1029-PPSA34991_00-0305564308280273,499,999
7,EP4062-PPSA28731_00-0405812491993057,599,2999
7,EP4062-PPSA28784_00-0262533748719750,599,2999
7,UP2047-PPSA21705_00-KCD2MAINGAMEDSUS,2449,6999
7,UP2047-PPSA21705_00-KCDSAGAGAMEBSIEA,3499,9999
7,UP2047-PPSA21705_00-KINGDOM2GOLDSIEA,8129,8129
7,UP5503-CUSA23112_00-4916821123765645,399,1999
7,UB1052-PPSA33053_00-0426831808279634,454,699
7,UB1052-CUSA56607_00-0083575626450577,324,499
7,UB1052-PPSA33053_00-0825584944454179,324,499
7,UB1052-PPSA33053_00-0427344928480953,559,1599
7,UP0814-PPSA14468_00-0228471554912272,199,999
7,UP7126-PPSA19297_00-0546306920076591,149,499
7,UP7126-CUSA45753_00-0189802833150958,174,499
7,UP7126-CUSA56382_00-0565058520162223,199,499
7,UP7126-PPSA32565_00-0292122554581183,199,499
7,UP4459-CUSA06056_00-KNEEDEEPGAMEPS40,449,1499
7,UP2154-CUSA13266_00-KNIGHTSBIKESSIEA,999,1999
7,EP1411-PPSA29994_00-0276763398984273,299,999
7,UP0159-CUSA28599_00-5454094714293554,674,1499
7,UP0182-PPSA06551_00-7023787086503841,299,1499
7,UP0182-CUSA32267_00-2403682917171614,299,1499
7,UP2983-CUSA10412_00-KONRADTHEKITTEN0,299,1199
7,UP4199-CUSA28018_00-6234229945085159,199,1999
7,UP1291-CUSA04676_00-0000000000000003,499,999
7,UP5223-PPSA06334_00-LAKEPS5SIEAFULL0,799,1999
7,EP6878-CUSA58970_00-0802091990035578,329,499
7,EP6878-CUSA58970_00-0586109201730222,249,249
7,UP4802-CUSA25930_00-1264041716244350,299,599
7,EP6878-CUSA48692_00-0000612059592438,164,249
7,EP6878-CUSA48692_00-GAMEMODESEDITION,725,1099
7,EP6878-CUSA48692_00-ULTIMATEEDITIONX,1121,1699
7,UP0082-CUSA00794_00-B000000000001094,299,1999
7,UP2148-CUSA02862_00-GAME000000000000,669,999
7,UP4912-PPSA12360_00-LASTNIGHTWINTER0,99,999
7,UP4459-PPSA15896_00-LATESHIFTPS5SIEA,599,1499
7,UB1029-PPSA27595_00-0559354402418688,499,999
7,JP8394-PPSA31878_00-LOKDRBASEPS50000,1249,2499
7,JP8394-PPSA31878_00-LOKHODCOLLECTION,2249,4499
7,UB0675-PPSA33050_00-0299458185758124,749,1499
7,UP5155-CUSA36195_00-LEGENDBOWL000000,1374,2499
7,UP4389-CUSA01178_00-LOKHDROCKSPS4US1,899,2999
7,UP0082-CUSA24495_00-LOMPS4NA00000001,1199,2999
7,UP2440-PPSA37439_00-0323750003599658,149,299
7,UP5180-PPSA07431_00-LEGOBRICKTALE5US,599,2999
7,UP1018-CUSA11542_00-LEGOGAMESBUNDLE0,999,9999
7,UP1082-PPSA14300_00-0804842924824650,599,1499
7,UP1018-PPSA01864_00-LEGOSWTSSGE00000,1199,7999
7,UP1018-PPSA01864_00-LEGOSWTSS0000000,899,5999
7,UP1018-PPSA01864_00-LSWTSSBNDLEDELUX,899,5999
7,UP7939-PPSA28619_00-0265528575819244,389,1299
7,UP1309-PPSA13680_00-0715926616302596,999,2499
7,UP4735-PPSA26768_00-LEOANDMIA0000000,599,1999
7,UP4735-PPSA21709_00-LEOFIREFIGHTER00,499,2499
7,UP1309-PPSA03690_00-4818503063859335,399,1999
7,UP7225-PPSA20416_00-0202385658034921,3149,4199
7,UP7225-PPSA20416_00-0256883583705507,1649,2199
7,UB2057-PPSA36659_00-0409552935758882,119,199
7,UB2057-CUSA58783_00-0985592095678922,119,199
7,UP0082-PPSA16105_00-0460099951583879,1999,4999
7,UP0082-PPSA16105_00-0119808074316752,3199,7999
7,UP0082-CUSA23980_00-1951785847228082,799,3999
7,UP3252-PPSA06341_00-JANDUSOFT0000001,249,499
7,UP7444-CUSA40734_00-0898186292075754,199,499
7,UP1057-PPSA33882_00-0561666890909661,2399,2999
7,HB1334-PPSA29567_00-0135900737728286,674,1499
7,UP2054-CUSA01664_00-PLAYDEADD11LIMBO,124,1249
7,UP2054-CUSA01664_00-3438673406581463,334,3349
7,UP7126-CUSA56749_00-0952216212827196,199,499
7,UP7126-PPSA33257_00-0078330245624385,199,499
7,UP1024-CUSA12126_00-LITTLEDRAGONSUS0,1799,5999
7,EP0700-PPSA31228_00-LITTLENIGHTSVR01,2399,2999
7,UB0383-PPSA29189_00-0504266529563382,199,1999
7,UB0383-PPSA34517_00-0104093253887576,429,2149
7,JB0540-PPSA35500_00-0730408122588658,799,999
7,JB0540-PPSA35500_00-0978164516846275,919,1149
7,JB0540-PPSA35500_00-0517147619211122,2519,3599
7,UP2080-CUSA04495_00-LOADINGHUMAN0001,99,999
7,UP6718-PPSA23443_00-0802430954894091,299,999
7,UP6718-CUSA49147_00-0395068990589041,299,999
7,UP5325-CUSA43388_00-LOCOPARENTIS0000,489,999
7,UB2057-PPSA36402_00-0388094049900208,299,499
7,UP0891-PPSA08322_00-RGLONGLIVETHEQUE,399,999
7,UP0283-PPSA19563_00-0461732787446079,2399,5999
7,UP3252-PPSA07896_00-JANDUSOFT0000001,249,499
7,EP4405-PPSA35060_00-0040750088449602,1349,1499
7,UB0851-CUSA59395_00-LORDOFTHECLICK04,399,799
7,UB0851-PPSA37888_00-LORDOFTHECLICK04,399,799
7,UB0851-PPSA37889_00-LORDOFTHECLICK05,399,799
7,UB0851-CUSA59397_00-LORDOFTHECLICK05,399,799
7,UP1309-CUSA42250_00-LOEPS4SIEA000000,999,1999
7,EP3385-CUSA53768_00-0048986173165970,1399,3499
7,UP3528-PPSA28842_00-0592974308261886,1399,3499
7,UP1309-PPSA15633_00-0797359782165231,1399,3499
7,UP0793-PPSA08060_00-1253063250979302,899,1799
7,UP0793-PPSA08060_00-5183801276027789,899,1799
7,UP1421-PPSA21372_00-0557318125681984,149,999
7,UP0006-PPSA01693_00-LOSTINRANDOMGAME,449,2999
7,UB1511-PPSA37054_00-0366737861019763,639,799
7,EP1411-PPSA24434_00-0039237826929127,149,999
7,UP1421-PPSA21679_00-0844955422941877,149,999
7,UP6171-CUSA37294_00-LOUD000000000000,249,999
7,UB0836-PPSA26416_00-UNCLELOUDELIVERS,1999,2499
7,UP0891-PPSA04707_00-RATALALOVECHOICE,199,499
7,UP1340-CUSA14740_00-0000000000000000,374,1499
7,UP0891-PPSA05041_00-RATAGLOVEKUESUTO,199,499
7,UP5325-CUSA49253_00-LOVELYCRUSH00000,349,499
7,UP6718-PPSA17615_00-0080168819362391,239,799
7,UP6718-CUSA44358_00-0860364561691470,239,799
7,UP3515-CUSA40802_00-LUCKYSLOTS000USA,199,799
7,UB0867-PPSA28140_00-0376423800153179,349,999
7,UP3797-CUSA48746_00-0325805495406886,679,1999
7,UP0182-PPSA09089_00-0566977311990122,899,2999
7,UP0182-CUSA35366_00-5214618321248330,899,2999
7,UP8299-CUSA48262_00-0417608253888790,2999,4999
7,UP4983-CUSA13629_00-0000000000006661,1199,1499
7,UP4912-CUSA49390_00-0165378258488467,1999,3999
7,UP4912-PPSA23805_00-0813411028609439,1999,3999
7,UP4199-PPSA20916_00-0127906883690672,299,2999
7,UP4008-PPSA06595_00-MAHJ000000000000,499,999
7,UP4802-CUSA27024_00-9689512844338326,399,799
7,UP1421-PPSA18221_00-0952569318787343,104,699
7,UP2005-PPSA27773_00-MAIDENCOPS000000,749,1499
7,UP3252-CUSA25546_00-JANDUSOFT0000001,374,1499
7,UP6705-PPSA13779_00-0717401633882167,599,1999
7,UP5325-CUSA28327_00-MAINFRAMEDEFEND0,371,1199
7,EP1411-PPSA31427_00-0847405313522736,499,999
7,UP3252-PPSA33588_00-JANDUSOFT0000001,1874,2499
7,UP0115-PPSA01861_00-MANTRUTHBUNDLE00,1249,4999
7,UP2753-CUSA13549_00-MARBLEDUEL141117,719,1199
7,UP7126-CUSA54999_00-0967302883065935,149,499
7,UP7126-PPSA30679_00-0598776641265495,149,499
7,UP1676-CUSA06655_00-MAROONERSSCEA000,199,999
7,UP2158-PPSA14673_00-2120MARSPS5QUBNA,674,1499
7,UB0797-CUSA52611_00-0791610437716573,824,1499
7,UP3515-CUSA42648_00-MARTIANPANICSIEA,624,2499
7,UP0082-PPSA01748_00-DXM0000000000001,899,5999
7,UP1001-PPSA02621_00-MMSENHANCED00000,1049,6999
7,UP1001-CUSA26174_00-MMSDIGITALPLUS00,1049,6999
7,UP5642-CUSA16626_00-MASSIRA123456789,194,1299
7,UP2833-CUSA51200_00-0915641186540772,699,1399
7,UP8757-PPSA25522_00-0415161640741725,999,1999
7,UP2060-PPSA04493_00-MATCHPOINT00DEMO,1999,4999
7,UP1421-PPSA14094_00-0117206176052793,179,1199
7,UP1421-PPSA14099_00-0822040193847233,179,1199
7,UP3252-CUSA20470_00-JANDUSOFT0000001,199,799
7,UP4493-PPSA14464_00-MAYHEMBRAWLERPS5,499,1999
7,UP4713-CUSA29159_00-7125911017230619,149,1499
7,UP8533-PPSA18516_00-0257535855346325,1599,3999
7,UP8533-PPSA18516_00-0663053975315385,439,1099
7,UP3252-PPSA10916_00-JANDUSOFT0000001,324,1299
7,UP0814-PPSA21834_00-0606585865935674,449,1499
7,UP0814-PPSA21834_00-0202655950145128,249,999
7,UP9000-CUSA11227_00-MEDIEVILHDDD0001,1999,3999
7,UP0102-CUSA08268_00-RCC12BUNDLE00001,1199,2999
7,UP0102-CUSA15023_00-MMZZLC0000000001,989,2999
7,UP0891-PPSA06395_00-MEKABOLTPLUS0000,199,499
7,UP4467-CUSA15065_00-MEKORAM000000000,149,499
7,UP3165-CUSA39443_00-MEMORYAMERICAPS5,999,1999
7,UP3165-PPSA12482_00-MEMORYAMERICAPS5,999,1999
7,UP7347-PPSA27417_00-0973909808690625,39,199
7,UP7347-PPSA32171_00-0892491801075489,79,199
7,UP1309-PPSA03027_00-MERCHANTSKIES000,899,1499
7,UB0851-PPSA31481_00-METALOIDORIGINP5,349,699
7,UP4480-CUSA16835_00-MTO0000000000000,449,1499
7,UP3643-CUSA15879_00-METALWOLFCHAOSXD,999,2499
7,UP2047-CUSA00683_00-MCOMPLREDUXDISC1,449,2999
7,UP2715-CUSA27910_00-METROSIMPS4NA000,599,1999
7,UB2202-PPSA38984_00-MICROOVERDRIVEHT,599,999
7,UP3252-PPSA06572_00-JANDUSOFT0000001,249,499
7,UP4947-PPSA20667_00-MIGHTYMATH123456,139,399
7,UP4947-CUSA37366_00-MIGHTYMATH123456,139,399
7,UP7818-PPSA18528_00-0444976593126924,1749,3499
7,UP7818-CUSA45165_00-0153621143952723,1749,3499
7,UB2239-PPSA37918_00-MMERGE000000SIEA,39,49
7,UP4802-PPSA06751_00-7813114308696671,749,1499
7,EP0896-PPSA33080_00-MILOSDREAMRATGAM,299,599
7,UP0891-CUSA18199_00-RATAGMMILOSQUEST,49,499
7,UP6326-PPSA14354_00-0409313594149492,299,1499
7,EB0235-PPSA22577_00-MINDCOPBASEPS500,824,1499
7,UB1029-PPSA26745_00-0835650557189789,199,399
7,UB1029-CUSA52112_00-0438085255800033,199,399
7,UP2764-PPSA10001_00-MINDSDESCENT0000,749,2999
7,UP2764-PPSA10001_00-THEGAPPS5BNDL000,549,2199
7,EB2034-PPSA32156_00-0617300459852278,169,199
7,UP8553-PPSA27083_00-0782437935421361,29,299
7,UP3252-CUSA27622_00-JANDUSOFT0000001,299,599
7,UP2005-PPSA21529_00-MININGMECHSBUNDL,349,499
7,EP2696-CUSA58506_00-2000000000000000,299,599
7,HB1334-CUSA52645_00-0324870055015387,749,1499
7,UP4133-PPSA20662_00-MIOMRYINORBIT000,1399,1999
7,UP0283-PPSA21322_00-0931778696767745,2499,4999
7,UP0182-PPSA26106_00-MISSILECMDDELTA5,899,1999
7,UP1024-CUSA32802_00-0119590004046776,1999,3999
7,UP7958-CUSA43020_00-MISTSOFNOYAHP4NA,649,999
7,UP0700-PPSA04215_00-GUNDAMBOCFDXPS50,1499,5999
7,UP0700-CUSA18758_00-EXTREMEVSMBONPKG,2999,5999
7,UP7939-PPSA24764_00-0672630872911952,344,1149
7,UP1309-CUSA06184_00-MOMONGAPINBALL00,119,599
7,UP0001-CUSA26329_00-MONOPOLYGAME0000,749,2999
7,EP5974-CUSA53341_00-0244397172946007,349,499
7,EP5098-PPSA36916_00-0906911301577227,1874,2499
7,UP0102-PPSA08033_00-SBDOUBLEDELUXE00,1749,6999
7,UP0102-CUSA43546_00-FULLGAME00000002,1499,4999
7,UP0102-CUSA43546_00-COLLECTION000002,1959,6999
7,UP0102-CUSA07713_00-ICEBORNMEDX00000,1599,4999
7,UP4389-CUSA13279_00-MONSTERJAM1US000,999,3999
7,UB0675-PPSA25776_00-0448055965227240,499,999
7,UP1118-CUSA17207_00-MONSTERPROMPS400,399,1599
7,UP8255-PPSA37058_00-MONSTERRUSHSURSB,349,499
7,UP2833-CUSA55020_00-5000000000000000,274,499
7,UP2833-CUSA55020_00-0058632673973653,454,699
7,UP4008-PPSA01902_00-6699679568085093,599,3999
7,UP4008-CUSA18665_00-MTC0SIEA00000000,599,3999
7,UB1029-PPSA27545_00-0095079007498068,499,999
7,UP1421-PPSA14077_00-0237875009877611,224,1499
7,UP1421-PPSA14080_00-0099669747965195,224,1499
7,UP1421-PPSA14082_00-0664951227046506,224,1499
7,UP1024-PPSA13785_00-MONYUPS500000000,1999,4999
7,UP4361-CUSA10164_00-5170029166539869,359,2399
7,HP6701-PPSA30939_00-0149355389291486,1199,1999
7,UP4713-PPSA16661_00-0330140076085024,699,1999
7,UP1260-PPSA13524_00-0112008076166671,749,2999
7,UP1260-CUSA48087_00-0528174444395253,749,2999
7,JB0500-PPSA34060_00-0499406078679878,899,1499
7,UP6326-PPSA18438_00-0412168086750236,899,1799
7,UP6326-PPSA21606_00-0097242544054273,899,1799
7,UP2320-CUSA15258_00-KRILLBITEMOSAIC0,399,1999
7,UP2320-CUSA15258_00-MOSAIC1PERCENT00,524,2499
7,UP6718-CUSA41116_00-0441294667502108,299,999
7,UP6718-PPSA14132_00-0253675211540772,299,999
7,UP1981-CUSA14888_00-MOTOGP19FULLGAME,299,1999
7,EP4356-PPSA25319_00-MOTOGP25FULLGAME,999,4999
7,EP4356-CUSA53165_00-MOTOGP25FULLGAME,999,4999
7,UP4008-CUSA01151_00-MOTORCYCLECLUB00,399,1999
7,EP1411-PPSA34798_00-0805057421624338,419,699
7,UP4618-PPSA30344_00-0139868628242848,374,1499
7,UP2715-CUSA15232_00-MOUNTAINRESPS4NA,899,2999
7,UP0789-CUSA28531_00-MOUSEBOT00000000,199,499
7,UP5805-CUSA31650_00-8963598294931878,278,1549
7,UP5805-CUSA31650_00-0290955775428131,764,1699
7,UP0891-PPSA09606_00-RGMRSCATBETWEENW,199,499
7,UP1421-PPSA18227_00-0392879269646778,104,699
7,UP4064-CUSA11920_00-MUGSTERS00000000,99,499
7,EP2919-CUSA54837_00-0149344847939816,24,49
7,UP4467-PPSA08066_00-MARINEEXPPS5NA00,149,499
7,UB0675-PPSA22552_00-0179366039982533,479,1199
7,UP1981-PPSA04052_00-MXGP2021FULLGAME,399,3999
7,UP1981-CUSA28533_00-MXGP2021FULLGAME,399,3999
7,UP1681-CUSA12298_00-ISLEEP000000SIEA,374,1499
7,UP1681-CUSA12298_00-MBRSPECIAL00SIEA,549,2199
7,UP6665-PPSA08421_00-MFR0000000000000,399,1999
7,UP0700-CUSA12048_00-HEROGAME00000000,499,1999
7,UP0700-CUSA15929_00-MHOJ2DELUXEED000,1499,5999
7,UP5325-CUSA25548_00-MYHIDDENTHINGS00,118,349
7,UP2833-CUSA55666_00-5000000000000000,399,799
7,UP2833-CUSA55666_00-0916167655078994,699,1399
7,EP3024-CUSA48985_00-MYLIFZOOVETPS4WW,1499,2499
7,EP3024-PPSA23232_00-MYLIFZOOVETPS5WW,1499,2499
7,UP3824-PPSA05729_00-MLPBASEGAME00001,1399,3999
7,UB1709-PPSA33802_00-0361355689242903,1999,2499
7,EP1411-PPSA24809_00-0286946928128918,149,999
7,UP1421-PPSA14111_00-0299700238510675,224,1499
7,UP1561-CUSA13043_00-MYMEMORYOFUSGAME,804,2299
7,UP2060-CUSA13593_00-00000000MYRIDING,1199,1999
7,UP0006-PPSA29917_00-MYSIMSCOZYBUNDLE,1999,3999
7,UP1421-PPSA20462_00-0254248103435408,149,999
7,UP1421-PPSA20459_00-0883070436613072,149,999
7,UP1421-PPSA20456_00-0843651501332154,149,999
7,UP1421-PPSA20465_00-0984555538069574,149,999
7,UP2833-CUSA43233_00-0652849321034466,199,499
7,UP2833-CUSA43233_00-0804505785566271,349,699
7,UP3252-CUSA25678_00-JANDUSOFT0000001,249,499
7,UP6472-PPSA14334_00-MYTHOLOGYWAIFUS0,199,399
7,UP1309-PPSA07047_00-7873530796454029,1049,2999
7,UP7939-PPSA32284_00-0525313332783078,899,2999
7,UP7939-PPSA32284_00-0571252131581100,449,1499
7,UP7939-PPSA32284_00-0236832596312219,299,999
7,UP0700-CUSA19277_00-NMARCHIVES000000,499,1999
7,UP3252-PPSA05614_00-JANDUSOFT0000001,174,699
7,UP8281-CUSA39146_00-5203323659599228,1879,2349
7,UP8281-PPSA12225_00-7712797446005817,1879,2349
7,UP4064-CUSA25802_00-NARITABOY0000000,499,2499
7,UP0283-PPSA13790_00-NASCARARCADERUSH,1249,4999
7,UP1421-PPSA19548_00-0531810995611471,149,999
7,UP1421-PPSA21429_00-0495096972649939,149,999
7,EP1411-PPSA24442_00-0455822444665036,299,999
7,EP1411-PPSA34786_00-0030298406250675,419,699
7,UP1421-PPSA14142_00-0738577481040199,149,999
7,UP4035-CUSA20090_00-NAUGHTBASEGAME00,299,1999
7,UP4035-CUSA20090_00-NAUGHTFULLBUNDLE,1099,2199
7,UP1001-CUSA06179_00-NBA2KVR000000000,749,1499
7,HP3768-PPSA25034_00-BASEGAMEBOUNCE00,1299,1999
7,UP8281-PPSA33971_00-0001208003263706,1959,2449
7,UP8281-CUSA57176_00-0118844979645559,1959,2449
7,UP2833-CUSA41136_00-0971733964623785,199,499
7,UP4064-CUSA18917_00-1895079299747308,712,2849
7,UP4403-CUSA03505_00-NEONCHROME000000,599,1499
7,UP4403-PPSA02622_00-NEONCHROME000000,599,1499
7,HB1334-CUSA57054_00-0990327324391681,779,1299
7,UP0891-PPSA10116_00-NEONSOULSRATAGAM,199,499
7,UP3252-CUSA12037_00-0000000000000001,249,999
7,EP3948-PPSA34559_00-0380149549622741,399,799
7,UP2339-CUSA48159_00-0320159258304250,349,699
7,UP3643-PPSA16785_00-0524521320023310,999,1999
7,UP6360-CUSA51746_00-0756053259517685,1274,1699
7,UP6360-PPSA27214_00-0177496337080693,1274,1699
7,UP0700-CUSA11566_00-NGUNDAMBREAKER1M,1499,5999
7,UP1001-PPSA03499_00-000CYPRESS2NAPS5,1999,3999
7,UP5223-CUSA16995_00-NEWTONEUSAFULL00,199,999
7,EP1411-PPSA34770_00-0158278945312303,104,699
7,UP4618-CUSA14991_00-NEXTGENSANDBOX01,199,999
7,EP4064-PPSA26923_00-0168786206369024,679,1999
7,UP0283-PPSA04338_00-7674531383087408,1499,4999
7,UP0283-CUSA28989_00-9531875200490970,1499,4999
7,UP0283-PPSA29010_00-0286199345763002,2499,4999
7,UP4459-PPSA16928_00-NIGHTBOOKPS5US00,519,1299
7,UB1486-CUSA55901_00-0101882833756668,714,1299
7,EP3877-CUSA50539_00-NOTDSBASEGAME000,239,799
7,EP3877-PPSA25303_00-NOTDSBASEGAME000,329,1099
7,EP1411-PPSA30476_00-0658904536454105,149,999
7,EP3948-PPSA23693_00-0389855196984472,199,999
7,EP8483-PPSA23760_00-0381575129701522,1499,2999
7,EP8483-CUSA44319_00-0768805636130419,1499,2999
7,UP6326-PPSA14356_00-0782485270648343,1399,1999
7,UP4735-CUSA12847_00-NINJINBASEGAME01,99,999
7,UP9000-CUSA07113_00-NIOH000000000000,599,1999
7,UP1309-PPSA14035_00-NOCTURNALPS5SIEA,599,1999
7,UB2370-PPSA36404_00-0622232950718541,1499,1999
7,JP5134-PPSA29621_00-0695327392993730,1299,1999
7,UP0969-CUSA31467_00-3136337473497983,999,2499
7,UB1453-PPSA39234_00-0582596772666394,799,999
7,UP2320-PPSA06361_00-NORCOTHEGAMENAP5,579,1449
7,UP4199-CUSA20307_00-NOTHING000000001,99,199
7,UP2833-CUSA25839_00-NOTNOTPS4V100000,99,199
7,UP6665-PPSA14742_00-GALG000000000000,499,999
7,UP4912-PPSA13856_00-0767078876793348,199,999
7,UP4912-PPSA22603_00-0141225037093468,199,999
7,HP6701-PPSA32528_00-0794106916020742,1119,1399
7,UP4912-PPSA15868_00-0732258547545763,199,1999
7,UP1421-PPSA16192_00-0867477368441243,149,999
7,UP0082-PPSA18286_00-0167606542620897,4499,7499
7,UP0082-PPSA18286_00-OCTOPATH1PS5N000,1799,5999
7,UB1012-PPSA36530_00-0303301555775968,974,1499
7,UP8666-PPSA28752_00-0684236635885369,1999,3999
7,UP8666-PPSA29205_00-0952480962203902,1999,3999
7,UB2239-PPSA37819_00-OILCLICKER00SIEA,279,399
7,UP7698-PPSA29307_00-0261982299442345,719,1799
7,EP8062-PPSA32743_00-0344490310268683,174,499
7,UP4581-PPSA02304_00-OLLIOLLIWORLD000,499,1999
7,UP4912-PPSA09170_00-3499262888915149,129,1299
7,UP2005-PPSA05321_00-OMENOFSORROW0000,699,1999
7,UP1979-CUSA07361_00-OMENOFSORROWEEEA,699,1999
7,UP1643-PPSA15676_00-OMINOUSTALEPS5US,1339,1999
7,UP1643-CUSA42668_00-OMINOUSTALEPS4US,1004,1499
7,EP2627-PPSA30558_00-OUAJPS5000000000,899,1499
7,UP5325-CUSA20242_00-ONEDOGSTORY00000,509,1499
7,UP0891-PPSA03240_00-RATAGAMONEESCAPE,99,499
7,UP2005-CUSA23478_00-ONEFINGERDEATHP2,224,899
7,HP6701-PPSA24082_00-0567850101076942,699,1999
7,UP0891-PPSA15474_00-ONEMOREDUNGEONRG,599,1499
7,UP0700-CUSA03651_00-ONEPIECEBBPS4000,599,5999
7,UP2833-CUSA25858_00-ONESTRIKEPS4V100,199,499
7,UP8787-PPSA27203_00-0737757616985777,59,149
7,UP8787-CUSA52207_00-0119504961936249,59,149
7,HP6978-PPSA23230_00-0678927974267743,599,1499
7,UP5099-PPSA18381_00-OPERATIONSERPENA,1049,1499
7,UP0891-PPSA04421_00-RATALAIKAORBIBOT,149,499
7,UP0891-CUSA29109_00-RATALAIKAORBIBOT,149,499
7,UP4713-PPSA05564_00-7598197620366054,399,1999
7,UP3252-PPSA33797_00-JANDUSOFT0000001,799,999
7,UB2408-PPSA38560_00-0ORDERAUTOMATICA,449,599
7,UB2408-CUSA59676_00-0ORDERAUTOMATICA,449,599
7,UP0891-PPSA20500_00-ORIONHASTERATGAM,239,599
7,JB0500-PPSA25141_00-0496327359514147,499,1999
7,JB0500-CUSA50400_00-0731525920408531,424,1699
7,EP6880-PPSA32308_00-0865274176728944,179,599
7,EB1530-PPSA31599_00-0207512196744270,1999,2499
7,UP6088-PPSA02552_00-3896932099377950,524,1499
7,UP6088-CUSA24066_00-8472379924025637,349,999
7,UP6088-CUSA24066_00-7100114844093373,699,1999
7,UP6088-CUSA48405_00-0552005053868419,2449,6999
7,UP6088-CUSA48405_00-0360494846837657,2624,7499
7,UP6088-CUSA48405_00-0164036979627366,699,1999
7,UP6088-PPSA22477_00-0283752590541643,699,1999
7,UP6088-CUSA48405_00-0027168933443543,1399,3999
7,UP6088-CUSA25847_00-3957480214551185,2799,7999
7,UP6088-CUSA25847_00-4804371473528359,2099,5999
7,UP6088-CUSA25847_00-2543755395775640,699,1999
7,UP6088-PPSA05609_00-1707191453628953,1049,2999
7,UP6088-CUSA30938_00-8271988824235808,1049,2999
7,UP6088-CUSA30938_00-7280251890120921,1749,4999
7,UP6088-CUSA30938_00-5016772316341525,2974,8499
7,UP6088-CUSA30938_00-4804384197503986,3849,10999
7,UP6088-CUSA30938_00-7779592573823653,2624,7499
7,UP4008-CUSA07476_00-2283369543522819,249,4999
7,UP0913-PPSA28150_00-0732264165432134,1799,2999
7,UP4199-PPSA22877_00-0220780777839354,149,1499
7,UP8553-PPSA22031_00-0606784351364392,49,499
7,UB0592-PPSA33845_00-0897707716114113,224,1499
7,UP4008-CUSA15507_00-OPSIEA0000000000,399,1999
7,UP6665-PPSA09850_00-OP200DELUXE00001,1199,5999
7,UP2005-PPSA35254_00-OP2CRUXOFFATE000,149,299
7,UP2005-CUSA58007_00-OP2CRUXOFFATE000,149,299
7,UP4735-PPSA25464_00-OVERTHROWN000000,1249,2499
7,EP3877-PPSA28979_00-OXIDE208BASEGAME,1749,3499
7,UP4035-PPSA07652_00-OXIDE104BASEGAME,449,2999
7,UP4035-CUSA31637_00-OXIDE104BASEGAME,374,2499
7,EP2946-PPSA32389_00-0987820630203254,749,999
7,EP2946-PPSA32389_00-0601141830640553,1124,1499
7,UP3686-CUSA34247_00-PACHIPACHI2PS4NA,349,699
7,UP3686-PPSA08181_00-PACHIPACHI2PS5NA,349,699
7,UP6850-PPSA10965_00-00000000000PS5US,989,2999
7,UP6850-PPSA10965_00-FLXPDBUND00PS5US,989,2999
7,UP7543-PPSA17503_00-0772623383640056,199,499
7,UP1421-PPSA19552_00-0770357699307824,149,999
7,UP1421-PPSA21695_00-0154899316483741,149,999
7,EP1411-PPSA24793_00-0505674706553748,149,999
7,UP8533-PPSA20127_00-0103412169110651,399,999
7,UP1309-CUSA09098_00-PANKAPUPS4SIEA00,239,1199
7,UP4199-CUSA20051_00-PANZERDRAGOON001,249,2499
7,UB1511-PPSA37890_00-0509854511889127,849,999
7,UP0891-PPSA08326_00-RATAPARASITEPACK,319,799
7,UP0182-PPSA35095_00-PARKASAURUSDXPS5,2639,3299
7,UP0700-PPSA05236_00-LEGEND0000000001,989,2999
7,EB2107-PPSA34911_00-0669615544729618,974,1499
7,UP1250-CUSA12965_00-6665666466636662,374,1499
7,UP1250-CUSA12965_00-PARTYCRASHRSGOLF,599,2399
7,UP1250-CUSA06847_00-6664666366626661,374,1499
7,EP1246-PPSA18904_00-0526134922671039,374,1499
7,UP0700-PPSA26180_00-MAINGAME00000000,1499,2999
7,EP4638-PPSA30449_00-0781563940287946,2449,3499
7,UB0675-PPSA25779_00-0415716076820297,499,999
7,UB0383-PPSA36500_00-0269924396702294,549,2199
7,UP3824-PPSA08026_00-7603130782011854,1199,2999
7,UB0796-PPSA25604_00-0454595303358429,159,199
7,UB0796-PPSA34409_00-0630752175605058,239,299
7,UP7126-CUSA59319_00-0679666267074878,274,499
7,UP7126-PPSA37780_00-0339884904313239,274,499
7,UP0292-CUSA11462_00-PENNANDTELLERVR0,499,1999
7,UP6312-PPSA15546_00-PLATITUDE0000000,999,1999
7,EP3643-PPSA23280_00-PEPPGRINPS5SIEE1,449,1499
7,EP1411-PPSA25053_00-0693282175343807,149,999
7,UP4836-CUSA12437_00-PERILSBAKING1PS4,149,499
7,UP2611-CUSA12636_00-PERSONA3DUS00000,899,2999
7,UP0177-CUSA27209_00-P4ARENAULTIMWEST,899,2999
7,UP0102-CUSA11513_00-AAT123FULLGAME00,989,2999
7,UP4312-PPSA09988_00-5639026429223386,209,299
7,UP4312-CUSA36497_00-0075986328144463,209,299
7,UP4312-PPSA27160_00-0308238030589020,419,699
7,UP4312-CUSA52170_00-0685471564853811,419,699
7,UP4312-CUSA35279_00-4318402641270986,419,699
7,UP4312-PPSA09021_00-8918303247869463,419,699
7,UP4312-CUSA35279_00-1137292740821747,419,699
7,EP0896-PPSA27672_00-PIGGLYPAGLYBOORG,299,599
7,EP5974-CUSA56446_00-0121582311639539,39,49
7,UP0134-CUSA13584_00-PILLARDEADFIREVE,1199,2999
7,UP2715-CUSA03809_00-PINEVIEWPS4US000,899,2999
7,UP2715-CUSA03809_00-PDJDBUNDLEPS4US0,749,2499
7,UP0891-PPSA02935_00-RATALAIKAPINKMAN,99,499
7,UP2775-CUSA06219_00-0000000000000001,149,1499
7,EP5974-CUSA56479_00-0738526550663334,39,49
7,UB1012-PPSA31769_00-0875280646954784,824,1499
7,EP5279-PPSA27533_00-PIRATESVRJOLLYUS,1399,1999
7,UP4947-CUSA12654_00-PITTERPOTBUNDLE1,384,1099
7,UP2983-CUSA18755_00-PIXELBOTEXTREME0,249,999
7,EB2067-PPSA35732_00-0990795929596541,299,499
7,EB2067-PPSA34471_00-0851063230146395,299,499
7,EB2067-PPSA35518_00-0264602536171584,299,499
7,EB2067-PPSA35735_00-0031826358712720,299,499
7,EB2067-PPSA35517_00-0834202639430288,299,499
7,UP4312-PPSA07575_00-5175190933170903,419,699
7,UP4312-CUSA28953_00-9507163436075420,419,699
7,UP4312-CUSA28953_00-5390581004539230,419,699
7,UP4312-PPSA09333_00-8922542366613002,419,699
7,UP4312-CUSA28957_00-3870208954356049,419,699
7,UP4312-CUSA28957_00-3427485507843222,419,699
7,UP4312-CUSA36094_00-4320612047787449,209,299
7,UP4312-PPSA09692_00-9057981035270482,209,299
7,UP4312-PPSA07876_00-6100531104858742,419,699
7,UP4312-CUSA33939_00-4541677893355682,419,699
7,UP4312-CUSA33939_00-8248601629337700,419,699
7,UP4312-CUSA33939_00-0701857851283211,599,1499
7,UP4312-PPSA07876_00-0957763782636434,599,1499
7,EP2377-PPSA19633_00-PC2DELUXEEDITION,2274,6499
7,UP2514-PPSA01736_00-PLANETCOASTER000,1249,4999
7,UP0916-CUSA07531_00-PLANETOFTHEEYES0,199,999
7,UB0997-PPSA26974_00-0653816367879174,749,1499
7,UP2158-PPSA35631_00-PLUNGEEZPLAYSTA5,749,999
7,UP1014-CUSA28936_00-0000POCKYROCKYUS,2099,2999
7,UP1291-CUSA23680_00-2589201123279341,1499,2999
7,UP0913-PPSA22307_00-0180316664507147,599,1999
7,EP0896-PPSA27128_00-POKETTOHIRORATGA,499,999
7,UP3696-CUSA15382_00-HIGHWAYCOPSPS4US,599,2999
7,UP1421-PPSA18245_00-0946149653182703,104,699
7,UP7136-CUSA28351_00-1235859010398579,299,499
7,UP8381-PPSA30928_00-POOLCLEANINGSIM0,1439,1799
7,UP8381-PPSA30928_00-POOLFARMER000000,1439,1799
7,UP1421-PPSA18241_00-0806179997153621,149,999
7,EP1411-PPSA34766_00-0706204072463423,749,1499
7,UP2320-PPSA11001_00-POSTTRAUMA000000,824,1499
7,UP2983-CUSA23363_00-POTIONPARTY00001,249,999
7,UP0913-CUSA30926_00-2026842961700403,499,1999
7,UP4008-CUSA10580_00-PPASIEA000000000,499,999
7,UP2005-PPSA21346_00-PGESCAPEPLUS0000,239,599
7,UP2005-PPSA04315_00-PGKLONDSOLITAIRE,239,599
7,UP1003-CUSA04493_00-PREYPS4FULLGAME1,599,2999
7,UP0162-CUSA27123_00-5410054775731370,999,1999
7,UB0683-PPSA26823_00-0373114245061384,1279,1599
7,UP5223-PPSA06610_00-PRINCESSFARM5USA,374,1499
7,UP5223-CUSA32334_00-PRINCESSFARMERUS,374,1499
7,UP5325-CUSA29829_00-PLPA000000000000,154,499
7,UP5325-CUSA33688_00-PLPAX20000000000,123,399
7,UP2158-PPSA28856_00-PRISONALONEPS5NA,649,999
7,UP5420-PPSA16685_00-0867124470201141,799,999
7,UP2715-CUSA09459_00-FARMAMERICAPS4US,749,2499
7,EP7657-PPSA26907_00-PROFDRJETPACKPS5,499,999
7,UP4008-CUSA12239_00-PFSSIEA000000000,199,999
7,JB1899-PPSA33619_00-0659315957159940,545,699
7,UP2060-CUSA11463_00-HIGHRISEUS000000,449,2999
7,EP4399-PPSA26575_00-PROJECTMOTORRACE,2499,4999
7,JB2364-PPSA37317_00-0482449083868760,1499,1999
7,UP2059-CUSA01306_00-PROJECTROOTOPQAM,249,999
7,JB0500-PPSA32313_00-0198668167998218,974,1499
7,UP4912-PPSA13479_00-0138844276459791,624,2499
7,UP4802-CUSA28340_00-6598704101353263,249,499
7,UP6440-PPSA21803_00-0695475195435434,1499,2499
7,UP3252-PPSA23146_00-JANDUSOFT0000001,262,1049
7,UP2154-CUSA05808_00-PSYCHONAUTSITROR,299,1999
7,EP5098-PPSA33251_00-0362504049579324,1299,1999
7,UP2833-CUSA55109_00-5000000000000000,249,499
7,UP2833-CUSA55109_00-0206149038227802,499,999
7,UP8448-PPSA24148_00-0365126564213846,179,1799
7,UP8121-PPSA10971_00-3020183760380051,219,999
7,UP0177-CUSA14529_00-PUYOCHAMPIONS000,399,999
7,UP0177-CUSA05635_00-PUYOTETRIS000000,799,1999
7,UP0177-PPSA01937_00-TENPEXTENPEX0000,1599,3999
7,EP1411-PPSA29998_00-0377481121992357,209,699
7,UP7347-PPSA31027_00-0100839042144538,69,199
7,UP7347-PPSA28265_00-0232514206773936,49,199
7,UP1421-PPSA19556_00-0298171411897293,149,999
7,UP1421-PPSA18229_00-0265238585048748,149,999
7,EP1411-PPSA24789_00-0622812159024801,149,999
7,UP1421-PPSA21433_00-0910030259869484,149,999
7,UP1421-PPSA14113_00-0515737945617290,224,1499
7,EP1411-PPSA25129_00-0242361111126294,149,999
7,UP1421-PPSA18231_00-0653047674875259,149,999
7,EP1411-PPSA24785_00-0562786568940096,149,999
7,UP1421-PPSA21431_00-0622442665044121,149,999
7,EP5974-CUSA57171_00-0904447554045988,499,999
7,UP5869-CUSA41122_00-0117586808756724,489,1399
7,UP5869-PPSA14149_00-0869730996058803,489,1399
7,UP8016-CUSA44443_00-QUADR00GAMEUSA01,119,1199
7,UP5503-PPSA04479_00-6323379341464638,899,2999
7,UP4983-CUSA39469_00-0389858068880273,399,499
7,UP2158-CUSA32790_00-CLASSICZEROPS4NA,599,999
7,EP1411-PPSA34774_00-0902060140495056,419,699
7,UP1681-CUSA17174_00-QUEENSQUESTBUNDL,1799,3599
7,UP1670-CUSA06182_00-QUESTDUNGEPS0001,449,899
7,UP6881-CUSA47026_00-0267248109818261,296,449
7,HB2024-PPSA37669_00-0976761175329017,299,499
7,HB2024-CUSA59037_00-0711850383755695,299,499
7,UP4199-CUSA26818_00-4485139253325731,99,999
7,UP0891-PPSA03724_00-RATAGRABISCOPLUS,49,499
7,UP0102-PPSA03952_00-BHB0000000000002,1199,5999
7,UP5869-PPSA02761_00-6402756299236692,244,699
7,EP8062-CUSA49526_00-0415706950951507,1049,2999
7,EP8062-PPSA23961_00-0260990986464843,1049,2999
7,HB1334-CUSA53538_00-0958252811759593,674,1499
7,UB0851-PPSA38926_00-RACATERPILLARPS5,349,699
7,UB0851-CUSA59794_00-RACATERPILLARPS4,349,699
7,EP2696-CUSA58576_00-2000000000000000,319,799
7,EP2696-CUSA58576_00-0962330485447448,599,1199
7,EP2696-CUSA58576_00-0929105545395126,499,999
7,UP2565-PPSA19289_00-0631136591009438,1499,2999
7,UP3824-PPSA08503_00-RAINBOWHIGHSIEA1,1399,3999
7,UP2005-CUSA03443_00-RAINBOWMOON00001,299,1499
7,UP4802-CUSA18691_00-RTUUSA0000000001,349,699
7,UP2005-PPSA18320_00-RAVVAPHANTOMLIBR,349,999
7,UP2181-PPSA04105_00-RCAC0V0010000005,599,1499
7,UP2181-CUSA07637_00-RCAC0V0010000000,599,1499
7,HB1900-PPSA35562_00-0700341064285620,1999,2499
7,UP2715-CUSA03808_00-ROABODPS4US00000,899,2999
7,UP2715-CUSA03808_00-ROABODSTBUNDNA00,1199,3999
7,UP2715-CUSA12003_00-STARTRAILNA00001,899,2999
7,UP4199-CUSA18692_00-REALPOLITIKS0001,249,2499
7,UP4389-CUSA16085_00-REBELCOPSUS00000,249,999
7,UP3252-PPSA21649_00-JANDUSOFT0000001,999,1999
7,UP8281-CUSA56841_00-0644428757562761,1959,2449
7,UP8281-PPSA33432_00-0968659338108858,1959,2449
7,UP1309-PPSA03183_00-RECOMPILE0000000,499,2499
7,UP6492-PPSA16120_00-0071872720621500,1199,2999
7,UP3548-PPSA14636_00-000000REDMATTER2,1649,2999
7,UP3800-CUSA14283_00-SPACEASSAULT0000,349,999
7,UP0891-CUSA19110_00-RATALAIKAGAREED2,99,499
7,UP0891-PPSA21633_00-RATALAIKAGAREED2,99,499
7,UP0891-CUSA20328_00-RGREFLECTIONOFMI,79,799
7,UP3252-CUSA17346_00-JANDUSOFT0000001,249,999
7,UP8533-PPSA20300_00-0830351576418467,399,999
7,UP3252-CUSA18020_00-JANDUSOFT0000001,124,499
7,UP5946-PPSA05875_00-RELAYERSET000000,749,7499
7,UP5946-PPSA05875_00-RELAYERGAME00000,599,5999
7,UP5946-CUSA32481_00-RELAYERTRIAL0000,599,5999
7,EP4897-CUSA54441_00-0358900205830030,249,999
7,UP0891-PPSA05197_00-RGREMINISCENCEIN,199,499
7,UP5631-CUSA33686_00-9687724433733384,1199,1999
7,UP5631-PPSA14266_00-0168169685233795,1199,1999
7,UP6261-PPSA26816_00-0864118786303618,499,999
7,UB0851-CUSA59670_00-REPOSIDEFENSEPS4,399,799
7,UB0851-PPSA38541_00-REPOSIDEFENSEPS5,399,799
7,UP0102-CUSA02337_00-BHDOB00000000001,999,3999
7,UP0102-CUSA06314_00-B000000000007331,749,2999
7,UP0102-CUSA03856_00-RE456BUND00000US,1249,4999
7,UP6705-PPSA15769_00-0755042886398554,374,2499
7,UP6705-CUSA42743_00-0214801257473666,374,2499
7,UP3252-PPSA06562_00-JANDUSOFT0000001,124,499
7,UB1029-PPSA27803_00-0103482617219404,299,599
7,UP9000-PPSA01284_00-RETURNALGAME0001,1749,6999
7,UP9000-PPSA01284_00-RETURNALDDE00001,1999,7999
7,UP2690-CUSA26545_00-REVERIE0000000US,624,2499
7,UP1309-PPSA13574_00-REVITAPS5SIEA000,509,1699
7,EP4405-CUSA57122_00-0790966767979660,2549,2999
7,EP4405-PPSA33889_00-0077069004443063,2549,2999
7,EP8062-PPSA28998_00-0201196808911816,769,2199
7,EP6985-PPSA23873_00-0028781214166865,149,499
7,EP6985-CUSA49458_00-0958127565434846,149,499
7,UP1024-CUSA28345_00-RICOLONDONGROUND,999,4999
7,UP0891-PPSA21715_00-RIDERSSPIRITSRAG,359,599
7,UP0891-PPSA21715_00-CLASSICRACINGPAC,359,599
7,UP8533-PPSA14474_00-0249082754965933,399,999
7,UP8533-PPSA20494_00-0521813657888120,479,1199
7,UP8533-PPSA20494_00-0656334591189381,759,1899
7,UP8281-PPSA34155_00-0971268514842201,1959,2449
7,UP8281-CUSA57314_00-0699209673399069,1959,2449
7,UP0789-CUSA02101_00-RIPTIDEGP2PS4000,209,699
7,UP0789-CUSA04565_00-RGPRENEGADE00000,299,999
7,UP4199-CUSA28794_00-7483809334785395,199,1999
7,EP3948-PPSA31187_00-0417527281454980,399,1999
7,UP4199-PPSA22630_00-0559397094148353,99,999
7,UP4199-PPSA22630_00-0763798353471398,99,999
7,UP4389-CUSA35162_00-RISENPS4US000000,1199,2999
7,UP8597-PPSA16175_00-0553285184244428,2274,3499
7,UP0913-CUSA33926_00-2213124071231913,499,1999
7,UP0341-CUSA04192_00-RISKOFRAIN000000,249,999
7,UP0916-CUSA09888_00-RIVERBOND000SIEA,749,2499
7,UP0036-CUSA12783_00-RIVERCITYMLSUPER,419,1399
7,UP0036-CUSA43880_00-RCRSD000PS4US000,1249,2499
7,UP0036-CUSA33391_00-1986202209203594,1499,2999
7,UP0036-CUSA47795_00-9203594AGPS4US00,2099,2999
7,UP4133-PPSA09845_00-ROADBUILDERGAME0,1799,3999
7,UP3515-CUSA26688_00-ROADFURYUS000000,224,899
7,UP0891-PPSA07287_00-RATGAROADOFDEATH,199,499
7,UP2080-CUSA04725_00-ROADRAGEMAINGAME,199,1999
7,UP0115-CUSA13038_00-ROADREDEMPTION00,499,1999
7,UP0891-PPSA08990_00-RAGROAROFREVENGE,149,499
7,UP0891-CUSA35228_00-RAGROAROFREVENGE,149,499
7,UP4713-CUSA15768_00-ROARRJURASSIC100,99,499
7,EP6665-PPSA28329_00-RRCUB00000000000,1199,2999
7,UP2833-CUSA09589_00-ROBONAUTSUSA0000,199,499
7,EB0432-CUSA51843_00-0857986352725719,399,499
7,UP2632-CUSA05854_00-RRBUNDLE00000002,299,1199
7,UP2632-CUSA05854_00-RROFFROADDX00000,199,799
7,UP3252-CUSA26298_00-JANDUSOFT0000001,149,599
7,UP7939-PPSA29172_00-0019819397215038,299,999
7,UP4008-CUSA19310_00-RLSIEA0000000000,399,1999
7,UP4402-CUSA06052_00-RSGIANABUNDLE007,749,2499
7,UP4363-CUSA08449_00-ROGUETROOPEREDUX,999,2499
7,UP0182-PPSA26698_00-RCT3COMPLETE0001,1049,2999
7,UP0082-CUSA08236_00-ROMANCINGSAGA2HD,749,2499
7,UP0082-CUSA13952_00-ROMANCINGSAGA3HD,869,2899
7,UP0891-CUSA20453_00-RATAGAMROOMMATES,399,1999
7,UB0085-PPSA18837_00-0948967029670211,1499,2499
7,UP2500-PPSA02920_00-US0RUINEV0000PS5,749,1499
7,UP1421-PPSA14089_00-0693127334440249,224,1499
7,UP5817-CUSA19020_00-RUNELORD000000US,349,699
7,UP5869-PPSA16165_00-0909272208468181,349,999
7,UP2148-CUSA12098_00-RUNNER3000000000,1339,1999
7,UP4480-PPSA06096_00-RUNNERHEROES0000,899,2999
7,EP3729-CUSA49243_00-0RUNTEKILARUNPS4,439,1099
7,EP3729-PPSA23567_00-0RUNTEKILARUNPS5,439,1099
7,UP0891-CUSA15321_00-RATAGAMRUSHROVER,99,499
7,UP2320-PPSA01569_00-SABLETHEGAMENAP5,749,2499
7,UP6472-PPSA15848_00-SABLESGRIMOIREDR,299,599
7,UP4983-CUSA16936_00-7777770000000002,399,499
7,UP4983-CUSA18916_00-7777770000000004,399,499
7,UP4983-CUSA24850_00-5072351261445891,879,1099
7,UP0082-CUSA26054_00-5410119986676287,999,2499
7,UP8016-PPSA10050_00-SOSIN00GAMEUSA01,199,1999
7,UP8016-CUSA36574_00-SINP400GAMEUSA01,199,1999
7,UP0082-CUSA09653_00-SAGASCARLETHD001,899,2999
7,UP4312-CUSA32819_00-4290426286168243,419,699
7,UP4312-PPSA07068_00-6409383461959977,419,699
7,UP4312-CUSA32819_00-8890911485361346,419,699
7,UP4312-PPSA10137_00-5151091035540172,209,299
7,UP4312-CUSA36687_00-4380184747611137,209,299
7,UP4312-CUSA32927_00-0268747316478774,419,699
7,UP4312-PPSA07037_00-3583039245371133,419,699
7,UP4312-CUSA32927_00-5780758525525815,419,699
7,UP2047-PPSA02813_00-SAINTSROW00PS5US,749,2999
7,UP2047-PPSA02813_00-SRGOLD000000SIEA,749,2999
7,UP6472-PPSA11539_00-SAKURAMMO3000000,399,799
7,UP6472-PPSA09013_00-SAKURAMMO0000000,399,799
7,UP6472-PPSA29040_00-SAKURASUCCUBUS80,499,999
7,UP0177-CUSA16404_00-SAKURAWARS000000,899,5999
7,UB0356-PPSA23216_00-0711929697272967,1399,1999
7,HP6701-PPSA30938_00-0840453691991196,999,2499
7,EP5974-CUSA57537_00-0099592782899533,39,49
7,UP5792-CUSA46528_00-0544631345888558,599,999
7,UP5792-CUSA49019_00-0519725657034518,599,999
7,UP3515-CUSA25445_00-SANTASXMASADVUSA,99,399
7,EP1096-PPSA35715_00-0391120421049665,1599,1999
7,EP1411-PPSA26009_00-0359770810797101,104,699
7,UP5475-CUSA20087_00-SAVEYOURNUTSXXXX,249,999
7,EP1411-PPSA32106_00-0686822291656754,749,1499
7,UP1309-PPSA20145_00-SAVIORLESS0SIEA0,584,1299
7,UP0891-PPSA19441_00-SCHEMINGTHROU2RG,199,499
7,UP0891-CUSA15808_00-RATAGAMESCHEMING,49,499
7,UP3252-PPSA22240_00-JANDUSOFT0000001,312,1249
7,HB1334-CUSA54203_00-0125321239975909,549,999
7,UP1024-CUSA09750_00-ZHSG000000000000,1999,3999
7,UP8016-PPSA13932_00-SCLAS00GAMEUSA01,99,999
7,UP8016-PPSA13932_00-INDIEBUNDLE00825,99,999
7,UP7581-PPSA07849_00-SCORN000000PS5US,999,3999
7,UP1309-PPSA02309_00-1644734335018320,254,1699
7,UP8703-CUSA57119_00-0020772529884050,599,999
7,EP4356-PPSA26092_00-SCREAMERFULLGAME,2399,5999
7,UP1018-CUSA10424_00-SCRIBBLENAUTSSD0,479,3999
7,UP0700-PPSA05166_00-SDGUNBATTLEA0000,1799,5999
7,UP2005-PPSA09601_00-SEAHORIZON000000,524,1499
7,UP1643-CUSA13667_00-SEASONMATCH30000,99,999
7,EP8723-PPSA33767_00-0720695244299324,599,999
7,UB1522-PPSA30614_00-0617617431383265,1399,1999
7,UP4199-CUSA25868_00-8045343880742294,139,1399
7,UP5099-PPSA12503_00-SEEKERMYSHADOWVR,2099,2999
7,UP2005-PPSA09039_00-SENSESMIDNIGHT00,599,1499
7,UP6665-PPSA06511_00-SSSG0DELUXE00002,1199,5999
7,UP1561-CUSA15596_00-SEVEN7ENHANCEDUS,1399,3999
7,UB0027-PPSA32811_00-0214240279488457,1049,1499
7,UP0700-PPSA20298_00-SHDWLDLXEDITION0,1999,3999
7,UP0913-CUSA25661_00-5881778140490854,399,1999
7,UP2660-PPSA21848_00-0569247932870698,1249,2499
7,UP0773-CUSA16028_00-0000000000000000,644,1499
7,UP4967-CUSA45948_00-0391946869116510,199,999
7,UP4967-CUSA16816_00-SHALNORLEGENDS01,199,999
7,EP5154-CUSA52181_00-0646182291302791,399,999
7,EP5154-CUSA57911_00-0857573195005399,399,999
7,UP1309-PPSA02354_00-1024422330615562,299,1499
7,HB1576-PPSA33906_00-000PS5SHARDSQUAD,594,699
7,EB2034-PPSA35839_00-AMERICAS00000000,126,149
7,JB2357-PPSA36945_00-AMERICAS00000000,169,199
7,JB2357-PPSA37034_00-AMERICAS00000000,169,199
7,UP2262-PPSA05730_00-6815420749685344,699,999
7,UP4051-PPSA07116_00-3451554504653653,499,999
7,UP5025-PPSA08070_00-SHTADELUXEEDITIO,499,4999
7,UP5875-CUSA25365_00-1819942754157859,499,999
7,UP6974-PPSA19139_00-0120845403897450,749,1499
7,UP0177-CUSA24919_00-SMT3NOCTURNEHDRE,1499,4999
7,UP0177-PPSA15716_00-SMTVDXUS00000000,1799,5999
7,UP0177-PPSA19461_00-SHINOBIAOV000001,1199,2999
7,UP0177-CUSA55058_00-SHINOBIAOVDEMO01,1199,2999
7,UP4912-PPSA09527_00-3040641865352769,199,1999
7,EP2696-CUSA58738_00-2000000000000000,399,799
7,EP2696-CUSA58738_00-0814744208855174,699,1399
7,UP5468-PPSA17727_00-BANGBANGBANGKING,749,1249
7,UP7922-PPSA23034_00-0533265296725879,839,1999
7,UP4713-PPSA22094_00-0031403133314193,2849,3799
7,UB0675-PPSA35335_00-0431985084808391,249,499
7,UP6882-PPSA04625_00-SHUJINKOUGAMEPS5,3599,5999
7,UP6882-CUSA29443_00-0000000000006100,3599,5999
7,UP2148-CUSA02535_00-SHUTSHIMI0000000,334,499
7,EB2107-CUSA56933_00-0044319140458408,974,1499
7,UB0675-PPSA25671_00-0230290400190310,999,1999
7,EP1411-PPSA23652_00-0581396526652569,149,999
7,UB1029-PPSA29801_00-0214071584199495,499,999
7,EP6444-PPSA21827_00-0007573299441097,1469,2449
7,UP1309-PPSA07142_00-6795614752132151,874,2499
7,EP5098-PPSA18716_00-0634520781407326,149,1499
7,EP5098-PPSA29763_00-0643544242087448,749,1499
7,UP4912-PPSA13808_00-0564202485283021,99,999
7,UP4912-PPSA13684_00-0736715295183081,149,1499
7,HB1334-CUSA52564_00-0794463473258653,779,1299
7,UP0283-PPSA15536_00-0610992683510571,1199,3999
7,UP3252-CUSA16419_00-0000000000000001,199,799
7,UP6261-PPSA13898_00-0046096163158436,1124,2499
7,UP8448-PPSA20138_00-0994471406853899,179,1799
7,UP2005-CUSA14410_00-SOLDNERX2FINALPR,499,999
7,UP2796-PPSA04752_00-9232067163919386,259,999
7,UP5773-CUSA24956_00-US00000000000000,999,1999
7,EP2946-PPSA35760_00-0887638701095668,899,1199
7,UP3252-PPSA32165_00-JANDUSOFT0000001,734,1049
7,UP3252-PPSA04844_00-JANDUSOFT0000001,324,1299
7,UP3252-PPSA18056_00-JANDUSOFT0000001,149,599
7,UP3252-CUSA16288_00-0000000000000001,249,999
7,UP3252-PPSA23067_00-JANDUSOFT0000001,312,1249
7,UP3252-CUSA19529_00-JANDUSOFT0000001,249,999
7,UP8787-PPSA24418_00-0703343312171315,44,149
7,UP8787-CUSA50680_00-0286463844282353,44,149
7,UP4363-PPSA01685_00-SNIPERELITE500CE,1649,10999
7,UP4363-PPSA01685_00-SNIPERELITE50000,899,5999
7,HB1334-CUSA52557_00-0551417805409399,779,1299
7,UP1629-CUSA03835_00-MOTOFREEDOMUSA00,129,1299
7,UP4133-PPSA04930_00-SNOWRUNNER5YEARE,7799,12999
7,UP4133-PPSA04930_00-SNOWRUNNERGAME01,7799,12999
7,UP2320-PPSA25948_00-0000000000001SMV,1199,1999
7,UP2320-PPSA25948_00-000000000000SFDB,1679,2399
7,UP3696-CUSA15274_00-FTGPS4NA00000000,799,3999
7,EB0432-CUSA56063_00-0014127299790962,559,699
7,EB0432-CUSA53521_00-0696750791098101,399,499
7,EB0432-CUSA53521_00-0922233949671800,959,1199
7,UB0249-CUSA58504_00-0615464373900653,399,499
7,UP4008-CUSA04964_00-SOLITAIRE0000000,499,999
7,EP1411-PPSA36736_00-0196238983284888,559,699
7,EP1411-PPSA36740_00-0921269824187758,559,699
7,EP1411-PPSA36744_00-0343213200683691,559,699
7,EP1411-PPSA29948_00-0114541721859943,299,999
7,UP6974-CUSA40472_00-0883312796540943,599,1999
7,UP6974-PPSA13489_00-0634638259078141,599,1999
7,JP7675-PPSA28457_00-0837611305944037,599,1499
7,UP1421-PPSA21376_00-0434120031745533,149,999
7,EP1411-PPSA23515_00-0610547668153167,149,999
7,EP1411-PPSA24797_00-0650331763449764,149,999
7,EP1411-PPSA28570_00-0425972286599634,249,999
7,UP1421-PPSA18225_00-0408582929390645,149,999
7,UP5503-PPSA20526_00-0686911898978764,899,2999
7,UP3686-CUSA25676_00-SONARBEATGAPS4NA,124,249
7,EP7305-PPSA24479_00-0436818627066310,2306,3549
7,EP5098-PPSA30519_00-0211733998729531,1949,2999
7,UP4912-PPSA08447_00-3138460736930419,259,1299
7,UB0245-CUSA52633_00-0280390119832940,299,999
7,UP1309-PPSA07348_00-SOULDIERS0000000,399,1999
7,UP7939-CUSA51727_00-0989797555221988,299,999
7,UP7939-PPSA26773_00-0405207122404536,299,999
7,UP4735-PPSA03936_00-SOULSTICE0000000,799,3999
7,UP4735-CUSA41712_00-SOULSTICE0000000,799,3999
7,UP4735-PPSA03936_00-SOULSTICEBNDLUS0,999,4999
7,UP0481-CUSA32164_00-6762033643870926,449,2999
7,UP0481-PPSA03801_00-9482550928209070,449,2999
7,UP2060-PPSA02846_00-0000000STARTOPIA,749,4999
7,UP2715-CUSA13778_00-SPACEBLAZEPS4US0,599,1999
7,UP4312-PPSA07468_00-5328269143438344,419,699
7,UP4312-CUSA26581_00-8934206090579064,419,699
7,UP4312-CUSA30173_00-4543131837338268,419,699
7,UP4312-CUSA30173_00-8360004887834249,419,699
7,UP4312-CUSA31110_00-7714035619826609,419,699
7,UP4312-CUSA31110_00-5665048416740528,419,699
7,UP4312-CUSA26802_00-4216599499046547,419,699
7,UP4312-PPSA17829_00-0624865035376651,559,799
7,UP4312-CUSA44538_00-0284123436011106,559,799
7,UP4312-CUSA44538_00-0318187219595654,419,699
7,UP4312-PPSA17829_00-0687074866691485,419,699
7,UP4312-PPSA09869_00-9217757672899186,209,299
7,UP4312-CUSA36346_00-6893391150826518,209,299
7,UP2833-CUSA46603_00-0886622548667830,199,799
7,UP4312-CUSA45294_00-0056625425800207,419,699
7,UP4312-PPSA18684_00-0996544888608281,419,699
7,UP4312-PPSA18684_00-0169283096358746,419,699
7,UP4312-CUSA34068_00-8403709165627964,419,699
7,UP4312-PPSA07998_00-0146050116645219,419,699
7,UP4312-CUSA34068_00-9416404957237602,419,699
7,UP4199-CUSA25279_00-1957364211009398,49,499
7,UP4403-PPSA02319_00-SPARKLE200000000,319,799
7,UP4403-CUSA00590_00-SPARKLE2PS4SCEA0,319,799
7,UP4199-CUSA20392_00-SPARKLE4TALES001,99,999
7,UP4403-CUSA02292_00-SPARKLEDOUBLEPAC,559,1399
7,UP4403-PPSA02321_00-SPARKLEUNLEASHED,319,799
7,UP4403-CUSA02292_00-SPARKLEUNLEASHED,319,799
7,UP4403-CUSA02292_00-10TONSACTIONPZLS,319,799
7,UP3252-CUSA17644_00-JANDUSOFT0000001,374,1499
7,UP0773-CUSA06214_00-0000000000000000,644,1499
7,UP3058-CUSA29130_00-8442103035737745,24,49
7,UP6718-PPSA37045_00-0361653481589027,719,1199
7,UP7688-CUSA50310_00-0467844954024052,89,899
7,UP7688-PPSA24974_00-0688800087579040,89,899
7,UB0675-PPSA25780_00-0421879739047271,499,999
7,UP2005-PPSA25810_00-SPELLAGIS0000000,249,499
7,EP5098-PPSA17595_00-0535734333503487,999,1999
7,UP4389-PPSA04198_00-SPELLFORCE3CE000,2399,5999
7,UP4389-CUSA28725_00-SPELLFORCE3CE000,2399,5999
7,UP1421-PPSA14092_00-0508346285556716,179,1199
7,UP4008-CUSA10591_00-ILOVEVOLLEYBALLU,399,1999
7,UP3252-CUSA25799_00-JANDUSOFT0000001,137,549
7,UB0478-PPSA28158_00-0158121049954395,679,1999
7,UP1024-CUSA12916_00-EXPHORROR2018HRP,1999,4999
7,UP1024-PPSA19456_00-SPIRITHUNTERDMII,2499,4999
7,UP1024-CUSA16008_00-SPIRITHUNTERNGUS,1999,4999
7,UB0045-PPSA24065_00-SPIRITMANCERBASE,1099,1999
7,UP1309-PPSA13935_00-0832639392306271,749,2499
7,UP4724-CUSA29531_00-3402388941351244,244,699
7,UP2005-PPSA05232_00-SPLASHCARS000000,195,699
7,UP1309-CUSA06396_00-0000000000000000,299,1499
7,UP8381-CUSA43173_00-0680674308660444,299,999
7,UP3824-PPSA15340_00-PATRICKSIM01SIEA,1799,3999
7,EP1302-PPSA26754_00-SPORTSRENOVATION,1499,2499
7,UB2202-PPSA38546_00-SPOTSTORIESVOL01,324,499
7,UP0700-PPSA15214_00-MAINGAME00000000,1999,4999
7,UP0700-PPSA15214_00-SPYFAMILYODDX000,1999,4999
7,JP1309-PPSA34214_00-SPYDROPSPS500000,1049,1499
7,EP0896-PPSA27197_00-SQUABRATALAIKAGM,199,499
7,UP3252-PPSA07893_00-JANDUSOFT0000001,249,499
7,UB0427-PPSA19458_00-0965550006640037,349,499
7,UP2080-PPSA22102_00-SWAGP50000000000,499,1999
7,EP5974-CUSA55976_00-0728199723690497,209,299
7,HB1179-PPSA34981_00-0398369473328865,1359,1699
7,UB0675-PPSA27531_00-0195319834187024,749,1499
7,UP0001-CUSA06979_00-STARLINKBFADIGIT,899,2999
7,EB0235-PPSA22053_00-STAROVERDRIVESIE,1924,3499
7,UP2320-CUSA23211_00-STARRENEGADES000,612,2449
7,UP3696-PPSA08908_00-STARSANDPS5NA000,199,1999
7,UP3696-CUSA35139_00-STARSANDPS4NA000,199,1999
7,UP3643-PPSA29623_00-STARSKR000000001,1949,2999
7,UP1421-PPSA21683_00-0450534957619776,149,999
7,UP0006-CUSA05770_00-CELEBEDITION0000,999,3999
7,UP1082-CUSA03472_00-SLUS204200000001,599,999
7,UP1082-PPSA07364_00-6500186936636096,299,499
7,UP1032-CUSA19302_00-0990367666175967,3599,8999
7,UP1082-CUSA03473_00-SLUS202930000001,499,999
7,UP0001-PPSA08261_00-GAME000000000000,1749,6999
7,UP0001-PPSA08261_00-ULTIMATEDITION00,3249,12999
7,UP0001-PPSA08261_00-DELUXEDITION0000,1749,6999
7,UP1082-PPSA07366_00-5997104624035590,299,499
7,UP0006-CUSA15080_00-STARWARSQUADRONS,479,3999
7,UP1082-PPSA21985_00-0384550355606536,299,499
7,UP3528-PPSA30134_00-0251043157920173,999,2499
7,UP0036-CUSA14105_00-0000000000000000,349,1399
7,UP4724-CUSA23966_00-STEAMPUNKTOWER22,299,999
7,UP5180-PPSA06485_00-STEAMWORLDBUIL5U,599,2999
7,UP4473-CUSA00521_00-STEAMWORLDDIG000,199,999
7,UP4473-CUSA08538_00-00STEAMWORLDDIG2,299,1999
7,UP5180-PPSA22013_00-STEAMWORLDHEIST2,749,2999
7,UP4473-CUSA01495_00-STEAMWORLDHEIST0,299,1499
7,UP6665-PPSA05064_00-STR0000000000000,399,3999
7,UP7862-PPSA22570_00-SSSTMBPS500000US,2249,4499
7,UP7698-PPSA20322_00-0789629518923986,419,1749
7,UP7698-CUSA46626_00-0506211124695112,419,1749
7,UP4912-PPSA23637_00-0804461046646679,441,1299
7,UP5099-PPSA18201_00-STILTSTILTSTILTA,1399,1999
7,UB1486-PPSA32197_00-0944678582875472,824,1499
7,UP1421-PPSA20216_00-0061388020104892,149,999
7,UP6963-CUSA30765_00-3583227174296079,559,2799
7,UP6963-PPSA05535_00-WLIM0000000PS5US,299,1499
7,UP6963-CUSA30765_00-WLIM0000000PS4US,299,1499
7,UP1260-CUSA16696_00-STRANDEDSAILSUS1,499,2499
7,UP1260-PPSA03415_00-STRANDEDSAILSUS1,499,2499
7,EP3652-PPSA34178_00-0353057207296852,1349,1799
7,UP3797-CUSA46009_00-0924349141593357,639,1599
7,UP0082-PPSA03232_00-SOPFFODDU0000000,600,2000
7,UP0082-PPSA03232_00-SOPFFORIGIN00000,1199,3999
7,UP0082-CUSA32462_00-SOPFFODEMO000000,1199,3999
7,UP4713-CUSA28128_00-4267385754288422,999,4999
7,UP4713-CUSA34475_00-1465942937537581,1049,2999
7,UP4713-CUSA34487_00-SPECTRECOMMUNISM,899,2999
7,UP8247-CUSA39506_00-0062223879309577,558,1299
7,UP8247-PPSA12549_00-0962968324027470,558,1299
7,UP3252-CUSA23828_00-JANDUSOFT0000001,299,599
7,UP8419-PPSA27508_00-0457243291699424,1999,2499
7,UP8255-PPSA30494_00-STRIKEMISSION1ST,399,999
7,UP1309-CUSA06624_00-STRIKERSEDGEAMER,299,1499
7,UP6989-CUSA37221_00-8823225103725667,199,999
7,UP6989-PPSA10641_00-6081301006125059,199,999
7,UP2514-CUSA26079_00-STRUGGLING000000,449,1499
7,UP0977-CUSA15418_00-BASEGAME00000000,199,999
7,EP6665-PPSA28835_00-STYX300000000000,2499,4999
7,EP6665-PPSA28835_00-STYX3DELUXE00002,2799,6999
7,EP6665-PPSA28835_00-STYX3DELUXE00001,2499,4999
7,UP4312-CUSA46070_00-0399418078174842,419,699
7,UP4312-PPSA19636_00-0929643594609889,419,699
7,EB0432-CUSA51851_00-0085960699899196,159,199
7,EP4365-PPSA28664_00-000DELUXEEDITION,4249,4999
7,UP2796-CUSA11124_00-0000000000000000,103,799
7,UP2796-CUSA14847_00-SUICIDEGUYBUNDLE,131,1099
7,UP2796-CUSA14847_00-0000000000000000,71,599
7,UP1018-PPSA02182_00-SUICIDESQUADKTJL,559,6999
7,UP0891-PPSA03008_00-RGSUMATRAFATEYAN,209,699
7,EP2627-PPSA34194_00-SUMERIANSIXBUNDL,2309,3299
7,UP1643-PPSA03416_00-SUMMWINTBUND4KUS,3349,4999
7,UP1643-CUSA15347_00-SUMMWINTBUND1KUS,2679,3999
7,EP1411-PPSA26001_00-0262851927823494,104,699
7,UP4389-PPSA23124_00-EMUPS2SUMMONER00,549,999
7,UP6883-PPSA27611_00-0251231861754527,449,1499
7,UP6883-PPSA27611_00-0950948372191251,749,2499
7,EP5098-PPSA22703_00-0741388558666457,249,999
7,UP1309-CUSA29519_00-3516068936366177,174,699
7,UP4724-CUSA32065_00-SUPERCYBORG000US,244,699
7,UP0891-PPSA04192_00-RGSUPERDESTRODX2,99,499
7,UP0891-PPSA20710_00-SUPERDESTROLXLRG,199,499
7,EP2919-CUSA57520_00-0353630007921745,24,49
7,UP3252-CUSA09705_00-0000000000000001,449,899
7,UP8553-PPSA36774_00-00SUPERJUMPNINJA,99,199
7,UP3876-CUSA17311_00-SUPERKOROTAMA000,199,499
7,UB1503-PPSA28147_00-0058969546125964,1049,1499
7,UP0006-PPSA06141_00-SMB4BALLPARKEDIT,599,5999
7,UP0177-CUSA16178_00-SMB2019NA0000001,599,2999
7,UP3252-PPSA07157_00-JANDUSOFT0000001,249,499
7,EP0896-PPSA26163_00-SUPERONIONBOYRAG,249,499
7,UP4836-PPSA07793_00-6841530435327687,299,999
7,UP0700-PPSA28323_00-SUPERROBOTWARSY0,5999,5999
7,UP3252-PPSA23207_00-JANDUSOFT0000001,262,1049
7,UP2632-CUSA19154_00-SUPERSOCCERBLAST,399,799
7,EP1411-PPSA26005_00-0137355628727196,104,699
7,EP1411-PPSA24813_00-0259974739381329,149,999
7,UP1082-CUSA03292_00-SUPERSTARWARS001,499,999
7,UP0891-PPSA09065_00-RGSUPERSUNNYISLA,199,499
7,UP2632-CUSA15441_00-SUPERTENNISBLAST,449,1499
7,UP2632-CUSA13373_00-SUPERVOLLEYBLAST,499,999
7,UP3252-PPSA27150_00-JANDUSOFT0000001,299,599
7,UP3252-CUSA52166_00-JANDUSOFT0000001,299,599
7,UP2005-PPSA21643_00-SUPERWODENGP2000,974,1299
7,UP2005-PPSA21643_00-SUPERWODENGPCOLL,974,1299
7,UP6881-CUSA45189_00-0859086875706191,399,999
7,UP6881-PPSA18558_00-0090649501788198,399,999
7,UP3252-PPSA07688_00-JANDUSOFT0000001,249,499
7,UP4491-CUSA01037_00-SURGEONSIM000001,129,1299
7,UP7324-PPSA14256_00-0405253012333808,1999,2499
7,UP4873-CUSA12160_00-0000000000000000,299,1499
7,UB0675-PPSA36690_00-0641285014312560,499,999
7,UP4312-PPSA31273_00-0274384561464585,419,699
7,UP4312-CUSA55432_00-0052419034492376,419,699
7,UP4312-CUSA23333_00-0994136515145597,419,699
7,UP4312-PPSA03802_00-0945734019688944,419,699
7,UP4312-PPSA05984_00-9530196533995278,419,699
7,UP4312-CUSA31309_00-7380194316238513,419,699
7,UP4312-CUSA31309_00-9579618878157418,419,699
7,UP4312-CUSA31309_00-0972973482913869,599,1499
7,UP4312-PPSA05984_00-0629372692749404,599,1499
7,UP4312-PPSA05982_00-9761636322919546,419,699
7,UP4312-CUSA31545_00-4180295014649493,419,699
7,UP4312-CUSA31545_00-7426117550719724,419,699
7,UP4312-CUSA23333_00-2527741994129844,419,699
7,UP4312-CUSA24507_00-3155992929659872,419,699
7,UP4312-CUSA23333_00-5614802820302860,599,1999
7,UP4312-CUSA36380_00-3528929687795574,209,299
7,UP4312-PPSA09893_00-9988925075265546,209,299
7,UP4312-CUSA36380_00-0604773195840866,749,1499
7,UP4312-PPSA09893_00-0747398888601074,749,1499
7,UP4312-CUSA48874_00-0908247148458928,419,699
7,UP4312-PPSA23269_00-0743377088294630,419,699
7,UP4312-PPSA23269_00-0053597370356943,419,699
7,UP4312-CUSA48874_00-0855782328790794,419,699
7,UP4312-CUSA30741_00-1890731061157422,489,699
7,UP4312-PPSA05970_00-7336515214851369,489,699
7,UP4312-PPSA05970_00-9013899933482994,419,699
7,UP4312-CUSA30741_00-9331726753721914,419,699
7,UP4312-PPSA05970_00-5264964941690915,799,1999
7,UP4312-CUSA30741_00-4863337168764450,799,1999
7,UP3165-PPSA13623_00-SVENBOMWOLLENUS5,499,1999
7,UP3165-CUSA40663_00-SVENBOMWOLLENUS4,499,1999
7,EP1411-PPSA28558_00-0791268630406011,149,999
7,EP1411-PPSA24447_00-0172767223091920,149,999
7,UP4724-CUSA24280_00-7445842978433077,199,999
7,UP2005-PPSA07612_00-SF7PREMIUM000000,1399,3999
7,UP4467-CUSA14443_00-VAGRANTUS0000000,499,999
7,UP1561-CUSA11303_00-SYM0000000000001,629,1799
7,UP0891-CUSA18292_00-RGSYRUPULTISWEET,149,499
7,UP8788-PPSA20269_00-0270710192306163,199,999
7,UP0814-PPSA14728_00-0253868145764391,324,1299
7,UB0675-PPSA24485_00-0322440109199253,999,1999
7,UP4312-CUSA28909_00-5591087667581365,419,699
7,UP4312-CUSA28955_00-3413607576992661,419,699
7,UP4312-CUSA28955_00-8223402380749631,419,699
7,UP0700-PPSA16411_00-DLXMUSICEDITION0,3999,7999
7,UP6088-PPSA38777_00-0004255507215014,3499,6999
7,UP2320-PPSA03217_00-BACKBONEOPS5SIEA,624,2499
7,UP6965-PPSA20370_00-0067671375077899,999,2499
7,EP6960-PPSA20369_00-TOIDLXBDL0000000,1399,3499
7,UP6472-PPSA21941_00-TFURAFTERMIDNIGH,599,1199
7,UP6472-PPSA22010_00-TFTURHAZEL000000,599,1199
7,UP1024-PPSA21907_00-TALESFRMTOYOTOKI,1199,2999
7,UP2500-CUSA48914_00-US0IHANASHI00PS4,1199,2999
7,UP0006-PPSA18471_00-PS50000000000ZAU,699,1999
7,EP1411-PPSA37527_00-0693667290168697,629,699
7,UP5690-CUSA16307_00-TAMARIN0000001US,899,2999
7,UP0891-CUSA23428_00-RATALAIKAGTAMIKU,149,499
7,JB2357-PPSA39416_00-TANKODYSSEYNA000,749,999
7,JB2357-CUSA59934_00-TANKODYSSEYNA000,449,599
7,UP1421-PPSA14086_00-0785545245005542,179,1199
7,EP5974-CUSA53961_00-0398117645791721,39,49
7,UP4724-CUSA32307_00-5525676239731045,199,999
7,UP3515-CUSA39374_00-TASTYSLOT0000USA,199,799
7,EP4539-PPSA19035_00-0929460866492392,1979,2999
7,EP4539-CUSA45550_00-0929460866492392,1979,2999
7,UP6665-PPSA14176_00-TLCDSDELUXE00001,1349,4499
7,UP4802-CUSA20101_00-TCHECOSIEA000001,249,499
7,UP2848-PPSA08244_00-TCHIA000000PS5US,749,2999
7,UP2848-PPSA08244_00-TCHIADX0000PS5NA,749,2999
7,UP5223-CUSA30299_00-TEACUPPS4FULL000,249,999
7,UP3252-PPSA21103_00-JANDUSOFT0000001,399,799
7,EP2627-PPSA25519_00-TECHNOBANTERBNDL,899,1999
7,EP1411-PPSA35617_00-0366793100172199,489,699
7,UP0182-CUSA09856_00-TEMPEST400000001,399,1999
7,UP3252-PPSA09547_00-JANDUSOFT0000001,349,699
7,UP1421-PPSA18250_00-0025747768592315,224,1499
7,UP4008-CUSA09935_00-TENNISWTABLEGEN2,249,2499
7,UP3643-PPSA09270_00-7300135593031285,899,1999
7,UP2158-CUSA44608_00-TEOCIDAESTIGMANA,599,999
7,UP6261-CUSA36772_00-9890245814568828,539,1199
7,EP4060-PPSA25872_00-T2DNFMAINGAMEPS5,2249,2999
7,UP3515-CUSA23557_00-TERRABOMBERUS000,249,999
7,UP4713-PPSA16236_00-0785229468739537,1649,3299
7,UP3515-CUSA18898_00-TERRALANDERUSA00,249,999
7,UP3515-CUSA18899_00-ROCKSLIDERESCUUS,249,999
7,UB0045-PPSA17210_00-TERRAMEMORIASIEA,799,1999
7,UP7904-PPSA34062_00-0169145972813904,2099,3499
7,UP4735-PPSA07608_00-TESLAGRAD2000000,299,1999
7,UP4735-PPSA07608_00-TESLAPPEPS5US000,442,2949
7,UP4735-PPSA13887_00-TESLAGRAD1RM0000,149,999
7,EP6665-PPSA05965_00-TDUSCDELUXE00003,1349,8999
7,EP6665-PPSA05965_00-TDUSCDELUXE00001,1199,7999
7,UP8533-PPSA20234_00-0177705945290149,399,999
7,UP4008-CUSA03890_00-TETRAMINOS000000,499,999
7,UP4008-PPSA06597_00-TETRA00000000000,499,999
7,UP2148-CUSA02096_00-THARSIS000000000,1004,1499
7,UP1309-CUSA37759_00-8496504645642835,624,2499
7,UP0700-PPSA14485_00-MAINGAME00000000,999,4999
7,UP6325-PPSA19313_00-0451359017230154,1611,2149
7,UP6325-CUSA45771_00-0881145802075151,1611,2149
7,UP0891-PPSA19481_00-ADVENTURESPANZRG,359,899
7,UB1029-PPSA31415_00-0124292197815761,299,599
7,UB1029-CUSA55143_00-0060253931352512,299,599
7,EP4361-PPSA16033_00-0542202998131184,3249,4999
7,UP0082-CUSA32852_00-TFBL000000000000,2499,4999
7,UP0082-CUSA32852_00-TFBLPDDE00000000,4999,9999
7,HB1607-PPSA31124_00-0888716096653988,1249,2499
7,UP2148-CUSA02752_00-THEBITTRIP000000,669,999
7,UP2371-CUSA11540_00-BLACKOUTCLUB0001,1499,2999
7,UP4389-CUSA02030_00-BOUT2SCEA0000001,599,1999
7,UP2005-PPSA10996_00-THEBRIDGECURSE00,1199,2999
7,UP7305-PPSA18502_00-0141778171491961,329,549
7,UP4199-CUSA26816_00-0382712721694782,49,499
7,UP3252-PPSA13706_00-JANDUSOFT0000001,249,499
7,UP6963-CUSA45358_00-0485524386497832,764,1699
7,UP6963-PPSA18785_00-0990397281515024,764,1699
7,UB2216-PPSA35111_00-0549692728347400,999,1999
7,UB2216-PPSA35862_00-0895827558353103,999,1999
7,UP2979-CUSA14089_00-DEMONRUSHPS4FOUR,1079,1799
7,UP1778-PPSA06876_00-DIABOLICALTRILOG,499,1999
7,UP0082-PPSA05880_00-DFCSTD000000005N,2399,5999
7,UP0082-PPSA05880_00-DFCDD0000000005N,2399,5999
7,UP1309-PPSA04311_00-0464299685576230,999,3999
7,UP4389-CUSA06550_00-THEDWARVES000US1,999,3999
7,UP1003-CUSA00132_00-TESOCP2025BUNDLE,2999,5999
7,UP3252-PPSA36147_00-JANDUSOFT0000001,879,1099
7,EB0432-CUSA59008_00-0924057509394900,239,299
7,EP1546-PPSA35085_00-0332967295331507,2124,2499
7,UP4064-CUSA01880_00-THEESCAPISTS0000,399,1999
7,UP1003-CUSA00203_00-B000000000001666,749,2999
7,UP5844-PPSA06227_00-EXPSTNDRDPS5SIEA,999,2499
7,UP5844-PPSA06227_00-7189548906258376,999,2499
7,EB0432-CUSA51412_00-0098022224389435,239,299
7,UP8236-PPSA20447_00-0545059108752800,3599,5999
7,UP8236-PPSA20447_00-0119011093070089,3599,5999
7,UP0810-PPSA09311_00-0361528872808094,199,999
7,UP1309-PPSA03026_00-THEFORGOTTENCITY,749,2999
7,UP4947-CUSA28775_00-THEGEMCOLLECTOR1,179,299
7,UP4724-CUSA20238_00-THEGREATPERHAPS2,249,999
7,UP0891-PPSA10702_00-RATAGAMETHEGUISE,239,599
7,EP3948-PPSA24204_00-0545907925007602,1249,2499
7,UP4199-PPSA04649_00-3575269706423269,249,2499
7,UP4459-PPSA16648_00-TITHPS5SIEA00000,799,1999
7,UP2139-PPSA23743_00-0888151157509406,2099,3499
7,UP2139-PPSA16376_00-0291995371042760,1499,2999
7,UP2139-CUSA43326_00-0077881387491547,1499,2999
7,UP2139-CUSA15888_00-9586731488346660,4759,6799
7,UP0773-CUSA06214_00-2828738271101916,859,1999
7,UP0283-PPSA21258_00-0545877962476479,1399,3999
7,UP4064-PPSA08046_00-THEKNIGHTWITCH00,399,1999
7,UP1309-PPSA16861_00-BASELBUSIEA00000,674,1499
7,UP1309-PPSA20389_00-LBU0DEMO0SIEA000,674,1499
7,UP3252-PPSA30888_00-JANDUSOFT0000001,999,1249
7,UP3252-CUSA19164_00-JANDUSOFT0000001,274,549
7,UP1309-CUSA14104_00-0000000000000000,299,1499
7,UP2680-PPSA10581_00-6993272301293485,624,2499
7,HB1638-PPSA39588_00-0338028110677176,559,699
7,HB1638-PPSA39119_00-0977325914814979,1279,1599
7,EP2696-PPSA38356_00-0095191094497356,1599,1999
7,EP2696-CUSA59205_00-0912293850997933,1599,1999
7,UP1018-CUSA13504_00-THELEGOMOVIE2019,599,3999
7,UP4947-CUSA31550_00-THELETTERCLASSIC,139,199
7,UP4947-PPSA25816_00-THELETTERCLASSIC,139,199
7,UB1486-CUSA54329_00-0997489077241274,749,1499
7,UB1486-PPSA32646_00-0416540721092816,824,1499
7,UP2320-PPSA05658_00-THELONGESTROAD00,249,999
7,HB2151-PPSA35236_00-0408432343088087,1699,1999
7,UP3252-CUSA26293_00-JANDUSOFT0000001,249,499
7,UP2371-CUSA04256_00-THEMAGICCIRCLE01,999,1999
7,UP7818-PPSA15524_00-0614420363295200,599,1999
7,UP6472-PPSA04624_00-THEMARAUDERCHRON,249,499
7,EP2907-PPSA24864_00-0657719756865376,1349,2999
7,UP2715-CUSA15231_00-NIGHTFALLPS4NA00,899,2999
7,UP2833-CUSA47574_00-5000000000000000,199,499
7,UP2833-CUSA47574_00-0761164738779186,239,599
7,UP9000-CUSA00785_00-TO1886GAME000000,999,1999
7,UP6312-PPSA24588_00-0630323182567917,4999,9999
7,UP4581-PPSA07148_00-TOWSPACERSCHOICE,1599,3999
7,UP4947-PPSA34931_00-BIGBOUNCEBUNDLE1,719,1199
7,UP4947-PPSA19269_00-ORBBOUNCENROLL12,299,599
7,UP4947-CUSA45552_00-ORBBOUNCENROLL12,299,599
7,UP4947-CUSA23308_00-ORBBUNDLEPACK123,489,1399
7,UP2005-CUSA24149_00-THEPILLAR0000000,199,999
7,UP3643-PPSA15319_00-PLUCKYSQUIREPS5A,899,2999
7,UP2005-PPSA10992_00-THEREDRESSOFMIRA,299,999
7,EP6019-PPSA25615_00-0421035980794074,1599,1999
7,UP0773-CUSA16028_00-7736327131852987,859,1999
7,UP3876-CUSA15820_00-TSAVRIORSBUNDLE2,359,899
7,UP4064-PPSA05365_00-2393547676612415,199,1999
7,UP0001-CUSA18990_00-TSRDEMAINGAME001,1499,4999
7,UP0700-CUSA08070_00-SEVENDEADLYSINS0,959,5999
7,UP3113-CUSA07134_00-THESEXYBRUTALE01,679,1999
7,UP3643-CUSA26357_00-0849472737305614,1999,7999
7,HB1359-PPSA31832_00-0654821047397754,1719,2149
7,UP4008-CUSA13337_00-NECROEDITION0000,599,5999
7,UP3797-CUSA14097_00-THESOJOURNXXXXXX,374,2499
7,UP2775-PPSA13792_00-0527233068679195,639,1999
7,UP2775-CUSA40793_00-0798519345461674,639,1999
7,EP6880-PPSA34128_00-0759953219953045,329,599
7,EP0114-PPSA23604_00-0136646192071513,1154,3499
7,UP4064-CUSA16273_00-SURVIVALISTS0000,509,2549
7,EP1546-PPSA24424_00-0931528715604240,1079,1799
7,EP1546-CUSA49887_00-0971669430997108,1079,1799
7,UP3643-PPSA05887_00-1978298915551615,899,2999
7,UP3643-CUSA00910_00-00000000000TALOS,599,2999
7,UP2775-CUSA32800_00-7479431751937498,759,1999
7,EP4361-PPSA13245_00-0876350956751093,1139,3799
7,UP6007-CUSA27192_00-8428220815582479,149,1499
7,UP4008-CUSA16804_00-TUPSIEA000000000,599,1999
7,UP7029-PPSA06174_00-9515392735841688,839,1199
7,UP6258-CUSA32166_00-8256061235903662,399,1999
7,UP3291-CUSA12921_00-THEWIZARDS000001,999,2499
7,UP1309-CUSA32038_00-5046298085304544,499,1999
7,UP0082-CUSA00252_00-B000000000000261,299,1999
7,UP8281-CUSA51902_00-0586666064379028,1959,2449
7,UP8281-PPSA26835_00-0263295136946356,1959,2449
7,UP4389-CUSA05852_00-THISISTHEPO00US1,599,1999
7,UP4389-CUSA11626_00-THISISTHEPO2US01,899,2999
7,UP4361-PPSA05103_00-0000TWOMCOMPLETE,404,2699
7,UP1421-PPSA14115_00-0467297965032087,149,999
7,UB0851-PPSA38927_00-THRESHOLDWARDPS5,399,799
7,UB0851-CUSA59795_00-THRESHOLDWARDPS4,399,799
7,UP1082-PPSA14358_00-0724668029168071,499,999
7,UP1082-PPSA14360_00-0645898243839752,399,999
7,UP2769-CUSA09253_00-THROUGHTHEWOODS2,499,1999
7,EP5609-CUSA48965_00-0491636107761153,999,2499
7,EP6665-PPSA14453_00-TEN2300000000000,1999,4999
7,EP6665-PPSA14453_00-TEN23DELUXE00001,1999,4999
7,UP4947-CUSA39413_00-ULTIMATETILTREMX,249,499
7,UP4199-CUSA44758_00-0155979304863925,249,499
7,UP4199-CUSA19188_00-TIMBERMANVS00001,99,199
7,UP6007-CUSA30590_00-3215542460413190,149,1499
7,UP8121-PPSA16581_00-0431766361275903,194,1499
7,UP4035-PPSA04823_00-TIMNIGHTBASEGAME,395,2199
7,UP4035-CUSA11586_00-0004550011846175,254,1699
7,UP4713-PPSA15215_00-0038284799546071,799,1999
7,UP1024-CUSA19449_00-0000000000000000,599,2999
7,UB1511-PPSA30128_00-0337339938240558,324,499
7,UP4199-CUSA20308_00-THA0000000000001,119,799
7,EP3540-PPSA34820_00-TINYLANDS2PS5EU0,799,999
7,EP3540-PPSA30272_00-0TINYLANDS1PS5EU,649,1299
7,UP7126-CUSA55763_00-0300076996045573,149,499
7,UP7126-PPSA31692_00-0039135594356449,149,499
7,UP0006-CUSA04027_00-ULTIMA0000000000,599,2999
7,HB1334-CUSA56518_00-0319590939025209,899,1499
7,UP0700-CUSA12474_00-TGRECTESTDED0001,1019,5999
7,UP1024-CUSA05632_00-TTGHDAYBREAKSPGJ,2999,4999
7,UP1024-CUSA06978_00-TOKYOXANADUPS4SP,3599,5999
7,UB0350-PPSA18787_00-TOMMYHEROPS5SIEA,99,199
7,UP5580-CUSA17746_00-TOOLSUP000000000,399,1999
7,UP4802-CUSA18488_00-TOPRUNPS4USA0000,249,499
7,UP6881-CUSA47198_00-0651694849995295,164,249
7,UP1291-CUSA02944_00-0000000000000001,699,999
7,UB0851-PPSA38764_00-TOTHEBASEMENTPS5,349,699
7,UB0851-CUSA59733_00-TOTHEBASEMENTPS4,349,699
7,UP4008-CUSA14877_00-TOURDEFRANCE2019,399,999
7,UP4008-CUSA19010_00-TDF20SIEA0000000,249,999
7,UP6665-PPSA03341_00-TDF2100000000000,499,1999
7,EP6665-PPSA26576_00-TDF2500000000000,1599,3999
7,EP6665-PPSA35448_00-TDF2600000000000,3499,4999
7,EP6665-PPSA35448_00-TDF26DELUXE00001,2399,5999
7,EP3948-PPSA36127_00-0007485147165333,1224,1749
7,UP5099-PPSA16881_00-TOWERS1024POWERS,1189,1699
7,UP0977-PPSA08311_00-4462717252188557,1999,3999
7,UP8517-PPSA19223_00-0151193458124480,374,1499
7,UP0891-PPSA20706_00-TPBULLETRATAGAME,199,499
7,UP0001-CUSA03008_00-TRACKMANIA001000,799,3999
7,UP4654-CUSA12796_00-0000000000000002,799,999
7,UB0599-PPSA30672_00-TRALALERO000SIEA,39,49
7,UP1309-CUSA06247_00-TRANSCRIPTED0000,159,799
7,UP3824-PPSA16738_00-0607026709572232,1199,3999
7,UP3797-CUSA30268_00-5515026107104825,399,1999
7,UP2715-CUSA08044_00-TRANSPORTGPS4US0,599,1999
7,UP3252-PPSA31613_00-JANDUSOFT0000001,639,799
7,UP5756-PPSA05016_00-TREASURES0AEGPS5,499,1999
7,UP5880-PPSA08734_00-TRI6INFINITE0000,199,799
7,UB0796-PPSA30854_00-0365907008563836,239,299
7,UB0796-PPSA35899_00-0805065427702667,399,499
7,UP0001-CUSA00304_00-B000000000001759,799,3999
7,UP0082-CUSA17050_00-TOMPS4APPNA00001,1499,4999
7,UP0001-CUSA04198_00-TRIALSBDGAME1234,599,1499
7,UP0292-PPSA01410_00-TRIBESDELUXE0000,749,2999
7,UP4836-PPSA26186_00-0501263289609703,299,999
7,UP0999-CUSA05186_00-0TRICKYTOWERSPS4,599,1499
7,UP2005-PPSA03110_00-TRIGGERWITCH0000,599,1499
7,UB1511-CUSA57084_00-0481737939918691,974,1299
7,UP0001-CUSA26429_00-TPGAME0000000000,999,1999
7,UP7543-PPSA18108_00-0179345765069080,479,1199
7,EP0896-PPSA31537_00-TROPICALIARATGAM,899,1499
7,UP4489-CUSA08214_00-TRUEFEAR10000000,399,999
7,UP4489-CUSA16122_00-TRUEFEAR20000000,399,999
7,UP4489-CUSA56857_00-0681450693375918,749,999
7,UP4489-CUSA08214_00-0257157051745164,1874,2499
7,UP8603-CUSA46694_00-0159334216325752,524,749
7,UP8603-CUSA48893_00-00000TSUGUNOHISN,319,399
7,UP8603-CUSA55049_00-0477170738489866,319,399
7,UP6665-PPSA08811_00-TT300DELUXE00001,1499,5999
7,UP4008-CUSA09043_00-TT00000000000000,499,1999
7,UP1528-CUSA35872_00-TURMOILALLYOUCAN,902,2099
7,UP1528-CUSA35872_00-3304236713504882,687,1599
7,UP3252-PPSA37286_00-JANDUSOFT0000001,839,1049
7,UP4836-PPSA25959_00-0133663896283517,299,999
7,UP4836-CUSA18309_00-TWINBREAKERONPS4,299,999
7,UB0383-PPSA32320_00-0377005045737686,119,1199
7,UP0814-CUSA25454_00-4139152228573177,179,899
7,UP6591-CUSA26589_00-4174543906305703,449,1499
7,UP0177-PPSA03645_00-TPCBRAINYBUNDLE0,1249,4999
7,UP0177-CUSA16081_00-8982731268567377,2009,2999
7,EB1697-PPSA37452_00-0724666385514983,839,1199
7,UP1309-CUSA04026_00-TYPERIDERPS4SCEA,159,799
7,EP1302-PPSA34508_00-TYRANTSREALM0000,899,999
7,UP5452-CUSA20268_00-7582797769000002,874,2499
7,UP3252-PPSA33479_00-JANDUSOFT0000001,999,1249
7,UP8703-CUSA57121_00-0557548366417010,779,1299
7,UB0796-PPSA28424_00-0139489255720030,79,99
7,UP0891-PPSA02932_00-RGULTRAGOODNESS2,99,499
7,UP0891-PPSA14488_00-ULTRAGOODNESSRAG,199,499
7,EP0896-PPSA35806_00-ULTRAPIXELSUR2RG,419,599
7,UP6779-PPSA16280_00-ULTROSDX000PS5US,874,3499
7,UP4199-PPSA19138_00-0277056656969053,129,1299
7,UP4199-CUSA45626_00-0611617383457347,129,1299
7,UP3515-CUSA45235_00-UNBLOCKNOWUSA000,224,899
7,UP8597-PPSA16996_00-0377119468363099,799,1999
7,UP1024-CUSA28130_00-UNDERNAUTSLBYOMI,2999,5999
7,UP1024-PPSA06953_00-UNDERNAUTSLBYOMI,2999,5999
7,UP1024-CUSA16768_00-UNIEXEST20000000,2399,3999
7,UP1024-CUSA09405_00-UNIEXEST00000000,2999,4999
7,UP3181-PPSA34955_00-0903927533886104,1499,1999
7,UP2753-CUSA18302_00-000000000TEMPEST,1234,1899
7,UP2753-CUSA18302_00-1067398098143761,2099,2999
7,UP2753-CUSA18302_00-0774718197156341,1499,1999
7,UP2753-CUSA18302_00-0109835304078549,2411,3599
7,UB0851-PPSA29395_00-UNDIVINE00000000,499,999
7,UB0851-CUSA54163_00-UNDIVINE00000000,499,999
7,UP7659-PPSA16538_00-0656483358608115,124,499
7,UP0700-PPSA17841_00-UNKNOWN90000GAME,999,1999
7,UP0700-PPSA17841_00-UNKNOWN900000DLX,999,1999
7,UP0006-CUSA02685_00-UNRAVELUNRAVEL09,499,1999
7,UP1421-PPSA19860_00-0391325419951603,104,699
7,UP8703-CUSA49242_00-0985103724711687,1049,1499
7,UB0313-CUSA51389_00-0354375431713134,4249,8499
7,UB0313-PPSA25220_00-0323685134041782,4249,8499
7,UP0001-CUSA46103_00-VHCOMINGHOMES001,749,1499
7,UP0001-CUSA46103_00-VHBUNDLE00000000,999,2499
7,UP0177-CUSA03880_00-BFVALKYRIE000100,499,1999
7,UP0082-PPSA07274_00-VEPS5DDXUP000001,2999,7499
7,UP4174-CUSA19388_00-VAMPIRECOTERIES1,399,1999
7,EP1302-CUSA46817_00-VTMRNY0PS40SIE00,999,1999
7,UP4174-CUSA23457_00-VAMPIRESHADOWSUS,259,1299
7,UP6665-CUSA33242_00-VTMS000000000000,449,2999
7,UP6665-PPSA07303_00-VTMS000000000000,449,2999
7,EP2552-PPSA25300_00-VED0000000000ALL,1249,2499
7,UP3515-CUSA08769_00-000000VEGASPARTY,324,1299
7,UP7535-PPSA13225_00-0504102613892231,374,1499
7,HP6701-PPSA37263_00-0839340906622518,1599,1999
7,UP4802-CUSA43557_00-0043459387373234,349,699
7,UP4802-PPSA16632_00-0643981228856356,349,699
7,JB2191-PPSA36470_00-0035099204035712,1874,2499
7,UP1309-PPSA09675_00-VERNALEDGE000000,659,2199
7,UP4802-CUSA37436_00-7480629660595983,499,999
7,UP4802-PPSA10808_00-5144070229123714,499,999
7,EP1411-PPSA24430_00-0696523273253667,149,999
7,UP4199-CUSA27461_00-3201833320083779,99,999
7,UP5099-PPSA29932_00-THEVIRTUALHUNTER,1749,2499
7,UP4199-CUSA29018_00-2059838918427405,99,999
7,EP2552-PPSA26922_00-VISC000000000ALL,1874,2499
7,UP0082-PPSA16096_00-VOMPS5NADDX00006,3199,7999
7,UP0082-PPSA19984_00-VOMPS5NADEMO0001,5999,5999
7,UP0082-CUSA31158_00-VOCTBOB000000001,1199,2999
7,UP0082-CUSA30488_00-VOCTFM0000000001,1199,2999
7,UP0082-CUSA27320_00-VOCTIDR000000001,1199,2999
7,UP0082-CUSA27320_00-VOCTRILOGY000001,2499,4999
7,UP6963-CUSA47397_00-0975749578109837,194,299
7,EP6958-PPSA22691_00-0810499658082860,194,299
7,UP7818-PPSA15258_00-0729324666947219,599,1999
7,UP7939-PPSA26765_00-0311045621724580,194,649
7,UP7939-CUSA51360_00-0709651905748877,194,649
7,UP2632-CUSA15441_00-0619817005619565,799,1999
7,UB2057-CUSA58132_00-0524510409100143,99,199
7,UP4967-CUSA17741_00-VOSARIA000000001,199,999
7,UP5325-CUSA43769_00-VOSTOK2061000000,489,999
7,UP0779-PPSA16263_00-0000000000000001,2799,3999
7,UP5099-PPSA17117_00-VRPIGEONSAREGO11,349,499
7,UP3252-PPSA05955_00-JANDUSOFT0000001,249,499
7,UP3252-PPSA26267_00-JANDUSOFT0000001,349,699
7,UP6472-PPSA16203_00-WAIFUSPACECONQUE,249,499
7,HP5783-PPSA28796_00-0038856137746743,599,1999
7,EP4173-PPSA35128_00-0259197934445767,839,1399
7,UP2514-PPSA12578_00-WH40KCGDH0000000,1124,4499
7,UP2514-PPSA12578_00-WARHAMMERBUNDLE0,1499,7499
7,UP2514-CUSA39532_00-WH40KCGDH0000000,1124,4499
7,EP4382-PPSA32707_00-COMBATRACING0000,1599,1999
7,UP2514-PPSA06927_00-AOSREALMSOFRUIN0,1199,5999
7,UP2514-PPSA06927_00-AOSRORULTEDITION,1499,7499
7,EP5778-PPSA33563_00-WARHAMSURV000001,799,799
7,UP6665-PPSA08926_00-WH00000000000000,999,3999
7,UP1189-PPSA09766_00-1248341402389513,499,2499
7,UP4432-CUSA00224_00-UBW0600000000000,0,0
7,HB1334-PPSA34388_00-0939843570422372,599,999
7,HB1334-CUSA56653_00-0281876458218489,599,999
7,UP0814-PPSA21836_00-0561958887887461,249,999
7,UP4724-CUSA27893_00-2448965165032823,149,499
7,UP2195-CUSA01783_00-WEAREDOOMED00000,399,999
7,UB1511-PPSA34357_00-0866894714623191,559,799
7,UP4713-PPSA19735_00-0984734359663540,1249,2499
7,UP4713-CUSA29033_00-0879196021746882,1799,5999
7,UP4713-PPSA19735_00-0210026583085150,1599,3999
7,UP4713-CUSA29033_00-0612603207159201,1599,3999
7,UP0292-CUSA09406_00-WEHAPPYFEW000000,1499,5999
7,UB1052-PPSA35515_00-0049737547342605,226,349
7,UP3643-PPSA10886_00-WEIRDWESTPS5US00,999,3999
7,UP6665-PPSA09258_00-PZP00DELUXE00001,1499,4999
7,UB0714-CUSA53109_00-0044572044262362,719,1799
7,UP4008-PPSA02114_00-5853108985274276,349,3499
7,UP4389-CUSA05896_00-WESINGPS4US00001,749,2999
7,UP4389-CUSA09429_00-WESINGPOPUS00001,749,2999
7,UP2833-CUSA53170_00-5000000000000000,197,599
7,UP2833-CUSA53170_00-0373634328624539,449,999
7,UP2320-CUSA16084_00-WESTOFDEAD000000,499,1999
7,UP2320-CUSA16084_00-5932532190808395,314,2099
7,UB0683-PPSA32841_00-0588210984296103,1199,1499
7,EP6878-PPSA30093_00-WHATISOLDER11111,197,299
7,EP6878-CUSA52374_00-CROSSWORDGAME000,239,399
7,EP6878-PPSA27380_00-CROSSWORDGAME000,239,399
7,UP6881-CUSA48066_00-COUNTRYISLARGER0,194,299
7,UP3252-PPSA06076_00-JANDUSOFT0000001,299,599
7,UP8281-PPSA33967_00-0566317463136726,1959,2449
7,UP8281-CUSA57172_00-0855866199326616,1959,2449
7,UP8281-PPSA18880_00-0298585943000738,1919,2399
7,UP8281-CUSA45428_00-0499185120127712,1919,2399
7,EP3024-PPSA33329_00-WHOOWASITRAPS5WW,1199,1999
7,UP3165-CUSA56791_00-WHOOWASITRAPS4WW,1199,1999
7,UP2080-PPSA19462_00-WILDBASEGAME0000,699,3499
7,UP1014-CUSA05135_00-NATPWILDGUNS0001,1199,1999
7,UP0006-PPSA07837_00-BOHNIGAME0000000,699,6999
7,UP0006-PPSA07837_00-DELUXEEDITION000,699,6999
7,UP8703-PPSA24862_00-0361164396518596,524,1499
7,UP6665-PPSA15734_00-WS00000000000000,399,1999
7,EP3550-PPSA29228_00-WWLEGACYPS5GP000,599,2999
7,EP4358-PPSA31482_00-WILDWESTSHOOTER5,749,2999
7,EP4358-CUSA55605_00-WILDWESTSHOOTER4,749,2999
7,EP3550-PPSA35360_00-WWSUPERMARKETSGP,749,1499
7,UP4802-PPSA06720_00-1184694551822500,249,499
7,UP0814-CUSA24608_00-2003221430402775,219,1099
7,UP3252-PPSA29011_00-JANDUSOFT0000001,874,1249
7,UP3252-CUSA53880_00-JANDUSOFT0000001,874,1249
7,UP8121-PPSA16514_00-0496784447132718,134,499
7,UP8748-PPSA24716_00-0175916715437740,799,1999
7,UB0675-PPSA27903_00-0970822251266614,749,1499
7,UP3252-PPSA03925_00-JANDUSOFT0000001,249,499
7,UP0182-PPSA30622_00-WIZORDUM00000000,1199,1999
7,UP2148-CUSA01274_00-WOAHDAVE20000000,334,499
7,UP1003-CUSA13436_00-CBRPLT0000000000,499,1999
7,UP1003-CUSA07384_00-COLOSSUSFULLGAME,599,3999
7,UP1003-CUSA00314_00-WOLFENSTEIN00001,499,1999
7,UP1003-CUSA13084_00-YOUNGBLOODDELUXE,599,2999
7,UP8121-PPSA13841_00-0074221520084845,134,499
7,UP2796-CUSA17911_00-0000000000000000,324,1299
7,UP5792-CUSA32760_00-2240854324987697,349,699
7,EP5974-CUSA56908_00-0328461617684886,279,399
7,EP4904-PPSA31883_00-0553501447247812,1399,1999
7,UP0082-CUSA04647_00-WORLDOFFFPS40000,999,2499
7,UP3515-CUSA30200_00-WORLDQUIZUSA0000,249,999
7,UP4064-CUSA00192_00-WORMSBGS00000000,499,2499
7,UP4064-PPSA07311_00-SLUS014480000000,249,499
7,UP4064-CUSA33248_00-SLUS014480000000,249,499
7,UP6472-PPSA05562_00-WOULDYOULIKETORU,499,999
7,UP2769-CUSA14685_00-WRATH000000000US,749,2999
7,UP4008-CUSA08693_00-WRC7000000000000,199,1999
7,UP4008-CUSA15612_00-DELUXEEDITION000,299,2999
7,UP4008-PPSA01364_00-4172033207311960,399,3999
7,UP6665-PPSA07580_00-8213708745161503,999,4999
7,UP4040-PPSA09518_00-WUCHANGPS5000000,3499,4999
7,UP4040-PPSA09518_00-WUCHANGDELUXEEDN,3499,4999
7,UP1001-PPSA34299_00-WWE2K26TUDEEDITN,6499,12999
7,UP1001-PPSA34299_00-WWE2K26KINGEDITN,4999,9999
7,UP0891-PPSA19572_00-XATROMCOMMAND0RG,239,599
7,EP0263-PPSA24538_00-0590182702822301,1499,1999
7,UP8255-PPSA37082_00-XFGPS5EDITION000,299,749
7,UP8121-PPSA12663_00-0617246899458711,134,499
7,UP8121-PPSA23701_00-0984043424044817,188,699
7,UP2005-PPSA19665_00-XYSGATEFIRMAMENT,1249,2499
7,JP0177-PPSA31327_00-MAINGAME00000000,2499,4999
7,UP0177-PPSA02383_00-YLADH00000000000,999,2499
7,UP1291-CUSA02923_00-0000000000000002,149,299
7,UB1503-PPSA35833_00-0293007956713820,909,1299
7,UB1512-PPSA35022_00-0569982474709417,449,999
7,UB1512-PPSA35023_00-0477120344141624,449,999
7,UB1512-PPSA35023_00-0806649093764116,449,999
7,UP4064-CUSA10654_00-YOKUSISLANDEXP00,399,1999
7,EP1053-PPSA26097_00-0454227768983271,2099,2999
7,UP3938-CUSA26444_00-5257997805570627,1999,3999
7,UP4551-CUSA14385_00-0000000001YOULIF,1499,2999
7,UB0245-CUSA53783_00-0582886651087260,299,999
7,UP3252-PPSA11033_00-JANDUSOFT0000001,324,1299
7,UP4293-CUSA19440_00-ZENGEONUS0000100,599,1999
7,UP7126-PPSA36424_00-0137793175252424,274,499
7,UP7126-CUSA58657_00-0878503733065291,274,499
7,UB0714-CUSA49899_00-0918695966869676,299,999
7,UP7604-PPSA21931_00-0053886142954334,1399,1999
7,UB0714-CUSA49676_00-0850177046610392,519,799
7,UP0891-PPSA19023_00-ZOMBIESALIENSGRG,239,599
7,UP1082-CUSA18841_00-ZOMBGHOULPATROL1,749,1499
7,UP8603-CUSA53631_00-0378322611745756,319,399
7,UB0851-PPSA29716_00-ZOMBIESOVERLOAD0,349,699
7,UP3515-CUSA42659_00-ZOMBIETOWNSIEA00,199,799
7,UP1241-CUSA02844_00-ZOMBIEVIKINGS1US,419,1199
7,UP8096-PPSA27033_00-0553381423825207,1249,2499
7,UP6665-CUSA32227_00-2585472970763542,399,1999
7,UP6665-PPSA06509_00-ZTC0000000000000,399,1999
7,UP1421-PPSA18239_00-0002610918493611,104,699
7,UP0017-PPSA18618_00-DCUOLPS5LIVE0001,0,0
7,UB0190-PPSA39493_00-0899724135533939,0,0
7,UP8787-CUSA56548_00-0480500280344208,149,149
7,UP7962-CUSA39163_00-7946663937875140,199,199
7,UP7962-PPSA10245_00-8319710323948970,199,199
7,EP6985-CUSA50172_00-0660276550379646,299,299
7,EP6985-CUSA49294_00-0631254172782733,399,399
7,UP1104-CUSA48322_00-PUZZMIX0APPWW000,399,399
7,UP4312-CUSA24507_00-5515891461138165,419,699
7,UP7552-PPSA27568_00-0064554837427875,499,499
7,UP4947-CUSA39413_00-TILTINGTILESBUND,249,499
7,UP7552-PPSA27973_00-0496983961588000,399,399
7,UP6989-CUSA30642_00-9276098291330612,399,399
7,UP7552-CUSA58729_00-0651878388242987,499,499
7,UP5792-CUSA49489_00-0795874914949207,349,699
7,UP3731-CUSA28596_00-0040365953166918,999,999
7,UP3535-PPSA16750_00-0241716664539235,999,999
7,UP4312-PPSA22742_00-0713544056935659,699,699
7,UP6718-CUSA48454_00-0239356148362192,599,599
7,UP0001-CUSA06979_00-STARLINKBFADELUX,899,2999
7,UP7552-CUSA48845_00-0956366138092031,799,799
7,UP1564-CUSA53200_00-CLAB0SMS20250113,799,799
7,UP9000-CUSA15400_00-PREDATORHUNTGAME,1999,1999
7,UP7302-PPSA29021_00-0566936709610691,1499,1499
7,EP4293-PPSA35574_00-SNIPERDANHOTSHOT,1299,1299
7,UP7076-CUSA44559_00-LITTLELEFTBUNDLE,1499,1499
7,UP4382-PPSA03663_00-ARCADEPARADISEDD,1999,1999
7,UP1725-CUSA53911_00-0167322491347088,1799,1799
7,UP1475-CUSA16064_00-BLACKSADUTSUS001,1999,1999
7,UP1564-CUSA47252_00-CLABS0BS20240105,1999,1999
7,HB2468-PPSA37547_00-0810737615112835,1299,1299
7,UP0097-PPSA27827_00-DUCKSIDEGAME0000,1499,1499
7,UP1675-CUSA58727_00-SYPS4HIGHWAYBLOS,1999,1999
7,HP8406-CUSA55148_00-NIUPS4KOKLGLOB01,1499,1499
7,UP1564-CUSA55563_00-CLABSLSS20250618,1499,1499
7,UP1470-PPSA07481_00-0439870754204351,1999,1999
7,UP1564-CUSA57738_00-0210536568793591,1299,1299
7,HP8406-CUSA49528_00-0210992895893595,1299,1299
7,UB0470-PPSA31591_00-0023184946723328,1499,1499
7,UP3643-PPSA07020_00-0686415607014037,1999,1999
7,UP2205-CUSA02003_00-SLENDERTHEARRIVE,1999,1999
7,UP8650-CUSA43810_00-0211680924225635,1999,1999
7,UP1564-CUSA20102_00-0319680872204995,1999,1999
7,UP5223-CUSA31156_00-WYTCHWOODPS4SIEA,1999,1999
7,UP0001-CUSA05218_00-FHULTIM000000000,2999,2999
7,UP0727-PPSA16645_00-0184103882519534,2474,4499
7,EP2430-PPSA24125_00-0903213055500686,3499,3499
7,UP5428-CUSA31548_00-3432195032953793,2999,2999
7,UP0001-CUSA00010_00-B000000000000110,2999,2999
7,UP2011-CUSA58072_00-0131238031884816,3999,3999
7,UP1981-CUSA25502_00-HWUNLEASHEDFGAME,2999,2999
7,UP2006-PPSA19244_00-CSDOREGONPS5SIEA,2999,2999
7,UP0101-PPSA15367_00-0917381658125213,3999,3999
7,UP1981-CUSA20293_00-SUPERCROSS4FGAME,2999,2999
7,UP4389-CUSA05232_00-SLUS209450000001,3999,3999
7,EP8247-CUSA55182_00-0243279410664089,2499,2499
7,UP6946-CUSA44624_00-0305858214657066,2499,2499
7,UP0895-CUSA48284_00-0877945267791003,2499,2499
7,UP0638-CUSA15930_00-FNAFVRHELPWANTED,2999,2999
7,UP3064-CUSA07511_00-HELLB2017NT002EN,2999,2999
7,UP0751-CUSA14150_00-HUMANITYGAME0000,2999,2999
7,UP3095-PPSA18743_00-KILLERKLOWNSDLX1,3999,3999
7,UP8674-CUSA59217_00-0732961156213971,3999,3999
7,JP0747-PPSA19053_00-FLCAPP0000000000,2179,2179
7,UP1981-CUSA25612_00-MOTOGP21FULLGAME,2499,2499
7,UP7915-CUSA45215_00-0095727426953684,2299,2299
7,UP5608-PPSA17745_00-0693013217125654,2999,2999
7,UP0751-CUSA13594_00-TETRISEFFECT0000,3999,3999
7,HP3768-PPSA31480_00-0431104421177044,3999,3999
7,UP6169-CUSA43398_00-0160461243040994,2499,2499
7,UP1032-PPSA16901_00-0145238657243915,2999,2999
7,UP3003-CUSA39368_00-4170267820640985,2999,2999
7,UP0177-CUSA16081_00-TWOPOINTHOSNA000,2009,2999
7,UP1475-PPSA04933_00-0598133545050327,3999,3999
7,UP0001-PPSA02838_00-THECREWORL000000,5999,5999
7,EP9000-PPSA05719_00-UNTILDAWN2000001,4999,4999
7,JP0536-PPSA38805_00-SPULTEDITION0000,4999,4999
7,UP1003-PPSA20560_00-DOOMTDAPREMIUMED,4999,4999
7,HP7588-PPSA28050_00-MAIN000000000000,4999,4999
7,JP0700-PPSA09840_00-MAINGAME00000000,5999,5999
7,EP6665-PPSA22981_00-MXGP1DELUXE00001,5999,5999
7,UP0082-CUSA37433_00-OCTOPATH2PS4NPD0,5999,5999
7,JP0082-PPSA34811_00-ROMANCINGSAGA3RW,5999,5999
7,UP0082-CUSA43301_00-STAROCEAN2DEMOUP,4999,4999
7,EP4108-CUSA50766_00-YUMIA10000DDX000,6999,6999
7,UP1063-PPSA36136_00-ZEROCROSSBELLKAI,6999,6999
7,JP0106-PPSA34857_00-WOLONG2000000000,6999,6999
